schema_version,snapshot_id,run_id,asset_id,listing_symbol,price_symbol,currency,market_timezone,as_of,generated_at,cycle_as_of,computed_at,last_bar,cycle,quality,reason,source,formula,price_source,price_basis,price_sha256,watchlist_sha256,bars_sha256,currency_lineage,session_time_quality,availability
cycle_observations_cy03_v1,f409c312-0349-4b29-8dab-3ecdbd9463b3,github-38040088358-1,000660.KS,000660.KS,000660.KS,KRW,UNVERIFIED,2026-10-10,2026-10-10T09:06:31.915498+00:00,2026-10-10T09:05:09.890731+00:00,2026-10-10T09:05:25.276210+00:00,2026-10-08,,INSUFFICIENT_HISTORY,GAP_IN_DAILY_BARS,YAHOO_PIT_CYCLE_V1,cycle_detrended_sma20_range40_v1,yfinance.download,1d_auto_adjust_true_close,,018cb52025326bd3c2e995bd61ee482f129a473b9a4bff330add025f99e83008,0a7674651b35cf02ecac581398fd0d6ac5204fc0f435e3f5764533117eea8007,WATCHLIST_DECLARED_ONLY,SESSION_DATE_CUTOFF_ONLY,EXCLUDED_INSUFFICIENT_HISTORY
cycle_observations_cy03_v1,f409c312-0349-4b29-8dab-3ecdbd9463b3,github-38040088358-1,005930.KS,005930.KS,005930.KS,KRW,UNVERIFIED,2026-10-10,2026-10-10T09:06:31.915498+00:00,2026-10-10T09:05:09.890731+00:00,2026-10-10T09:05:25.281975+00:00,2026-10-08,,INSUFFICIENT_HISTORY,GAP_IN_DAILY_BARS,YAHOO_PIT_CYCLE_V1,cycle_detrended_sma20_range40_v1,yfinance.download,1d_auto_adjust_true_close,,018cb52025326bd3c2e995bd61ee482f129a473b9a4bff330add025f99e83008,0a7674651b35cf02ecac581398fd0d6ac5204fc0f435e3f5764533117eea8007,WATCHLIST_DECLARED_ONLY,SESSION_DATE_CUTOFF_ONLY,EXCLUDED_INSUFFICIENT_HISTORY
cycle_observations_cy03_v1,f409c312-0349-4b29-8dab-3ecdbd9463b3,github-38040088358-1,0700.HK,0700.HK,0700.HK,HKD,UNVERIFIED,2026-10-10,2026-10-10T09:06:31.915498+00:00,2026-10-10T09:05:09.890731+00:00,2026-10-10T09:05:25.287592+00:00,2026-10-09,49.6934,VALID,COMPLETED_DAILY_BARS,YAHOO_PIT_CYCLE_V1,cycle_detrended_sma20_range40_v1,yfinance.download,1d_auto_adjust_true_close,e4a7ce548e5a6df355f3777ee53acefcb601a0875630da0443286be8492196e7,018cb52025326bd3c2e995bd61ee482f129a473b9a4bff330add025f99e83008,0a7674651b35cf02ecac581398fd0d6ac5204fc0f435e3f5764533117eea8007,WATCHLIST_DECLARED_ONLY,SESSION_DATE_CUTOFF_ONLY,PROVISIONAL_REPLAYED
cycle_observations_cy03_v1,f409c312-0349-4b29-8dab-3ecdbd9463b3,github-38040088358-1,0857.HK,0857.HK,0857.HK,HKD,UNVERIFIED,2026-10-10,2026-10-10T09:06:31.915498+00:00,2026-10-10T09:05:09.890731+00:00,2026-10-10T09:05:25.476025+00:00,2026-10-09,71.6589,VALID,COMPLETED_DAILY_BARS,YAHOO_PIT_CYCLE_V1,cycle_detrended_sma20_range40_v1,yfinance.download,1d_auto_adjust_true_close,27e48f05b56bee52e982b5a0de06bfe869ba16f66d8903339077902ccffc8584,018cb52025326bd3c2e995bd61ee482f129a473b9a4bff330add025f99e83008,0a7674651b35cf02ecac581398fd0d6ac5204fc0f435e3f5764533117eea8007,WATCHLIST_DECLARED_ONLY,SESSION_DATE_CUTOFF_ONLY,PROVISIONAL_REPLAYED
cycle_observations_cy03_v1,f409c312-0349-4b29-8dab-3ecdbd9463b3,github-38040088358-1,1211.HK,1211.HK,1211.HK,HKD,UNVERIFIED,2026-10-10,2026-10-10T09:06:31.915498+00:00,2026-10-10T09:05:09.890731+00:00,2026-10-10T09:05:26.381354+00:00,2026-10-09,61.3716,VALID,COMPLETED_DAILY_BARS,YAHOO_PIT_CYCLE_V1,cycle_detrended_sma20_range40_v1,yfinance.download,1d_auto_adjust_true_close,6f773ddedaab4c0c81726ef53f974a7bfcf6f2a900c5f12795e8c50f6b784f28,018cb52025326bd3c2e995bd61ee482f129a473b9a4bff330add025f99e83008,0a7674651b35cf02ecac581398fd0d6ac5204fc0f435e3f5764533117eea8007,WATCHLIST_DECLARED_ONLY,SESSION_DATE_CUTOFF_ONLY,PROVISIONAL_REPLAYED
cycle_observations_cy03_v1,f409c312-0349-4b29-8dab-3ecdbd9463b3,github-38040088358-1,1810.HK,1810.HK,1810.HK,HKD,UNVERIFIED,2026-10-10,2026-10-10T09:06:31.915498+00:00,2026-10-10T09:05:09.890731+00:00,2026-10-10T09:05:25.169854+00:00,2026-10-09,71.55,VALID,COMPLETED_DAILY_BARS,YAHOO_PIT_CYCLE_V1,cycle_detrended_sma20_range40_v1,yfinance.download,1d_auto_adjust_true_close,b83d1623daab6149d24bb6f27fb03c31ae4237f543a094752559bfba1d016ff9,018cb52025326bd3c2e995bd61ee482f129a473b9a4bff330add025f99e83008,0a7674651b35cf02ecac581398fd0d6ac5204fc0f435e3f5764533117eea8007,WATCHLIST_DECLARED_ONLY,SESSION_DATE_CUTOFF_ONLY,PROVISIONAL_REPLAYED
cycle_observations_cy03_v1,f409c312-0349-4b29-8dab-3ecdbd9463b3,github-38040088358-1,2899.HK,2899.HK,2899.HK,HKD,UNVERIFIED,2026-10-10,2026-10-10T09:06:31.915498+00:00,2026-10-10T09:05:09.890731+00:00,2026-10-10T09:05:25.591966+00:00,2026-10-09,45.256,VALID,COMPLETED_DAILY_BARS,YAHOO_PIT_CYCLE_V1,cycle_detrended_sma20_range40_v1,yfinance.download,1d_auto_adjust_true_close,8c08758a8c4b86b6e0fbe9ac974a794818bc4a753a94ecbcc23b8193e2679805,018cb52025326bd3c2e995bd61ee482f129a473b9a4bff330add025f99e83008,0a7674651b35cf02ecac581398fd0d6ac5204fc0f435e3f5764533117eea8007,WATCHLIST_DECLARED_ONLY,SESSION_DATE_CUTOFF_ONLY,PROVISIONAL_REPLAYED
cycle_observations_cy03_v1,f409c312-0349-4b29-8dab-3ecdbd9463b3,github-38040088358-1,3750.HK,3750.HK,3750.HK,HKD,UNVERIFIED,2026-10-10,2026-10-10T09:06:31.915498+00:00,2026-10-10T09:05:09.890731+00:00,2026-10-10T09:05:25.482382+00:00,2026-10-09,73.2267,VALID,COMPLETED_DAILY_BARS,YAHOO_PIT_CYCLE_V1,cycle_detrended_sma20_range40_v1,yfinance.download,1d_auto_adjust_true_close,afa3a03b78eeb7c135771de6e86da3aff21357568807e3699f9d5c060c842010,018cb52025326bd3c2e995bd61ee482f129a473b9a4bff330add025f99e83008,0a7674651b35cf02ecac581398fd0d6ac5204fc0f435e3f5764533117eea8007,WATCHLIST_DECLARED_ONLY,SESSION_DATE_CUTOFF_ONLY,PROVISIONAL_REPLAYED
cycle_observations_cy03_v1,f409c312-0349-4b29-8dab-3ecdbd9463b3,github-38040088358-1,6503.T,6503.T,6503.T,JPY,UNVERIFIED,2026-10-10,2026-10-10T09:06:31.915498+00:00,2026-10-10T09:05:09.890731+00:00,2026-10-10T09:05:25.176820+00:00,2026-10-09,,INSUFFICIENT_HISTORY,GAP_IN_DAILY_BARS,YAHOO_PIT_CYCLE_V1,cycle_detrended_sma20_range40_v1,yfinance.download,1d_auto_adjust_true_close,,018cb52025326bd3c2e995bd61ee482f129a473b9a4bff330add025f99e83008,0a7674651b35cf02ecac581398fd0d6ac5204fc0f435e3f5764533117eea8007,WATCHLIST_DECLARED_ONLY,SESSION_DATE_CUTOFF_ONLY,EXCLUDED_INSUFFICIENT_HISTORY
cycle_observations_cy03_v1,f409c312-0349-4b29-8dab-3ecdbd9463b3,github-38040088358-1,6506.T,6506.T,6506.T,JPY,UNVERIFIED,2026-10-10,2026-10-10T09:06:31.915498+00:00,2026-10-10T09:05:09.890731+00:00,2026-10-10T09:05:26.173097+00:00,2026-10-09,,INSUFFICIENT_HISTORY,GAP_IN_DAILY_BARS,YAHOO_PIT_CYCLE_V1,cycle_detrended_sma20_range40_v1,yfinance.download,1d_auto_adjust_true_close,,018cb52025326bd3c2e995bd61ee482f129a473b9a4bff330add025f99e83008,0a7674651b35cf02ecac581398fd0d6ac5204fc0f435e3f5764533117eea8007,WATCHLIST_DECLARED_ONLY,SESSION_DATE_CUTOFF_ONLY,EXCLUDED_INSUFFICIENT_HISTORY
cycle_observations_cy03_v1,f409c312-0349-4b29-8dab-3ecdbd9463b3,github-38040088358-1,6861.T,6861.T,6861.T,JPY,UNVERIFIED,2026-10-10,2026-10-10T09:06:31.915498+00:00,2026-10-10T09:05:09.890731+00:00,2026-10-10T09:05:25.182896+00:00,2026-10-09,,INSUFFICIENT_HISTORY,GAP_IN_DAILY_BARS,YAHOO_PIT_CYCLE_V1,cycle_detrended_sma20_range40_v1,yfinance.download,1d_auto_adjust_true_close,,018cb52025326bd3c2e995bd61ee482f129a473b9a4bff330add025f99e83008,0a7674651b35cf02ecac581398fd0d6ac5204fc0f435e3f5764533117eea8007,WATCHLIST_DECLARED_ONLY,SESSION_DATE_CUTOFF_ONLY,EXCLUDED_INSUFFICIENT_HISTORY
cycle_observations_cy03_v1,f409c312-0349-4b29-8dab-3ecdbd9463b3,github-38040088358-1,8035.T,8035.T,8035.T,JPY,UNVERIFIED,2026-10-10,2026-10-10T09:06:31.915498+00:00,2026-10-10T09:05:09.890731+00:00,2026-10-10T09:05:25.300156+00:00,2026-10-09,,INSUFFICIENT_HISTORY,GAP_IN_DAILY_BARS,YAHOO_PIT_CYCLE_V1,cycle_detrended_sma20_range40_v1,yfinance.download,1d_auto_adjust_true_close,,018cb52025326bd3c2e995bd61ee482f129a473b9a4bff330add025f99e83008,0a7674651b35cf02ecac581398fd0d6ac5204fc0f435e3f5764533117eea8007,WATCHLIST_DECLARED_ONLY,SESSION_DATE_CUTOFF_ONLY,EXCLUDED_INSUFFICIENT_HISTORY
cycle_observations_cy03_v1,f409c312-0349-4b29-8dab-3ecdbd9463b3,github-38040088358-1,9880.HK,9880.HK,9880.HK,HKD,UNVERIFIED,2026-10-10,2026-10-10T09:06:31.915498+00:00,2026-10-10T09:05:09.890731+00:00,2026-10-10T09:05:25.188792+00:00,2026-10-09,18.3448,VALID,COMPLETED_DAILY_BARS,YAHOO_PIT_CYCLE_V1,cycle_detrended_sma20_range40_v1,yfinance.download,1d_auto_adjust_true_close,272684bba645bc3bd2eb81ecac4bdfeb6c7091e56672b318250d0373682b957a,018cb52025326bd3c2e995bd61ee482f129a473b9a4bff330add025f99e83008,0a7674651b35cf02ecac581398fd0d6ac5204fc0f435e3f5764533117eea8007,WATCHLIST_DECLARED_ONLY,SESSION_DATE_CUTOFF_ONLY,PROVISIONAL_REPLAYED
cycle_observations_cy03_v1,f409c312-0349-4b29-8dab-3ecdbd9463b3,github-38040088358-1,9888.HK,9888.HK,9888.HK,HKD,UNVERIFIED,2026-10-10,2026-10-10T09:06:31.915498+00:00,2026-10-10T09:05:09.890731+00:00,2026-10-10T09:05:25.305828+00:00,2026-10-09,78.4356,VALID,COMPLETED_DAILY_BARS,YAHOO_PIT_CYCLE_V1,cycle_detrended_sma20_range40_v1,yfinance.download,1d_auto_adjust_true_close,7a3dc48c572daa266895734aa5db2418099e8bef8fe5b1dfe521e3dc043f2ecd,018cb52025326bd3c2e995bd61ee482f129a473b9a4bff330add025f99e83008,0a7674651b35cf02ecac581398fd0d6ac5204fc0f435e3f5764533117eea8007,WATCHLIST_DECLARED_ONLY,SESSION_DATE_CUTOFF_ONLY,PROVISIONAL_REPLAYED
cycle_observations_cy03_v1,f409c312-0349-4b29-8dab-3ecdbd9463b3,github-38040088358-1,9988.HK,9988.HK,9988.HK,HKD,UNVERIFIED,2026-10-10,2026-10-10T09:06:31.915498+00:00,2026-10-10T09:05:09.890731+00:00,2026-10-10T09:05:25.312016+00:00,2026-10-09,59.309,VALID,COMPLETED_DAILY_BARS,YAHOO_PIT_CYCLE_V1,cycle_detrended_sma20_range40_v1,yfinance.download,1d_auto_adjust_true_close,69cf5936387b2b725222dd3072f8a5f474acdbde1b7196e3bef8fcdc412aa9f9,018cb52025326bd3c2e995bd61ee482f129a473b9a4bff330add025f99e83008,0a7674651b35cf02ecac581398fd0d6ac5204fc0f435e3f5764533117eea8007,WATCHLIST_DECLARED_ONLY,SESSION_DATE_CUTOFF_ONLY,PROVISIONAL_REPLAYED
cycle_observations_cy03_v1,f409c312-0349-4b29-8dab-3ecdbd9463b3,github-38040088358-1,AAGFF,AAGFF,AAGFF,USD,UNVERIFIED,2026-10-10,2026-10-10T09:06:31.915498+00:00,2026-10-10T09:05:09.890731+00:00,2026-10-10T09:05:25.598266+00:00,2026-10-09,26.7661,VALID,COMPLETED_DAILY_BARS,YAHOO_PIT_CYCLE_V1,cycle_detrended_sma20_range40_v1,yfinance.download,1d_auto_adjust_true_close,25290fe22134ce3588937a0cce2d9252d6eb94038702a9a708033f503fa439f1,018cb52025326bd3c2e995bd61ee482f129a473b9a4bff330add025f99e83008,0a7674651b35cf02ecac581398fd0d6ac5204fc0f435e3f5764533117eea8007,WATCHLIST_DECLARED_ONLY,SESSION_DATE_CUTOFF_ONLY,PROVISIONAL_REPLAYED
cycle_observations_cy03_v1,f409c312-0349-4b29-8dab-3ecdbd9463b3,github-38040088358-1,AAPL,AAPL,AAPL,USD,UNVERIFIED,2026-10-10,2026-10-10T09:06:31.915498+00:00,2026-10-10T09:05:09.890731+00:00,2026-10-10T09:05:25.938608+00:00,2026-10-09,48.4748,VALID,COMPLETED_DAILY_BARS,YAHOO_PIT_CYCLE_V1,cycle_detrended_sma20_range40_v1,yfinance.download,1d_auto_adjust_true_close,34632d12e9051fb9d17be148fab87ddd2cae509b2bc6bc32262bb6fc193b33c0,018cb52025326bd3c2e995bd61ee482f129a473b9a4bff330add025f99e83008,0a7674651b35cf02ecac581398fd0d6ac5204fc0f435e3f5764533117eea8007,WATCHLIST_DECLARED_ONLY,SESSION_DATE_CUTOFF_ONLY,PROVISIONAL_REPLAYED
cycle_observations_cy03_v1,f409c312-0349-4b29-8dab-3ecdbd9463b3,github-38040088358-1,ABBN.SW,ABBN.SW,ABBN.SW,CHF,UNVERIFIED,2026-10-10,2026-10-10T09:06:31.915498+00:00,2026-10-10T09:05:09.890731+00:00,2026-10-10T09:05:25.195258+00:00,2026-10-09,38.7054,VALID,COMPLETED_DAILY_BARS,YAHOO_PIT_CYCLE_V1,cycle_detrended_sma20_range40_v1,yfinance.download,1d_auto_adjust_true_close,4e4348ff3e5457e265437f7bf686a07338f0db64e5e07c1f32f9b3d8cd101634,018cb52025326bd3c2e995bd61ee482f129a473b9a4bff330add025f99e83008,0a7674651b35cf02ecac581398fd0d6ac5204fc0f435e3f5764533117eea8007,WATCHLIST_DECLARED_ONLY,SESSION_DATE_CUTOFF_ONLY,PROVISIONAL_REPLAYED
cycle_observations_cy03_v1,f409c312-0349-4b29-8dab-3ecdbd9463b3,github-38040088358-1,ABT,ABT,ABT,USD,UNVERIFIED,2026-10-10,2026-10-10T09:06:31.915498+00:00,2026-10-10T09:05:09.890731+00:00,2026-10-10T09:05:25.201601+00:00,2026-10-09,47.0548,VALID,COMPLETED_DAILY_BARS,YAHOO_PIT_CYCLE_V1,cycle_detrended_sma20_range40_v1,yfinance.download,1d_auto_adjust_true_close,0d063d26aa24480c1768b059b15b43e8bf59eeb109a31a2d6a6122d9b8d0eeba,018cb52025326bd3c2e995bd61ee482f129a473b9a4bff330add025f99e83008,0a7674651b35cf02ecac581398fd0d6ac5204fc0f435e3f5764533117eea8007,WATCHLIST_DECLARED_ONLY,SESSION_DATE_CUTOFF_ONLY,PROVISIONAL_REPLAYED
cycle_observations_cy03_v1,f409c312-0349-4b29-8dab-3ecdbd9463b3,github-38040088358-1,ABX.TO,ABX.TO,ABX.TO,CAD,UNVERIFIED,2026-10-10,2026-10-10T09:06:31.915498+00:00,2026-10-10T09:05:09.890731+00:00,2026-10-10T09:05:25.603766+00:00,2026-10-09,24.1132,VALID,COMPLETED_DAILY_BARS,YAHOO_PIT_CYCLE_V1,cycle_detrended_sma20_range40_v1,yfinance.download,1d_auto_adjust_true_close,b6896778b8f396a5c65d4bddd0e4ab76d093e6630d6e826e75e0352101ebc77b,018cb52025326bd3c2e995bd61ee482f129a473b9a4bff330add025f99e83008,0a7674651b35cf02ecac581398fd0d6ac5204fc0f435e3f5764533117eea8007,WATCHLIST_DECLARED_ONLY,SESSION_DATE_CUTOFF_ONLY,PROVISIONAL_REPLAYED
cycle_observations_cy03_v1,f409c312-0349-4b29-8dab-3ecdbd9463b3,github-38040088358-1,ACB.TO,ACB.TO,ACB.TO,CAD,UNVERIFIED,2026-10-10,2026-10-10T09:06:31.915498+00:00,2026-10-10T09:05:09.890731+00:00,2026-10-10T09:05:26.128410+00:00,2026-10-09,67.3957,VALID,COMPLETED_DAILY_BARS,YAHOO_PIT_CYCLE_V1,cycle_detrended_sma20_range40_v1,yfinance.download,1d_auto_adjust_true_close,418bdaa289dd28aab4aea74b0e8954049acdb898960f2613ae4a297f7583377f,018cb52025326bd3c2e995bd61ee482f129a473b9a4bff330add025f99e83008,0a7674651b35cf02ecac581398fd0d6ac5204fc0f435e3f5764533117eea8007,WATCHLIST_DECLARED_ONLY,SESSION_DATE_CUTOFF_ONLY,PROVISIONAL_REPLAYED
cycle_observations_cy03_v1,f409c312-0349-4b29-8dab-3ecdbd9463b3,github-38040088358-1,ADBE,ADBE,ADBE,USD,UNVERIFIED,2026-10-10,2026-10-10T09:06:31.915498+00:00,2026-10-10T09:05:09.890731+00:00,2026-10-10T09:05:26.364423+00:00,2026-10-09,53.2986,VALID,COMPLETED_DAILY_BARS,YAHOO_PIT_CYCLE_V1,cycle_detrended_sma20_range40_v1,yfinance.download,1d_auto_adjust_true_close,b85429d0223adbe2c32f52303a6f9ecc4b53cb6552553576c085d302b812a2af,018cb52025326bd3c2e995bd61ee482f129a473b9a4bff330add025f99e83008,0a7674651b35cf02ecac581398fd0d6ac5204fc0f435e3f5764533117eea8007,WATCHLIST_DECLARED_ONLY,SESSION_DATE_CUTOFF_ONLY,PROVISIONAL_REPLAYED
cycle_observations_cy03_v1,f409c312-0349-4b29-8dab-3ecdbd9463b3,github-38040088358-1,ADS.DE,ADS.DE,ADS.DE,EUR,UNVERIFIED,2026-10-10,2026-10-10T09:06:31.915498+00:00,2026-10-10T09:05:09.890731+00:00,2026-10-10T09:05:26.421148+00:00,2026-10-09,100.0,VALID,COMPLETED_DAILY_BARS,YAHOO_PIT_CYCLE_V1,cycle_detrended_sma20_range40_v1,yfinance.download,1d_auto_adjust_true_close,6ba7661ccc9fbfc7e905b526b7c50d2956b1aef42d270531a347f51067f9c473,018cb52025326bd3c2e995bd61ee482f129a473b9a4bff330add025f99e83008,0a7674651b35cf02ecac581398fd0d6ac5204fc0f435e3f5764533117eea8007,WATCHLIST_DECLARED_ONLY,SESSION_DATE_CUTOFF_ONLY,PROVISIONAL_REPLAYED
cycle_observations_cy03_v1,f409c312-0349-4b29-8dab-3ecdbd9463b3,github-38040088358-1,AEM,AEM,AEM,USD,UNVERIFIED,2026-10-10,2026-10-10T09:06:31.915498+00:00,2026-10-10T09:05:09.890731+00:00,2026-10-10T09:05:25.609936+00:00,2026-10-09,23.4929,VALID,COMPLETED_DAILY_BARS,YAHOO_PIT_CYCLE_V1,cycle_detrended_sma20_range40_v1,yfinance.download,1d_auto_adjust_true_close,8abb6d0102c0ed85e423556b3aa4e7d75403e926a94616a5ce47356ce05a05fc,018cb52025326bd3c2e995bd61ee482f129a473b9a4bff330add025f99e83008,0a7674651b35cf02ecac581398fd0d6ac5204fc0f435e3f5764533117eea8007,WATCHLIST_DECLARED_ONLY,SESSION_DATE_CUTOFF_ONLY,PROVISIONAL_REPLAYED
cycle_observations_cy03_v1,f409c312-0349-4b29-8dab-3ecdbd9463b3,github-38040088358-1,AG.TO,AG.TO,AG.TO,CAD,UNVERIFIED,2026-10-10,2026-10-10T09:06:31.915498+00:00,2026-10-10T09:05:09.890731+00:00,2026-10-10T09:05:25.615390+00:00,2026-10-09,21.188,VALID,COMPLETED_DAILY_BARS,YAHOO_PIT_CYCLE_V1,cycle_detrended_sma20_range40_v1,yfinance.download,1d_auto_adjust_true_close,323e341c2be95bfda4cb9c5d3d88e9d769c08d0f20126a7a934a84d44b793c3a,018cb52025326bd3c2e995bd61ee482f129a473b9a4bff330add025f99e83008,0a7674651b35cf02ecac581398fd0d6ac5204fc0f435e3f5764533117eea8007,WATCHLIST_DECLARED_ONLY,SESSION_DATE_CUTOFF_ONLY,PROVISIONAL_REPLAYED
cycle_observations_cy03_v1,f409c312-0349-4b29-8dab-3ecdbd9463b3,github-38040088358-1,AGI.TO,AGI.TO,AGI.TO,CAD,UNVERIFIED,2026-10-10,2026-10-10T09:06:31.915498+00:00,2026-10-10T09:05:09.890731+00:00,2026-10-10T09:05:25.621648+00:00,2026-10-09,24.818,VALID,COMPLETED_DAILY_BARS,YAHOO_PIT_CYCLE_V1,cycle_detrended_sma20_range40_v1,yfinance.download,1d_auto_adjust_true_close,cfce693f0f0d85863c2de9836d65bc1e94781580c32cbddd4559822b4134ce9d,018cb52025326bd3c2e995bd61ee482f129a473b9a4bff330add025f99e83008,0a7674651b35cf02ecac581398fd0d6ac5204fc0f435e3f5764533117eea8007,WATCHLIST_DECLARED_ONLY,SESSION_DATE_CUTOFF_ONLY,PROVISIONAL_REPLAYED
cycle_observations_cy03_v1,f409c312-0349-4b29-8dab-3ecdbd9463b3,github-38040088358-1,ALB,ALB,ALB,USD,UNVERIFIED,2026-10-10,2026-10-10T09:06:31.915498+00:00,2026-10-10T09:05:09.890731+00:00,2026-10-10T09:05:25.488681+00:00,2026-10-09,34.1186,VALID,COMPLETED_DAILY_BARS,YAHOO_PIT_CYCLE_V1,cycle_detrended_sma20_range40_v1,yfinance.download,1d_auto_adjust_true_close,0867722b0f43276b5c222c3d4b7f98c5339de3ddee3b1cdae39d68637f181b44,018cb52025326bd3c2e995bd61ee482f129a473b9a4bff330add025f99e83008,0a7674651b35cf02ecac581398fd0d6ac5204fc0f435e3f5764533117eea8007,WATCHLIST_DECLARED_ONLY,SESSION_DATE_CUTOFF_ONLY,PROVISIONAL_REPLAYED
cycle_observations_cy03_v1,f409c312-0349-4b29-8dab-3ecdbd9463b3,github-38040088358-1,ALV.DE,ALV.DE,ALV.DE,EUR,UNVERIFIED,2026-10-10,2026-10-10T09:06:31.915498+00:00,2026-10-10T09:05:09.890731+00:00,2026-10-10T09:05:26.034300+00:00,2026-10-09,47.8548,VALID,COMPLETED_DAILY_BARS,YAHOO_PIT_CYCLE_V1,cycle_detrended_sma20_range40_v1,yfinance.download,1d_auto_adjust_true_close,1ae1e40c3dcb76e472827aa41fbe9aa1eb27131cd1a315c2ea21dfa837ca3f99,018cb52025326bd3c2e995bd61ee482f129a473b9a4bff330add025f99e83008,0a7674651b35cf02ecac581398fd0d6ac5204fc0f435e3f5764533117eea8007,WATCHLIST_DECLARED_ONLY,SESSION_DATE_CUTOFF_ONLY,PROVISIONAL_REPLAYED
cycle_observations_cy03_v1,f409c312-0349-4b29-8dab-3ecdbd9463b3,github-38040088358-1,AMAT,AMAT,AMAT,USD,UNVERIFIED,2026-10-10,2026-10-10T09:06:31.915498+00:00,2026-10-10T09:05:09.890731+00:00,2026-10-10T09:05:25.318237+00:00,2026-10-09,63.5071,VALID,COMPLETED_DAILY_BARS,YAHOO_PIT_CYCLE_V1,cycle_detrended_sma20_range40_v1,yfinance.download,1d_auto_adjust_true_close,e082d5e3c460116429789e18efcb4437b046430ebe63fc91c11a2fdced3e067c,018cb52025326bd3c2e995bd61ee482f129a473b9a4bff330add025f99e83008,0a7674651b35cf02ecac581398fd0d6ac5204fc0f435e3f5764533117eea8007,WATCHLIST_DECLARED_ONLY,SESSION_DATE_CUTOFF_ONLY,PROVISIONAL_REPLAYED
cycle_observations_cy03_v1,f409c312-0349-4b29-8dab-3ecdbd9463b3,github-38040088358-1,AMKR,AMKR,AMKR,USD,UNVERIFIED,2026-10-10,2026-10-10T09:06:31.915498+00:00,2026-10-10T09:05:09.890731+00:00,2026-10-10T09:05:25.323767+00:00,2026-10-09,33.5695,VALID,COMPLETED_DAILY_BARS,YAHOO_PIT_CYCLE_V1,cycle_detrended_sma20_range40_v1,yfinance.download,1d_auto_adjust_true_close,b77ceeb62b86aaa52b24d6094ffd58f8a25290da1d4ea9d0429e8d15ea14f59d,018cb52025326bd3c2e995bd61ee482f129a473b9a4bff330add025f99e83008,0a7674651b35cf02ecac581398fd0d6ac5204fc0f435e3f5764533117eea8007,WATCHLIST_DECLARED_ONLY,SESSION_DATE_CUTOFF_ONLY,PROVISIONAL_REPLAYED
cycle_observations_cy03_v1,f409c312-0349-4b29-8dab-3ecdbd9463b3,github-38040088358-1,AMZN,AMZN,AMZN,USD,UNVERIFIED,2026-10-10,2026-10-10T09:06:31.915498+00:00,2026-10-10T09:05:09.890731+00:00,2026-10-10T09:05:25.329378+00:00,2026-10-09,100.0,VALID,COMPLETED_DAILY_BARS,YAHOO_PIT_CYCLE_V1,cycle_detrended_sma20_range40_v1,yfinance.download,1d_auto_adjust_true_close,54c0b1ab1c170c9c6d1f9d0e33f56eb7e3af15a8bf8b1d16a438d32522d90744,018cb52025326bd3c2e995bd61ee482f129a473b9a4bff330add025f99e83008,0a7674651b35cf02ecac581398fd0d6ac5204fc0f435e3f5764533117eea8007,WATCHLIST_DECLARED_ONLY,SESSION_DATE_CUTOFF_ONLY,PROVISIONAL_REPLAYED
cycle_observations_cy03_v1,f409c312-0349-4b29-8dab-3ecdbd9463b3,github-38040088358-1,ANET,ANET,ANET,USD,UNVERIFIED,2026-10-10,2026-10-10T09:06:31.915498+00:00,2026-10-10T09:05:09.890731+00:00,2026-10-10T09:05:26.438953+00:00,2026-10-09,82.5358,VALID,COMPLETED_DAILY_BARS,YAHOO_PIT_CYCLE_V1,cycle_detrended_sma20_range40_v1,yfinance.download,1d_auto_adjust_true_close,23d821558c4fed43e38cf0f6110ce9243c72c50388467aded92691072d276dbf,018cb52025326bd3c2e995bd61ee482f129a473b9a4bff330add025f99e83008,0a7674651b35cf02ecac581398fd0d6ac5204fc0f435e3f5764533117eea8007,WATCHLIST_DECLARED_ONLY,SESSION_DATE_CUTOFF_ONLY,PROVISIONAL_REPLAYED
cycle_observations_cy03_v1,f409c312-0349-4b29-8dab-3ecdbd9463b3,github-38040088358-1,APLD,APLD,APLD,USD,UNVERIFIED,2026-10-10,2026-10-10T09:06:31.915498+00:00,2026-10-10T09:05:09.890731+00:00,2026-10-10T09:05:25.334963+00:00,2026-10-09,36.2059,VALID,COMPLETED_DAILY_BARS,YAHOO_PIT_CYCLE_V1,cycle_detrended_sma20_range40_v1,yfinance.download,1d_auto_adjust_true_close,e1901cd4cda0271075660ccc040f365542706a94ae17c3ba1fc0c39e400e3da3,018cb52025326bd3c2e995bd61ee482f129a473b9a4bff330add025f99e83008,0a7674651b35cf02ecac581398fd0d6ac5204fc0f435e3f5764533117eea8007,WATCHLIST_DECLARED_ONLY,SESSION_DATE_CUTOFF_ONLY,PROVISIONAL_REPLAYED
cycle_observations_cy03_v1,f409c312-0349-4b29-8dab-3ecdbd9463b3,github-38040088358-1,APP,APP,APP,USD,UNVERIFIED,2026-10-10,2026-10-10T09:06:31.915498+00:00,2026-10-10T09:05:09.890731+00:00,2026-10-10T09:05:26.270996+00:00,2026-10-09,44.3217,VALID,COMPLETED_DAILY_BARS,YAHOO_PIT_CYCLE_V1,cycle_detrended_sma20_range40_v1,yfinance.download,1d_auto_adjust_true_close,b1dec294f96e3bc23f7d5c8618e316356725ca66654076e32319dd07f4cafb76,018cb52025326bd3c2e995bd61ee482f129a473b9a4bff330add025f99e83008,0a7674651b35cf02ecac581398fd0d6ac5204fc0f435e3f5764533117eea8007,WATCHLIST_DECLARED_ONLY,SESSION_DATE_CUTOFF_ONLY,PROVISIONAL_REPLAYED
cycle_observations_cy03_v1,f409c312-0349-4b29-8dab-3ecdbd9463b3,github-38040088358-1,ASM.TO,ASM.TO,ASM.TO,CAD,UNVERIFIED,2026-10-10,2026-10-10T09:06:31.915498+00:00,2026-10-10T09:05:09.890731+00:00,2026-10-10T09:05:25.627764+00:00,2026-10-09,39.7561,VALID,COMPLETED_DAILY_BARS,YAHOO_PIT_CYCLE_V1,cycle_detrended_sma20_range40_v1,yfinance.download,1d_auto_adjust_true_close,8a21322297d78ed36c99071a1016212798ce2e5af4ffa01773a78b08e6e232e5,018cb52025326bd3c2e995bd61ee482f129a473b9a4bff330add025f99e83008,0a7674651b35cf02ecac581398fd0d6ac5204fc0f435e3f5764533117eea8007,WATCHLIST_DECLARED_ONLY,SESSION_DATE_CUTOFF_ONLY,PROVISIONAL_REPLAYED
cycle_observations_cy03_v1,f409c312-0349-4b29-8dab-3ecdbd9463b3,github-38040088358-1,ASML,ASML,ASML,USD,UNVERIFIED,2026-10-10,2026-10-10T09:06:31.915498+00:00,2026-10-10T09:05:09.890731+00:00,2026-10-10T09:05:25.340514+00:00,2026-10-09,61.2751,VALID,COMPLETED_DAILY_BARS,YAHOO_PIT_CYCLE_V1,cycle_detrended_sma20_range40_v1,yfinance.download,1d_auto_adjust_true_close,fac594145c3b1f1ca6d5c360726890979cfea13730849312ea566d287dd4e8c9,018cb52025326bd3c2e995bd61ee482f129a473b9a4bff330add025f99e83008,0a7674651b35cf02ecac581398fd0d6ac5204fc0f435e3f5764533117eea8007,WATCHLIST_DECLARED_ONLY,SESSION_DATE_CUTOFF_ONLY,PROVISIONAL_REPLAYED
cycle_observations_cy03_v1,f409c312-0349-4b29-8dab-3ecdbd9463b3,github-38040088358-1,ASTS,ASTS,ASTS,USD,UNVERIFIED,2026-10-10,2026-10-10T09:06:31.915498+00:00,2026-10-10T09:05:09.890731+00:00,2026-10-10T09:05:25.943990+00:00,2026-10-09,9.4956,VALID,COMPLETED_DAILY_BARS,YAHOO_PIT_CYCLE_V1,cycle_detrended_sma20_range40_v1,yfinance.download,1d_auto_adjust_true_close,fc4168f4742d447c4d2b4821855a32ea0a6a7f21bb520cd502171718cc2d0ee7,018cb52025326bd3c2e995bd61ee482f129a473b9a4bff330add025f99e83008,0a7674651b35cf02ecac581398fd0d6ac5204fc0f435e3f5764533117eea8007,WATCHLIST_DECLARED_ONLY,SESSION_DATE_CUTOFF_ONLY,PROVISIONAL_REPLAYED
cycle_observations_cy03_v1,f409c312-0349-4b29-8dab-3ecdbd9463b3,github-38040088358-1,ASX,ASX,ASX,USD,UNVERIFIED,2026-10-10,2026-10-10T09:06:31.915498+00:00,2026-10-10T09:05:09.890731+00:00,2026-10-10T09:05:25.346367+00:00,2026-10-09,55.894,VALID,COMPLETED_DAILY_BARS,YAHOO_PIT_CYCLE_V1,cycle_detrended_sma20_range40_v1,yfinance.download,1d_auto_adjust_true_close,a5e5144e7b027d669a0fc33f35e740f8cc1fcf01467cb0480c0c95e4074bb900,018cb52025326bd3c2e995bd61ee482f129a473b9a4bff330add025f99e83008,0a7674651b35cf02ecac581398fd0d6ac5204fc0f435e3f5764533117eea8007,WATCHLIST_DECLARED_ONLY,SESSION_DATE_CUTOFF_ONLY,PROVISIONAL_REPLAYED
cycle_observations_cy03_v1,f409c312-0349-4b29-8dab-3ecdbd9463b3,github-38040088358-1,AUTO.OL,AUTO.OL,AUTO.OL,NOK,UNVERIFIED,2026-10-10,2026-10-10T09:06:31.915498+00:00,2026-10-10T09:05:09.890731+00:00,2026-10-10T09:05:25.207218+00:00,2026-10-09,23.2106,VALID,COMPLETED_DAILY_BARS,YAHOO_PIT_CYCLE_V1,cycle_detrended_sma20_range40_v1,yfinance.download,1d_auto_adjust_true_close,777715e572d69963a01dae4ec5c8e86ac9ba6f2798c16097be9ed86c0a5b2714,018cb52025326bd3c2e995bd61ee482f129a473b9a4bff330add025f99e83008,0a7674651b35cf02ecac581398fd0d6ac5204fc0f435e3f5764533117eea8007,WATCHLIST_DECLARED_ONLY,SESSION_DATE_CUTOFF_ONLY,PROVISIONAL_REPLAYED
cycle_observations_cy03_v1,f409c312-0349-4b29-8dab-3ecdbd9463b3,github-38040088358-1,AVAV,AVAV,AVAV,USD,UNVERIFIED,2026-10-10,2026-10-10T09:06:31.915498+00:00,2026-10-10T09:05:09.890731+00:00,2026-10-10T09:05:26.337286+00:00,2026-10-09,23.8248,VALID,COMPLETED_DAILY_BARS,YAHOO_PIT_CYCLE_V1,cycle_detrended_sma20_range40_v1,yfinance.download,1d_auto_adjust_true_close,cbd6fe2ecfb9174d28652222f7090866d752e6bf623126d6a3167431ddbd667e,018cb52025326bd3c2e995bd61ee482f129a473b9a4bff330add025f99e83008,0a7674651b35cf02ecac581398fd0d6ac5204fc0f435e3f5764533117eea8007,WATCHLIST_DECLARED_ONLY,SESSION_DATE_CUTOFF_ONLY,PROVISIONAL_REPLAYED
cycle_observations_cy03_v1,f409c312-0349-4b29-8dab-3ecdbd9463b3,github-38040088358-1,AVGO,AVGO,AVGO,USD,UNVERIFIED,2026-10-10,2026-10-10T09:06:31.915498+00:00,2026-10-10T09:05:09.890731+00:00,2026-10-10T09:05:26.433535+00:00,2026-10-09,74.4691,VALID,COMPLETED_DAILY_BARS,YAHOO_PIT_CYCLE_V1,cycle_detrended_sma20_range40_v1,yfinance.download,1d_auto_adjust_true_close,5af2e19583fd32745f49e88d8fc59fbfdcb7be476c3ffb8cefc4ed1ad508417d,018cb52025326bd3c2e995bd61ee482f129a473b9a4bff330add025f99e83008,0a7674651b35cf02ecac581398fd0d6ac5204fc0f435e3f5764533117eea8007,WATCHLIST_DECLARED_ONLY,SESSION_DATE_CUTOFF_ONLY,PROVISIONAL_REPLAYED
cycle_observations_cy03_v1,f409c312-0349-4b29-8dab-3ecdbd9463b3,github-38040088358-1,AXON,AXON,AXON,USD,UNVERIFIED,2026-10-10,2026-10-10T09:06:31.915498+00:00,2026-10-10T09:05:09.890731+00:00,2026-10-10T09:05:26.348143+00:00,2026-10-09,53.5552,VALID,COMPLETED_DAILY_BARS,YAHOO_PIT_CYCLE_V1,cycle_detrended_sma20_range40_v1,yfinance.download,1d_auto_adjust_true_close,87e67ddc0983746753049badc04e02d9458ff061c19e10ed1a4e60dd953671bf,018cb52025326bd3c2e995bd61ee482f129a473b9a4bff330add025f99e83008,0a7674651b35cf02ecac581398fd0d6ac5204fc0f435e3f5764533117eea8007,WATCHLIST_DECLARED_ONLY,SESSION_DATE_CUTOFF_ONLY,PROVISIONAL_REPLAYED
cycle_observations_cy03_v1,f409c312-0349-4b29-8dab-3ecdbd9463b3,github-38040088358-1,BAS.DE,BAS.DE,BAS.DE,EUR,UNVERIFIED,2026-10-10,2026-10-10T09:06:31.915498+00:00,2026-10-10T09:05:09.890731+00:00,2026-10-10T09:05:26.387408+00:00,2026-10-09,70.2596,VALID,COMPLETED_DAILY_BARS,YAHOO_PIT_CYCLE_V1,cycle_detrended_sma20_range40_v1,yfinance.download,1d_auto_adjust_true_close,60d024812655255c2fbaca4ea2c0eed0c68ee61e78d74490dd1b846bfd55a334,018cb52025326bd3c2e995bd61ee482f129a473b9a4bff330add025f99e83008,0a7674651b35cf02ecac581398fd0d6ac5204fc0f435e3f5764533117eea8007,WATCHLIST_DECLARED_ONLY,SESSION_DATE_CUTOFF_ONLY,PROVISIONAL_REPLAYED
cycle_observations_cy03_v1,f409c312-0349-4b29-8dab-3ecdbd9463b3,github-38040088358-1,BAYN.DE,BAYN.DE,BAYN.DE,EUR,UNVERIFIED,2026-10-10,2026-10-10T09:06:31.915498+00:00,2026-10-10T09:05:09.890731+00:00,2026-10-10T09:05:25.876147+00:00,2026-10-09,20.8955,VALID,COMPLETED_DAILY_BARS,YAHOO_PIT_CYCLE_V1,cycle_detrended_sma20_range40_v1,yfinance.download,1d_auto_adjust_true_close,db043be392fddfae60cd4299b313ddd3a209110bdc9d7e2fff2a59773e72ba7f,018cb52025326bd3c2e995bd61ee482f129a473b9a4bff330add025f99e83008,0a7674651b35cf02ecac581398fd0d6ac5204fc0f435e3f5764533117eea8007,WATCHLIST_DECLARED_ONLY,SESSION_DATE_CUTOFF_ONLY,PROVISIONAL_REPLAYED
cycle_observations_cy03_v1,f409c312-0349-4b29-8dab-3ecdbd9463b3,github-38040088358-1,BIDU,BIDU,BIDU,USD,UNVERIFIED,2026-10-10,2026-10-10T09:06:31.915498+00:00,2026-10-10T09:05:09.890731+00:00,2026-10-10T09:05:25.351940+00:00,2026-10-09,74.872,VALID,COMPLETED_DAILY_BARS,YAHOO_PIT_CYCLE_V1,cycle_detrended_sma20_range40_v1,yfinance.download,1d_auto_adjust_true_close,a33aac2e865346b37ebf7bf29ba12d5201304c80838fa07d45a0a19fb15c39b0,018cb52025326bd3c2e995bd61ee482f129a473b9a4bff330add025f99e83008,0a7674651b35cf02ecac581398fd0d6ac5204fc0f435e3f5764533117eea8007,WATCHLIST_DECLARED_ONLY,SESSION_DATE_CUTOFF_ONLY,PROVISIONAL_REPLAYED
cycle_observations_cy03_v1,f409c312-0349-4b29-8dab-3ecdbd9463b3,github-38040088358-1,BLK,BLK,BLK,USD,UNVERIFIED,2026-10-10,2026-10-10T09:06:31.915498+00:00,2026-10-10T09:05:09.890731+00:00,2026-10-10T09:05:26.040570+00:00,2026-10-09,64.5443,VALID,COMPLETED_DAILY_BARS,YAHOO_PIT_CYCLE_V1,cycle_detrended_sma20_range40_v1,yfinance.download,1d_auto_adjust_true_close,f865006dc66892b31d8cca248abe67a17f56571e6e6a3010d827a2cefb0d9b57,018cb52025326bd3c2e995bd61ee482f129a473b9a4bff330add025f99e83008,0a7674651b35cf02ecac581398fd0d6ac5204fc0f435e3f5764533117eea8007,WATCHLIST_DECLARED_ONLY,SESSION_DATE_CUTOFF_ONLY,PROVISIONAL_REPLAYED
cycle_observations_cy03_v1,f409c312-0349-4b29-8dab-3ecdbd9463b3,github-38040088358-1,BTO.TO,BTO.TO,BTO.TO,CAD,UNVERIFIED,2026-10-10,2026-10-10T09:06:31.915498+00:00,2026-10-10T09:05:09.890731+00:00,2026-10-10T09:05:25.633918+00:00,2026-10-09,22.4593,VALID,COMPLETED_DAILY_BARS,YAHOO_PIT_CYCLE_V1,cycle_detrended_sma20_range40_v1,yfinance.download,1d_auto_adjust_true_close,1e65783457b3c2228a01b05e0ea9c5587f6c54381fe60b35b25fb0dbeca26c23,018cb52025326bd3c2e995bd61ee482f129a473b9a4bff330add025f99e83008,0a7674651b35cf02ecac581398fd0d6ac5204fc0f435e3f5764533117eea8007,WATCHLIST_DECLARED_ONLY,SESSION_DATE_CUTOFF_ONLY,PROVISIONAL_REPLAYED
cycle_observations_cy03_v1,f409c312-0349-4b29-8dab-3ecdbd9463b3,github-38040088358-1,CCJ,CCJ,CCJ,USD,UNVERIFIED,2026-10-10,2026-10-10T09:06:31.915498+00:00,2026-10-10T09:05:09.890731+00:00,2026-10-10T09:05:25.494368+00:00,2026-10-09,35.1409,VALID,COMPLETED_DAILY_BARS,YAHOO_PIT_CYCLE_V1,cycle_detrended_sma20_range40_v1,yfinance.download,1d_auto_adjust_true_close,74a59fecbdf8660e8cd98f7a884e689859f72fa22e57ab2a85385659dc89f242,018cb52025326bd3c2e995bd61ee482f129a473b9a4bff330add025f99e83008,0a7674651b35cf02ecac581398fd0d6ac5204fc0f435e3f5764533117eea8007,WATCHLIST_DECLARED_ONLY,SESSION_DATE_CUTOFF_ONLY,PROVISIONAL_REPLAYED
cycle_observations_cy03_v1,f409c312-0349-4b29-8dab-3ecdbd9463b3,github-38040088358-1,CDNL,CDNL,CDNL,USD,UNVERIFIED,2026-10-10,2026-10-10T09:06:31.915498+00:00,2026-10-10T09:05:09.890731+00:00,2026-10-10T09:05:25.949560+00:00,2026-10-09,61.7085,VALID,COMPLETED_DAILY_BARS,YAHOO_PIT_CYCLE_V1,cycle_detrended_sma20_range40_v1,yfinance.download,1d_auto_adjust_true_close,66943a3c099944078fff01ae427caf36258fc1766b54224166e05f73a97263df,018cb52025326bd3c2e995bd61ee482f129a473b9a4bff330add025f99e83008,0a7674651b35cf02ecac581398fd0d6ac5204fc0f435e3f5764533117eea8007,WATCHLIST_DECLARED_ONLY,SESSION_DATE_CUTOFF_ONLY,PROVISIONAL_REPLAYED
cycle_observations_cy03_v1,f409c312-0349-4b29-8dab-3ecdbd9463b3,github-38040088358-1,CGNX,CGNX,CGNX,USD,UNVERIFIED,2026-10-10,2026-10-10T09:06:31.915498+00:00,2026-10-10T09:05:09.890731+00:00,2026-10-10T09:05:25.213597+00:00,2026-10-09,68.2486,VALID,COMPLETED_DAILY_BARS,YAHOO_PIT_CYCLE_V1,cycle_detrended_sma20_range40_v1,yfinance.download,1d_auto_adjust_true_close,119d5e65fd99449813888dfcb56a42bb969d0bbe4825b49e795309dead674b10,018cb52025326bd3c2e995bd61ee482f129a473b9a4bff330add025f99e83008,0a7674651b35cf02ecac581398fd0d6ac5204fc0f435e3f5764533117eea8007,WATCHLIST_DECLARED_ONLY,SESSION_DATE_CUTOFF_ONLY,PROVISIONAL_REPLAYED
cycle_observations_cy03_v1,f409c312-0349-4b29-8dab-3ecdbd9463b3,github-38040088358-1,CME,CME,CME,USD,UNVERIFIED,2026-10-10,2026-10-10T09:06:31.915498+00:00,2026-10-10T09:05:09.890731+00:00,2026-10-10T09:05:26.051624+00:00,2026-10-09,79.8291,VALID,COMPLETED_DAILY_BARS,YAHOO_PIT_CYCLE_V1,cycle_detrended_sma20_range40_v1,yfinance.download,1d_auto_adjust_true_close,014ac868ca70d93efdd8f3e7c8effce4cdd9510ba95f645d2b2fd0b00a15eeba,018cb52025326bd3c2e995bd61ee482f129a473b9a4bff330add025f99e83008,0a7674651b35cf02ecac581398fd0d6ac5204fc0f435e3f5764533117eea8007,WATCHLIST_DECLARED_ONLY,SESSION_DATE_CUTOFF_ONLY,PROVISIONAL_REPLAYED
cycle_observations_cy03_v1,f409c312-0349-4b29-8dab-3ecdbd9463b3,github-38040088358-1,CNC,CNC,CNC,USD,UNVERIFIED,2026-10-10,2026-10-10T09:06:31.915498+00:00,2026-10-10T09:05:09.890731+00:00,2026-10-10T09:05:25.882528+00:00,2026-10-09,64.2408,VALID,COMPLETED_DAILY_BARS,YAHOO_PIT_CYCLE_V1,cycle_detrended_sma20_range40_v1,yfinance.download,1d_auto_adjust_true_close,897f93816ed95b237443e4cf2d58d44963d151e75948790eb5421394e933ca6e,018cb52025326bd3c2e995bd61ee482f129a473b9a4bff330add025f99e83008,0a7674651b35cf02ecac581398fd0d6ac5204fc0f435e3f5764533117eea8007,WATCHLIST_DECLARED_ONLY,SESSION_DATE_CUTOFF_ONLY,PROVISIONAL_REPLAYED
cycle_observations_cy03_v1,f409c312-0349-4b29-8dab-3ecdbd9463b3,github-38040088358-1,COIN,COIN,COIN,USD,UNVERIFIED,2026-10-10,2026-10-10T09:06:31.915498+00:00,2026-10-10T09:05:09.890731+00:00,2026-10-10T09:05:26.057001+00:00,2026-10-09,15.9911,VALID,COMPLETED_DAILY_BARS,YAHOO_PIT_CYCLE_V1,cycle_detrended_sma20_range40_v1,yfinance.download,1d_auto_adjust_true_close,6c0f9f99b76f0980fec91a9070bb40104f69de69d1095db2c0315f6ddb87661d,018cb52025326bd3c2e995bd61ee482f129a473b9a4bff330add025f99e83008,0a7674651b35cf02ecac581398fd0d6ac5204fc0f435e3f5764533117eea8007,WATCHLIST_DECLARED_ONLY,SESSION_DATE_CUTOFF_ONLY,PROVISIONAL_REPLAYED
cycle_observations_cy03_v1,f409c312-0349-4b29-8dab-3ecdbd9463b3,github-38040088358-1,CPB,CPB,CPB,USD,UNVERIFIED,2026-10-10,2026-10-10T09:06:31.915498+00:00,2026-10-10T09:05:09.890731+00:00,2026-10-10T09:05:25.795915+00:00,2026-10-09,46.0061,VALID,COMPLETED_DAILY_BARS,YAHOO_PIT_CYCLE_V1,cycle_detrended_sma20_range40_v1,yfinance.download,1d_auto_adjust_true_close,af0a8aa2aeb55441f9a3957d90c7024e59e3358533ec11b6eac77c86a97956db,018cb52025326bd3c2e995bd61ee482f129a473b9a4bff330add025f99e83008,0a7674651b35cf02ecac581398fd0d6ac5204fc0f435e3f5764533117eea8007,WATCHLIST_DECLARED_ONLY,SESSION_DATE_CUTOFF_ONLY,PROVISIONAL_REPLAYED
cycle_observations_cy03_v1,f409c312-0349-4b29-8dab-3ecdbd9463b3,github-38040088358-1,CRUS,CRUS,CRUS,USD,UNVERIFIED,2026-10-10,2026-10-10T09:06:31.915498+00:00,2026-10-10T09:05:09.890731+00:00,2026-10-10T09:05:26.415805+00:00,2026-10-09,2.8066,VALID,COMPLETED_DAILY_BARS,YAHOO_PIT_CYCLE_V1,cycle_detrended_sma20_range40_v1,yfinance.download,1d_auto_adjust_true_close,cc68f9a8622c96176f3de2f0f6aff33436bf13522c4ac12a1c9284d6f813b9ef,018cb52025326bd3c2e995bd61ee482f129a473b9a4bff330add025f99e83008,0a7674651b35cf02ecac581398fd0d6ac5204fc0f435e3f5764533117eea8007,WATCHLIST_DECLARED_ONLY,SESSION_DATE_CUTOFF_ONLY,PROVISIONAL_REPLAYED
cycle_observations_cy03_v1,f409c312-0349-4b29-8dab-3ecdbd9463b3,github-38040088358-1,CRWV,CRWV,CRWV,USD,UNVERIFIED,2026-10-10,2026-10-10T09:06:31.915498+00:00,2026-10-10T09:05:09.890731+00:00,2026-10-10T09:05:26.281825+00:00,2026-10-09,20.8881,VALID,COMPLETED_DAILY_BARS,YAHOO_PIT_CYCLE_V1,cycle_detrended_sma20_range40_v1,yfinance.download,1d_auto_adjust_true_close,9d90011f011bd31166f44ee832cb15fc205aef97c62fbbd5964cee1989cde204,018cb52025326bd3c2e995bd61ee482f129a473b9a4bff330add025f99e83008,0a7674651b35cf02ecac581398fd0d6ac5204fc0f435e3f5764533117eea8007,WATCHLIST_DECLARED_ONLY,SESSION_DATE_CUTOFF_ONLY,PROVISIONAL_REPLAYED
cycle_observations_cy03_v1,f409c312-0349-4b29-8dab-3ecdbd9463b3,github-38040088358-1,CRYPTO:ADA,CRYPTO:ADA,ADA-USD,USD,UNVERIFIED,2026-10-10,2026-10-10T09:06:31.915498+00:00,2026-10-10T09:05:09.890731+00:00,2026-10-10T09:05:26.028773+00:00,2026-10-09,18.9046,VALID,COMPLETED_DAILY_BARS,YAHOO_PIT_CYCLE_V1,cycle_detrended_sma20_range40_v1,yfinance.download,1d_auto_adjust_true_close,24b2c6bd5c8013c21cb12d2268c4fe54b5c367b8ea0ecabc7fa04bbb558722e4,018cb52025326bd3c2e995bd61ee482f129a473b9a4bff330add025f99e83008,0a7674651b35cf02ecac581398fd0d6ac5204fc0f435e3f5764533117eea8007,WATCHLIST_DECLARED_ONLY,SESSION_DATE_CUTOFF_ONLY,PROVISIONAL_REPLAYED
cycle_observations_cy03_v1,f409c312-0349-4b29-8dab-3ecdbd9463b3,github-38040088358-1,CRYPTO:BTC,CRYPTO:BTC,BTC-USD,USD,UNVERIFIED,2026-10-10,2026-10-10T09:06:31.915498+00:00,2026-10-10T09:05:09.890731+00:00,2026-10-10T09:05:26.046162+00:00,2026-10-09,9.0645,VALID,COMPLETED_DAILY_BARS,YAHOO_PIT_CYCLE_V1,cycle_detrended_sma20_range40_v1,yfinance.download,1d_auto_adjust_true_close,88cec216b89038c3dcf0f385b6cb365bc2629223933dbc4ebe1be5cbe7ddb849,018cb52025326bd3c2e995bd61ee482f129a473b9a4bff330add025f99e83008,0a7674651b35cf02ecac581398fd0d6ac5204fc0f435e3f5764533117eea8007,WATCHLIST_DECLARED_ONLY,SESSION_DATE_CUTOFF_ONLY,PROVISIONAL_REPLAYED
cycle_observations_cy03_v1,f409c312-0349-4b29-8dab-3ecdbd9463b3,github-38040088358-1,CRYPTO:DOGE,CRYPTO:DOGE,DOGE-EUR,EUR,UNVERIFIED,2026-10-10,2026-10-10T09:06:31.915498+00:00,2026-10-10T09:05:09.890731+00:00,2026-10-10T09:05:26.134614+00:00,2026-10-09,6.1677,VALID,COMPLETED_DAILY_BARS,YAHOO_PIT_CYCLE_V1,cycle_detrended_sma20_range40_v1,yfinance.download,1d_auto_adjust_true_close,b026d8a61b07ed65252bf8596debe75829c169cf1fe7531b33b65a63e7fd9b8a,018cb52025326bd3c2e995bd61ee482f129a473b9a4bff330add025f99e83008,0a7674651b35cf02ecac581398fd0d6ac5204fc0f435e3f5764533117eea8007,WATCHLIST_DECLARED_ONLY,SESSION_DATE_CUTOFF_ONLY,PROVISIONAL_REPLAYED
cycle_observations_cy03_v1,f409c312-0349-4b29-8dab-3ecdbd9463b3,github-38040088358-1,CRYPTO:ETH,CRYPTO:ETH,ETH-USD,USD,UNVERIFIED,2026-10-10,2026-10-10T09:06:31.915498+00:00,2026-10-10T09:05:09.890731+00:00,2026-10-10T09:05:26.068637+00:00,2026-10-09,4.4369,VALID,COMPLETED_DAILY_BARS,YAHOO_PIT_CYCLE_V1,cycle_detrended_sma20_range40_v1,yfinance.download,1d_auto_adjust_true_close,20e284afcd6bd68b18e6b0c6e7dcb1734132fabc7d3b5a54e247734fa18ed2dc,018cb52025326bd3c2e995bd61ee482f129a473b9a4bff330add025f99e83008,0a7674651b35cf02ecac581398fd0d6ac5204fc0f435e3f5764533117eea8007,WATCHLIST_DECLARED_ONLY,SESSION_DATE_CUTOFF_ONLY,PROVISIONAL_REPLAYED
cycle_observations_cy03_v1,f409c312-0349-4b29-8dab-3ecdbd9463b3,github-38040088358-1,CRYPTO:SOL,CRYPTO:SOL,SOL-EUR,EUR,UNVERIFIED,2026-10-10,2026-10-10T09:06:31.915498+00:00,2026-10-10T09:05:09.890731+00:00,2026-10-10T09:05:26.106728+00:00,2026-10-09,0.0,VALID,COMPLETED_DAILY_BARS,YAHOO_PIT_CYCLE_V1,cycle_detrended_sma20_range40_v1,yfinance.download,1d_auto_adjust_true_close,e59ab895eff0546ee28cb6b4620b6e0313a98b1438ae8f4841291a7e84fc309e,018cb52025326bd3c2e995bd61ee482f129a473b9a4bff330add025f99e83008,0a7674651b35cf02ecac581398fd0d6ac5204fc0f435e3f5764533117eea8007,WATCHLIST_DECLARED_ONLY,SESSION_DATE_CUTOFF_ONLY,PROVISIONAL_REPLAYED
cycle_observations_cy03_v1,f409c312-0349-4b29-8dab-3ecdbd9463b3,github-38040088358-1,CRYPTO:XRP,CRYPTO:XRP,XRP-EUR,EUR,UNVERIFIED,2026-10-10,2026-10-10T09:06:31.915498+00:00,2026-10-10T09:05:09.890731+00:00,2026-10-10T09:05:26.117631+00:00,2026-10-09,5.8307,VALID,COMPLETED_DAILY_BARS,YAHOO_PIT_CYCLE_V1,cycle_detrended_sma20_range40_v1,yfinance.download,1d_auto_adjust_true_close,579bdfdd440ec3c1162052ed7495f7669073d870107afca117bebf20b430058f,018cb52025326bd3c2e995bd61ee482f129a473b9a4bff330add025f99e83008,0a7674651b35cf02ecac581398fd0d6ac5204fc0f435e3f5764533117eea8007,WATCHLIST_DECLARED_ONLY,SESSION_DATE_CUTOFF_ONLY,PROVISIONAL_REPLAYED
cycle_observations_cy03_v1,f409c312-0349-4b29-8dab-3ecdbd9463b3,github-38040088358-1,CSTM,CSTM,CSTM,USD,UNVERIFIED,2026-10-10,2026-10-10T09:06:31.915498+00:00,2026-10-10T09:05:09.890731+00:00,2026-10-10T09:05:25.640004+00:00,2026-10-09,94.6959,VALID,COMPLETED_DAILY_BARS,YAHOO_PIT_CYCLE_V1,cycle_detrended_sma20_range40_v1,yfinance.download,1d_auto_adjust_true_close,9c2e2cc7f20bbf88ae048d735cd1ee146ff184f8ebde6b6fd480bd9d779006a3,018cb52025326bd3c2e995bd61ee482f129a473b9a4bff330add025f99e83008,0a7674651b35cf02ecac581398fd0d6ac5204fc0f435e3f5764533117eea8007,WATCHLIST_DECLARED_ONLY,SESSION_DATE_CUTOFF_ONLY,PROVISIONAL_REPLAYED
cycle_observations_cy03_v1,f409c312-0349-4b29-8dab-3ecdbd9463b3,github-38040088358-1,CVX,CVX,CVX,USD,UNVERIFIED,2026-10-10,2026-10-10T09:06:31.915498+00:00,2026-10-10T09:05:09.890731+00:00,2026-10-10T09:05:25.499851+00:00,2026-10-09,54.769,VALID,COMPLETED_DAILY_BARS,YAHOO_PIT_CYCLE_V1,cycle_detrended_sma20_range40_v1,yfinance.download,1d_auto_adjust_true_close,0d2f82725511e7e79b3eadd008b363a5faaf4811ef95ec2f5e4e8d75216860bb,018cb52025326bd3c2e995bd61ee482f129a473b9a4bff330add025f99e83008,0a7674651b35cf02ecac581398fd0d6ac5204fc0f435e3f5764533117eea8007,WATCHLIST_DECLARED_ONLY,SESSION_DATE_CUTOFF_ONLY,PROVISIONAL_REPLAYED
cycle_observations_cy03_v1,f409c312-0349-4b29-8dab-3ecdbd9463b3,github-38040088358-1,DB1.DE,DB1.DE,DB1.DE,EUR,UNVERIFIED,2026-10-10,2026-10-10T09:06:31.915498+00:00,2026-10-10T09:05:09.890731+00:00,2026-10-10T09:05:26.062410+00:00,2026-10-09,86.1502,VALID,COMPLETED_DAILY_BARS,YAHOO_PIT_CYCLE_V1,cycle_detrended_sma20_range40_v1,yfinance.download,1d_auto_adjust_true_close,abf402333d614feafa2e5859dd5aec24a77bc140fb6d2c85ace95c5487dd3c71,018cb52025326bd3c2e995bd61ee482f129a473b9a4bff330add025f99e83008,0a7674651b35cf02ecac581398fd0d6ac5204fc0f435e3f5764533117eea8007,WATCHLIST_DECLARED_ONLY,SESSION_DATE_CUTOFF_ONLY,PROVISIONAL_REPLAYED
cycle_observations_cy03_v1,f409c312-0349-4b29-8dab-3ecdbd9463b3,github-38040088358-1,DIS,DIS,DIS,USD,UNVERIFIED,2026-10-10,2026-10-10T09:06:31.915498+00:00,2026-10-10T09:05:09.890731+00:00,2026-10-10T09:05:26.178620+00:00,2026-10-09,61.4104,VALID,COMPLETED_DAILY_BARS,YAHOO_PIT_CYCLE_V1,cycle_detrended_sma20_range40_v1,yfinance.download,1d_auto_adjust_true_close,8a37a9c02a440ee26b6e78b28326ed1f8df9883441ae7af46cce1c3ac762fb97,018cb52025326bd3c2e995bd61ee482f129a473b9a4bff330add025f99e83008,0a7674651b35cf02ecac581398fd0d6ac5204fc0f435e3f5764533117eea8007,WATCHLIST_DECLARED_ONLY,SESSION_DATE_CUTOFF_ONLY,PROVISIONAL_REPLAYED
cycle_observations_cy03_v1,f409c312-0349-4b29-8dab-3ecdbd9463b3,github-38040088358-1,DRO.AX,DRO.AX,DRO.AX,AUD,UNVERIFIED,2026-10-10,2026-10-10T09:06:31.915498+00:00,2026-10-10T09:05:09.890731+00:00,2026-10-10T09:05:26.375228+00:00,2026-10-09,34.2278,VALID,COMPLETED_DAILY_BARS,YAHOO_PIT_CYCLE_V1,cycle_detrended_sma20_range40_v1,yfinance.download,1d_auto_adjust_true_close,ed9d9ffb5b883f959ea0ae00e2ca1c8cce7540557af55ba1c9ed634319f1cc93,018cb52025326bd3c2e995bd61ee482f129a473b9a4bff330add025f99e83008,0a7674651b35cf02ecac581398fd0d6ac5204fc0f435e3f5764533117eea8007,WATCHLIST_DECLARED_ONLY,SESSION_DATE_CUTOFF_ONLY,PROVISIONAL_REPLAYED
cycle_observations_cy03_v1,f409c312-0349-4b29-8dab-3ecdbd9463b3,github-38040088358-1,DSV.TO,DSV.TO,DSV.TO,CAD,UNVERIFIED,2026-10-10,2026-10-10T09:06:31.915498+00:00,2026-10-10T09:05:09.890731+00:00,2026-10-10T09:05:25.645478+00:00,2026-10-09,25.5775,VALID,COMPLETED_DAILY_BARS,YAHOO_PIT_CYCLE_V1,cycle_detrended_sma20_range40_v1,yfinance.download,1d_auto_adjust_true_close,542dc55661204ce9fcb96354b7b77f8775caa84f75af77cf8d4d9ebefdbdd342,018cb52025326bd3c2e995bd61ee482f129a473b9a4bff330add025f99e83008,0a7674651b35cf02ecac581398fd0d6ac5204fc0f435e3f5764533117eea8007,WATCHLIST_DECLARED_ONLY,SESSION_DATE_CUTOFF_ONLY,PROVISIONAL_REPLAYED
cycle_observations_cy03_v1,f409c312-0349-4b29-8dab-3ecdbd9463b3,github-38040088358-1,DVLT,DVLT,DVLT,USD,UNVERIFIED,2026-10-10,2026-10-10T09:06:31.915498+00:00,2026-10-10T09:05:09.890731+00:00,2026-10-10T09:05:25.357587+00:00,2026-10-09,55.9375,VALID,COMPLETED_DAILY_BARS,YAHOO_PIT_CYCLE_V1,cycle_detrended_sma20_range40_v1,yfinance.download,1d_auto_adjust_true_close,c89c68e8705191e40e09cbc24e69cbaa92cdadfaacd39bd4e20f71f122b34a87,018cb52025326bd3c2e995bd61ee482f129a473b9a4bff330add025f99e83008,0a7674651b35cf02ecac581398fd0d6ac5204fc0f435e3f5764533117eea8007,WATCHLIST_DECLARED_ONLY,SESSION_DATE_CUTOFF_ONLY,PROVISIONAL_REPLAYED
cycle_observations_cy03_v1,f409c312-0349-4b29-8dab-3ecdbd9463b3,github-38040088358-1,EDR.TO,EDR.TO,EDR.TO,CAD,UNVERIFIED,2026-10-10,2026-10-10T09:06:31.915498+00:00,2026-10-10T09:05:09.890731+00:00,2026-10-10T09:05:25.651822+00:00,2026-10-09,26.6213,VALID,COMPLETED_DAILY_BARS,YAHOO_PIT_CYCLE_V1,cycle_detrended_sma20_range40_v1,yfinance.download,1d_auto_adjust_true_close,49bddc8c15ecb93c82d61069358f785c00ba42f28b435562d5697298afd88e84,018cb52025326bd3c2e995bd61ee482f129a473b9a4bff330add025f99e83008,0a7674651b35cf02ecac581398fd0d6ac5204fc0f435e3f5764533117eea8007,WATCHLIST_DECLARED_ONLY,SESSION_DATE_CUTOFF_ONLY,PROVISIONAL_REPLAYED
cycle_observations_cy03_v1,f409c312-0349-4b29-8dab-3ecdbd9463b3,github-38040088358-1,ENR.DE,ENR.DE,ENR.DE,EUR,UNVERIFIED,2026-10-10,2026-10-10T09:06:31.915498+00:00,2026-10-10T09:05:09.890731+00:00,2026-10-10T09:05:25.505324+00:00,2026-10-09,70.1688,VALID,COMPLETED_DAILY_BARS,YAHOO_PIT_CYCLE_V1,cycle_detrended_sma20_range40_v1,yfinance.download,1d_auto_adjust_true_close,beba734b3b26a37d217122e70591bd497fcf6e8198d961437be48b0ba37ffb5d,018cb52025326bd3c2e995bd61ee482f129a473b9a4bff330add025f99e83008,0a7674651b35cf02ecac581398fd0d6ac5204fc0f435e3f5764533117eea8007,WATCHLIST_DECLARED_ONLY,SESSION_DATE_CUTOFF_ONLY,PROVISIONAL_REPLAYED
cycle_observations_cy03_v1,f409c312-0349-4b29-8dab-3ecdbd9463b3,github-38040088358-1,ENSG,ENSG,ENSG,USD,UNVERIFIED,2026-10-10,2026-10-10T09:06:31.915498+00:00,2026-10-10T09:05:09.890731+00:00,2026-10-10T09:05:26.260323+00:00,2026-10-09,50.5778,VALID,COMPLETED_DAILY_BARS,YAHOO_PIT_CYCLE_V1,cycle_detrended_sma20_range40_v1,yfinance.download,1d_auto_adjust_true_close,77923cbab010ed7e7ff52fc6cf93559260286d7b736151f2389bbdfa567fa123,018cb52025326bd3c2e995bd61ee482f129a473b9a4bff330add025f99e83008,0a7674651b35cf02ecac581398fd0d6ac5204fc0f435e3f5764533117eea8007,WATCHLIST_DECLARED_ONLY,SESSION_DATE_CUTOFF_ONLY,PROVISIONAL_REPLAYED
cycle_observations_cy03_v1,f409c312-0349-4b29-8dab-3ecdbd9463b3,github-38040088358-1,EQX.TO,EQX.TO,EQX.TO,CAD,UNVERIFIED,2026-10-10,2026-10-10T09:06:31.915498+00:00,2026-10-10T09:05:09.890731+00:00,2026-10-10T09:05:25.658194+00:00,2026-10-09,28.2486,VALID,COMPLETED_DAILY_BARS,YAHOO_PIT_CYCLE_V1,cycle_detrended_sma20_range40_v1,yfinance.download,1d_auto_adjust_true_close,c4c17114d7dd1a4c1a9ab88c57fa7d6d84102387c637e154ec0b9f34405020bb,018cb52025326bd3c2e995bd61ee482f129a473b9a4bff330add025f99e83008,0a7674651b35cf02ecac581398fd0d6ac5204fc0f435e3f5764533117eea8007,WATCHLIST_DECLARED_ONLY,SESSION_DATE_CUTOFF_ONLY,PROVISIONAL_REPLAYED
cycle_observations_cy03_v1,f409c312-0349-4b29-8dab-3ecdbd9463b3,github-38040088358-1,ETN,ETN,ETN,USD,UNVERIFIED,2026-10-10,2026-10-10T09:06:31.915498+00:00,2026-10-10T09:05:09.890731+00:00,2026-10-10T09:05:25.511634+00:00,2026-10-09,58.4825,VALID,COMPLETED_DAILY_BARS,YAHOO_PIT_CYCLE_V1,cycle_detrended_sma20_range40_v1,yfinance.download,1d_auto_adjust_true_close,8dba02b2f70f56f7035abb00dd73c3aaabb54f9da8cea0b8ab6280932b8d6869,018cb52025326bd3c2e995bd61ee482f129a473b9a4bff330add025f99e83008,0a7674651b35cf02ecac581398fd0d6ac5204fc0f435e3f5764533117eea8007,WATCHLIST_DECLARED_ONLY,SESSION_DATE_CUTOFF_ONLY,PROVISIONAL_REPLAYED
cycle_observations_cy03_v1,f409c312-0349-4b29-8dab-3ecdbd9463b3,github-38040088358-1,FANUY,FANUY,FANUY,USD,UNVERIFIED,2026-10-10,2026-10-10T09:06:31.915498+00:00,2026-10-10T09:05:09.890731+00:00,2026-10-10T09:05:25.219237+00:00,2026-10-09,81.4832,VALID,COMPLETED_DAILY_BARS,YAHOO_PIT_CYCLE_V1,cycle_detrended_sma20_range40_v1,yfinance.download,1d_auto_adjust_true_close,fdfab737b45e6efd2979a12255cc817eff93f08173287a5ea2ffb20a79ec3f56,018cb52025326bd3c2e995bd61ee482f129a473b9a4bff330add025f99e83008,0a7674651b35cf02ecac581398fd0d6ac5204fc0f435e3f5764533117eea8007,WATCHLIST_DECLARED_ONLY,SESSION_DATE_CUTOFF_ONLY,PROVISIONAL_REPLAYED
cycle_observations_cy03_v1,f409c312-0349-4b29-8dab-3ecdbd9463b3,github-38040088358-1,FCX,FCX,FCX,USD,UNVERIFIED,2026-10-10,2026-10-10T09:06:31.915498+00:00,2026-10-10T09:05:09.890731+00:00,2026-10-10T09:05:25.664597+00:00,2026-10-09,43.6368,VALID,COMPLETED_DAILY_BARS,YAHOO_PIT_CYCLE_V1,cycle_detrended_sma20_range40_v1,yfinance.download,1d_auto_adjust_true_close,81ec4e608351ee922f2c927ae733f830d2b19631bd4fe6995f4c7110f9931dc8,018cb52025326bd3c2e995bd61ee482f129a473b9a4bff330add025f99e83008,0a7674651b35cf02ecac581398fd0d6ac5204fc0f435e3f5764533117eea8007,WATCHLIST_DECLARED_ONLY,SESSION_DATE_CUTOFF_ONLY,PROVISIONAL_REPLAYED
cycle_observations_cy03_v1,f409c312-0349-4b29-8dab-3ecdbd9463b3,github-38040088358-1,FIGR,FIGR,FIGR,USD,UNVERIFIED,2026-10-10,2026-10-10T09:06:31.915498+00:00,2026-10-10T09:05:09.890731+00:00,2026-10-10T09:05:26.074172+00:00,2026-10-09,17.6812,VALID,COMPLETED_DAILY_BARS,YAHOO_PIT_CYCLE_V1,cycle_detrended_sma20_range40_v1,yfinance.download,1d_auto_adjust_true_close,11b53ed916fb655375bd061f55ee743d1952bcfa50e1f82cdc1c24a9958b8c84,018cb52025326bd3c2e995bd61ee482f129a473b9a4bff330add025f99e83008,0a7674651b35cf02ecac581398fd0d6ac5204fc0f435e3f5764533117eea8007,WATCHLIST_DECLARED_ONLY,SESSION_DATE_CUTOFF_ONLY,PROVISIONAL_REPLAYED
cycle_observations_cy03_v1,f409c312-0349-4b29-8dab-3ecdbd9463b3,github-38040088358-1,FISV,FISV,FISV,USD,UNVERIFIED,2026-10-10,2026-10-10T09:06:31.915498+00:00,2026-10-10T09:05:09.890731+00:00,2026-10-10T09:05:26.393724+00:00,2026-10-09,60.0238,VALID,COMPLETED_DAILY_BARS,YAHOO_PIT_CYCLE_V1,cycle_detrended_sma20_range40_v1,yfinance.download,1d_auto_adjust_true_close,941a2ce1d37b6d4ff29d1a12541778d8be330054dc37d6c8c51eef04056f26ad,018cb52025326bd3c2e995bd61ee482f129a473b9a4bff330add025f99e83008,0a7674651b35cf02ecac581398fd0d6ac5204fc0f435e3f5764533117eea8007,WATCHLIST_DECLARED_ONLY,SESSION_DATE_CUTOFF_ONLY,PROVISIONAL_REPLAYED
cycle_observations_cy03_v1,f409c312-0349-4b29-8dab-3ecdbd9463b3,github-38040088358-1,FLNC,FLNC,FLNC,USD,UNVERIFIED,2026-10-10,2026-10-10T09:06:31.915498+00:00,2026-10-10T09:05:09.890731+00:00,2026-10-10T09:05:25.517161+00:00,2026-10-09,90.9245,VALID,COMPLETED_DAILY_BARS,YAHOO_PIT_CYCLE_V1,cycle_detrended_sma20_range40_v1,yfinance.download,1d_auto_adjust_true_close,3da228c72d5381896c14cceed75f4f50032d58c61a5dbd7ec6985f213b5b79d2,018cb52025326bd3c2e995bd61ee482f129a473b9a4bff330add025f99e83008,0a7674651b35cf02ecac581398fd0d6ac5204fc0f435e3f5764533117eea8007,WATCHLIST_DECLARED_ONLY,SESSION_DATE_CUTOFF_ONLY,PROVISIONAL_REPLAYED
cycle_observations_cy03_v1,f409c312-0349-4b29-8dab-3ecdbd9463b3,github-38040088358-1,FME.DE,FME.DE,FME.DE,EUR,UNVERIFIED,2026-10-10,2026-10-10T09:06:31.915498+00:00,2026-10-10T09:05:09.890731+00:00,2026-10-10T09:05:25.888061+00:00,2026-10-09,21.7803,VALID,COMPLETED_DAILY_BARS,YAHOO_PIT_CYCLE_V1,cycle_detrended_sma20_range40_v1,yfinance.download,1d_auto_adjust_true_close,c1711c2c177a892802a132b5aa2fea8f4a060c5c1463db982565744e24036f81,018cb52025326bd3c2e995bd61ee482f129a473b9a4bff330add025f99e83008,0a7674651b35cf02ecac581398fd0d6ac5204fc0f435e3f5764533117eea8007,WATCHLIST_DECLARED_ONLY,SESSION_DATE_CUTOFF_ONLY,PROVISIONAL_REPLAYED
cycle_observations_cy03_v1,f409c312-0349-4b29-8dab-3ecdbd9463b3,github-38040088358-1,FRES.L,FRES.L,FRES.L,GBp,UNVERIFIED,2026-10-10,2026-10-10T09:06:31.915498+00:00,2026-10-10T09:05:09.890731+00:00,2026-10-10T09:05:25.670099+00:00,2026-10-09,26.9184,VALID,COMPLETED_DAILY_BARS,YAHOO_PIT_CYCLE_V1,cycle_detrended_sma20_range40_v1,yfinance.download,1d_auto_adjust_true_close,49af9dd724a8ce1d7cae621c41ae68adae76bdddf3158cef96068f91c7cd6e20,018cb52025326bd3c2e995bd61ee482f129a473b9a4bff330add025f99e83008,0a7674651b35cf02ecac581398fd0d6ac5204fc0f435e3f5764533117eea8007,WATCHLIST_DECLARED_ONLY,SESSION_DATE_CUTOFF_ONLY,PROVISIONAL_REPLAYED
cycle_observations_cy03_v1,f409c312-0349-4b29-8dab-3ecdbd9463b3,github-38040088358-1,FSLR,FSLR,FSLR,USD,UNVERIFIED,2026-10-10,2026-10-10T09:06:31.915498+00:00,2026-10-10T09:05:09.890731+00:00,2026-10-10T09:05:25.528010+00:00,2026-10-09,64.1959,VALID,COMPLETED_DAILY_BARS,YAHOO_PIT_CYCLE_V1,cycle_detrended_sma20_range40_v1,yfinance.download,1d_auto_adjust_true_close,a745ec8dd39b196dd20bc38ce2ce813ed8dd7cc680b295b401f263daa8bb4293,018cb52025326bd3c2e995bd61ee482f129a473b9a4bff330add025f99e83008,0a7674651b35cf02ecac581398fd0d6ac5204fc0f435e3f5764533117eea8007,WATCHLIST_DECLARED_ONLY,SESSION_DATE_CUTOFF_ONLY,PROVISIONAL_REPLAYED
cycle_observations_cy03_v1,f409c312-0349-4b29-8dab-3ecdbd9463b3,github-38040088358-1,GE,GE,GE,USD,UNVERIFIED,2026-10-10,2026-10-10T09:06:31.915498+00:00,2026-10-10T09:05:09.890731+00:00,2026-10-10T09:05:26.410461+00:00,2026-10-09,61.2242,VALID,COMPLETED_DAILY_BARS,YAHOO_PIT_CYCLE_V1,cycle_detrended_sma20_range40_v1,yfinance.download,1d_auto_adjust_true_close,ff90bca6464be788826d2972fe10ebc075f820fe6f700414cbcf9d87d91873e4,018cb52025326bd3c2e995bd61ee482f129a473b9a4bff330add025f99e83008,0a7674651b35cf02ecac581398fd0d6ac5204fc0f435e3f5764533117eea8007,WATCHLIST_DECLARED_ONLY,SESSION_DATE_CUTOFF_ONLY,PROVISIONAL_REPLAYED
cycle_observations_cy03_v1,f409c312-0349-4b29-8dab-3ecdbd9463b3,github-38040088358-1,GMED,GMED,GMED,USD,UNVERIFIED,2026-10-10,2026-10-10T09:06:31.915498+00:00,2026-10-10T09:05:09.890731+00:00,2026-10-10T09:05:25.224791+00:00,2026-10-09,57.6131,VALID,COMPLETED_DAILY_BARS,YAHOO_PIT_CYCLE_V1,cycle_detrended_sma20_range40_v1,yfinance.download,1d_auto_adjust_true_close,9f306db8dd05471440d2f4a5324c08b29174d4c0aec6cb37ac562cdc7d2119ad,018cb52025326bd3c2e995bd61ee482f129a473b9a4bff330add025f99e83008,0a7674651b35cf02ecac581398fd0d6ac5204fc0f435e3f5764533117eea8007,WATCHLIST_DECLARED_ONLY,SESSION_DATE_CUTOFF_ONLY,PROVISIONAL_REPLAYED
cycle_observations_cy03_v1,f409c312-0349-4b29-8dab-3ecdbd9463b3,github-38040088358-1,GOOGL,GOOGL,GOOGL,USD,UNVERIFIED,2026-10-10,2026-10-10T09:06:31.915498+00:00,2026-10-10T09:05:09.890731+00:00,2026-10-10T09:05:25.363140+00:00,2026-10-09,70.8975,VALID,COMPLETED_DAILY_BARS,YAHOO_PIT_CYCLE_V1,cycle_detrended_sma20_range40_v1,yfinance.download,1d_auto_adjust_true_close,918c342a06b124e91ad1c219bd8ff5224da2a72f40466d5a23486e1e47660b16,018cb52025326bd3c2e995bd61ee482f129a473b9a4bff330add025f99e83008,0a7674651b35cf02ecac581398fd0d6ac5204fc0f435e3f5764533117eea8007,WATCHLIST_DECLARED_ONLY,SESSION_DATE_CUTOFF_ONLY,PROVISIONAL_REPLAYED
cycle_observations_cy03_v1,f409c312-0349-4b29-8dab-3ecdbd9463b3,github-38040088358-1,GOT.V,GOT.V,GOT.V,CAD,UNVERIFIED,2026-10-10,2026-10-10T09:06:31.915498+00:00,2026-10-10T09:05:09.890731+00:00,2026-10-10T09:05:25.676523+00:00,2026-10-09,18.4663,VALID,COMPLETED_DAILY_BARS,YAHOO_PIT_CYCLE_V1,cycle_detrended_sma20_range40_v1,yfinance.download,1d_auto_adjust_true_close,48756178ed4dba71e6c18e3d2620507bf84566ee322d88e896c68f6f0a909217,018cb52025326bd3c2e995bd61ee482f129a473b9a4bff330add025f99e83008,0a7674651b35cf02ecac581398fd0d6ac5204fc0f435e3f5764533117eea8007,WATCHLIST_DECLARED_ONLY,SESSION_DATE_CUTOFF_ONLY,PROVISIONAL_REPLAYED
cycle_observations_cy03_v1,f409c312-0349-4b29-8dab-3ecdbd9463b3,github-38040088358-1,GRAB,GRAB,GRAB,USD,UNVERIFIED,2026-10-10,2026-10-10T09:06:31.915498+00:00,2026-10-10T09:05:09.890731+00:00,2026-10-10T09:05:26.314581+00:00,2026-10-09,100.0,VALID,COMPLETED_DAILY_BARS,YAHOO_PIT_CYCLE_V1,cycle_detrended_sma20_range40_v1,yfinance.download,1d_auto_adjust_true_close,ca591f245892a44729e08661f57202b98c37a30a2e9a1e07464972878c4bba41,018cb52025326bd3c2e995bd61ee482f129a473b9a4bff330add025f99e83008,0a7674651b35cf02ecac581398fd0d6ac5204fc0f435e3f5764533117eea8007,WATCHLIST_DECLARED_ONLY,SESSION_DATE_CUTOFF_ONLY,PROVISIONAL_REPLAYED
cycle_observations_cy03_v1,f409c312-0349-4b29-8dab-3ecdbd9463b3,github-38040088358-1,HIMS,HIMS,HIMS,USD,UNVERIFIED,2026-10-10,2026-10-10T09:06:31.915498+00:00,2026-10-10T09:05:09.890731+00:00,2026-10-10T09:05:26.205614+00:00,2026-10-09,67.074,VALID,COMPLETED_DAILY_BARS,YAHOO_PIT_CYCLE_V1,cycle_detrended_sma20_range40_v1,yfinance.download,1d_auto_adjust_true_close,dd383a3adcd3c477328b9e19c3cf91e1e84fb006b74287e99eb68e7020934e4a,018cb52025326bd3c2e995bd61ee482f129a473b9a4bff330add025f99e83008,0a7674651b35cf02ecac581398fd0d6ac5204fc0f435e3f5764533117eea8007,WATCHLIST_DECLARED_ONLY,SESSION_DATE_CUTOFF_ONLY,PROVISIONAL_REPLAYED
cycle_observations_cy03_v1,f409c312-0349-4b29-8dab-3ecdbd9463b3,github-38040088358-1,HL,HL,HL,USD,UNVERIFIED,2026-10-10,2026-10-10T09:06:31.915498+00:00,2026-10-10T09:05:09.890731+00:00,2026-10-10T09:05:25.682986+00:00,2026-10-09,24.7576,VALID,COMPLETED_DAILY_BARS,YAHOO_PIT_CYCLE_V1,cycle_detrended_sma20_range40_v1,yfinance.download,1d_auto_adjust_true_close,871c1be86525438835575479189e7c46f101b34d401a7c2561d66a7c5ba4768b,018cb52025326bd3c2e995bd61ee482f129a473b9a4bff330add025f99e83008,0a7674651b35cf02ecac581398fd0d6ac5204fc0f435e3f5764533117eea8007,WATCHLIST_DECLARED_ONLY,SESSION_DATE_CUTOFF_ONLY,PROVISIONAL_REPLAYED
cycle_observations_cy03_v1,f409c312-0349-4b29-8dab-3ecdbd9463b3,github-38040088358-1,HMY,HMY,HMY,USD,UNVERIFIED,2026-10-10,2026-10-10T09:06:31.915498+00:00,2026-10-10T09:05:09.890731+00:00,2026-10-10T09:05:25.688620+00:00,2026-10-09,16.7743,VALID,COMPLETED_DAILY_BARS,YAHOO_PIT_CYCLE_V1,cycle_detrended_sma20_range40_v1,yfinance.download,1d_auto_adjust_true_close,a4c8e50ab5af38a644f91635928e520a417a140abde258f0e31a2b3bd6fe9ebd,018cb52025326bd3c2e995bd61ee482f129a473b9a4bff330add025f99e83008,0a7674651b35cf02ecac581398fd0d6ac5204fc0f435e3f5764533117eea8007,WATCHLIST_DECLARED_ONLY,SESSION_DATE_CUTOFF_ONLY,PROVISIONAL_REPLAYED
cycle_observations_cy03_v1,f409c312-0349-4b29-8dab-3ecdbd9463b3,github-38040088358-1,ICE,ICE,ICE,USD,UNVERIFIED,2026-10-10,2026-10-10T09:06:31.915498+00:00,2026-10-10T09:05:09.890731+00:00,2026-10-10T09:05:26.079628+00:00,2026-10-09,52.6198,VALID,COMPLETED_DAILY_BARS,YAHOO_PIT_CYCLE_V1,cycle_detrended_sma20_range40_v1,yfinance.download,1d_auto_adjust_true_close,d5d31925b3b9a467045c6f15f80d1d1d467994df47a16bb0b26a02cadd7221b5,018cb52025326bd3c2e995bd61ee482f129a473b9a4bff330add025f99e83008,0a7674651b35cf02ecac581398fd0d6ac5204fc0f435e3f5764533117eea8007,WATCHLIST_DECLARED_ONLY,SESSION_DATE_CUTOFF_ONLY,PROVISIONAL_REPLAYED
cycle_observations_cy03_v1,f409c312-0349-4b29-8dab-3ecdbd9463b3,github-38040088358-1,IFX.DE,IFX.DE,IFX.DE,EUR,UNVERIFIED,2026-10-10,2026-10-10T09:06:31.915498+00:00,2026-10-10T09:05:09.890731+00:00,2026-10-10T09:05:25.368759+00:00,2026-10-09,49.0636,VALID,COMPLETED_DAILY_BARS,YAHOO_PIT_CYCLE_V1,cycle_detrended_sma20_range40_v1,yfinance.download,1d_auto_adjust_true_close,975bad18ac5be42952b7931fcd953331486baf8e9b73043ac69fcf9c2e1a9cc5,018cb52025326bd3c2e995bd61ee482f129a473b9a4bff330add025f99e83008,0a7674651b35cf02ecac581398fd0d6ac5204fc0f435e3f5764533117eea8007,WATCHLIST_DECLARED_ONLY,SESSION_DATE_CUTOFF_ONLY,PROVISIONAL_REPLAYED
cycle_observations_cy03_v1,f409c312-0349-4b29-8dab-3ecdbd9463b3,github-38040088358-1,ILMN,ILMN,ILMN,USD,UNVERIFIED,2026-10-10,2026-10-10T09:06:31.915498+00:00,2026-10-10T09:05:09.890731+00:00,2026-10-10T09:05:26.200235+00:00,2026-10-09,50.2827,VALID,COMPLETED_DAILY_BARS,YAHOO_PIT_CYCLE_V1,cycle_detrended_sma20_range40_v1,yfinance.download,1d_auto_adjust_true_close,dc34f5909788e38bc0bf3dd8a36865247059e2e73aed7c9978279b28185b4d85,018cb52025326bd3c2e995bd61ee482f129a473b9a4bff330add025f99e83008,0a7674651b35cf02ecac581398fd0d6ac5204fc0f435e3f5764533117eea8007,WATCHLIST_DECLARED_ONLY,SESSION_DATE_CUTOFF_ONLY,PROVISIONAL_REPLAYED
cycle_observations_cy03_v1,f409c312-0349-4b29-8dab-3ecdbd9463b3,github-38040088358-1,INCY,INCY,INCY,USD,UNVERIFIED,2026-10-10,2026-10-10T09:06:31.915498+00:00,2026-10-10T09:05:09.890731+00:00,2026-10-10T09:05:25.894567+00:00,2026-10-09,9.9836,VALID,COMPLETED_DAILY_BARS,YAHOO_PIT_CYCLE_V1,cycle_detrended_sma20_range40_v1,yfinance.download,1d_auto_adjust_true_close,f4814b5e19b799fcf94d3d85ad02178c4c5202043aa076f6ad2f48b696b6d3b4,018cb52025326bd3c2e995bd61ee482f129a473b9a4bff330add025f99e83008,0a7674651b35cf02ecac581398fd0d6ac5204fc0f435e3f5764533117eea8007,WATCHLIST_DECLARED_ONLY,SESSION_DATE_CUTOFF_ONLY,PROVISIONAL_REPLAYED
cycle_observations_cy03_v1,f409c312-0349-4b29-8dab-3ecdbd9463b3,github-38040088358-1,INGR,INGR,INGR,USD,UNVERIFIED,2026-10-10,2026-10-10T09:06:31.915498+00:00,2026-10-10T09:05:09.890731+00:00,2026-10-10T09:05:25.801393+00:00,2026-10-09,41.7503,VALID,COMPLETED_DAILY_BARS,YAHOO_PIT_CYCLE_V1,cycle_detrended_sma20_range40_v1,yfinance.download,1d_auto_adjust_true_close,96e20a63a1a6a05abcd3e0cbdc11fafc1dc10c2e10503168ed6db5abf004d1d2,018cb52025326bd3c2e995bd61ee482f129a473b9a4bff330add025f99e83008,0a7674651b35cf02ecac581398fd0d6ac5204fc0f435e3f5764533117eea8007,WATCHLIST_DECLARED_ONLY,SESSION_DATE_CUTOFF_ONLY,PROVISIONAL_REPLAYED
cycle_observations_cy03_v1,f409c312-0349-4b29-8dab-3ecdbd9463b3,github-38040088358-1,INOD,INOD,INOD,USD,UNVERIFIED,2026-10-10,2026-10-10T09:06:31.915498+00:00,2026-10-10T09:05:09.890731+00:00,2026-10-10T09:05:26.353624+00:00,2026-10-09,21.3332,VALID,COMPLETED_DAILY_BARS,YAHOO_PIT_CYCLE_V1,cycle_detrended_sma20_range40_v1,yfinance.download,1d_auto_adjust_true_close,df24c96c5312716759ed9e3967e222123c984c578bd22fc2340942aa8acb43ab,018cb52025326bd3c2e995bd61ee482f129a473b9a4bff330add025f99e83008,0a7674651b35cf02ecac581398fd0d6ac5204fc0f435e3f5764533117eea8007,WATCHLIST_DECLARED_ONLY,SESSION_DATE_CUTOFF_ONLY,PROVISIONAL_REPLAYED
cycle_observations_cy03_v1,f409c312-0349-4b29-8dab-3ecdbd9463b3,github-38040088358-1,IREN,IREN,IREN,USD,UNVERIFIED,2026-10-10,2026-10-10T09:06:31.915498+00:00,2026-10-10T09:05:09.890731+00:00,2026-10-10T09:05:26.287369+00:00,2026-10-09,0.0,VALID,COMPLETED_DAILY_BARS,YAHOO_PIT_CYCLE_V1,cycle_detrended_sma20_range40_v1,yfinance.download,1d_auto_adjust_true_close,ca5669c98dc753accc6b8d144ea088998a97b92a642c97512d2ba40ad5e3daba,018cb52025326bd3c2e995bd61ee482f129a473b9a4bff330add025f99e83008,0a7674651b35cf02ecac581398fd0d6ac5204fc0f435e3f5764533117eea8007,WATCHLIST_DECLARED_ONLY,SESSION_DATE_CUTOFF_ONLY,PROVISIONAL_REPLAYED
cycle_observations_cy03_v1,f409c312-0349-4b29-8dab-3ecdbd9463b3,github-38040088358-1,ISRG,ISRG,ISRG,USD,UNVERIFIED,2026-10-10,2026-10-10T09:06:31.915498+00:00,2026-10-10T09:05:09.890731+00:00,2026-10-10T09:05:25.230358+00:00,2026-10-09,83.6383,VALID,COMPLETED_DAILY_BARS,YAHOO_PIT_CYCLE_V1,cycle_detrended_sma20_range40_v1,yfinance.download,1d_auto_adjust_true_close,4f615234699f2ab11c3aae9456b7d9710b53cfe54583ed95f9a58a1122a9e7e3,018cb52025326bd3c2e995bd61ee482f129a473b9a4bff330add025f99e83008,0a7674651b35cf02ecac581398fd0d6ac5204fc0f435e3f5764533117eea8007,WATCHLIST_DECLARED_ONLY,SESSION_DATE_CUTOFF_ONLY,PROVISIONAL_REPLAYED
cycle_observations_cy03_v1,f409c312-0349-4b29-8dab-3ecdbd9463b3,github-38040088358-1,JD,JD,JD,USD,UNVERIFIED,2026-10-10,2026-10-10T09:06:31.915498+00:00,2026-10-10T09:05:09.890731+00:00,2026-10-10T09:05:25.375093+00:00,2026-10-09,100.0,VALID,COMPLETED_DAILY_BARS,YAHOO_PIT_CYCLE_V1,cycle_detrended_sma20_range40_v1,yfinance.download,1d_auto_adjust_true_close,a51bd2fb0dde2cb0a85e09be18cf9b1c3c615b2fd7adf5087c081014d3849618,018cb52025326bd3c2e995bd61ee482f129a473b9a4bff330add025f99e83008,0a7674651b35cf02ecac581398fd0d6ac5204fc0f435e3f5764533117eea8007,WATCHLIST_DECLARED_ONLY,SESSION_DATE_CUTOFF_ONLY,PROVISIONAL_REPLAYED
cycle_observations_cy03_v1,f409c312-0349-4b29-8dab-3ecdbd9463b3,github-38040088358-1,JNJ,JNJ,JNJ,USD,UNVERIFIED,2026-10-10,2026-10-10T09:06:31.915498+00:00,2026-10-10T09:05:09.890731+00:00,2026-10-10T09:05:25.905459+00:00,2026-10-09,40.5297,VALID,COMPLETED_DAILY_BARS,YAHOO_PIT_CYCLE_V1,cycle_detrended_sma20_range40_v1,yfinance.download,1d_auto_adjust_true_close,48f6e054943101582a4eee1e3c4db0bbe51fac24ad603010994d7e2f30d1ddb3,018cb52025326bd3c2e995bd61ee482f129a473b9a4bff330add025f99e83008,0a7674651b35cf02ecac581398fd0d6ac5204fc0f435e3f5764533117eea8007,WATCHLIST_DECLARED_ONLY,SESSION_DATE_CUTOFF_ONLY,PROVISIONAL_REPLAYED
cycle_observations_cy03_v1,f409c312-0349-4b29-8dab-3ecdbd9463b3,github-38040088358-1,KEP,KEP,KEP,USD,UNVERIFIED,2026-10-10,2026-10-10T09:06:31.915498+00:00,2026-10-10T09:05:09.890731+00:00,2026-10-10T09:05:25.533500+00:00,2026-10-09,43.5725,VALID,COMPLETED_DAILY_BARS,YAHOO_PIT_CYCLE_V1,cycle_detrended_sma20_range40_v1,yfinance.download,1d_auto_adjust_true_close,f772517f9121c0cf4212dc52d11150b37d20d3dd3a24da02ce81a091d7a9551f,018cb52025326bd3c2e995bd61ee482f129a473b9a4bff330add025f99e83008,0a7674651b35cf02ecac581398fd0d6ac5204fc0f435e3f5764533117eea8007,WATCHLIST_DECLARED_ONLY,SESSION_DATE_CUTOFF_ONLY,PROVISIONAL_REPLAYED
cycle_observations_cy03_v1,f409c312-0349-4b29-8dab-3ecdbd9463b3,github-38040088358-1,KLAC,KLAC,KLAC,USD,UNVERIFIED,2026-10-10,2026-10-10T09:06:31.915498+00:00,2026-10-10T09:05:09.890731+00:00,2026-10-10T09:05:25.380653+00:00,2026-10-09,63.7543,VALID,COMPLETED_DAILY_BARS,YAHOO_PIT_CYCLE_V1,cycle_detrended_sma20_range40_v1,yfinance.download,1d_auto_adjust_true_close,3f264ac4e3371accdc713c1954b74107d5ea3578ec55a4afc408a94e75f334ee,018cb52025326bd3c2e995bd61ee482f129a473b9a4bff330add025f99e83008,0a7674651b35cf02ecac581398fd0d6ac5204fc0f435e3f5764533117eea8007,WATCHLIST_DECLARED_ONLY,SESSION_DATE_CUTOFF_ONLY,PROVISIONAL_REPLAYED
cycle_observations_cy03_v1,f409c312-0349-4b29-8dab-3ecdbd9463b3,github-38040088358-1,KLAR,KLAR,KLAR,USD,UNVERIFIED,2026-10-10,2026-10-10T09:06:31.915498+00:00,2026-10-10T09:05:09.890731+00:00,2026-10-10T09:05:26.276475+00:00,2026-10-09,87.79,VALID,COMPLETED_DAILY_BARS,YAHOO_PIT_CYCLE_V1,cycle_detrended_sma20_range40_v1,yfinance.download,1d_auto_adjust_true_close,5e04515000190b0b0ff364e67722a95acaf4d37eb815107fdfea83a7809519be,018cb52025326bd3c2e995bd61ee482f129a473b9a4bff330add025f99e83008,0a7674651b35cf02ecac581398fd0d6ac5204fc0f435e3f5764533117eea8007,WATCHLIST_DECLARED_ONLY,SESSION_DATE_CUTOFF_ONLY,PROVISIONAL_REPLAYED
cycle_observations_cy03_v1,f409c312-0349-4b29-8dab-3ecdbd9463b3,github-38040088358-1,KO,KO,KO,USD,UNVERIFIED,2026-10-10,2026-10-10T09:06:31.915498+00:00,2026-10-10T09:05:09.890731+00:00,2026-10-10T09:05:25.806834+00:00,2026-10-09,44.6463,VALID,COMPLETED_DAILY_BARS,YAHOO_PIT_CYCLE_V1,cycle_detrended_sma20_range40_v1,yfinance.download,1d_auto_adjust_true_close,dfcad17f1a6c3bb65ef88f15eba25b9cf2f646c006e92064c77e2b571cbae66c,018cb52025326bd3c2e995bd61ee482f129a473b9a4bff330add025f99e83008,0a7674651b35cf02ecac581398fd0d6ac5204fc0f435e3f5764533117eea8007,WATCHLIST_DECLARED_ONLY,SESSION_DATE_CUTOFF_ONLY,PROVISIONAL_REPLAYED
cycle_observations_cy03_v1,f409c312-0349-4b29-8dab-3ecdbd9463b3,github-38040088358-1,LC0A.MU,LC0A.MU,LC0A.MU,USD,UNVERIFIED,2026-10-10,2026-10-10T09:06:31.915498+00:00,2026-10-10T09:05:09.890731+00:00,2026-10-10T09:05:25.812271+00:00,2026-10-09,49.8499,VALID,COMPLETED_DAILY_BARS,YAHOO_PIT_CYCLE_V1,cycle_detrended_sma20_range40_v1,yfinance.download,1d_auto_adjust_true_close,c9e9a4777b5f4fe6373c07bbaf21669df2d902dac1fdd73f9f91dc59ac4867c2,018cb52025326bd3c2e995bd61ee482f129a473b9a4bff330add025f99e83008,0a7674651b35cf02ecac581398fd0d6ac5204fc0f435e3f5764533117eea8007,WATCHLIST_DECLARED_ONLY,SESSION_DATE_CUTOFF_ONLY,PROVISIONAL_REPLAYED
cycle_observations_cy03_v1,f409c312-0349-4b29-8dab-3ecdbd9463b3,github-38040088358-1,LGO,LGO,LGO,USD,UNVERIFIED,2026-10-10,2026-10-10T09:06:31.915498+00:00,2026-10-10T09:05:09.890731+00:00,2026-10-10T09:05:25.694343+00:00,2026-10-09,29.6593,VALID,COMPLETED_DAILY_BARS,YAHOO_PIT_CYCLE_V1,cycle_detrended_sma20_range40_v1,yfinance.download,1d_auto_adjust_true_close,94931650d210dbd0c0a7a70eb8b1408cd0a0de7a0b14dc8ec39a7180a8cd783d,018cb52025326bd3c2e995bd61ee482f129a473b9a4bff330add025f99e83008,0a7674651b35cf02ecac581398fd0d6ac5204fc0f435e3f5764533117eea8007,WATCHLIST_DECLARED_ONLY,SESSION_DATE_CUTOFF_ONLY,PROVISIONAL_REPLAYED
cycle_observations_cy03_v1,f409c312-0349-4b29-8dab-3ecdbd9463b3,github-38040088358-1,LIN,LIN,LIN,USD,UNVERIFIED,2026-10-10,2026-10-10T09:06:31.915498+00:00,2026-10-10T09:05:09.890731+00:00,2026-10-10T09:05:26.237884+00:00,2026-10-09,78.116,VALID,COMPLETED_DAILY_BARS,YAHOO_PIT_CYCLE_V1,cycle_detrended_sma20_range40_v1,yfinance.download,1d_auto_adjust_true_close,126a6ec0ff53c07b873f61e119dfbac5d1421699f449271c96be4142ea30f297,018cb52025326bd3c2e995bd61ee482f129a473b9a4bff330add025f99e83008,0a7674651b35cf02ecac581398fd0d6ac5204fc0f435e3f5764533117eea8007,WATCHLIST_DECLARED_ONLY,SESSION_DATE_CUTOFF_ONLY,PROVISIONAL_REPLAYED
cycle_observations_cy03_v1,f409c312-0349-4b29-8dab-3ecdbd9463b3,github-38040088358-1,LRCX,LRCX,LRCX,USD,UNVERIFIED,2026-10-10,2026-10-10T09:06:31.915498+00:00,2026-10-10T09:05:09.890731+00:00,2026-10-10T09:05:25.386189+00:00,2026-10-09,55.1314,VALID,COMPLETED_DAILY_BARS,YAHOO_PIT_CYCLE_V1,cycle_detrended_sma20_range40_v1,yfinance.download,1d_auto_adjust_true_close,aaa6b4db9144248d7776c847e81983e26f2e196ac959554e9bfc6c0d887bf5dc,018cb52025326bd3c2e995bd61ee482f129a473b9a4bff330add025f99e83008,0a7674651b35cf02ecac581398fd0d6ac5204fc0f435e3f5764533117eea8007,WATCHLIST_DECLARED_ONLY,SESSION_DATE_CUTOFF_ONLY,PROVISIONAL_REPLAYED
cycle_observations_cy03_v1,f409c312-0349-4b29-8dab-3ecdbd9463b3,github-38040088358-1,LUMN,LUMN,LUMN,USD,UNVERIFIED,2026-10-10,2026-10-10T09:06:31.915498+00:00,2026-10-10T09:05:09.890731+00:00,2026-10-10T09:05:25.955577+00:00,2026-10-09,14.3261,VALID,COMPLETED_DAILY_BARS,YAHOO_PIT_CYCLE_V1,cycle_detrended_sma20_range40_v1,yfinance.download,1d_auto_adjust_true_close,5b6f7f7a5450f4df892c7c06be2470bbe0d338d00ee2a0023130525914820009,018cb52025326bd3c2e995bd61ee482f129a473b9a4bff330add025f99e83008,0a7674651b35cf02ecac581398fd0d6ac5204fc0f435e3f5764533117eea8007,WATCHLIST_DECLARED_ONLY,SESSION_DATE_CUTOFF_ONLY,PROVISIONAL_REPLAYED
cycle_observations_cy03_v1,f409c312-0349-4b29-8dab-3ecdbd9463b3,github-38040088358-1,MA,MA,MA,USD,UNVERIFIED,2026-10-10,2026-10-10T09:06:31.915498+00:00,2026-10-10T09:05:09.890731+00:00,2026-10-10T09:05:26.084987+00:00,2026-10-09,90.322,VALID,COMPLETED_DAILY_BARS,YAHOO_PIT_CYCLE_V1,cycle_detrended_sma20_range40_v1,yfinance.download,1d_auto_adjust_true_close,db8382de461dde6dbae8d60082382ce4f49f7274366e8be346a932d210435a34,018cb52025326bd3c2e995bd61ee482f129a473b9a4bff330add025f99e83008,0a7674651b35cf02ecac581398fd0d6ac5204fc0f435e3f5764533117eea8007,WATCHLIST_DECLARED_ONLY,SESSION_DATE_CUTOFF_ONLY,PROVISIONAL_REPLAYED
cycle_observations_cy03_v1,f409c312-0349-4b29-8dab-3ecdbd9463b3,github-38040088358-1,MBLY,MBLY,MBLY,USD,UNVERIFIED,2026-10-10,2026-10-10T09:06:31.915498+00:00,2026-10-10T09:05:09.890731+00:00,2026-10-10T09:05:25.967372+00:00,2026-10-09,7.3205,VALID,COMPLETED_DAILY_BARS,YAHOO_PIT_CYCLE_V1,cycle_detrended_sma20_range40_v1,yfinance.download,1d_auto_adjust_true_close,0798827f75de76d40817cd8d1417e742c39048237167c5517d63e61c2c68e8d3,018cb52025326bd3c2e995bd61ee482f129a473b9a4bff330add025f99e83008,0a7674651b35cf02ecac581398fd0d6ac5204fc0f435e3f5764533117eea8007,WATCHLIST_DECLARED_ONLY,SESSION_DATE_CUTOFF_ONLY,PROVISIONAL_REPLAYED
cycle_observations_cy03_v1,f409c312-0349-4b29-8dab-3ecdbd9463b3,github-38040088358-1,MC.PA,MC.PA,MC.PA,EUR,UNVERIFIED,2026-10-10,2026-10-10T09:06:31.915498+00:00,2026-10-10T09:05:09.890731+00:00,2026-10-10T09:05:25.841868+00:00,2026-10-09,67.6694,VALID,COMPLETED_DAILY_BARS,YAHOO_PIT_CYCLE_V1,cycle_detrended_sma20_range40_v1,yfinance.download,1d_auto_adjust_true_close,b10e44dd5538be5c9dbe14e0f8dc8f0c15f7b60c5b6d93043bf2d837f22cfebb,018cb52025326bd3c2e995bd61ee482f129a473b9a4bff330add025f99e83008,0a7674651b35cf02ecac581398fd0d6ac5204fc0f435e3f5764533117eea8007,WATCHLIST_DECLARED_ONLY,SESSION_DATE_CUTOFF_ONLY,PROVISIONAL_REPLAYED
cycle_observations_cy03_v1,f409c312-0349-4b29-8dab-3ecdbd9463b3,github-38040088358-1,MCD,MCD,MCD,USD,UNVERIFIED,2026-10-10,2026-10-10T09:06:31.915498+00:00,2026-10-10T09:05:09.890731+00:00,2026-10-10T09:05:26.319976+00:00,2026-10-09,63.3858,VALID,COMPLETED_DAILY_BARS,YAHOO_PIT_CYCLE_V1,cycle_detrended_sma20_range40_v1,yfinance.download,1d_auto_adjust_true_close,4b7d2f975b21b5ea1f03016c913bfa330893385898ed7c29917284605eb18470,018cb52025326bd3c2e995bd61ee482f129a473b9a4bff330add025f99e83008,0a7674651b35cf02ecac581398fd0d6ac5204fc0f435e3f5764533117eea8007,WATCHLIST_DECLARED_ONLY,SESSION_DATE_CUTOFF_ONLY,PROVISIONAL_REPLAYED
cycle_observations_cy03_v1,f409c312-0349-4b29-8dab-3ecdbd9463b3,github-38040088358-1,MELI,MELI,MELI,USD,UNVERIFIED,2026-10-10,2026-10-10T09:06:31.915498+00:00,2026-10-10T09:05:09.890731+00:00,2026-10-10T09:05:25.391700+00:00,2026-10-09,88.2787,VALID,COMPLETED_DAILY_BARS,YAHOO_PIT_CYCLE_V1,cycle_detrended_sma20_range40_v1,yfinance.download,1d_auto_adjust_true_close,b74d40a12bdfbc61adf8f58dcbba1ad6d31e84a5f1359935ff9ca3bee53e02ca,018cb52025326bd3c2e995bd61ee482f129a473b9a4bff330add025f99e83008,0a7674651b35cf02ecac581398fd0d6ac5204fc0f435e3f5764533117eea8007,WATCHLIST_DECLARED_ONLY,SESSION_DATE_CUTOFF_ONLY,PROVISIONAL_REPLAYED
cycle_observations_cy03_v1,f409c312-0349-4b29-8dab-3ecdbd9463b3,github-38040088358-1,META,META,META,USD,UNVERIFIED,2026-10-10,2026-10-10T09:06:31.915498+00:00,2026-10-10T09:05:09.890731+00:00,2026-10-10T09:05:25.397280+00:00,2026-10-09,24.8027,VALID,COMPLETED_DAILY_BARS,YAHOO_PIT_CYCLE_V1,cycle_detrended_sma20_range40_v1,yfinance.download,1d_auto_adjust_true_close,9f6e676cb265be793953d35b231cf5786480ac0eb0e955e89af1e0ad249a5702,018cb52025326bd3c2e995bd61ee482f129a473b9a4bff330add025f99e83008,0a7674651b35cf02ecac581398fd0d6ac5204fc0f435e3f5764533117eea8007,WATCHLIST_DECLARED_ONLY,SESSION_DATE_CUTOFF_ONLY,PROVISIONAL_REPLAYED
cycle_observations_cy03_v1,f409c312-0349-4b29-8dab-3ecdbd9463b3,github-38040088358-1,MGMA.V,MGMA.V,MGMA.V,CAD,UNVERIFIED,2026-10-10,2026-10-10T09:06:31.915498+00:00,2026-10-10T09:05:09.890731+00:00,2026-10-10T09:05:25.699855+00:00,2026-10-09,19.7248,VALID,COMPLETED_DAILY_BARS,YAHOO_PIT_CYCLE_V1,cycle_detrended_sma20_range40_v1,yfinance.download,1d_auto_adjust_true_close,857ef4f66abadc0e4350a9ebf1600a68faf2c634bc3f87b0010caf2a18f380ac,018cb52025326bd3c2e995bd61ee482f129a473b9a4bff330add025f99e83008,0a7674651b35cf02ecac581398fd0d6ac5204fc0f435e3f5764533117eea8007,WATCHLIST_DECLARED_ONLY,SESSION_DATE_CUTOFF_ONLY,PROVISIONAL_REPLAYED
cycle_observations_cy03_v1,f409c312-0349-4b29-8dab-3ecdbd9463b3,github-38040088358-1,MNSO,MNSO,MNSO,USD,UNVERIFIED,2026-10-10,2026-10-10T09:06:31.915498+00:00,2026-10-10T09:05:09.890731+00:00,2026-10-10T09:05:25.848177+00:00,2026-10-09,100.0,VALID,COMPLETED_DAILY_BARS,YAHOO_PIT_CYCLE_V1,cycle_detrended_sma20_range40_v1,yfinance.download,1d_auto_adjust_true_close,b83188dd965eb60e993dd7bbf7021c6144bed06bb9164be2f9240a018087e105,018cb52025326bd3c2e995bd61ee482f129a473b9a4bff330add025f99e83008,0a7674651b35cf02ecac581398fd0d6ac5204fc0f435e3f5764533117eea8007,WATCHLIST_DECLARED_ONLY,SESSION_DATE_CUTOFF_ONLY,PROVISIONAL_REPLAYED
cycle_observations_cy03_v1,f409c312-0349-4b29-8dab-3ecdbd9463b3,github-38040088358-1,MP,MP,MP,USD,UNVERIFIED,2026-10-10,2026-10-10T09:06:31.915498+00:00,2026-10-10T09:05:09.890731+00:00,2026-10-10T09:05:26.216399+00:00,2026-10-09,26.9909,VALID,COMPLETED_DAILY_BARS,YAHOO_PIT_CYCLE_V1,cycle_detrended_sma20_range40_v1,yfinance.download,1d_auto_adjust_true_close,523f8f448e410710a6123a9fb79979ed310a32e405e90d089c808b7b9fba0247,018cb52025326bd3c2e995bd61ee482f129a473b9a4bff330add025f99e83008,0a7674651b35cf02ecac581398fd0d6ac5204fc0f435e3f5764533117eea8007,WATCHLIST_DECLARED_ONLY,SESSION_DATE_CUTOFF_ONLY,PROVISIONAL_REPLAYED
cycle_observations_cy03_v1,f409c312-0349-4b29-8dab-3ecdbd9463b3,github-38040088358-1,MRNA,MRNA,MRNA,USD,UNVERIFIED,2026-10-10,2026-10-10T09:06:31.915498+00:00,2026-10-10T09:05:09.890731+00:00,2026-10-10T09:05:26.369809+00:00,2026-10-09,38.1066,VALID,COMPLETED_DAILY_BARS,YAHOO_PIT_CYCLE_V1,cycle_detrended_sma20_range40_v1,yfinance.download,1d_auto_adjust_true_close,5a072fbacb52d5d7731c258e2304d6d901921aaa3297ed06c031b68b1ffec6bd,018cb52025326bd3c2e995bd61ee482f129a473b9a4bff330add025f99e83008,0a7674651b35cf02ecac581398fd0d6ac5204fc0f435e3f5764533117eea8007,WATCHLIST_DECLARED_ONLY,SESSION_DATE_CUTOFF_ONLY,PROVISIONAL_REPLAYED
cycle_observations_cy03_v1,f409c312-0349-4b29-8dab-3ecdbd9463b3,github-38040088358-1,MSFT,MSFT,MSFT,USD,UNVERIFIED,2026-10-10,2026-10-10T09:06:31.915498+00:00,2026-10-10T09:05:09.890731+00:00,2026-10-10T09:05:25.402767+00:00,2026-10-09,60.5309,VALID,COMPLETED_DAILY_BARS,YAHOO_PIT_CYCLE_V1,cycle_detrended_sma20_range40_v1,yfinance.download,1d_auto_adjust_true_close,a90793542159b3b5c5fd66138612e9bd05b6acb1a4c99fb8a273f8d29a114c03,018cb52025326bd3c2e995bd61ee482f129a473b9a4bff330add025f99e83008,0a7674651b35cf02ecac581398fd0d6ac5204fc0f435e3f5764533117eea8007,WATCHLIST_DECLARED_ONLY,SESSION_DATE_CUTOFF_ONLY,PROVISIONAL_REPLAYED
cycle_observations_cy03_v1,f409c312-0349-4b29-8dab-3ecdbd9463b3,github-38040088358-1,MU,MU,MU,USD,UNVERIFIED,2026-10-10,2026-10-10T09:06:31.915498+00:00,2026-10-10T09:05:09.890731+00:00,2026-10-10T09:05:25.408240+00:00,2026-10-09,16.983,VALID,COMPLETED_DAILY_BARS,YAHOO_PIT_CYCLE_V1,cycle_detrended_sma20_range40_v1,yfinance.download,1d_auto_adjust_true_close,69be73c2d97a7a5e6717fb214d16a7dfd80993478dfcf06c948ad9c3bc89e1a0,018cb52025326bd3c2e995bd61ee482f129a473b9a4bff330add025f99e83008,0a7674651b35cf02ecac581398fd0d6ac5204fc0f435e3f5764533117eea8007,WATCHLIST_DECLARED_ONLY,SESSION_DATE_CUTOFF_ONLY,PROVISIONAL_REPLAYED
cycle_observations_cy03_v1,f409c312-0349-4b29-8dab-3ecdbd9463b3,github-38040088358-1,NBIS,NBIS,NBIS,USD,UNVERIFIED,2026-10-10,2026-10-10T09:06:31.915498+00:00,2026-10-10T09:05:09.890731+00:00,2026-10-10T09:05:26.254910+00:00,2026-10-09,14.4105,VALID,COMPLETED_DAILY_BARS,YAHOO_PIT_CYCLE_V1,cycle_detrended_sma20_range40_v1,yfinance.download,1d_auto_adjust_true_close,27ce69b62e8b96d1374cbcb3f7734b0d5ad12a57a7ebca2380171171c087b0f1,018cb52025326bd3c2e995bd61ee482f129a473b9a4bff330add025f99e83008,0a7674651b35cf02ecac581398fd0d6ac5204fc0f435e3f5764533117eea8007,WATCHLIST_DECLARED_ONLY,SESSION_DATE_CUTOFF_ONLY,PROVISIONAL_REPLAYED
cycle_observations_cy03_v1,f409c312-0349-4b29-8dab-3ecdbd9463b3,github-38040088358-1,NDA.DE,NDA.DE,NDA.DE,EUR,UNVERIFIED,2026-10-10,2026-10-10T09:06:31.915498+00:00,2026-10-10T09:05:09.890731+00:00,2026-10-10T09:05:25.771304+00:00,2026-10-09,58.8687,VALID,COMPLETED_DAILY_BARS,YAHOO_PIT_CYCLE_V1,cycle_detrended_sma20_range40_v1,yfinance.download,1d_auto_adjust_true_close,b3671dc40d589b0dbed2ec0a5b7f1c78b5e0d8276d8f5c86c73a60269467f5df,018cb52025326bd3c2e995bd61ee482f129a473b9a4bff330add025f99e83008,0a7674651b35cf02ecac581398fd0d6ac5204fc0f435e3f5764533117eea8007,WATCHLIST_DECLARED_ONLY,SESSION_DATE_CUTOFF_ONLY,PROVISIONAL_REPLAYED
cycle_observations_cy03_v1,f409c312-0349-4b29-8dab-3ecdbd9463b3,github-38040088358-1,NEE,NEE,NEE,USD,UNVERIFIED,2026-10-10,2026-10-10T09:06:31.915498+00:00,2026-10-10T09:05:09.890731+00:00,2026-10-10T09:05:25.544736+00:00,2026-10-09,90.1401,VALID,COMPLETED_DAILY_BARS,YAHOO_PIT_CYCLE_V1,cycle_detrended_sma20_range40_v1,yfinance.download,1d_auto_adjust_true_close,2268c2d1019121472a9f1d9eef4bf1b17821c15daec3f0ca5f09b1fa827596c7,018cb52025326bd3c2e995bd61ee482f129a473b9a4bff330add025f99e83008,0a7674651b35cf02ecac581398fd0d6ac5204fc0f435e3f5764533117eea8007,WATCHLIST_DECLARED_ONLY,SESSION_DATE_CUTOFF_ONLY,PROVISIONAL_REPLAYED
cycle_observations_cy03_v1,f409c312-0349-4b29-8dab-3ecdbd9463b3,github-38040088358-1,NEM.AX,NEM.AX,NEM.AX,AUD,UNVERIFIED,2026-10-10,2026-10-10T09:06:31.915498+00:00,2026-10-10T09:05:09.890731+00:00,2026-10-10T09:05:25.706254+00:00,2026-10-09,14.5515,VALID,COMPLETED_DAILY_BARS,YAHOO_PIT_CYCLE_V1,cycle_detrended_sma20_range40_v1,yfinance.download,1d_auto_adjust_true_close,fac2aae6d754cc02ea8407973073ce43945bb981afb2946aedff531a32488cde,018cb52025326bd3c2e995bd61ee482f129a473b9a4bff330add025f99e83008,0a7674651b35cf02ecac581398fd0d6ac5204fc0f435e3f5764533117eea8007,WATCHLIST_DECLARED_ONLY,SESSION_DATE_CUTOFF_ONLY,PROVISIONAL_REPLAYED
cycle_observations_cy03_v1,f409c312-0349-4b29-8dab-3ecdbd9463b3,github-38040088358-1,NESN.SW,NESN.SW,NESN.SW,CHF,UNVERIFIED,2026-10-10,2026-10-10T09:06:31.915498+00:00,2026-10-10T09:05:09.890731+00:00,2026-10-10T09:05:25.818527+00:00,2026-10-09,58.7695,VALID,COMPLETED_DAILY_BARS,YAHOO_PIT_CYCLE_V1,cycle_detrended_sma20_range40_v1,yfinance.download,1d_auto_adjust_true_close,33ec3a2be92da7ac98622db2d5a5e38c1081edfd3a3196e10a4a963f11677557,018cb52025326bd3c2e995bd61ee482f129a473b9a4bff330add025f99e83008,0a7674651b35cf02ecac581398fd0d6ac5204fc0f435e3f5764533117eea8007,WATCHLIST_DECLARED_ONLY,SESSION_DATE_CUTOFF_ONLY,PROVISIONAL_REPLAYED
cycle_observations_cy03_v1,f409c312-0349-4b29-8dab-3ecdbd9463b3,github-38040088358-1,NFLX,NFLX,NFLX,USD,UNVERIFIED,2026-10-10,2026-10-10T09:06:31.915498+00:00,2026-10-10T09:05:09.890731+00:00,2026-10-10T09:05:25.990018+00:00,2026-10-09,43.9864,VALID,COMPLETED_DAILY_BARS,YAHOO_PIT_CYCLE_V1,cycle_detrended_sma20_range40_v1,yfinance.download,1d_auto_adjust_true_close,f8b3db99eee6ea72581bd9f60937d14edf4711a37f0c47ad7e2edb7cc1c79d14,018cb52025326bd3c2e995bd61ee482f129a473b9a4bff330add025f99e83008,0a7674651b35cf02ecac581398fd0d6ac5204fc0f435e3f5764533117eea8007,WATCHLIST_DECLARED_ONLY,SESSION_DATE_CUTOFF_ONLY,PROVISIONAL_REPLAYED
cycle_observations_cy03_v1,f409c312-0349-4b29-8dab-3ecdbd9463b3,github-38040088358-1,NIO,NIO,NIO,USD,UNVERIFIED,2026-10-10,2026-10-10T09:06:31.915498+00:00,2026-10-10T09:05:09.890731+00:00,2026-10-10T09:05:26.399683+00:00,2026-10-09,100.0,VALID,COMPLETED_DAILY_BARS,YAHOO_PIT_CYCLE_V1,cycle_detrended_sma20_range40_v1,yfinance.download,1d_auto_adjust_true_close,c627da76ec331e92b0a3de3137d56e335e18db7f3282901a7b8acb578415ebc2,018cb52025326bd3c2e995bd61ee482f129a473b9a4bff330add025f99e83008,0a7674651b35cf02ecac581398fd0d6ac5204fc0f435e3f5764533117eea8007,WATCHLIST_DECLARED_ONLY,SESSION_DATE_CUTOFF_ONLY,PROVISIONAL_REPLAYED
cycle_observations_cy03_v1,f409c312-0349-4b29-8dab-3ecdbd9463b3,github-38040088358-1,NKE,NKE,NKE,USD,UNVERIFIED,2026-10-10,2026-10-10T09:06:31.915498+00:00,2026-10-10T09:05:09.890731+00:00,2026-10-10T09:05:25.853626+00:00,2026-10-09,87.5475,VALID,COMPLETED_DAILY_BARS,YAHOO_PIT_CYCLE_V1,cycle_detrended_sma20_range40_v1,yfinance.download,1d_auto_adjust_true_close,eac19fd6ac697e78c575501908a272aefa249ee8f99a077647e380fff3a9fcf8,018cb52025326bd3c2e995bd61ee482f129a473b9a4bff330add025f99e83008,0a7674651b35cf02ecac581398fd0d6ac5204fc0f435e3f5764533117eea8007,WATCHLIST_DECLARED_ONLY,SESSION_DATE_CUTOFF_ONLY,PROVISIONAL_REPLAYED
cycle_observations_cy03_v1,f409c312-0349-4b29-8dab-3ecdbd9463b3,github-38040088358-1,NOVO-B.CO,NOVO-B.CO,NOVO-B.CO,DKK,UNVERIFIED,2026-10-10,2026-10-10T09:06:31.915498+00:00,2026-10-10T09:05:09.890731+00:00,2026-10-10T09:05:25.910863+00:00,2026-10-09,74.4511,VALID,COMPLETED_DAILY_BARS,YAHOO_PIT_CYCLE_V1,cycle_detrended_sma20_range40_v1,yfinance.download,1d_auto_adjust_true_close,5cc49f5e47b8ef5f68fd46d57ed5522a2bfda9d6ef372134d6a83032652a5612,018cb52025326bd3c2e995bd61ee482f129a473b9a4bff330add025f99e83008,0a7674651b35cf02ecac581398fd0d6ac5204fc0f435e3f5764533117eea8007,WATCHLIST_DECLARED_ONLY,SESSION_DATE_CUTOFF_ONLY,PROVISIONAL_REPLAYED
cycle_observations_cy03_v1,f409c312-0349-4b29-8dab-3ecdbd9463b3,github-38040088358-1,NOW,NOW,NOW,USD,UNVERIFIED,2026-10-10,2026-10-10T09:06:31.915498+00:00,2026-10-10T09:05:09.890731+00:00,2026-10-10T09:05:26.194815+00:00,2026-10-09,38.3352,VALID,COMPLETED_DAILY_BARS,YAHOO_PIT_CYCLE_V1,cycle_detrended_sma20_range40_v1,yfinance.download,1d_auto_adjust_true_close,e7a80e077b375442e6731aa0b832903b92ca0c3c7cdaf1ba7502e9f35dee1277,018cb52025326bd3c2e995bd61ee482f129a473b9a4bff330add025f99e83008,0a7674651b35cf02ecac581398fd0d6ac5204fc0f435e3f5764533117eea8007,WATCHLIST_DECLARED_ONLY,SESSION_DATE_CUTOFF_ONLY,PROVISIONAL_REPLAYED
cycle_observations_cy03_v1,f409c312-0349-4b29-8dab-3ecdbd9463b3,github-38040088358-1,NPN.JO,NPN.JO,NPN.JO,ZAc,UNVERIFIED,2026-10-10,2026-10-10T09:06:31.915498+00:00,2026-10-10T09:05:09.890731+00:00,2026-10-10T09:05:26.248728+00:00,2026-10-09,100.0,VALID,COMPLETED_DAILY_BARS,YAHOO_PIT_CYCLE_V1,cycle_detrended_sma20_range40_v1,yfinance.download,1d_auto_adjust_true_close,ba6549845af9979fc2f0c3f4527862345686b67569684b69a12535c977308944,018cb52025326bd3c2e995bd61ee482f129a473b9a4bff330add025f99e83008,0a7674651b35cf02ecac581398fd0d6ac5204fc0f435e3f5764533117eea8007,WATCHLIST_DECLARED_ONLY,SESSION_DATE_CUTOFF_ONLY,PROVISIONAL_REPLAYED
cycle_observations_cy03_v1,f409c312-0349-4b29-8dab-3ecdbd9463b3,github-38040088358-1,NRDS,NRDS,NRDS,USD,UNVERIFIED,2026-10-10,2026-10-10T09:06:31.915498+00:00,2026-10-10T09:05:09.890731+00:00,2026-10-10T09:05:26.090480+00:00,2026-10-09,97.0605,VALID,COMPLETED_DAILY_BARS,YAHOO_PIT_CYCLE_V1,cycle_detrended_sma20_range40_v1,yfinance.download,1d_auto_adjust_true_close,1308c46648b2495a1267f77e80dbf51df0a5e95e9902eba28e0ca962bafae802,018cb52025326bd3c2e995bd61ee482f129a473b9a4bff330add025f99e83008,0a7674651b35cf02ecac581398fd0d6ac5204fc0f435e3f5764533117eea8007,WATCHLIST_DECLARED_ONLY,SESSION_DATE_CUTOFF_ONLY,PROVISIONAL_REPLAYED
cycle_observations_cy03_v1,f409c312-0349-4b29-8dab-3ecdbd9463b3,github-38040088358-1,NVDA,NVDA,NVDA,USD,UNVERIFIED,2026-10-10,2026-10-10T09:06:31.915498+00:00,2026-10-10T09:05:09.890731+00:00,2026-10-10T09:05:25.413643+00:00,2026-10-09,47.0191,VALID,COMPLETED_DAILY_BARS,YAHOO_PIT_CYCLE_V1,cycle_detrended_sma20_range40_v1,yfinance.download,1d_auto_adjust_true_close,08a6beb5f8970dbdbbad3a4ab7c078f3824ff220b17d1a0d9ce9d2651a91d90b,018cb52025326bd3c2e995bd61ee482f129a473b9a4bff330add025f99e83008,0a7674651b35cf02ecac581398fd0d6ac5204fc0f435e3f5764533117eea8007,WATCHLIST_DECLARED_ONLY,SESSION_DATE_CUTOFF_ONLY,PROVISIONAL_REPLAYED
cycle_observations_cy03_v1,f409c312-0349-4b29-8dab-3ecdbd9463b3,github-38040088358-1,NXP,NXP,NXP,USD,UNVERIFIED,2026-10-10,2026-10-10T09:06:31.915498+00:00,2026-10-10T09:05:09.890731+00:00,2026-10-10T09:05:25.419181+00:00,2026-10-09,70.9249,VALID,COMPLETED_DAILY_BARS,YAHOO_PIT_CYCLE_V1,cycle_detrended_sma20_range40_v1,yfinance.download,1d_auto_adjust_true_close,e5b4f52635f4131d2ce5d24d29b446df1f6830fae2e14953c3f3a9003ee3eabd,018cb52025326bd3c2e995bd61ee482f129a473b9a4bff330add025f99e83008,0a7674651b35cf02ecac581398fd0d6ac5204fc0f435e3f5764533117eea8007,WATCHLIST_DECLARED_ONLY,SESSION_DATE_CUTOFF_ONLY,PROVISIONAL_REPLAYED
cycle_observations_cy03_v1,f409c312-0349-4b29-8dab-3ecdbd9463b3,github-38040088358-1,OCGN,OCGN,OCGN,USD,UNVERIFIED,2026-10-10,2026-10-10T09:06:31.915498+00:00,2026-10-10T09:05:09.890731+00:00,2026-10-10T09:05:26.342718+00:00,2026-10-09,49.7436,VALID,COMPLETED_DAILY_BARS,YAHOO_PIT_CYCLE_V1,cycle_detrended_sma20_range40_v1,yfinance.download,1d_auto_adjust_true_close,29bb176a21a3464c2804084c1a0baeea92a69364e8381d9ea6ff26b83a0dd465,018cb52025326bd3c2e995bd61ee482f129a473b9a4bff330add025f99e83008,0a7674651b35cf02ecac581398fd0d6ac5204fc0f435e3f5764533117eea8007,WATCHLIST_DECLARED_ONLY,SESSION_DATE_CUTOFF_ONLY,PROVISIONAL_REPLAYED
cycle_observations_cy03_v1,f409c312-0349-4b29-8dab-3ecdbd9463b3,github-38040088358-1,OGN,OGN,OGN,USD,UNVERIFIED,2026-10-10,2026-10-10T09:06:31.915498+00:00,2026-10-10T09:05:09.890731+00:00,2026-10-10T09:05:25.917045+00:00,2026-10-09,74.5465,VALID,COMPLETED_DAILY_BARS,YAHOO_PIT_CYCLE_V1,cycle_detrended_sma20_range40_v1,yfinance.download,1d_auto_adjust_true_close,0100e69d8b129a46af14e802b1af5f17054b7fb1bc5ae77cad9bc89b50cfd476,018cb52025326bd3c2e995bd61ee482f129a473b9a4bff330add025f99e83008,0a7674651b35cf02ecac581398fd0d6ac5204fc0f435e3f5764533117eea8007,WATCHLIST_DECLARED_ONLY,SESSION_DATE_CUTOFF_ONLY,PROVISIONAL_REPLAYED
cycle_observations_cy03_v1,f409c312-0349-4b29-8dab-3ecdbd9463b3,github-38040088358-1,ON,ON,ON,USD,UNVERIFIED,2026-10-10,2026-10-10T09:06:31.915498+00:00,2026-10-10T09:05:09.890731+00:00,2026-10-10T09:05:25.424619+00:00,2026-10-09,47.0112,VALID,COMPLETED_DAILY_BARS,YAHOO_PIT_CYCLE_V1,cycle_detrended_sma20_range40_v1,yfinance.download,1d_auto_adjust_true_close,0f0829357236ea74ed5925b410af35d898e9ea50f1cf68eea4faa8af6c7d74e0,018cb52025326bd3c2e995bd61ee482f129a473b9a4bff330add025f99e83008,0a7674651b35cf02ecac581398fd0d6ac5204fc0f435e3f5764533117eea8007,WATCHLIST_DECLARED_ONLY,SESSION_DATE_CUTOFF_ONLY,PROVISIONAL_REPLAYED
cycle_observations_cy03_v1,f409c312-0349-4b29-8dab-3ecdbd9463b3,github-38040088358-1,ORCL,ORCL,ORCL,USD,UNVERIFIED,2026-10-10,2026-10-10T09:06:31.915498+00:00,2026-10-10T09:05:09.890731+00:00,2026-10-10T09:05:25.435680+00:00,2026-10-09,49.0502,VALID,COMPLETED_DAILY_BARS,YAHOO_PIT_CYCLE_V1,cycle_detrended_sma20_range40_v1,yfinance.download,1d_auto_adjust_true_close,d0fe845408c97e505f2dd77d8ad070c09bb7f6a5e584eb68c4179d2e2897e6e0,018cb52025326bd3c2e995bd61ee482f129a473b9a4bff330add025f99e83008,0a7674651b35cf02ecac581398fd0d6ac5204fc0f435e3f5764533117eea8007,WATCHLIST_DECLARED_ONLY,SESSION_DATE_CUTOFF_ONLY,PROVISIONAL_REPLAYED
cycle_observations_cy03_v1,f409c312-0349-4b29-8dab-3ecdbd9463b3,github-38040088358-1,OXY,OXY,OXY,USD,UNVERIFIED,2026-10-10,2026-10-10T09:06:31.915498+00:00,2026-10-10T09:05:09.890731+00:00,2026-10-10T09:05:25.550318+00:00,2026-10-09,71.1326,VALID,COMPLETED_DAILY_BARS,YAHOO_PIT_CYCLE_V1,cycle_detrended_sma20_range40_v1,yfinance.download,1d_auto_adjust_true_close,63efea1f19540f9b3e9ac505cdbba1fa96d54e3093bc4218ca27e1a006724614,018cb52025326bd3c2e995bd61ee482f129a473b9a4bff330add025f99e83008,0a7674651b35cf02ecac581398fd0d6ac5204fc0f435e3f5764533117eea8007,WATCHLIST_DECLARED_ONLY,SESSION_DATE_CUTOFF_ONLY,PROVISIONAL_REPLAYED
cycle_observations_cy03_v1,f409c312-0349-4b29-8dab-3ecdbd9463b3,github-38040088358-1,PAAS.TO,PAAS.TO,PAAS.TO,CAD,UNVERIFIED,2026-10-10,2026-10-10T09:06:31.915498+00:00,2026-10-10T09:05:09.890731+00:00,2026-10-10T09:05:25.712454+00:00,2026-10-09,35.8073,VALID,COMPLETED_DAILY_BARS,YAHOO_PIT_CYCLE_V1,cycle_detrended_sma20_range40_v1,yfinance.download,1d_auto_adjust_true_close,dd1af2338e2c3b8e4f3756a3983a247adc0cb4e499adc220a52a744b900ffde4,018cb52025326bd3c2e995bd61ee482f129a473b9a4bff330add025f99e83008,0a7674651b35cf02ecac581398fd0d6ac5204fc0f435e3f5764533117eea8007,WATCHLIST_DECLARED_ONLY,SESSION_DATE_CUTOFF_ONLY,PROVISIONAL_REPLAYED
cycle_observations_cy03_v1,f409c312-0349-4b29-8dab-3ecdbd9463b3,github-38040088358-1,PATH,PATH,PATH,USD,UNVERIFIED,2026-10-10,2026-10-10T09:06:31.915498+00:00,2026-10-10T09:05:09.890731+00:00,2026-10-10T09:05:26.292726+00:00,2026-10-09,55.289,VALID,COMPLETED_DAILY_BARS,YAHOO_PIT_CYCLE_V1,cycle_detrended_sma20_range40_v1,yfinance.download,1d_auto_adjust_true_close,d9a06db01b07313fc43d402dea50ab02fdef9d19ac4d1f03c3646a7ec9fe9afd,018cb52025326bd3c2e995bd61ee482f129a473b9a4bff330add025f99e83008,0a7674651b35cf02ecac581398fd0d6ac5204fc0f435e3f5764533117eea8007,WATCHLIST_DECLARED_ONLY,SESSION_DATE_CUTOFF_ONLY,PROVISIONAL_REPLAYED
cycle_observations_cy03_v1,f409c312-0349-4b29-8dab-3ecdbd9463b3,github-38040088358-1,PEP,PEP,PEP,USD,UNVERIFIED,2026-10-10,2026-10-10T09:06:31.915498+00:00,2026-10-10T09:05:09.890731+00:00,2026-10-10T09:05:25.824718+00:00,2026-10-09,39.7325,VALID,COMPLETED_DAILY_BARS,YAHOO_PIT_CYCLE_V1,cycle_detrended_sma20_range40_v1,yfinance.download,1d_auto_adjust_true_close,47767bdd8f89f39b43ad24ebf826e90d6b70142558a14b42604ce99d400dbab0,018cb52025326bd3c2e995bd61ee482f129a473b9a4bff330add025f99e83008,0a7674651b35cf02ecac581398fd0d6ac5204fc0f435e3f5764533117eea8007,WATCHLIST_DECLARED_ONLY,SESSION_DATE_CUTOFF_ONLY,PROVISIONAL_REPLAYED
cycle_observations_cy03_v1,f409c312-0349-4b29-8dab-3ecdbd9463b3,github-38040088358-1,PFE,PFE,PFE,USD,UNVERIFIED,2026-10-10,2026-10-10T09:06:31.915498+00:00,2026-10-10T09:05:09.890731+00:00,2026-10-10T09:05:25.922470+00:00,2026-10-09,31.6504,VALID,COMPLETED_DAILY_BARS,YAHOO_PIT_CYCLE_V1,cycle_detrended_sma20_range40_v1,yfinance.download,1d_auto_adjust_true_close,422e56e5a35aef0fdce433165545e6824250aee1e513b367faa889396374070f,018cb52025326bd3c2e995bd61ee482f129a473b9a4bff330add025f99e83008,0a7674651b35cf02ecac581398fd0d6ac5204fc0f435e3f5764533117eea8007,WATCHLIST_DECLARED_ONLY,SESSION_DATE_CUTOFF_ONLY,PROVISIONAL_REPLAYED
cycle_observations_cy03_v1,f409c312-0349-4b29-8dab-3ecdbd9463b3,github-38040088358-1,PG,PG,PG,USD,UNVERIFIED,2026-10-10,2026-10-10T09:06:31.915498+00:00,2026-10-10T09:05:09.890731+00:00,2026-10-10T09:05:25.830291+00:00,2026-10-09,100.0,VALID,COMPLETED_DAILY_BARS,YAHOO_PIT_CYCLE_V1,cycle_detrended_sma20_range40_v1,yfinance.download,1d_auto_adjust_true_close,05e986790dac45077fdc0faf790077540bc9d7284daead98fc6aedf7f97c42d8,018cb52025326bd3c2e995bd61ee482f129a473b9a4bff330add025f99e83008,0a7674651b35cf02ecac581398fd0d6ac5204fc0f435e3f5764533117eea8007,WATCHLIST_DECLARED_ONLY,SESSION_DATE_CUTOFF_ONLY,PROVISIONAL_REPLAYED
cycle_observations_cy03_v1,f409c312-0349-4b29-8dab-3ecdbd9463b3,github-38040088358-1,PGY,PGY,PGY,USD,UNVERIFIED,2026-10-10,2026-10-10T09:06:31.915498+00:00,2026-10-10T09:05:09.890731+00:00,2026-10-10T09:05:26.095940+00:00,2026-10-09,48.2831,VALID,COMPLETED_DAILY_BARS,YAHOO_PIT_CYCLE_V1,cycle_detrended_sma20_range40_v1,yfinance.download,1d_auto_adjust_true_close,ca8a930457bcaf5d7efd24e7d8fa004617b4852de050114bc7d33118e1a7afa6,018cb52025326bd3c2e995bd61ee482f129a473b9a4bff330add025f99e83008,0a7674651b35cf02ecac581398fd0d6ac5204fc0f435e3f5764533117eea8007,WATCHLIST_DECLARED_ONLY,SESSION_DATE_CUTOFF_ONLY,PROVISIONAL_REPLAYED
cycle_observations_cy03_v1,f409c312-0349-4b29-8dab-3ecdbd9463b3,github-38040088358-1,PKX,PKX,PKX,USD,UNVERIFIED,2026-10-10,2026-10-10T09:06:31.915498+00:00,2026-10-10T09:05:09.890731+00:00,2026-10-10T09:05:25.718695+00:00,2026-10-09,45.4436,VALID,COMPLETED_DAILY_BARS,YAHOO_PIT_CYCLE_V1,cycle_detrended_sma20_range40_v1,yfinance.download,1d_auto_adjust_true_close,a38a232c242f303c6881f8567a439febe4dbf11850b1b4e91b8b7e530b7713fc,018cb52025326bd3c2e995bd61ee482f129a473b9a4bff330add025f99e83008,0a7674651b35cf02ecac581398fd0d6ac5204fc0f435e3f5764533117eea8007,WATCHLIST_DECLARED_ONLY,SESSION_DATE_CUTOFF_ONLY,PROVISIONAL_REPLAYED
cycle_observations_cy03_v1,f409c312-0349-4b29-8dab-3ecdbd9463b3,github-38040088358-1,PL,PL,PL,USD,UNVERIFIED,2026-10-10,2026-10-10T09:06:31.915498+00:00,2026-10-10T09:05:09.890731+00:00,2026-10-10T09:05:26.006220+00:00,2026-10-09,67.7488,VALID,COMPLETED_DAILY_BARS,YAHOO_PIT_CYCLE_V1,cycle_detrended_sma20_range40_v1,yfinance.download,1d_auto_adjust_true_close,f91e6e028477ca858c1e72583fd771130011db142328f072e99e4ba353882ecd,018cb52025326bd3c2e995bd61ee482f129a473b9a4bff330add025f99e83008,0a7674651b35cf02ecac581398fd0d6ac5204fc0f435e3f5764533117eea8007,WATCHLIST_DECLARED_ONLY,SESSION_DATE_CUTOFF_ONLY,PROVISIONAL_REPLAYED
cycle_observations_cy03_v1,f409c312-0349-4b29-8dab-3ecdbd9463b3,github-38040088358-1,PLTR,PLTR,PLTR,USD,UNVERIFIED,2026-10-10,2026-10-10T09:06:31.915498+00:00,2026-10-10T09:05:09.890731+00:00,2026-10-10T09:05:25.441108+00:00,2026-10-09,83.3656,VALID,COMPLETED_DAILY_BARS,YAHOO_PIT_CYCLE_V1,cycle_detrended_sma20_range40_v1,yfinance.download,1d_auto_adjust_true_close,080cd1cbfc5885e0944cc122d324721816615a6900dd6184d8d6ce53367a1400,018cb52025326bd3c2e995bd61ee482f129a473b9a4bff330add025f99e83008,0a7674651b35cf02ecac581398fd0d6ac5204fc0f435e3f5764533117eea8007,WATCHLIST_DECLARED_ONLY,SESSION_DATE_CUTOFF_ONLY,PROVISIONAL_REPLAYED
cycle_observations_cy03_v1,f409c312-0349-4b29-8dab-3ecdbd9463b3,github-38040088358-1,PM,PM,PM,USD,UNVERIFIED,2026-10-10,2026-10-10T09:06:31.915498+00:00,2026-10-10T09:05:09.890731+00:00,2026-10-10T09:05:25.836320+00:00,2026-10-09,100.0,VALID,COMPLETED_DAILY_BARS,YAHOO_PIT_CYCLE_V1,cycle_detrended_sma20_range40_v1,yfinance.download,1d_auto_adjust_true_close,2565ecc5c60abc6ec5789e8884f06790a7d19411eced7392514ab0d54f97011c,018cb52025326bd3c2e995bd61ee482f129a473b9a4bff330add025f99e83008,0a7674651b35cf02ecac581398fd0d6ac5204fc0f435e3f5764533117eea8007,WATCHLIST_DECLARED_ONLY,SESSION_DATE_CUTOFF_ONLY,PROVISIONAL_REPLAYED
cycle_observations_cy03_v1,f409c312-0349-4b29-8dab-3ecdbd9463b3,github-38040088358-1,PPTA,PPTA,PPTA,USD,UNVERIFIED,2026-10-10,2026-10-10T09:06:31.915498+00:00,2026-10-10T09:05:09.890731+00:00,2026-10-10T09:05:25.729528+00:00,2026-10-09,17.8348,VALID,COMPLETED_DAILY_BARS,YAHOO_PIT_CYCLE_V1,cycle_detrended_sma20_range40_v1,yfinance.download,1d_auto_adjust_true_close,5f9de1d1124842ab2b56360db05c79979768b71a5a4d69dbde19ad0b80480c8a,018cb52025326bd3c2e995bd61ee482f129a473b9a4bff330add025f99e83008,0a7674651b35cf02ecac581398fd0d6ac5204fc0f435e3f5764533117eea8007,WATCHLIST_DECLARED_ONLY,SESSION_DATE_CUTOFF_ONLY,PROVISIONAL_REPLAYED
cycle_observations_cy03_v1,f409c312-0349-4b29-8dab-3ecdbd9463b3,github-38040088358-1,PYPL,PYPL,PYPL,USD,UNVERIFIED,2026-10-10,2026-10-10T09:06:31.915498+00:00,2026-10-10T09:05:09.890731+00:00,2026-10-10T09:05:26.101351+00:00,2026-10-09,83.8496,VALID,COMPLETED_DAILY_BARS,YAHOO_PIT_CYCLE_V1,cycle_detrended_sma20_range40_v1,yfinance.download,1d_auto_adjust_true_close,68a80226bb0278e05a6c9891f8befe75c4003624a916f66c83c5a5481d35faf7,018cb52025326bd3c2e995bd61ee482f129a473b9a4bff330add025f99e83008,0a7674651b35cf02ecac581398fd0d6ac5204fc0f435e3f5764533117eea8007,WATCHLIST_DECLARED_ONLY,SESSION_DATE_CUTOFF_ONLY,PROVISIONAL_REPLAYED
cycle_observations_cy03_v1,f409c312-0349-4b29-8dab-3ecdbd9463b3,github-38040088358-1,QBTS,QBTS,QBTS,USD,UNVERIFIED,2026-10-10,2026-10-10T09:06:31.915498+00:00,2026-10-10T09:05:09.890731+00:00,2026-10-10T09:05:26.140054+00:00,2026-10-09,19.3998,VALID,COMPLETED_DAILY_BARS,YAHOO_PIT_CYCLE_V1,cycle_detrended_sma20_range40_v1,yfinance.download,1d_auto_adjust_true_close,2c63587ca5a243c584b911a0fa5b4014fcea3752493d51eba7b486d7292aa7d3,018cb52025326bd3c2e995bd61ee482f129a473b9a4bff330add025f99e83008,0a7674651b35cf02ecac581398fd0d6ac5204fc0f435e3f5764533117eea8007,WATCHLIST_DECLARED_ONLY,SESSION_DATE_CUTOFF_ONLY,PROVISIONAL_REPLAYED
cycle_observations_cy03_v1,f409c312-0349-4b29-8dab-3ecdbd9463b3,github-38040088358-1,QS,QS,QS,USD,UNVERIFIED,2026-10-10,2026-10-10T09:06:31.915498+00:00,2026-10-10T09:05:09.890731+00:00,2026-10-10T09:05:26.145476+00:00,2026-10-09,33.4194,VALID,COMPLETED_DAILY_BARS,YAHOO_PIT_CYCLE_V1,cycle_detrended_sma20_range40_v1,yfinance.download,1d_auto_adjust_true_close,04c69c2cd30b37b326caa73228fef7d350e238f8cabede3ca50bd9904e22319a,018cb52025326bd3c2e995bd61ee482f129a473b9a4bff330add025f99e83008,0a7674651b35cf02ecac581398fd0d6ac5204fc0f435e3f5764533117eea8007,WATCHLIST_DECLARED_ONLY,SESSION_DATE_CUTOFF_ONLY,PROVISIONAL_REPLAYED
cycle_observations_cy03_v1,f409c312-0349-4b29-8dab-3ecdbd9463b3,github-38040088358-1,RACE,RACE,RACE,USD,UNVERIFIED,2026-10-10,2026-10-10T09:06:31.915498+00:00,2026-10-10T09:05:09.890731+00:00,2026-10-10T09:05:25.859013+00:00,2026-10-09,20.7478,VALID,COMPLETED_DAILY_BARS,YAHOO_PIT_CYCLE_V1,cycle_detrended_sma20_range40_v1,yfinance.download,1d_auto_adjust_true_close,6a02cbaf628f29e96625bc65525d8e5266a4df542be5fc17f4439224efce1a8d,018cb52025326bd3c2e995bd61ee482f129a473b9a4bff330add025f99e83008,0a7674651b35cf02ecac581398fd0d6ac5204fc0f435e3f5764533117eea8007,WATCHLIST_DECLARED_ONLY,SESSION_DATE_CUTOFF_ONLY,PROVISIONAL_REPLAYED
cycle_observations_cy03_v1,f409c312-0349-4b29-8dab-3ecdbd9463b3,github-38040088358-1,RCAT,RCAT,RCAT,USD,UNVERIFIED,2026-10-10,2026-10-10T09:06:31.915498+00:00,2026-10-10T09:05:09.890731+00:00,2026-10-10T09:05:26.011592+00:00,2026-10-09,16.1965,VALID,COMPLETED_DAILY_BARS,YAHOO_PIT_CYCLE_V1,cycle_detrended_sma20_range40_v1,yfinance.download,1d_auto_adjust_true_close,c323d95a13b7c2372bb13a7904fcc7f9531a74b2a506e78d1d791396a46e1757,018cb52025326bd3c2e995bd61ee482f129a473b9a4bff330add025f99e83008,0a7674651b35cf02ecac581398fd0d6ac5204fc0f435e3f5764533117eea8007,WATCHLIST_DECLARED_ONLY,SESSION_DATE_CUTOFF_ONLY,PROVISIONAL_REPLAYED
cycle_observations_cy03_v1,f409c312-0349-4b29-8dab-3ecdbd9463b3,github-38040088358-1,RGTI,RGTI,RGTI,USD,UNVERIFIED,2026-10-10,2026-10-10T09:06:31.915498+00:00,2026-10-10T09:05:09.890731+00:00,2026-10-10T09:05:26.156256+00:00,2026-10-09,13.4751,VALID,COMPLETED_DAILY_BARS,YAHOO_PIT_CYCLE_V1,cycle_detrended_sma20_range40_v1,yfinance.download,1d_auto_adjust_true_close,181c319db6fcfeb7be650558244a5b3434a9093329cd3aa5742a8a5ec8a86796,018cb52025326bd3c2e995bd61ee482f129a473b9a4bff330add025f99e83008,0a7674651b35cf02ecac581398fd0d6ac5204fc0f435e3f5764533117eea8007,WATCHLIST_DECLARED_ONLY,SESSION_DATE_CUTOFF_ONLY,PROVISIONAL_REPLAYED
cycle_observations_cy03_v1,f409c312-0349-4b29-8dab-3ecdbd9463b3,github-38040088358-1,RHM.DE,RHM.DE,RHM.DE,EUR,UNVERIFIED,2026-10-10,2026-10-10T09:06:31.915498+00:00,2026-10-10T09:05:09.890731+00:00,2026-10-10T09:05:26.017043+00:00,2026-10-09,37.105,VALID,COMPLETED_DAILY_BARS,YAHOO_PIT_CYCLE_V1,cycle_detrended_sma20_range40_v1,yfinance.download,1d_auto_adjust_true_close,27a986f26763ed888cb3f17e210f4e97fac1d79b7d764abdd1f316aa425fa97f,018cb52025326bd3c2e995bd61ee482f129a473b9a4bff330add025f99e83008,0a7674651b35cf02ecac581398fd0d6ac5204fc0f435e3f5764533117eea8007,WATCHLIST_DECLARED_ONLY,SESSION_DATE_CUTOFF_ONLY,PROVISIONAL_REPLAYED
cycle_observations_cy03_v1,f409c312-0349-4b29-8dab-3ecdbd9463b3,github-38040088358-1,RI.PA,RI.PA,RI.PA,EUR,UNVERIFIED,2026-10-10,2026-10-10T09:06:31.915498+00:00,2026-10-10T09:05:09.890731+00:00,2026-10-10T09:05:25.864414+00:00,2026-10-09,100.0,VALID,COMPLETED_DAILY_BARS,YAHOO_PIT_CYCLE_V1,cycle_detrended_sma20_range40_v1,yfinance.download,1d_auto_adjust_true_close,a9b218f1d369c955f49aca33db513fb544500030eecb4da18f90d3deccf58b2f,018cb52025326bd3c2e995bd61ee482f129a473b9a4bff330add025f99e83008,0a7674651b35cf02ecac581398fd0d6ac5204fc0f435e3f5764533117eea8007,WATCHLIST_DECLARED_ONLY,SESSION_DATE_CUTOFF_ONLY,PROVISIONAL_REPLAYED
cycle_observations_cy03_v1,f409c312-0349-4b29-8dab-3ecdbd9463b3,github-38040088358-1,RIGD.IL,RIGD.IL,RIGD.IL,USD,UNVERIFIED,2026-10-10,2026-10-10T09:06:31.915498+00:00,2026-10-10T09:05:09.890731+00:00,2026-10-10T09:05:26.161638+00:00,2026-10-09,24.3825,VALID,COMPLETED_DAILY_BARS,YAHOO_PIT_CYCLE_V1,cycle_detrended_sma20_range40_v1,yfinance.download,1d_auto_adjust_true_close,70e68c5534b7722b466e8d3644f8fdffdf9601e4aba656d5e77676ad1dc57546,018cb52025326bd3c2e995bd61ee482f129a473b9a4bff330add025f99e83008,0a7674651b35cf02ecac581398fd0d6ac5204fc0f435e3f5764533117eea8007,WATCHLIST_DECLARED_ONLY,SESSION_DATE_CUTOFF_ONLY,PROVISIONAL_REPLAYED
cycle_observations_cy03_v1,f409c312-0349-4b29-8dab-3ecdbd9463b3,github-38040088358-1,RKLB,RKLB,RKLB,USD,UNVERIFIED,2026-10-10,2026-10-10T09:06:31.915498+00:00,2026-10-10T09:05:09.890731+00:00,2026-10-10T09:05:26.023352+00:00,2026-10-09,47.3415,VALID,COMPLETED_DAILY_BARS,YAHOO_PIT_CYCLE_V1,cycle_detrended_sma20_range40_v1,yfinance.download,1d_auto_adjust_true_close,b1411fa9ed91ce3935312f11411a0aa9a6c620b9da984f664b073f7626c9bba3,018cb52025326bd3c2e995bd61ee482f129a473b9a4bff330add025f99e83008,0a7674651b35cf02ecac581398fd0d6ac5204fc0f435e3f5764533117eea8007,WATCHLIST_DECLARED_ONLY,SESSION_DATE_CUTOFF_ONLY,PROVISIONAL_REPLAYED
cycle_observations_cy03_v1,f409c312-0349-4b29-8dab-3ecdbd9463b3,github-38040088358-1,ROK,ROK,ROK,USD,UNVERIFIED,2026-10-10,2026-10-10T09:06:31.915498+00:00,2026-10-10T09:05:09.890731+00:00,2026-10-10T09:05:25.236033+00:00,2026-10-09,44.5043,VALID,COMPLETED_DAILY_BARS,YAHOO_PIT_CYCLE_V1,cycle_detrended_sma20_range40_v1,yfinance.download,1d_auto_adjust_true_close,50017a798cf24c56a39069be2c9100e7b51381dc1eb76a5e281ae2391c41b548,018cb52025326bd3c2e995bd61ee482f129a473b9a4bff330add025f99e83008,0a7674651b35cf02ecac581398fd0d6ac5204fc0f435e3f5764533117eea8007,WATCHLIST_DECLARED_ONLY,SESSION_DATE_CUTOFF_ONLY,PROVISIONAL_REPLAYED
cycle_observations_cy03_v1,f409c312-0349-4b29-8dab-3ecdbd9463b3,github-38040088358-1,ROL,ROL,ROL,USD,UNVERIFIED,2026-10-10,2026-10-10T09:06:31.915498+00:00,2026-10-10T09:05:09.890731+00:00,2026-10-10T09:05:26.227090+00:00,2026-10-09,96.8142,VALID,COMPLETED_DAILY_BARS,YAHOO_PIT_CYCLE_V1,cycle_detrended_sma20_range40_v1,yfinance.download,1d_auto_adjust_true_close,5cc5f2ac167acb42dccaf00371fa0a5891abab9f72a6a912d8d6c8c5f806c516,018cb52025326bd3c2e995bd61ee482f129a473b9a4bff330add025f99e83008,0a7674651b35cf02ecac581398fd0d6ac5204fc0f435e3f5764533117eea8007,WATCHLIST_DECLARED_ONLY,SESSION_DATE_CUTOFF_ONLY,PROVISIONAL_REPLAYED
cycle_observations_cy03_v1,f409c312-0349-4b29-8dab-3ecdbd9463b3,github-38040088358-1,RR.L,RR.L,RR.L,GBp,UNVERIFIED,2026-10-10,2026-10-10T09:06:31.915498+00:00,2026-10-10T09:05:09.890731+00:00,2026-10-10T09:05:26.325415+00:00,2026-10-09,12.3375,VALID,COMPLETED_DAILY_BARS,YAHOO_PIT_CYCLE_V1,cycle_detrended_sma20_range40_v1,yfinance.download,1d_auto_adjust_true_close,09bac1dfc427c23fe472aa0a4ab7461c87253b7bcccabfead82c605b22987a4f,018cb52025326bd3c2e995bd61ee482f129a473b9a4bff330add025f99e83008,0a7674651b35cf02ecac581398fd0d6ac5204fc0f435e3f5764533117eea8007,WATCHLIST_DECLARED_ONLY,SESSION_DATE_CUTOFF_ONLY,PROVISIONAL_REPLAYED
cycle_observations_cy03_v1,f409c312-0349-4b29-8dab-3ecdbd9463b3,github-38040088358-1,SAP.DE,SAP.DE,SAP.DE,EUR,UNVERIFIED,2026-10-10,2026-10-10T09:06:31.915498+00:00,2026-10-10T09:05:09.890731+00:00,2026-10-10T09:05:25.446634+00:00,2026-10-09,49.4129,VALID,COMPLETED_DAILY_BARS,YAHOO_PIT_CYCLE_V1,cycle_detrended_sma20_range40_v1,yfinance.download,1d_auto_adjust_true_close,777f43c78aae3deb23df3e9633e706e3f1bf8a47451cd69cb198072a8b468412,018cb52025326bd3c2e995bd61ee482f129a473b9a4bff330add025f99e83008,0a7674651b35cf02ecac581398fd0d6ac5204fc0f435e3f5764533117eea8007,WATCHLIST_DECLARED_ONLY,SESSION_DATE_CUTOFF_ONLY,PROVISIONAL_REPLAYED
cycle_observations_cy03_v1,f409c312-0349-4b29-8dab-3ecdbd9463b3,github-38040088358-1,SE,SE,SE,USD,UNVERIFIED,2026-10-10,2026-10-10T09:06:31.915498+00:00,2026-10-10T09:05:09.890731+00:00,2026-10-10T09:05:26.298301+00:00,2026-10-09,32.3918,VALID,COMPLETED_DAILY_BARS,YAHOO_PIT_CYCLE_V1,cycle_detrended_sma20_range40_v1,yfinance.download,1d_auto_adjust_true_close,e7fabdcb156192c30653e07615504e8a935a92428d62b1b787b306ed6e352fd2,018cb52025326bd3c2e995bd61ee482f129a473b9a4bff330add025f99e83008,0a7674651b35cf02ecac581398fd0d6ac5204fc0f435e3f5764533117eea8007,WATCHLIST_DECLARED_ONLY,SESSION_DATE_CUTOFF_ONLY,PROVISIONAL_REPLAYED
cycle_observations_cy03_v1,f409c312-0349-4b29-8dab-3ecdbd9463b3,github-38040088358-1,SGL.DE,SGL.DE,SGL.DE,EUR,UNVERIFIED,2026-10-10,2026-10-10T09:06:31.915498+00:00,2026-10-10T09:05:09.890731+00:00,2026-10-10T09:05:26.427325+00:00,2026-10-09,91.6487,VALID,COMPLETED_DAILY_BARS,YAHOO_PIT_CYCLE_V1,cycle_detrended_sma20_range40_v1,yfinance.download,1d_auto_adjust_true_close,cb8132141f0814e587b64ab6271c420e83b8155a6017a8dfcebb5242a531e1f2,018cb52025326bd3c2e995bd61ee482f129a473b9a4bff330add025f99e83008,0a7674651b35cf02ecac581398fd0d6ac5204fc0f435e3f5764533117eea8007,WATCHLIST_DECLARED_ONLY,SESSION_DATE_CUTOFF_ONLY,PROVISIONAL_REPLAYED
cycle_observations_cy03_v1,f409c312-0349-4b29-8dab-3ecdbd9463b3,github-38040088358-1,SGM.AX,SGM.AX,SGM.AX,AUD,UNVERIFIED,2026-10-10,2026-10-10T09:06:31.915498+00:00,2026-10-10T09:05:09.890731+00:00,2026-10-10T09:05:25.777378+00:00,2026-10-09,34.0621,VALID,COMPLETED_DAILY_BARS,YAHOO_PIT_CYCLE_V1,cycle_detrended_sma20_range40_v1,yfinance.download,1d_auto_adjust_true_close,1143db4299021375b3da6d60484c2991c759f10e11d7e5f58f311afaf152ed76,018cb52025326bd3c2e995bd61ee482f129a473b9a4bff330add025f99e83008,0a7674651b35cf02ecac581398fd0d6ac5204fc0f435e3f5764533117eea8007,WATCHLIST_DECLARED_ONLY,SESSION_DATE_CUTOFF_ONLY,PROVISIONAL_REPLAYED
cycle_observations_cy03_v1,f409c312-0349-4b29-8dab-3ecdbd9463b3,github-38040088358-1,SHOP,SHOP,SHOP,USD,UNVERIFIED,2026-10-10,2026-10-10T09:06:31.915498+00:00,2026-10-10T09:05:09.890731+00:00,2026-10-10T09:05:26.210976+00:00,2026-10-09,100.0,VALID,COMPLETED_DAILY_BARS,YAHOO_PIT_CYCLE_V1,cycle_detrended_sma20_range40_v1,yfinance.download,1d_auto_adjust_true_close,35c1d55c326da05ab65cd7fff01b668430601ff69f30f88117d2ef0aae6b07fd,018cb52025326bd3c2e995bd61ee482f129a473b9a4bff330add025f99e83008,0a7674651b35cf02ecac581398fd0d6ac5204fc0f435e3f5764533117eea8007,WATCHLIST_DECLARED_ONLY,SESSION_DATE_CUTOFF_ONLY,PROVISIONAL_REPLAYED
cycle_observations_cy03_v1,f409c312-0349-4b29-8dab-3ecdbd9463b3,github-38040088358-1,SLVR.TO,SLVR.TO,SLVR.TO,CAD,UNVERIFIED,2026-10-10,2026-10-10T09:06:31.915498+00:00,2026-10-10T09:05:09.890731+00:00,2026-10-10T09:05:25.734939+00:00,2026-10-09,28.3333,VALID,COMPLETED_DAILY_BARS,YAHOO_PIT_CYCLE_V1,cycle_detrended_sma20_range40_v1,yfinance.download,1d_auto_adjust_true_close,495b49170207afc476c552ce80009dd2d5e885249612b9decdf1d15d858983ea,018cb52025326bd3c2e995bd61ee482f129a473b9a4bff330add025f99e83008,0a7674651b35cf02ecac581398fd0d6ac5204fc0f435e3f5764533117eea8007,WATCHLIST_DECLARED_ONLY,SESSION_DATE_CUTOFF_ONLY,PROVISIONAL_REPLAYED
cycle_observations_cy03_v1,f409c312-0349-4b29-8dab-3ecdbd9463b3,github-38040088358-1,SMX,SMX,SMX,USD,UNVERIFIED,2026-10-10,2026-10-10T09:06:31.915498+00:00,2026-10-10T09:05:09.890731+00:00,2026-10-10T09:05:26.167745+00:00,2026-10-09,29.558,VALID,COMPLETED_DAILY_BARS,YAHOO_PIT_CYCLE_V1,cycle_detrended_sma20_range40_v1,yfinance.download,1d_auto_adjust_true_close,851522bb482a30d5530412ddc10710f5dfcc860e056b34127e52996b8407cd2a,018cb52025326bd3c2e995bd61ee482f129a473b9a4bff330add025f99e83008,0a7674651b35cf02ecac581398fd0d6ac5204fc0f435e3f5764533117eea8007,WATCHLIST_DECLARED_ONLY,SESSION_DATE_CUTOFF_ONLY,PROVISIONAL_REPLAYED
cycle_observations_cy03_v1,f409c312-0349-4b29-8dab-3ecdbd9463b3,github-38040088358-1,SN.L,SN.L,SN.L,GBp,UNVERIFIED,2026-10-10,2026-10-10T09:06:31.915498+00:00,2026-10-10T09:05:09.890731+00:00,2026-10-10T09:05:25.241764+00:00,2026-10-09,100.0,VALID,COMPLETED_DAILY_BARS,YAHOO_PIT_CYCLE_V1,cycle_detrended_sma20_range40_v1,yfinance.download,1d_auto_adjust_true_close,2ffea3d48f1b593d05dfe6db4e09e3a32a1a06fd01468605b0c4bf15abc17935,018cb52025326bd3c2e995bd61ee482f129a473b9a4bff330add025f99e83008,0a7674651b35cf02ecac581398fd0d6ac5204fc0f435e3f5764533117eea8007,WATCHLIST_DECLARED_ONLY,SESSION_DATE_CUTOFF_ONLY,PROVISIONAL_REPLAYED
cycle_observations_cy03_v1,f409c312-0349-4b29-8dab-3ecdbd9463b3,github-38040088358-1,SNN,SNN,SNN,USD,UNVERIFIED,2026-10-10,2026-10-10T09:06:31.915498+00:00,2026-10-10T09:05:09.890731+00:00,2026-10-10T09:05:25.248104+00:00,2026-10-09,100.0,VALID,COMPLETED_DAILY_BARS,YAHOO_PIT_CYCLE_V1,cycle_detrended_sma20_range40_v1,yfinance.download,1d_auto_adjust_true_close,e7cbf34215ec80e5c7d99dbca971a2ccdf28646e4a540e549b97cf81ad2f2866,018cb52025326bd3c2e995bd61ee482f129a473b9a4bff330add025f99e83008,0a7674651b35cf02ecac581398fd0d6ac5204fc0f435e3f5764533117eea8007,WATCHLIST_DECLARED_ONLY,SESSION_DATE_CUTOFF_ONLY,PROVISIONAL_REPLAYED
cycle_observations_cy03_v1,f409c312-0349-4b29-8dab-3ecdbd9463b3,github-38040088358-1,SNOW,SNOW,SNOW,USD,UNVERIFIED,2026-10-10,2026-10-10T09:06:31.915498+00:00,2026-10-10T09:05:09.890731+00:00,2026-10-10T09:05:25.452896+00:00,2026-10-09,100.0,VALID,COMPLETED_DAILY_BARS,YAHOO_PIT_CYCLE_V1,cycle_detrended_sma20_range40_v1,yfinance.download,1d_auto_adjust_true_close,bacd832694a1a8280723d32ed6b9297e9f0de6fd676aed8dd00c51ea5ec21658,018cb52025326bd3c2e995bd61ee482f129a473b9a4bff330add025f99e83008,0a7674651b35cf02ecac581398fd0d6ac5204fc0f435e3f5764533117eea8007,WATCHLIST_DECLARED_ONLY,SESSION_DATE_CUTOFF_ONLY,PROVISIONAL_REPLAYED
cycle_observations_cy03_v1,f409c312-0349-4b29-8dab-3ecdbd9463b3,github-38040088358-1,SOLB.BR,SOLB.BR,SOLB.BR,EUR,UNVERIFIED,2026-10-10,2026-10-10T09:06:31.915498+00:00,2026-10-10T09:05:09.890731+00:00,2026-10-10T09:05:25.741081+00:00,2026-10-09,66.6467,VALID,COMPLETED_DAILY_BARS,YAHOO_PIT_CYCLE_V1,cycle_detrended_sma20_range40_v1,yfinance.download,1d_auto_adjust_true_close,9e832db9dc813219e6961570c9a10b51089b1d7feec58baf701b174c23e597b1,018cb52025326bd3c2e995bd61ee482f129a473b9a4bff330add025f99e83008,0a7674651b35cf02ecac581398fd0d6ac5204fc0f435e3f5764533117eea8007,WATCHLIST_DECLARED_ONLY,SESSION_DATE_CUTOFF_ONLY,PROVISIONAL_REPLAYED
cycle_observations_cy03_v1,f409c312-0349-4b29-8dab-3ecdbd9463b3,github-38040088358-1,SPCX,SPCX,SPCX,USD,UNVERIFIED,2026-10-10,2026-10-10T09:06:31.915498+00:00,2026-10-10T09:05:09.890731+00:00,2026-10-10T09:05:26.331560+00:00,2026-10-09,44.2774,VALID,COMPLETED_DAILY_BARS,YAHOO_PIT_CYCLE_V1,cycle_detrended_sma20_range40_v1,yfinance.download,1d_auto_adjust_true_close,e1f6435cd3361126cc1d2813e7bdd7f0e92e2baef12785261065fb4e137e38ec,018cb52025326bd3c2e995bd61ee482f129a473b9a4bff330add025f99e83008,0a7674651b35cf02ecac581398fd0d6ac5204fc0f435e3f5764533117eea8007,WATCHLIST_DECLARED_ONLY,SESSION_DATE_CUTOFF_ONLY,PROVISIONAL_REPLAYED
cycle_observations_cy03_v1,f409c312-0349-4b29-8dab-3ecdbd9463b3,github-38040088358-1,SPOT,SPOT,SPOT,USD,UNVERIFIED,2026-10-10,2026-10-10T09:06:31.915498+00:00,2026-10-10T09:05:09.890731+00:00,2026-10-10T09:05:25.995423+00:00,2026-10-09,69.758,VALID,COMPLETED_DAILY_BARS,YAHOO_PIT_CYCLE_V1,cycle_detrended_sma20_range40_v1,yfinance.download,1d_auto_adjust_true_close,c360a2093d6ff38baa8326652738b724424a3c4d96811103df035ac825c4d96d,018cb52025326bd3c2e995bd61ee482f129a473b9a4bff330add025f99e83008,0a7674651b35cf02ecac581398fd0d6ac5204fc0f435e3f5764533117eea8007,WATCHLIST_DECLARED_ONLY,SESSION_DATE_CUTOFF_ONLY,PROVISIONAL_REPLAYED
cycle_observations_cy03_v1,f409c312-0349-4b29-8dab-3ecdbd9463b3,github-38040088358-1,STLA,STLA,STLA,USD,UNVERIFIED,2026-10-10,2026-10-10T09:06:31.915498+00:00,2026-10-10T09:05:09.890731+00:00,2026-10-10T09:05:25.972782+00:00,2026-10-09,53.2705,VALID,COMPLETED_DAILY_BARS,YAHOO_PIT_CYCLE_V1,cycle_detrended_sma20_range40_v1,yfinance.download,1d_auto_adjust_true_close,dc2e740e2563423c7a59c5b7249cc5299e851df966081bf3d291497a0932ef95,018cb52025326bd3c2e995bd61ee482f129a473b9a4bff330add025f99e83008,0a7674651b35cf02ecac581398fd0d6ac5204fc0f435e3f5764533117eea8007,WATCHLIST_DECLARED_ONLY,SESSION_DATE_CUTOFF_ONLY,PROVISIONAL_REPLAYED
cycle_observations_cy03_v1,f409c312-0349-4b29-8dab-3ecdbd9463b3,github-38040088358-1,SU.PA,SU.PA,SU.PA,EUR,UNVERIFIED,2026-10-10,2026-10-10T09:06:31.915498+00:00,2026-10-10T09:05:09.890731+00:00,2026-10-10T09:05:25.561411+00:00,2026-10-09,28.2007,VALID,COMPLETED_DAILY_BARS,YAHOO_PIT_CYCLE_V1,cycle_detrended_sma20_range40_v1,yfinance.download,1d_auto_adjust_true_close,688f8d0d5fbe1f1e2efa0680ae99d417faa00ac95d127b6af0e86adac9aab3ba,018cb52025326bd3c2e995bd61ee482f129a473b9a4bff330add025f99e83008,0a7674651b35cf02ecac581398fd0d6ac5204fc0f435e3f5764533117eea8007,WATCHLIST_DECLARED_ONLY,SESSION_DATE_CUTOFF_ONLY,PROVISIONAL_REPLAYED
cycle_observations_cy03_v1,f409c312-0349-4b29-8dab-3ecdbd9463b3,github-38040088358-1,SYK,SYK,SYK,USD,UNVERIFIED,2026-10-10,2026-10-10T09:06:31.915498+00:00,2026-10-10T09:05:09.890731+00:00,2026-10-10T09:05:25.253651+00:00,2026-10-09,85.389,VALID,COMPLETED_DAILY_BARS,YAHOO_PIT_CYCLE_V1,cycle_detrended_sma20_range40_v1,yfinance.download,1d_auto_adjust_true_close,0a94b29b6836b54e3e6ffc77a85a5da6d60daff242f720580ab493246dbc987b,018cb52025326bd3c2e995bd61ee482f129a473b9a4bff330add025f99e83008,0a7674651b35cf02ecac581398fd0d6ac5204fc0f435e3f5764533117eea8007,WATCHLIST_DECLARED_ONLY,SESSION_DATE_CUTOFF_ONLY,PROVISIONAL_REPLAYED
cycle_observations_cy03_v1,f409c312-0349-4b29-8dab-3ecdbd9463b3,github-38040088358-1,SYM,SYM,SYM,USD,UNVERIFIED,2026-10-10,2026-10-10T09:06:31.915498+00:00,2026-10-10T09:05:09.890731+00:00,2026-10-10T09:05:25.259421+00:00,2026-10-09,39.8831,VALID,COMPLETED_DAILY_BARS,YAHOO_PIT_CYCLE_V1,cycle_detrended_sma20_range40_v1,yfinance.download,1d_auto_adjust_true_close,d6b91327b840ce3357423110135c69eea0aa1ab2d11bfabef99ff320795667f1,018cb52025326bd3c2e995bd61ee482f129a473b9a4bff330add025f99e83008,0a7674651b35cf02ecac581398fd0d6ac5204fc0f435e3f5764533117eea8007,WATCHLIST_DECLARED_ONLY,SESSION_DATE_CUTOFF_ONLY,PROVISIONAL_REPLAYED
cycle_observations_cy03_v1,f409c312-0349-4b29-8dab-3ecdbd9463b3,github-38040088358-1,TE,TE,TE,USD,UNVERIFIED,2026-10-10,2026-10-10T09:06:31.915498+00:00,2026-10-10T09:05:09.890731+00:00,2026-10-10T09:05:26.303684+00:00,2026-10-09,19.1396,VALID,COMPLETED_DAILY_BARS,YAHOO_PIT_CYCLE_V1,cycle_detrended_sma20_range40_v1,yfinance.download,1d_auto_adjust_true_close,a48eb0111e6091757417d7257f466c2d0991a687e3e75e1600fe0d3a9f3e27e2,018cb52025326bd3c2e995bd61ee482f129a473b9a4bff330add025f99e83008,0a7674651b35cf02ecac581398fd0d6ac5204fc0f435e3f5764533117eea8007,WATCHLIST_DECLARED_ONLY,SESSION_DATE_CUTOFF_ONLY,PROVISIONAL_REPLAYED
cycle_observations_cy03_v1,f409c312-0349-4b29-8dab-3ecdbd9463b3,github-38040088358-1,TEAM,TEAM,TEAM,USD,UNVERIFIED,2026-10-10,2026-10-10T09:06:31.915498+00:00,2026-10-10T09:05:09.890731+00:00,2026-10-10T09:05:26.183948+00:00,2026-10-09,45.6166,VALID,COMPLETED_DAILY_BARS,YAHOO_PIT_CYCLE_V1,cycle_detrended_sma20_range40_v1,yfinance.download,1d_auto_adjust_true_close,5ef060262ac4de8a312d881dc53a89e45384cdfcdbede4a7da55c73e42bb80ec,018cb52025326bd3c2e995bd61ee482f129a473b9a4bff330add025f99e83008,0a7674651b35cf02ecac581398fd0d6ac5204fc0f435e3f5764533117eea8007,WATCHLIST_DECLARED_ONLY,SESSION_DATE_CUTOFF_ONLY,PROVISIONAL_REPLAYED
cycle_observations_cy03_v1,f409c312-0349-4b29-8dab-3ecdbd9463b3,github-38040088358-1,TEM,TEM,TEM,USD,UNVERIFIED,2026-10-10,2026-10-10T09:06:31.915498+00:00,2026-10-10T09:05:09.890731+00:00,2026-10-10T09:05:25.927854+00:00,2026-10-09,3.7878,VALID,COMPLETED_DAILY_BARS,YAHOO_PIT_CYCLE_V1,cycle_detrended_sma20_range40_v1,yfinance.download,1d_auto_adjust_true_close,35f3b93aecfdd78ab7ee06b64b227ea0008a1cd34dbb02b97e1e2e9c39219ba1,018cb52025326bd3c2e995bd61ee482f129a473b9a4bff330add025f99e83008,0a7674651b35cf02ecac581398fd0d6ac5204fc0f435e3f5764533117eea8007,WATCHLIST_DECLARED_ONLY,SESSION_DATE_CUTOFF_ONLY,PROVISIONAL_REPLAYED
cycle_observations_cy03_v1,f409c312-0349-4b29-8dab-3ecdbd9463b3,github-38040088358-1,TER,TER,TER,USD,UNVERIFIED,2026-10-10,2026-10-10T09:06:31.915498+00:00,2026-10-10T09:05:09.890731+00:00,2026-10-10T09:05:25.265045+00:00,2026-10-09,49.4116,VALID,COMPLETED_DAILY_BARS,YAHOO_PIT_CYCLE_V1,cycle_detrended_sma20_range40_v1,yfinance.download,1d_auto_adjust_true_close,2f8b40abdc96da2cd479a2bd9e793953ef67f22b0a9ddd4fa3b514ed1a2ccfe3,018cb52025326bd3c2e995bd61ee482f129a473b9a4bff330add025f99e83008,0a7674651b35cf02ecac581398fd0d6ac5204fc0f435e3f5764533117eea8007,WATCHLIST_DECLARED_ONLY,SESSION_DATE_CUTOFF_ONLY,PROVISIONAL_REPLAYED
cycle_observations_cy03_v1,f409c312-0349-4b29-8dab-3ecdbd9463b3,github-38040088358-1,TME,TME,TME,USD,UNVERIFIED,2026-10-10,2026-10-10T09:06:31.915498+00:00,2026-10-10T09:05:09.890731+00:00,2026-10-10T09:05:26.000813+00:00,2026-10-09,100.0,VALID,COMPLETED_DAILY_BARS,YAHOO_PIT_CYCLE_V1,cycle_detrended_sma20_range40_v1,yfinance.download,1d_auto_adjust_true_close,095cbd261a5e4248c37c03959690fcb0a3a0f1794cf749525558de5d98d72aa4,018cb52025326bd3c2e995bd61ee482f129a473b9a4bff330add025f99e83008,0a7674651b35cf02ecac581398fd0d6ac5204fc0f435e3f5764533117eea8007,WATCHLIST_DECLARED_ONLY,SESSION_DATE_CUTOFF_ONLY,PROVISIONAL_REPLAYED
cycle_observations_cy03_v1,f409c312-0349-4b29-8dab-3ecdbd9463b3,github-38040088358-1,TOM.OL,TOM.OL,TOM.OL,NOK,UNVERIFIED,2026-10-10,2026-10-10T09:06:31.915498+00:00,2026-10-10T09:05:09.890731+00:00,2026-10-10T09:05:25.783583+00:00,2026-10-09,74.0809,VALID,COMPLETED_DAILY_BARS,YAHOO_PIT_CYCLE_V1,cycle_detrended_sma20_range40_v1,yfinance.download,1d_auto_adjust_true_close,404c0386c88e1865c4d790bf1a5e0d35b915a6acd40a4a161b338fa876471d67,018cb52025326bd3c2e995bd61ee482f129a473b9a4bff330add025f99e83008,0a7674651b35cf02ecac581398fd0d6ac5204fc0f435e3f5764533117eea8007,WATCHLIST_DECLARED_ONLY,SESSION_DATE_CUTOFF_ONLY,PROVISIONAL_REPLAYED
cycle_observations_cy03_v1,f409c312-0349-4b29-8dab-3ecdbd9463b3,github-38040088358-1,TSLA,TSLA,TSLA,USD,UNVERIFIED,2026-10-10,2026-10-10T09:06:31.915498+00:00,2026-10-10T09:05:09.890731+00:00,2026-10-10T09:05:25.978436+00:00,2026-10-09,56.2307,VALID,COMPLETED_DAILY_BARS,YAHOO_PIT_CYCLE_V1,cycle_detrended_sma20_range40_v1,yfinance.download,1d_auto_adjust_true_close,c2621b28a89501fd3b4532c69cd94900bde17a02994414367f82d19c0bde622e,018cb52025326bd3c2e995bd61ee482f129a473b9a4bff330add025f99e83008,0a7674651b35cf02ecac581398fd0d6ac5204fc0f435e3f5764533117eea8007,WATCHLIST_DECLARED_ONLY,SESSION_DATE_CUTOFF_ONLY,PROVISIONAL_REPLAYED
cycle_observations_cy03_v1,f409c312-0349-4b29-8dab-3ecdbd9463b3,github-38040088358-1,TSMN.MX,TSMN.MX,TSMN.MX,MXN,UNVERIFIED,2026-10-10,2026-10-10T09:06:31.915498+00:00,2026-10-10T09:05:09.890731+00:00,2026-10-10T09:05:25.458497+00:00,2026-10-09,43.4153,VALID,COMPLETED_DAILY_BARS,YAHOO_PIT_CYCLE_V1,cycle_detrended_sma20_range40_v1,yfinance.download,1d_auto_adjust_true_close,60cf65a85b168b34723b9891265e794c9331570d4a8ae53b28397a8cae071570,018cb52025326bd3c2e995bd61ee482f129a473b9a4bff330add025f99e83008,0a7674651b35cf02ecac581398fd0d6ac5204fc0f435e3f5764533117eea8007,WATCHLIST_DECLARED_ONLY,SESSION_DATE_CUTOFF_ONLY,PROVISIONAL_REPLAYED
cycle_observations_cy03_v1,f409c312-0349-4b29-8dab-3ecdbd9463b3,github-38040088358-1,TTAN,TTAN,TTAN,USD,UNVERIFIED,2026-10-10,2026-10-10T09:06:31.915498+00:00,2026-10-10T09:05:09.890731+00:00,2026-10-10T09:05:25.464867+00:00,2026-10-09,96.8815,VALID,COMPLETED_DAILY_BARS,YAHOO_PIT_CYCLE_V1,cycle_detrended_sma20_range40_v1,yfinance.download,1d_auto_adjust_true_close,5b4f7a83d45fa264b2af85f9e6b37abc447e2fa2a624d0d5a5c30b9924b6adea,018cb52025326bd3c2e995bd61ee482f129a473b9a4bff330add025f99e83008,0a7674651b35cf02ecac581398fd0d6ac5204fc0f435e3f5764533117eea8007,WATCHLIST_DECLARED_ONLY,SESSION_DATE_CUTOFF_ONLY,PROVISIONAL_REPLAYED
cycle_observations_cy03_v1,f409c312-0349-4b29-8dab-3ecdbd9463b3,github-38040088358-1,TTD,TTD,TTD,USD,UNVERIFIED,2026-10-10,2026-10-10T09:06:31.915498+00:00,2026-10-10T09:05:09.890731+00:00,2026-10-10T09:05:26.309045+00:00,2026-10-09,51.2575,VALID,COMPLETED_DAILY_BARS,YAHOO_PIT_CYCLE_V1,cycle_detrended_sma20_range40_v1,yfinance.download,1d_auto_adjust_true_close,1421c5a28e2cc933d2a5425794c1b04cfebaf0211fceb77dd845dd62c043b3eb,018cb52025326bd3c2e995bd61ee482f129a473b9a4bff330add025f99e83008,0a7674651b35cf02ecac581398fd0d6ac5204fc0f435e3f5764533117eea8007,WATCHLIST_DECLARED_ONLY,SESSION_DATE_CUTOFF_ONLY,PROVISIONAL_REPLAYED
cycle_observations_cy03_v1,f409c312-0349-4b29-8dab-3ecdbd9463b3,github-38040088358-1,TTK.DE,TTK.DE,TTK.DE,EUR,UNVERIFIED,2026-10-10,2026-10-10T09:06:31.915498+00:00,2026-10-10T09:05:09.890731+00:00,2026-10-10T09:05:25.961062+00:00,2026-10-09,4.0303,VALID,COMPLETED_DAILY_BARS,YAHOO_PIT_CYCLE_V1,cycle_detrended_sma20_range40_v1,yfinance.download,1d_auto_adjust_true_close,2605d8f6fcb3367071b6f3027f4133f4b5ed8a8c5b2e08c54b38a024d823993e,018cb52025326bd3c2e995bd61ee482f129a473b9a4bff330add025f99e83008,0a7674651b35cf02ecac581398fd0d6ac5204fc0f435e3f5764533117eea8007,WATCHLIST_DECLARED_ONLY,SESSION_DATE_CUTOFF_ONLY,PROVISIONAL_REPLAYED
cycle_observations_cy03_v1,f409c312-0349-4b29-8dab-3ecdbd9463b3,github-38040088358-1,UAA,UAA,UAA,USD,UNVERIFIED,2026-10-10,2026-10-10T09:06:31.915498+00:00,2026-10-10T09:05:09.890731+00:00,2026-10-10T09:05:25.870538+00:00,2026-10-09,100.0,VALID,COMPLETED_DAILY_BARS,YAHOO_PIT_CYCLE_V1,cycle_detrended_sma20_range40_v1,yfinance.download,1d_auto_adjust_true_close,51c38f19c1a2a0567309a1aaf9cac80d8639ae33435a6844911e374327ba44d3,018cb52025326bd3c2e995bd61ee482f129a473b9a4bff330add025f99e83008,0a7674651b35cf02ecac581398fd0d6ac5204fc0f435e3f5764533117eea8007,WATCHLIST_DECLARED_ONLY,SESSION_DATE_CUTOFF_ONLY,PROVISIONAL_REPLAYED
cycle_observations_cy03_v1,f409c312-0349-4b29-8dab-3ecdbd9463b3,github-38040088358-1,UBER,UBER,UBER,USD,UNVERIFIED,2026-10-10,2026-10-10T09:06:31.915498+00:00,2026-10-10T09:05:09.890731+00:00,2026-10-10T09:05:26.189339+00:00,2026-10-09,65.3113,VALID,COMPLETED_DAILY_BARS,YAHOO_PIT_CYCLE_V1,cycle_detrended_sma20_range40_v1,yfinance.download,1d_auto_adjust_true_close,7cc3fdc10e78e7af17a0501f8cf10fb60d6be5f0441154cd7b5044d97c6fdf00,018cb52025326bd3c2e995bd61ee482f129a473b9a4bff330add025f99e83008,0a7674651b35cf02ecac581398fd0d6ac5204fc0f435e3f5764533117eea8007,WATCHLIST_DECLARED_ONLY,SESSION_DATE_CUTOFF_ONLY,PROVISIONAL_REPLAYED
cycle_observations_cy03_v1,f409c312-0349-4b29-8dab-3ecdbd9463b3,github-38040088358-1,UEC,UEC,UEC,USD,UNVERIFIED,2026-10-10,2026-10-10T09:06:31.915498+00:00,2026-10-10T09:05:09.890731+00:00,2026-10-10T09:05:25.567753+00:00,2026-10-09,32.3901,VALID,COMPLETED_DAILY_BARS,YAHOO_PIT_CYCLE_V1,cycle_detrended_sma20_range40_v1,yfinance.download,1d_auto_adjust_true_close,de2373830b9ef0558636cc275420f01b25ccbfc47a08638d642f734a53aef1fb,018cb52025326bd3c2e995bd61ee482f129a473b9a4bff330add025f99e83008,0a7674651b35cf02ecac581398fd0d6ac5204fc0f435e3f5764533117eea8007,WATCHLIST_DECLARED_ONLY,SESSION_DATE_CUTOFF_ONLY,PROVISIONAL_REPLAYED
cycle_observations_cy03_v1,f409c312-0349-4b29-8dab-3ecdbd9463b3,github-38040088358-1,UMI.BR,UMI.BR,UMI.BR,EUR,UNVERIFIED,2026-10-10,2026-10-10T09:06:31.915498+00:00,2026-10-10T09:05:09.890731+00:00,2026-10-10T09:05:25.789648+00:00,2026-10-09,34.6592,VALID,COMPLETED_DAILY_BARS,YAHOO_PIT_CYCLE_V1,cycle_detrended_sma20_range40_v1,yfinance.download,1d_auto_adjust_true_close,2b8c86519d53be2a5e7969af5e1545c41d6399b3200b4eaa66f9065dbf18a325,018cb52025326bd3c2e995bd61ee482f129a473b9a4bff330add025f99e83008,0a7674651b35cf02ecac581398fd0d6ac5204fc0f435e3f5764533117eea8007,WATCHLIST_DECLARED_ONLY,SESSION_DATE_CUTOFF_ONLY,PROVISIONAL_REPLAYED
cycle_observations_cy03_v1,f409c312-0349-4b29-8dab-3ecdbd9463b3,github-38040088358-1,UNH,UNH,UNH,USD,UNVERIFIED,2026-10-10,2026-10-10T09:06:31.915498+00:00,2026-10-10T09:05:09.890731+00:00,2026-10-10T09:05:25.933233+00:00,2026-10-09,100.0,VALID,COMPLETED_DAILY_BARS,YAHOO_PIT_CYCLE_V1,cycle_detrended_sma20_range40_v1,yfinance.download,1d_auto_adjust_true_close,1826683c8ac291010ca87a6536ea2925ded861b32521e0abec45d5dacb99667d,018cb52025326bd3c2e995bd61ee482f129a473b9a4bff330add025f99e83008,0a7674651b35cf02ecac581398fd0d6ac5204fc0f435e3f5764533117eea8007,WATCHLIST_DECLARED_ONLY,SESSION_DATE_CUTOFF_ONLY,PROVISIONAL_REPLAYED
cycle_observations_cy03_v1,f409c312-0349-4b29-8dab-3ecdbd9463b3,github-38040088358-1,USAR,USAR,USAR,USD,UNVERIFIED,2026-10-10,2026-10-10T09:06:31.915498+00:00,2026-10-10T09:05:09.890731+00:00,2026-10-10T09:05:26.221772+00:00,2026-10-09,6.2926,VALID,COMPLETED_DAILY_BARS,YAHOO_PIT_CYCLE_V1,cycle_detrended_sma20_range40_v1,yfinance.download,1d_auto_adjust_true_close,eab26d135ad76c95676cd351cef126cbbacc2bb7b982824f96b9d6803ee57a6c,018cb52025326bd3c2e995bd61ee482f129a473b9a4bff330add025f99e83008,0a7674651b35cf02ecac581398fd0d6ac5204fc0f435e3f5764533117eea8007,WATCHLIST_DECLARED_ONLY,SESSION_DATE_CUTOFF_ONLY,PROVISIONAL_REPLAYED
cycle_observations_cy03_v1,f409c312-0349-4b29-8dab-3ecdbd9463b3,github-38040088358-1,UUUU,UUUU,UUUU,USD,UNVERIFIED,2026-10-10,2026-10-10T09:06:31.915498+00:00,2026-10-10T09:05:09.890731+00:00,2026-10-10T09:05:26.359033+00:00,2026-10-09,24.7389,VALID,COMPLETED_DAILY_BARS,YAHOO_PIT_CYCLE_V1,cycle_detrended_sma20_range40_v1,yfinance.download,1d_auto_adjust_true_close,e4ecdda7234958f95ec5d1ece35e7a58821ab60623db19d89722e151c21c54c6,018cb52025326bd3c2e995bd61ee482f129a473b9a4bff330add025f99e83008,0a7674651b35cf02ecac581398fd0d6ac5204fc0f435e3f5764533117eea8007,WATCHLIST_DECLARED_ONLY,SESSION_DATE_CUTOFF_ONLY,PROVISIONAL_REPLAYED
cycle_observations_cy03_v1,f409c312-0349-4b29-8dab-3ecdbd9463b3,github-38040088358-1,V,V,V,USD,UNVERIFIED,2026-10-10,2026-10-10T09:06:31.915498+00:00,2026-10-10T09:05:09.890731+00:00,2026-10-10T09:05:26.112238+00:00,2026-10-09,97.8974,VALID,COMPLETED_DAILY_BARS,YAHOO_PIT_CYCLE_V1,cycle_detrended_sma20_range40_v1,yfinance.download,1d_auto_adjust_true_close,b5b3ee393703f3d1d4ab3224658ddb335075076434e31bdb667c834554dc9ef4,018cb52025326bd3c2e995bd61ee482f129a473b9a4bff330add025f99e83008,0a7674651b35cf02ecac581398fd0d6ac5204fc0f435e3f5764533117eea8007,WATCHLIST_DECLARED_ONLY,SESSION_DATE_CUTOFF_ONLY,PROVISIONAL_REPLAYED
cycle_observations_cy03_v1,f409c312-0349-4b29-8dab-3ecdbd9463b3,github-38040088358-1,VALE,VALE,VALE,USD,UNVERIFIED,2026-10-10,2026-10-10T09:06:31.915498+00:00,2026-10-10T09:05:09.890731+00:00,2026-10-10T09:05:25.753554+00:00,2026-10-09,40.3034,VALID,COMPLETED_DAILY_BARS,YAHOO_PIT_CYCLE_V1,cycle_detrended_sma20_range40_v1,yfinance.download,1d_auto_adjust_true_close,106e15d64fda1bb2de5780dfa5fd210a8ec4e6a6d6534a536577697753960ab6,018cb52025326bd3c2e995bd61ee482f129a473b9a4bff330add025f99e83008,0a7674651b35cf02ecac581398fd0d6ac5204fc0f435e3f5764533117eea8007,WATCHLIST_DECLARED_ONLY,SESSION_DATE_CUTOFF_ONLY,PROVISIONAL_REPLAYED
cycle_observations_cy03_v1,f409c312-0349-4b29-8dab-3ecdbd9463b3,github-38040088358-1,VALE3.SA,VALE3.SA,VALE3.SA,BRL,UNVERIFIED,2026-10-10,2026-10-10T09:06:31.915498+00:00,2026-10-10T09:05:09.890731+00:00,2026-10-10T09:05:25.747378+00:00,2026-10-09,18.2608,VALID,COMPLETED_DAILY_BARS,YAHOO_PIT_CYCLE_V1,cycle_detrended_sma20_range40_v1,yfinance.download,1d_auto_adjust_true_close,dd37be0cd99af80681aded246b36f26502fe0f698d4104d88d937fe7fe86566d,018cb52025326bd3c2e995bd61ee482f129a473b9a4bff330add025f99e83008,0a7674651b35cf02ecac581398fd0d6ac5204fc0f435e3f5764533117eea8007,WATCHLIST_DECLARED_ONLY,SESSION_DATE_CUTOFF_ONLY,PROVISIONAL_REPLAYED
cycle_observations_cy03_v1,f409c312-0349-4b29-8dab-3ecdbd9463b3,github-38040088358-1,VOW3.DE,VOW3.DE,VOW3.DE,EUR,UNVERIFIED,2026-10-10,2026-10-10T09:06:31.915498+00:00,2026-10-10T09:05:09.890731+00:00,2026-10-10T09:05:25.983844+00:00,2026-10-09,24.6953,VALID,COMPLETED_DAILY_BARS,YAHOO_PIT_CYCLE_V1,cycle_detrended_sma20_range40_v1,yfinance.download,1d_auto_adjust_true_close,2c5ee312709e2c6abb9b3040755488c2334da35c78d8fe57e7b01105030c3a26,018cb52025326bd3c2e995bd61ee482f129a473b9a4bff330add025f99e83008,0a7674651b35cf02ecac581398fd0d6ac5204fc0f435e3f5764533117eea8007,WATCHLIST_DECLARED_ONLY,SESSION_DATE_CUTOFF_ONLY,PROVISIONAL_REPLAYED
cycle_observations_cy03_v1,f409c312-0349-4b29-8dab-3ecdbd9463b3,github-38040088358-1,VZLA.TO,VZLA.TO,VZLA.TO,CAD,UNVERIFIED,2026-10-10,2026-10-10T09:06:31.915498+00:00,2026-10-10T09:05:09.890731+00:00,2026-10-10T09:05:25.758985+00:00,2026-10-09,22.2998,VALID,COMPLETED_DAILY_BARS,YAHOO_PIT_CYCLE_V1,cycle_detrended_sma20_range40_v1,yfinance.download,1d_auto_adjust_true_close,11313b98ff1aa9e5db58a642c69ae5fa46ea2cc4c998992220d5fad9d19cbbce,018cb52025326bd3c2e995bd61ee482f129a473b9a4bff330add025f99e83008,0a7674651b35cf02ecac581398fd0d6ac5204fc0f435e3f5764533117eea8007,WATCHLIST_DECLARED_ONLY,SESSION_DATE_CUTOFF_ONLY,PROVISIONAL_REPLAYED
cycle_observations_cy03_v1,f409c312-0349-4b29-8dab-3ecdbd9463b3,github-38040088358-1,WDAY,WDAY,WDAY,USD,UNVERIFIED,2026-10-10,2026-10-10T09:06:31.915498+00:00,2026-10-10T09:05:09.890731+00:00,2026-10-10T09:05:26.243338+00:00,2026-10-09,17.306,VALID,COMPLETED_DAILY_BARS,YAHOO_PIT_CYCLE_V1,cycle_detrended_sma20_range40_v1,yfinance.download,1d_auto_adjust_true_close,beeb8b40065656553a3e9372ec01a81bd95a3100b7976f46a308f631c6545f05,018cb52025326bd3c2e995bd61ee482f129a473b9a4bff330add025f99e83008,0a7674651b35cf02ecac581398fd0d6ac5204fc0f435e3f5764533117eea8007,WATCHLIST_DECLARED_ONLY,SESSION_DATE_CUTOFF_ONLY,PROVISIONAL_REPLAYED
cycle_observations_cy03_v1,f409c312-0349-4b29-8dab-3ecdbd9463b3,github-38040088358-1,WM,WM,WM,USD,UNVERIFIED,2026-10-10,2026-10-10T09:06:31.915498+00:00,2026-10-10T09:05:09.890731+00:00,2026-10-10T09:05:26.232441+00:00,2026-10-09,90.3659,VALID,COMPLETED_DAILY_BARS,YAHOO_PIT_CYCLE_V1,cycle_detrended_sma20_range40_v1,yfinance.download,1d_auto_adjust_true_close,3b3e54971640c8351512f29e3674605437b3755512173d88232ebdc1bb4dc4c8,018cb52025326bd3c2e995bd61ee482f129a473b9a4bff330add025f99e83008,0a7674651b35cf02ecac581398fd0d6ac5204fc0f435e3f5764533117eea8007,WATCHLIST_DECLARED_ONLY,SESSION_DATE_CUTOFF_ONLY,PROVISIONAL_REPLAYED
cycle_observations_cy03_v1,f409c312-0349-4b29-8dab-3ecdbd9463b3,github-38040088358-1,WPM.TO,WPM.TO,WPM.TO,CAD,UNVERIFIED,2026-10-10,2026-10-10T09:06:31.915498+00:00,2026-10-10T09:05:09.890731+00:00,2026-10-10T09:05:25.765178+00:00,2026-10-09,24.7167,VALID,COMPLETED_DAILY_BARS,YAHOO_PIT_CYCLE_V1,cycle_detrended_sma20_range40_v1,yfinance.download,1d_auto_adjust_true_close,4695c56ea86c72c986f489bb6664367d97c14f5285f4e64776cd28c02c200497,018cb52025326bd3c2e995bd61ee482f129a473b9a4bff330add025f99e83008,0a7674651b35cf02ecac581398fd0d6ac5204fc0f435e3f5764533117eea8007,WATCHLIST_DECLARED_ONLY,SESSION_DATE_CUTOFF_ONLY,PROVISIONAL_REPLAYED
cycle_observations_cy03_v1,f409c312-0349-4b29-8dab-3ecdbd9463b3,github-38040088358-1,WYFI,WYFI,WYFI,USD,UNVERIFIED,2026-10-10,2026-10-10T09:06:31.915498+00:00,2026-10-10T09:05:09.890731+00:00,2026-10-10T09:05:26.265665+00:00,2026-10-09,36.1436,VALID,COMPLETED_DAILY_BARS,YAHOO_PIT_CYCLE_V1,cycle_detrended_sma20_range40_v1,yfinance.download,1d_auto_adjust_true_close,2554f26ff38a9a2fa886cc7e15d2efbb9d13508e5ef88275509e1447eef0ca2c,018cb52025326bd3c2e995bd61ee482f129a473b9a4bff330add025f99e83008,0a7674651b35cf02ecac581398fd0d6ac5204fc0f435e3f5764533117eea8007,WATCHLIST_DECLARED_ONLY,SESSION_DATE_CUTOFF_ONLY,PROVISIONAL_REPLAYED
cycle_observations_cy03_v1,f409c312-0349-4b29-8dab-3ecdbd9463b3,github-38040088358-1,XOM,XOM,XOM,USD,UNVERIFIED,2026-10-10,2026-10-10T09:06:31.915498+00:00,2026-10-10T09:05:09.890731+00:00,2026-10-10T09:05:25.573395+00:00,2026-10-09,69.8752,VALID,COMPLETED_DAILY_BARS,YAHOO_PIT_CYCLE_V1,cycle_detrended_sma20_range40_v1,yfinance.download,1d_auto_adjust_true_close,9916cc42968df3ce305aed68391a2509381d22df51b9a19e755a92eaa5c4412c,018cb52025326bd3c2e995bd61ee482f129a473b9a4bff330add025f99e83008,0a7674651b35cf02ecac581398fd0d6ac5204fc0f435e3f5764533117eea8007,WATCHLIST_DECLARED_ONLY,SESSION_DATE_CUTOFF_ONLY,PROVISIONAL_REPLAYED
cycle_observations_cy03_v1,f409c312-0349-4b29-8dab-3ecdbd9463b3,github-38040088358-1,XPEV,XPEV,XPEV,USD,UNVERIFIED,2026-10-10,2026-10-10T09:06:31.915498+00:00,2026-10-10T09:05:09.890731+00:00,2026-10-10T09:05:26.405063+00:00,2026-10-09,91.6667,VALID,COMPLETED_DAILY_BARS,YAHOO_PIT_CYCLE_V1,cycle_detrended_sma20_range40_v1,yfinance.download,1d_auto_adjust_true_close,61a1bba93fe49208f8dda3b72d67f8270f7842d6cdb2d6ee1aad24716d0834cc,018cb52025326bd3c2e995bd61ee482f129a473b9a4bff330add025f99e83008,0a7674651b35cf02ecac581398fd0d6ac5204fc0f435e3f5764533117eea8007,WATCHLIST_DECLARED_ONLY,SESSION_DATE_CUTOFF_ONLY,PROVISIONAL_REPLAYED
cycle_observations_cy03_v1,f409c312-0349-4b29-8dab-3ecdbd9463b3,github-38040088358-1,XSDG.F,XSDG.F,XSDG.F,EUR,UNVERIFIED,2026-10-10,2026-10-10T09:06:31.915498+00:00,2026-10-10T09:05:09.890731+00:00,2026-10-10T09:05:25.579095+00:00,2026-10-09,61.9851,VALID,COMPLETED_DAILY_BARS,YAHOO_PIT_CYCLE_V1,cycle_detrended_sma20_range40_v1,yfinance.download,1d_auto_adjust_true_close,3f2cab3b1d6f3ef825de16e4421a9197e72fe9329b3c18f3f919076026b2aada,018cb52025326bd3c2e995bd61ee482f129a473b9a4bff330add025f99e83008,0a7674651b35cf02ecac581398fd0d6ac5204fc0f435e3f5764533117eea8007,WATCHLIST_DECLARED_ONLY,SESSION_DATE_CUTOFF_ONLY,PROVISIONAL_REPLAYED
cycle_observations_cy03_v1,f409c312-0349-4b29-8dab-3ecdbd9463b3,github-38040088358-1,XYZ,XYZ,XYZ,USD,UNVERIFIED,2026-10-10,2026-10-10T09:06:31.915498+00:00,2026-10-10T09:05:09.890731+00:00,2026-10-10T09:05:26.123028+00:00,2026-10-09,73.5504,VALID,COMPLETED_DAILY_BARS,YAHOO_PIT_CYCLE_V1,cycle_detrended_sma20_range40_v1,yfinance.download,1d_auto_adjust_true_close,461b7a0706a1c125f66634d9df2e068d051ff7e3ae3a9781743d38383a223772,018cb52025326bd3c2e995bd61ee482f129a473b9a4bff330add025f99e83008,0a7674651b35cf02ecac581398fd0d6ac5204fc0f435e3f5764533117eea8007,WATCHLIST_DECLARED_ONLY,SESSION_DATE_CUTOFF_ONLY,PROVISIONAL_REPLAYED
cycle_observations_cy03_v1,f409c312-0349-4b29-8dab-3ecdbd9463b3,github-38040088358-1,YASKY,YASKY,YASKY,USD,UNVERIFIED,2026-10-10,2026-10-10T09:06:31.915498+00:00,2026-10-10T09:05:09.890731+00:00,2026-10-10T09:05:25.270677+00:00,2026-10-09,94.9512,VALID,COMPLETED_DAILY_BARS,YAHOO_PIT_CYCLE_V1,cycle_detrended_sma20_range40_v1,yfinance.download,1d_auto_adjust_true_close,c732b8d17913e1798fe0b89c72c8ef0fd75937e3649eb5c8e1ee9067b2d93286,018cb52025326bd3c2e995bd61ee482f129a473b9a4bff330add025f99e83008,0a7674651b35cf02ecac581398fd0d6ac5204fc0f435e3f5764533117eea8007,WATCHLIST_DECLARED_ONLY,SESSION_DATE_CUTOFF_ONLY,PROVISIONAL_REPLAYED
cycle_observations_cy03_v1,f409c312-0349-4b29-8dab-3ecdbd9463b3,github-38040088358-1,YCA.L,YCA.L,YCA.L,GBp,UNVERIFIED,2026-10-10,2026-10-10T09:06:31.915498+00:00,2026-10-10T09:05:09.890731+00:00,2026-10-10T09:05:25.585565+00:00,2026-10-09,31.5221,VALID,COMPLETED_DAILY_BARS,YAHOO_PIT_CYCLE_V1,cycle_detrended_sma20_range40_v1,yfinance.download,1d_auto_adjust_true_close,070cd486d14c335e8e3bb52f11ce250cd88d2e30529256b4278f142f384bc271,018cb52025326bd3c2e995bd61ee482f129a473b9a4bff330add025f99e83008,0a7674651b35cf02ecac581398fd0d6ac5204fc0f435e3f5764533117eea8007,WATCHLIST_DECLARED_ONLY,SESSION_DATE_CUTOFF_ONLY,PROVISIONAL_REPLAYED
cycle_observations_cy03_v1,f409c312-0349-4b29-8dab-3ecdbd9463b3,github-38040088358-1,ZETA,ZETA,ZETA,USD,UNVERIFIED,2026-10-10,2026-10-10T09:06:31.915498+00:00,2026-10-10T09:05:09.890731+00:00,2026-10-10T09:05:25.470445+00:00,2026-10-09,52.081,VALID,COMPLETED_DAILY_BARS,YAHOO_PIT_CYCLE_V1,cycle_detrended_sma20_range40_v1,yfinance.download,1d_auto_adjust_true_close,d824af6977cc21d1c76c9985890210ac74828f3b75103447f89a34c757360035,018cb52025326bd3c2e995bd61ee482f129a473b9a4bff330add025f99e83008,0a7674651b35cf02ecac581398fd0d6ac5204fc0f435e3f5764533117eea8007,WATCHLIST_DECLARED_ONLY,SESSION_DATE_CUTOFF_ONLY,PROVISIONAL_REPLAYED
