claim_id,schema_version,as_of,generated_at,run_id,snapshot_id,symbol,currency,horizon_sessions,start_market_date,start_adjusted_close,outcome_eligibility,outcome_unavailable_reason,evidence_version,evidence_fingerprint,phase4_report_sha256,phase2_sha256,phase3_sha256,risk_scale_sha256,phase2_source_as_of,phase3_source_as_of,selection_band,selection_state,selection_direction,timing_state,timing_direction,timing_patterns,risk_state,agreement_state,agreement_conflicts,return_claim_direction,dq_selection_state,dq_timing_state,dq_risk_state,volatility_application_status
3b2d7fc84d1520065cd20a3251a4a21e83767d990b218cfd9571677804f3034a,phase4e_shadow_v1,2026-09-24,2026-09-24T19:02:39.570881+00:00,github-36045280392-1,80634446-9faf-4de8-bfa1-81ab2c7a0461,000660.KS,KRW,5,2026-09-23,1862000.0,eligible,,phase4_confidence_research_v1,e5a1072ba3754f9a7e6d60fde5003b579f6a2f73c41b846532159559ad84eb77,c062e4ff2369a9c96f9a36410a4af8397add8c31d8525a020c815f9d51dcb1c2,b6de5899ef419c2be611fab48868833a32c6481f701a0eaf65525513b46754b2,7319e125278a62d9a9f9fad72f66df45ebb3fa8f553ff36ddf3a173e09eeebc2,d3c6f170eb2a6fce3f43e80d7ab094e5c06bc8a276505aa957d651920aeab0a2,2026-09-23T00:00:00+00:00,2026-09-24T00:00:00+00:00,B2,directional_only,negative,unknown,,,middle,insufficient_evidence,,,proxy_complete,proxy_complete_no_claim,proxy_complete,scale_incompatible
6e2d0c8eb6237ffb299896940920295c7892c7e3583858e51c4848f547c4a6e1,phase4e_shadow_v1,2026-09-24,2026-09-24T19:02:39.570881+00:00,github-36045280392-1,80634446-9faf-4de8-bfa1-81ab2c7a0461,000660.KS,KRW,20,2026-09-23,1862000.0,eligible,,phase4_confidence_research_v1,e5a1072ba3754f9a7e6d60fde5003b579f6a2f73c41b846532159559ad84eb77,c062e4ff2369a9c96f9a36410a4af8397add8c31d8525a020c815f9d51dcb1c2,b6de5899ef419c2be611fab48868833a32c6481f701a0eaf65525513b46754b2,7319e125278a62d9a9f9fad72f66df45ebb3fa8f553ff36ddf3a173e09eeebc2,d3c6f170eb2a6fce3f43e80d7ab094e5c06bc8a276505aa957d651920aeab0a2,2026-09-23T00:00:00+00:00,2026-09-24T00:00:00+00:00,B2,immature,,unknown,,,unknown,insufficient_evidence,,,proxy_complete,proxy_complete_no_claim,proxy_insufficient,scale_incompatible
2646a71a81c26a990b833ef4389ebb58bf9f8d13626d8e4b53c62facc99bf762,phase4e_shadow_v1,2026-09-24,2026-09-24T19:02:39.570881+00:00,github-36045280392-1,80634446-9faf-4de8-bfa1-81ab2c7a0461,000660.KS,KRW,40,2026-09-23,1862000.0,eligible,,phase4_confidence_research_v1,e5a1072ba3754f9a7e6d60fde5003b579f6a2f73c41b846532159559ad84eb77,c062e4ff2369a9c96f9a36410a4af8397add8c31d8525a020c815f9d51dcb1c2,b6de5899ef419c2be611fab48868833a32c6481f701a0eaf65525513b46754b2,7319e125278a62d9a9f9fad72f66df45ebb3fa8f553ff36ddf3a173e09eeebc2,d3c6f170eb2a6fce3f43e80d7ab094e5c06bc8a276505aa957d651920aeab0a2,2026-09-23T00:00:00+00:00,2026-09-24T00:00:00+00:00,B2,unavailable,,unknown,,,unknown,insufficient_evidence,,,proxy_complete,proxy_complete_no_claim,proxy_insufficient,scale_incompatible
1ae63742a1be89f7038c1d9bd1393cb789c278a5a53a94e52ac71287ea74f7c6,phase4e_shadow_v1,2026-09-24,2026-09-24T19:02:39.570881+00:00,github-36045280392-1,80634446-9faf-4de8-bfa1-81ab2c7a0461,000660.KS,KRW,60,2026-09-23,1862000.0,eligible,,phase4_confidence_research_v1,e5a1072ba3754f9a7e6d60fde5003b579f6a2f73c41b846532159559ad84eb77,c062e4ff2369a9c96f9a36410a4af8397add8c31d8525a020c815f9d51dcb1c2,b6de5899ef419c2be611fab48868833a32c6481f701a0eaf65525513b46754b2,7319e125278a62d9a9f9fad72f66df45ebb3fa8f553ff36ddf3a173e09eeebc2,d3c6f170eb2a6fce3f43e80d7ab094e5c06bc8a276505aa957d651920aeab0a2,2026-09-23T00:00:00+00:00,2026-09-24T00:00:00+00:00,B2,unavailable,,unknown,,,unknown,insufficient_evidence,,,proxy_complete,proxy_complete_no_claim,proxy_insufficient,scale_incompatible
68e5f4a555f9bba1d1c1608a5927ed6ef33381e4bbec0ed5cd8ccf5aa56b8016,phase4e_shadow_v1,2026-09-24,2026-09-24T19:02:39.570881+00:00,github-36045280392-1,80634446-9faf-4de8-bfa1-81ab2c7a0461,005930.KS,KRW,5,2026-09-23,285500.0,eligible,,phase4_confidence_research_v1,e5a1072ba3754f9a7e6d60fde5003b579f6a2f73c41b846532159559ad84eb77,c062e4ff2369a9c96f9a36410a4af8397add8c31d8525a020c815f9d51dcb1c2,b6de5899ef419c2be611fab48868833a32c6481f701a0eaf65525513b46754b2,7319e125278a62d9a9f9fad72f66df45ebb3fa8f553ff36ddf3a173e09eeebc2,d3c6f170eb2a6fce3f43e80d7ab094e5c06bc8a276505aa957d651920aeab0a2,2026-09-23T00:00:00+00:00,2026-09-24T00:00:00+00:00,B3,robust,positive,unknown,,,middle,single_model,,positive,proxy_complete,proxy_complete_no_claim,proxy_complete,scale_incompatible
486530f5993d161fc3782548cc8200a0bcd60a286a26c41695d7df73c53722bf,phase4e_shadow_v1,2026-09-24,2026-09-24T19:02:39.570881+00:00,github-36045280392-1,80634446-9faf-4de8-bfa1-81ab2c7a0461,005930.KS,KRW,20,2026-09-23,285500.0,eligible,,phase4_confidence_research_v1,e5a1072ba3754f9a7e6d60fde5003b579f6a2f73c41b846532159559ad84eb77,c062e4ff2369a9c96f9a36410a4af8397add8c31d8525a020c815f9d51dcb1c2,b6de5899ef419c2be611fab48868833a32c6481f701a0eaf65525513b46754b2,7319e125278a62d9a9f9fad72f66df45ebb3fa8f553ff36ddf3a173e09eeebc2,d3c6f170eb2a6fce3f43e80d7ab094e5c06bc8a276505aa957d651920aeab0a2,2026-09-23T00:00:00+00:00,2026-09-24T00:00:00+00:00,B3,immature,,unknown,,,unknown,insufficient_evidence,,,proxy_complete,proxy_complete_no_claim,proxy_insufficient,scale_incompatible
3eb27d1c239cfc97d29041d1eb7fe4811bc692bce08696f1c4c84781f25cd1fb,phase4e_shadow_v1,2026-09-24,2026-09-24T19:02:39.570881+00:00,github-36045280392-1,80634446-9faf-4de8-bfa1-81ab2c7a0461,005930.KS,KRW,40,2026-09-23,285500.0,eligible,,phase4_confidence_research_v1,e5a1072ba3754f9a7e6d60fde5003b579f6a2f73c41b846532159559ad84eb77,c062e4ff2369a9c96f9a36410a4af8397add8c31d8525a020c815f9d51dcb1c2,b6de5899ef419c2be611fab48868833a32c6481f701a0eaf65525513b46754b2,7319e125278a62d9a9f9fad72f66df45ebb3fa8f553ff36ddf3a173e09eeebc2,d3c6f170eb2a6fce3f43e80d7ab094e5c06bc8a276505aa957d651920aeab0a2,2026-09-23T00:00:00+00:00,2026-09-24T00:00:00+00:00,B3,unavailable,,unknown,,,unknown,insufficient_evidence,,,proxy_complete,proxy_complete_no_claim,proxy_insufficient,scale_incompatible
b190e1070b372e01cbdf072981bf5b832b06604548a1ec7de079067e27ba25e5,phase4e_shadow_v1,2026-09-24,2026-09-24T19:02:39.570881+00:00,github-36045280392-1,80634446-9faf-4de8-bfa1-81ab2c7a0461,005930.KS,KRW,60,2026-09-23,285500.0,eligible,,phase4_confidence_research_v1,e5a1072ba3754f9a7e6d60fde5003b579f6a2f73c41b846532159559ad84eb77,c062e4ff2369a9c96f9a36410a4af8397add8c31d8525a020c815f9d51dcb1c2,b6de5899ef419c2be611fab48868833a32c6481f701a0eaf65525513b46754b2,7319e125278a62d9a9f9fad72f66df45ebb3fa8f553ff36ddf3a173e09eeebc2,d3c6f170eb2a6fce3f43e80d7ab094e5c06bc8a276505aa957d651920aeab0a2,2026-09-23T00:00:00+00:00,2026-09-24T00:00:00+00:00,B3,unavailable,,unknown,,,unknown,insufficient_evidence,,,proxy_complete,proxy_complete_no_claim,proxy_insufficient,scale_incompatible
b8e4e9aabac6385b9be77b573d7b662af7f460a2465ec9370b90b20f2dc4ae05,phase4e_shadow_v1,2026-09-24,2026-09-24T19:02:39.570881+00:00,github-36045280392-1,80634446-9faf-4de8-bfa1-81ab2c7a0461,0700.HK,HKD,5,2026-09-23,441.0,eligible,,phase4_confidence_research_v1,e5a1072ba3754f9a7e6d60fde5003b579f6a2f73c41b846532159559ad84eb77,c062e4ff2369a9c96f9a36410a4af8397add8c31d8525a020c815f9d51dcb1c2,b6de5899ef419c2be611fab48868833a32c6481f701a0eaf65525513b46754b2,7319e125278a62d9a9f9fad72f66df45ebb3fa8f553ff36ddf3a173e09eeebc2,d3c6f170eb2a6fce3f43e80d7ab094e5c06bc8a276505aa957d651920aeab0a2,2026-09-23T00:00:00+00:00,2026-09-24T00:00:00+00:00,B4,directional_only,negative,unknown,,,middle,insufficient_evidence,,,proxy_complete,proxy_complete_no_claim,proxy_complete,scale_incompatible
f42eff4aef8c9c2bc9ab268b1acc88923de245294272fcaf3a64f3923448314e,phase4e_shadow_v1,2026-09-24,2026-09-24T19:02:39.570881+00:00,github-36045280392-1,80634446-9faf-4de8-bfa1-81ab2c7a0461,0700.HK,HKD,20,2026-09-23,441.0,eligible,,phase4_confidence_research_v1,e5a1072ba3754f9a7e6d60fde5003b579f6a2f73c41b846532159559ad84eb77,c062e4ff2369a9c96f9a36410a4af8397add8c31d8525a020c815f9d51dcb1c2,b6de5899ef419c2be611fab48868833a32c6481f701a0eaf65525513b46754b2,7319e125278a62d9a9f9fad72f66df45ebb3fa8f553ff36ddf3a173e09eeebc2,d3c6f170eb2a6fce3f43e80d7ab094e5c06bc8a276505aa957d651920aeab0a2,2026-09-23T00:00:00+00:00,2026-09-24T00:00:00+00:00,B4,immature,,unknown,,,unknown,insufficient_evidence,,,proxy_complete,proxy_complete_no_claim,proxy_insufficient,scale_incompatible
2786b8b90a61ad0a0b6ec2af57b1485d5e40175acc39d3f87e436c298461c09f,phase4e_shadow_v1,2026-09-24,2026-09-24T19:02:39.570881+00:00,github-36045280392-1,80634446-9faf-4de8-bfa1-81ab2c7a0461,0700.HK,HKD,40,2026-09-23,441.0,eligible,,phase4_confidence_research_v1,e5a1072ba3754f9a7e6d60fde5003b579f6a2f73c41b846532159559ad84eb77,c062e4ff2369a9c96f9a36410a4af8397add8c31d8525a020c815f9d51dcb1c2,b6de5899ef419c2be611fab48868833a32c6481f701a0eaf65525513b46754b2,7319e125278a62d9a9f9fad72f66df45ebb3fa8f553ff36ddf3a173e09eeebc2,d3c6f170eb2a6fce3f43e80d7ab094e5c06bc8a276505aa957d651920aeab0a2,2026-09-23T00:00:00+00:00,2026-09-24T00:00:00+00:00,B4,unavailable,,unknown,,,unknown,insufficient_evidence,,,proxy_complete,proxy_complete_no_claim,proxy_insufficient,scale_incompatible
cd03eb688f33f44fccdde9fa3e19d09afbd0e72e098dd81e87e081d5b20e6080,phase4e_shadow_v1,2026-09-24,2026-09-24T19:02:39.570881+00:00,github-36045280392-1,80634446-9faf-4de8-bfa1-81ab2c7a0461,0700.HK,HKD,60,2026-09-23,441.0,eligible,,phase4_confidence_research_v1,e5a1072ba3754f9a7e6d60fde5003b579f6a2f73c41b846532159559ad84eb77,c062e4ff2369a9c96f9a36410a4af8397add8c31d8525a020c815f9d51dcb1c2,b6de5899ef419c2be611fab48868833a32c6481f701a0eaf65525513b46754b2,7319e125278a62d9a9f9fad72f66df45ebb3fa8f553ff36ddf3a173e09eeebc2,d3c6f170eb2a6fce3f43e80d7ab094e5c06bc8a276505aa957d651920aeab0a2,2026-09-23T00:00:00+00:00,2026-09-24T00:00:00+00:00,B4,unavailable,,unknown,,,unknown,insufficient_evidence,,,proxy_complete,proxy_complete_no_claim,proxy_insufficient,scale_incompatible
c58f61d1c4989230333a766d2ffe80d2a43e79c14f5bf8acd6cb9e4620ddc782,phase4e_shadow_v1,2026-09-24,2026-09-24T19:02:39.570881+00:00,github-36045280392-1,80634446-9faf-4de8-bfa1-81ab2c7a0461,0857.HK,HKD,5,2026-09-23,9.350000381469728,eligible,,phase4_confidence_research_v1,e5a1072ba3754f9a7e6d60fde5003b579f6a2f73c41b846532159559ad84eb77,c062e4ff2369a9c96f9a36410a4af8397add8c31d8525a020c815f9d51dcb1c2,b6de5899ef419c2be611fab48868833a32c6481f701a0eaf65525513b46754b2,7319e125278a62d9a9f9fad72f66df45ebb3fa8f553ff36ddf3a173e09eeebc2,d3c6f170eb2a6fce3f43e80d7ab094e5c06bc8a276505aa957d651920aeab0a2,2026-09-23T00:00:00+00:00,2026-09-24T00:00:00+00:00,B4,directional_only,negative,unknown,,,middle,insufficient_evidence,,,proxy_complete,proxy_complete_no_claim,proxy_complete,scale_incompatible
d1dc670592da4cf67b4a6efc69cb6f8bfcda4d81f5a2f2291d63fb71b754978a,phase4e_shadow_v1,2026-09-24,2026-09-24T19:02:39.570881+00:00,github-36045280392-1,80634446-9faf-4de8-bfa1-81ab2c7a0461,0857.HK,HKD,20,2026-09-23,9.350000381469728,eligible,,phase4_confidence_research_v1,e5a1072ba3754f9a7e6d60fde5003b579f6a2f73c41b846532159559ad84eb77,c062e4ff2369a9c96f9a36410a4af8397add8c31d8525a020c815f9d51dcb1c2,b6de5899ef419c2be611fab48868833a32c6481f701a0eaf65525513b46754b2,7319e125278a62d9a9f9fad72f66df45ebb3fa8f553ff36ddf3a173e09eeebc2,d3c6f170eb2a6fce3f43e80d7ab094e5c06bc8a276505aa957d651920aeab0a2,2026-09-23T00:00:00+00:00,2026-09-24T00:00:00+00:00,B4,immature,,unknown,,,unknown,insufficient_evidence,,,proxy_complete,proxy_complete_no_claim,proxy_insufficient,scale_incompatible
7c599cae8b1c29b1827aae923bbf37e96a067c35f72e4ad079a48c346e073854,phase4e_shadow_v1,2026-09-24,2026-09-24T19:02:39.570881+00:00,github-36045280392-1,80634446-9faf-4de8-bfa1-81ab2c7a0461,0857.HK,HKD,40,2026-09-23,9.350000381469728,eligible,,phase4_confidence_research_v1,e5a1072ba3754f9a7e6d60fde5003b579f6a2f73c41b846532159559ad84eb77,c062e4ff2369a9c96f9a36410a4af8397add8c31d8525a020c815f9d51dcb1c2,b6de5899ef419c2be611fab48868833a32c6481f701a0eaf65525513b46754b2,7319e125278a62d9a9f9fad72f66df45ebb3fa8f553ff36ddf3a173e09eeebc2,d3c6f170eb2a6fce3f43e80d7ab094e5c06bc8a276505aa957d651920aeab0a2,2026-09-23T00:00:00+00:00,2026-09-24T00:00:00+00:00,B4,unavailable,,unknown,,,unknown,insufficient_evidence,,,proxy_complete,proxy_complete_no_claim,proxy_insufficient,scale_incompatible
189f561a94e8ef0f7dc83c1baa826ea89842ef0de58157ac6a202b91dd2ee522,phase4e_shadow_v1,2026-09-24,2026-09-24T19:02:39.570881+00:00,github-36045280392-1,80634446-9faf-4de8-bfa1-81ab2c7a0461,0857.HK,HKD,60,2026-09-23,9.350000381469728,eligible,,phase4_confidence_research_v1,e5a1072ba3754f9a7e6d60fde5003b579f6a2f73c41b846532159559ad84eb77,c062e4ff2369a9c96f9a36410a4af8397add8c31d8525a020c815f9d51dcb1c2,b6de5899ef419c2be611fab48868833a32c6481f701a0eaf65525513b46754b2,7319e125278a62d9a9f9fad72f66df45ebb3fa8f553ff36ddf3a173e09eeebc2,d3c6f170eb2a6fce3f43e80d7ab094e5c06bc8a276505aa957d651920aeab0a2,2026-09-23T00:00:00+00:00,2026-09-24T00:00:00+00:00,B4,unavailable,,unknown,,,unknown,insufficient_evidence,,,proxy_complete,proxy_complete_no_claim,proxy_insufficient,scale_incompatible
d9c5de257cb3524a6af7069f0d04aac12fd1978579133ee4c07c0eae63828a5f,phase4e_shadow_v1,2026-09-24,2026-09-24T19:02:39.570881+00:00,github-36045280392-1,80634446-9faf-4de8-bfa1-81ab2c7a0461,1211.HK,HKD,5,2026-09-23,80.3499984741211,eligible,,phase4_confidence_research_v1,e5a1072ba3754f9a7e6d60fde5003b579f6a2f73c41b846532159559ad84eb77,c062e4ff2369a9c96f9a36410a4af8397add8c31d8525a020c815f9d51dcb1c2,b6de5899ef419c2be611fab48868833a32c6481f701a0eaf65525513b46754b2,7319e125278a62d9a9f9fad72f66df45ebb3fa8f553ff36ddf3a173e09eeebc2,d3c6f170eb2a6fce3f43e80d7ab094e5c06bc8a276505aa957d651920aeab0a2,2026-09-23T00:00:00+00:00,2026-09-24T00:00:00+00:00,B3,robust,positive,unknown,,,middle,single_model,,positive,proxy_complete,proxy_partial_no_claim,proxy_complete,scale_incompatible
579e89e7dce0a76d9e8050c8006b0cbe8b1190c321325fa313ef11b8cec7bd58,phase4e_shadow_v1,2026-09-24,2026-09-24T19:02:39.570881+00:00,github-36045280392-1,80634446-9faf-4de8-bfa1-81ab2c7a0461,1211.HK,HKD,20,2026-09-23,80.3499984741211,eligible,,phase4_confidence_research_v1,e5a1072ba3754f9a7e6d60fde5003b579f6a2f73c41b846532159559ad84eb77,c062e4ff2369a9c96f9a36410a4af8397add8c31d8525a020c815f9d51dcb1c2,b6de5899ef419c2be611fab48868833a32c6481f701a0eaf65525513b46754b2,7319e125278a62d9a9f9fad72f66df45ebb3fa8f553ff36ddf3a173e09eeebc2,d3c6f170eb2a6fce3f43e80d7ab094e5c06bc8a276505aa957d651920aeab0a2,2026-09-23T00:00:00+00:00,2026-09-24T00:00:00+00:00,B3,immature,,unknown,,,unknown,insufficient_evidence,,,proxy_complete,proxy_complete_no_claim,proxy_insufficient,scale_incompatible
53951df1ef8c6354abdb67de6ea904b99ed0b527c8c42fc984ec2fb9b802eab9,phase4e_shadow_v1,2026-09-24,2026-09-24T19:02:39.570881+00:00,github-36045280392-1,80634446-9faf-4de8-bfa1-81ab2c7a0461,1211.HK,HKD,40,2026-09-23,80.3499984741211,eligible,,phase4_confidence_research_v1,e5a1072ba3754f9a7e6d60fde5003b579f6a2f73c41b846532159559ad84eb77,c062e4ff2369a9c96f9a36410a4af8397add8c31d8525a020c815f9d51dcb1c2,b6de5899ef419c2be611fab48868833a32c6481f701a0eaf65525513b46754b2,7319e125278a62d9a9f9fad72f66df45ebb3fa8f553ff36ddf3a173e09eeebc2,d3c6f170eb2a6fce3f43e80d7ab094e5c06bc8a276505aa957d651920aeab0a2,2026-09-23T00:00:00+00:00,2026-09-24T00:00:00+00:00,B3,unavailable,,unknown,,,unknown,insufficient_evidence,,,proxy_complete,proxy_complete_no_claim,proxy_insufficient,scale_incompatible
a34835bfb10b4071d587dd2b7c39f16d668616040ee9a84f38805af091a3ba00,phase4e_shadow_v1,2026-09-24,2026-09-24T19:02:39.570881+00:00,github-36045280392-1,80634446-9faf-4de8-bfa1-81ab2c7a0461,1211.HK,HKD,60,2026-09-23,80.3499984741211,eligible,,phase4_confidence_research_v1,e5a1072ba3754f9a7e6d60fde5003b579f6a2f73c41b846532159559ad84eb77,c062e4ff2369a9c96f9a36410a4af8397add8c31d8525a020c815f9d51dcb1c2,b6de5899ef419c2be611fab48868833a32c6481f701a0eaf65525513b46754b2,7319e125278a62d9a9f9fad72f66df45ebb3fa8f553ff36ddf3a173e09eeebc2,d3c6f170eb2a6fce3f43e80d7ab094e5c06bc8a276505aa957d651920aeab0a2,2026-09-23T00:00:00+00:00,2026-09-24T00:00:00+00:00,B3,unavailable,,unknown,,,unknown,insufficient_evidence,,,proxy_complete,proxy_complete_no_claim,proxy_insufficient,scale_incompatible
145cff39a67c27b7d363d2a29c7bbf328c291d39057826c09c241d935cc4e312,phase4e_shadow_v1,2026-09-24,2026-09-24T19:02:39.570881+00:00,github-36045280392-1,80634446-9faf-4de8-bfa1-81ab2c7a0461,1810.HK,HKD,5,2026-09-23,26.18000030517578,eligible,,phase4_confidence_research_v1,e5a1072ba3754f9a7e6d60fde5003b579f6a2f73c41b846532159559ad84eb77,c062e4ff2369a9c96f9a36410a4af8397add8c31d8525a020c815f9d51dcb1c2,b6de5899ef419c2be611fab48868833a32c6481f701a0eaf65525513b46754b2,7319e125278a62d9a9f9fad72f66df45ebb3fa8f553ff36ddf3a173e09eeebc2,d3c6f170eb2a6fce3f43e80d7ab094e5c06bc8a276505aa957d651920aeab0a2,2026-09-23T00:00:00+00:00,2026-09-24T00:00:00+00:00,B3,robust,positive,robust_claim,positive,trend200_d10_down & trend200_d1_down & rs3m_d1_up,elevated,conflict,positive_return_claim_vs_elevated_downside_risk,positive,proxy_complete,proxy_complete,proxy_complete,scale_incompatible
f95e87bc1fe7fac4da65b9495cf51663ab90d13554823e504b27efb53cf0c844,phase4e_shadow_v1,2026-09-24,2026-09-24T19:02:39.570881+00:00,github-36045280392-1,80634446-9faf-4de8-bfa1-81ab2c7a0461,1810.HK,HKD,20,2026-09-23,26.18000030517578,eligible,,phase4_confidence_research_v1,e5a1072ba3754f9a7e6d60fde5003b579f6a2f73c41b846532159559ad84eb77,c062e4ff2369a9c96f9a36410a4af8397add8c31d8525a020c815f9d51dcb1c2,b6de5899ef419c2be611fab48868833a32c6481f701a0eaf65525513b46754b2,7319e125278a62d9a9f9fad72f66df45ebb3fa8f553ff36ddf3a173e09eeebc2,d3c6f170eb2a6fce3f43e80d7ab094e5c06bc8a276505aa957d651920aeab0a2,2026-09-23T00:00:00+00:00,2026-09-24T00:00:00+00:00,B3,immature,,unknown,,,unknown,insufficient_evidence,,,proxy_complete,proxy_complete_no_claim,proxy_insufficient,scale_incompatible
4ce00d4f14bd45e4308d02d6c747fb496989f6b3128152656dcf56a4e9fe4d19,phase4e_shadow_v1,2026-09-24,2026-09-24T19:02:39.570881+00:00,github-36045280392-1,80634446-9faf-4de8-bfa1-81ab2c7a0461,1810.HK,HKD,40,2026-09-23,26.18000030517578,eligible,,phase4_confidence_research_v1,e5a1072ba3754f9a7e6d60fde5003b579f6a2f73c41b846532159559ad84eb77,c062e4ff2369a9c96f9a36410a4af8397add8c31d8525a020c815f9d51dcb1c2,b6de5899ef419c2be611fab48868833a32c6481f701a0eaf65525513b46754b2,7319e125278a62d9a9f9fad72f66df45ebb3fa8f553ff36ddf3a173e09eeebc2,d3c6f170eb2a6fce3f43e80d7ab094e5c06bc8a276505aa957d651920aeab0a2,2026-09-23T00:00:00+00:00,2026-09-24T00:00:00+00:00,B3,unavailable,,unknown,,,unknown,insufficient_evidence,,,proxy_complete,proxy_complete_no_claim,proxy_insufficient,scale_incompatible
8f8878f18d4ace99adcb17aeded937a1d168ec9dcb3c65387f7ae769d3b090dc,phase4e_shadow_v1,2026-09-24,2026-09-24T19:02:39.570881+00:00,github-36045280392-1,80634446-9faf-4de8-bfa1-81ab2c7a0461,1810.HK,HKD,60,2026-09-23,26.18000030517578,eligible,,phase4_confidence_research_v1,e5a1072ba3754f9a7e6d60fde5003b579f6a2f73c41b846532159559ad84eb77,c062e4ff2369a9c96f9a36410a4af8397add8c31d8525a020c815f9d51dcb1c2,b6de5899ef419c2be611fab48868833a32c6481f701a0eaf65525513b46754b2,7319e125278a62d9a9f9fad72f66df45ebb3fa8f553ff36ddf3a173e09eeebc2,d3c6f170eb2a6fce3f43e80d7ab094e5c06bc8a276505aa957d651920aeab0a2,2026-09-23T00:00:00+00:00,2026-09-24T00:00:00+00:00,B3,unavailable,,unknown,,,unknown,insufficient_evidence,,,proxy_complete,proxy_complete_no_claim,proxy_insufficient,scale_incompatible
dfc036828f6b5710f0ed9c791c52e84afc6617abcef6aae0e571e66f5f71041c,phase4e_shadow_v1,2026-09-24,2026-09-24T19:02:39.570881+00:00,github-36045280392-1,80634446-9faf-4de8-bfa1-81ab2c7a0461,2899.HK,HKD,5,2026-09-23,33.58000183105469,eligible,,phase4_confidence_research_v1,e5a1072ba3754f9a7e6d60fde5003b579f6a2f73c41b846532159559ad84eb77,c062e4ff2369a9c96f9a36410a4af8397add8c31d8525a020c815f9d51dcb1c2,b6de5899ef419c2be611fab48868833a32c6481f701a0eaf65525513b46754b2,7319e125278a62d9a9f9fad72f66df45ebb3fa8f553ff36ddf3a173e09eeebc2,d3c6f170eb2a6fce3f43e80d7ab094e5c06bc8a276505aa957d651920aeab0a2,2026-09-23T00:00:00+00:00,2026-09-24T00:00:00+00:00,B4,directional_only,negative,robust_claim,positive,trend200_d10_down & trend200_d1_down & rs3m_d1_up,middle,single_model,,positive,proxy_complete,proxy_complete,proxy_complete,scale_incompatible
a2fe6cda28acca672cdb7140286c598f9d9f78b25ca9f149095a21a55b477ee3,phase4e_shadow_v1,2026-09-24,2026-09-24T19:02:39.570881+00:00,github-36045280392-1,80634446-9faf-4de8-bfa1-81ab2c7a0461,2899.HK,HKD,20,2026-09-23,33.58000183105469,eligible,,phase4_confidence_research_v1,e5a1072ba3754f9a7e6d60fde5003b579f6a2f73c41b846532159559ad84eb77,c062e4ff2369a9c96f9a36410a4af8397add8c31d8525a020c815f9d51dcb1c2,b6de5899ef419c2be611fab48868833a32c6481f701a0eaf65525513b46754b2,7319e125278a62d9a9f9fad72f66df45ebb3fa8f553ff36ddf3a173e09eeebc2,d3c6f170eb2a6fce3f43e80d7ab094e5c06bc8a276505aa957d651920aeab0a2,2026-09-23T00:00:00+00:00,2026-09-24T00:00:00+00:00,B4,immature,,unknown,,,unknown,insufficient_evidence,,,proxy_complete,proxy_complete_no_claim,proxy_insufficient,scale_incompatible
93b99b114f494629fff7ea60817b77287aa47150bbd7cf4e262c50d4c2a4d84c,phase4e_shadow_v1,2026-09-24,2026-09-24T19:02:39.570881+00:00,github-36045280392-1,80634446-9faf-4de8-bfa1-81ab2c7a0461,2899.HK,HKD,40,2026-09-23,33.58000183105469,eligible,,phase4_confidence_research_v1,e5a1072ba3754f9a7e6d60fde5003b579f6a2f73c41b846532159559ad84eb77,c062e4ff2369a9c96f9a36410a4af8397add8c31d8525a020c815f9d51dcb1c2,b6de5899ef419c2be611fab48868833a32c6481f701a0eaf65525513b46754b2,7319e125278a62d9a9f9fad72f66df45ebb3fa8f553ff36ddf3a173e09eeebc2,d3c6f170eb2a6fce3f43e80d7ab094e5c06bc8a276505aa957d651920aeab0a2,2026-09-23T00:00:00+00:00,2026-09-24T00:00:00+00:00,B4,unavailable,,unknown,,,unknown,insufficient_evidence,,,proxy_complete,proxy_complete_no_claim,proxy_insufficient,scale_incompatible
b2bb75ee39abd152ffbb35e64697c1ab38991533c34e609ef113ddb8c5ac083d,phase4e_shadow_v1,2026-09-24,2026-09-24T19:02:39.570881+00:00,github-36045280392-1,80634446-9faf-4de8-bfa1-81ab2c7a0461,2899.HK,HKD,60,2026-09-23,33.58000183105469,eligible,,phase4_confidence_research_v1,e5a1072ba3754f9a7e6d60fde5003b579f6a2f73c41b846532159559ad84eb77,c062e4ff2369a9c96f9a36410a4af8397add8c31d8525a020c815f9d51dcb1c2,b6de5899ef419c2be611fab48868833a32c6481f701a0eaf65525513b46754b2,7319e125278a62d9a9f9fad72f66df45ebb3fa8f553ff36ddf3a173e09eeebc2,d3c6f170eb2a6fce3f43e80d7ab094e5c06bc8a276505aa957d651920aeab0a2,2026-09-23T00:00:00+00:00,2026-09-24T00:00:00+00:00,B4,unavailable,,unknown,,,unknown,insufficient_evidence,,,proxy_complete,proxy_complete_no_claim,proxy_insufficient,scale_incompatible
8f42e4caff2995f4673a0edba080a375dc42a33cbe5a871a4d41956cf7425629,phase4e_shadow_v1,2026-09-24,2026-09-24T19:02:39.570881+00:00,github-36045280392-1,80634446-9faf-4de8-bfa1-81ab2c7a0461,3750.HK,HKD,5,2026-09-23,511.5,eligible,,phase4_confidence_research_v1,e5a1072ba3754f9a7e6d60fde5003b579f6a2f73c41b846532159559ad84eb77,c062e4ff2369a9c96f9a36410a4af8397add8c31d8525a020c815f9d51dcb1c2,b6de5899ef419c2be611fab48868833a32c6481f701a0eaf65525513b46754b2,7319e125278a62d9a9f9fad72f66df45ebb3fa8f553ff36ddf3a173e09eeebc2,d3c6f170eb2a6fce3f43e80d7ab094e5c06bc8a276505aa957d651920aeab0a2,2026-09-23T00:00:00+00:00,2026-09-24T00:00:00+00:00,B3,robust,positive,robust_claim,positive,trend200_d10_down & trend200_d1_down & rs3m_d1_up,middle,compatible,,positive,proxy_complete,proxy_complete,proxy_complete,scale_incompatible
0d3bacaa7bc24e44928a1d2148884399951d1dfc54ef160e7991a8bf03397bdd,phase4e_shadow_v1,2026-09-24,2026-09-24T19:02:39.570881+00:00,github-36045280392-1,80634446-9faf-4de8-bfa1-81ab2c7a0461,3750.HK,HKD,20,2026-09-23,511.5,eligible,,phase4_confidence_research_v1,e5a1072ba3754f9a7e6d60fde5003b579f6a2f73c41b846532159559ad84eb77,c062e4ff2369a9c96f9a36410a4af8397add8c31d8525a020c815f9d51dcb1c2,b6de5899ef419c2be611fab48868833a32c6481f701a0eaf65525513b46754b2,7319e125278a62d9a9f9fad72f66df45ebb3fa8f553ff36ddf3a173e09eeebc2,d3c6f170eb2a6fce3f43e80d7ab094e5c06bc8a276505aa957d651920aeab0a2,2026-09-23T00:00:00+00:00,2026-09-24T00:00:00+00:00,B3,immature,,unknown,,,unknown,insufficient_evidence,,,proxy_complete,proxy_complete_no_claim,proxy_insufficient,scale_incompatible
f916d0f62c273c26e0dc195943c5c1c8bc93aff3a0ff00c280e655125fcc1c65,phase4e_shadow_v1,2026-09-24,2026-09-24T19:02:39.570881+00:00,github-36045280392-1,80634446-9faf-4de8-bfa1-81ab2c7a0461,3750.HK,HKD,40,2026-09-23,511.5,eligible,,phase4_confidence_research_v1,e5a1072ba3754f9a7e6d60fde5003b579f6a2f73c41b846532159559ad84eb77,c062e4ff2369a9c96f9a36410a4af8397add8c31d8525a020c815f9d51dcb1c2,b6de5899ef419c2be611fab48868833a32c6481f701a0eaf65525513b46754b2,7319e125278a62d9a9f9fad72f66df45ebb3fa8f553ff36ddf3a173e09eeebc2,d3c6f170eb2a6fce3f43e80d7ab094e5c06bc8a276505aa957d651920aeab0a2,2026-09-23T00:00:00+00:00,2026-09-24T00:00:00+00:00,B3,unavailable,,unknown,,,unknown,insufficient_evidence,,,proxy_complete,proxy_complete_no_claim,proxy_insufficient,scale_incompatible
63e8a50fc7ee8cc28fc70e017de63318f345fd04787981398ba6baf378006af5,phase4e_shadow_v1,2026-09-24,2026-09-24T19:02:39.570881+00:00,github-36045280392-1,80634446-9faf-4de8-bfa1-81ab2c7a0461,3750.HK,HKD,60,2026-09-23,511.5,eligible,,phase4_confidence_research_v1,e5a1072ba3754f9a7e6d60fde5003b579f6a2f73c41b846532159559ad84eb77,c062e4ff2369a9c96f9a36410a4af8397add8c31d8525a020c815f9d51dcb1c2,b6de5899ef419c2be611fab48868833a32c6481f701a0eaf65525513b46754b2,7319e125278a62d9a9f9fad72f66df45ebb3fa8f553ff36ddf3a173e09eeebc2,d3c6f170eb2a6fce3f43e80d7ab094e5c06bc8a276505aa957d651920aeab0a2,2026-09-23T00:00:00+00:00,2026-09-24T00:00:00+00:00,B3,unavailable,,unknown,,,unknown,insufficient_evidence,,,proxy_complete,proxy_complete_no_claim,proxy_insufficient,scale_incompatible
096c64571e04be610f5c7da1a33fb615f44d1e697e8bda3eaee2ce5c8d3ed098,phase4e_shadow_v1,2026-09-24,2026-09-24T19:02:39.570881+00:00,github-36045280392-1,80634446-9faf-4de8-bfa1-81ab2c7a0461,6503.T,JPY,5,2026-09-18,5126.0,eligible,,phase4_confidence_research_v1,e5a1072ba3754f9a7e6d60fde5003b579f6a2f73c41b846532159559ad84eb77,c062e4ff2369a9c96f9a36410a4af8397add8c31d8525a020c815f9d51dcb1c2,b6de5899ef419c2be611fab48868833a32c6481f701a0eaf65525513b46754b2,7319e125278a62d9a9f9fad72f66df45ebb3fa8f553ff36ddf3a173e09eeebc2,d3c6f170eb2a6fce3f43e80d7ab094e5c06bc8a276505aa957d651920aeab0a2,2026-09-23T00:00:00+00:00,2026-09-24T00:00:00+00:00,B4,directional_only,negative,unknown,,,middle,insufficient_evidence,,,proxy_complete,proxy_complete_no_claim,proxy_complete,scale_incompatible
9dfd8e62ec6fc1dd25b13b62a3b06f91dcf68a595faee3b4065f6b29115be11b,phase4e_shadow_v1,2026-09-24,2026-09-24T19:02:39.570881+00:00,github-36045280392-1,80634446-9faf-4de8-bfa1-81ab2c7a0461,6503.T,JPY,20,2026-09-18,5126.0,eligible,,phase4_confidence_research_v1,e5a1072ba3754f9a7e6d60fde5003b579f6a2f73c41b846532159559ad84eb77,c062e4ff2369a9c96f9a36410a4af8397add8c31d8525a020c815f9d51dcb1c2,b6de5899ef419c2be611fab48868833a32c6481f701a0eaf65525513b46754b2,7319e125278a62d9a9f9fad72f66df45ebb3fa8f553ff36ddf3a173e09eeebc2,d3c6f170eb2a6fce3f43e80d7ab094e5c06bc8a276505aa957d651920aeab0a2,2026-09-23T00:00:00+00:00,2026-09-24T00:00:00+00:00,B4,immature,,unknown,,,unknown,insufficient_evidence,,,proxy_complete,proxy_complete_no_claim,proxy_insufficient,scale_incompatible
2562efbe6b8e1cd560452d68182d58fe0505adbf12f48e2f51701f369569d2e3,phase4e_shadow_v1,2026-09-24,2026-09-24T19:02:39.570881+00:00,github-36045280392-1,80634446-9faf-4de8-bfa1-81ab2c7a0461,6503.T,JPY,40,2026-09-18,5126.0,eligible,,phase4_confidence_research_v1,e5a1072ba3754f9a7e6d60fde5003b579f6a2f73c41b846532159559ad84eb77,c062e4ff2369a9c96f9a36410a4af8397add8c31d8525a020c815f9d51dcb1c2,b6de5899ef419c2be611fab48868833a32c6481f701a0eaf65525513b46754b2,7319e125278a62d9a9f9fad72f66df45ebb3fa8f553ff36ddf3a173e09eeebc2,d3c6f170eb2a6fce3f43e80d7ab094e5c06bc8a276505aa957d651920aeab0a2,2026-09-23T00:00:00+00:00,2026-09-24T00:00:00+00:00,B4,unavailable,,unknown,,,unknown,insufficient_evidence,,,proxy_complete,proxy_complete_no_claim,proxy_insufficient,scale_incompatible
9d78f0efbca25d0e39b31d4f9e8919e366d5b8f77cf61b85d9e5070a04aa4cdc,phase4e_shadow_v1,2026-09-24,2026-09-24T19:02:39.570881+00:00,github-36045280392-1,80634446-9faf-4de8-bfa1-81ab2c7a0461,6503.T,JPY,60,2026-09-18,5126.0,eligible,,phase4_confidence_research_v1,e5a1072ba3754f9a7e6d60fde5003b579f6a2f73c41b846532159559ad84eb77,c062e4ff2369a9c96f9a36410a4af8397add8c31d8525a020c815f9d51dcb1c2,b6de5899ef419c2be611fab48868833a32c6481f701a0eaf65525513b46754b2,7319e125278a62d9a9f9fad72f66df45ebb3fa8f553ff36ddf3a173e09eeebc2,d3c6f170eb2a6fce3f43e80d7ab094e5c06bc8a276505aa957d651920aeab0a2,2026-09-23T00:00:00+00:00,2026-09-24T00:00:00+00:00,B4,unavailable,,unknown,,,unknown,insufficient_evidence,,,proxy_complete,proxy_complete_no_claim,proxy_insufficient,scale_incompatible
f9441b751ab4367b9f985abd285f4d64a6f2ed107e7a2d754df227985a32a084,phase4e_shadow_v1,2026-09-24,2026-09-24T19:02:39.570881+00:00,github-36045280392-1,80634446-9faf-4de8-bfa1-81ab2c7a0461,6506.T,JPY,5,2026-09-18,4383.0,eligible,,phase4_confidence_research_v1,e5a1072ba3754f9a7e6d60fde5003b579f6a2f73c41b846532159559ad84eb77,c062e4ff2369a9c96f9a36410a4af8397add8c31d8525a020c815f9d51dcb1c2,b6de5899ef419c2be611fab48868833a32c6481f701a0eaf65525513b46754b2,7319e125278a62d9a9f9fad72f66df45ebb3fa8f553ff36ddf3a173e09eeebc2,d3c6f170eb2a6fce3f43e80d7ab094e5c06bc8a276505aa957d651920aeab0a2,2026-09-23T00:00:00+00:00,2026-09-24T00:00:00+00:00,B2,directional_only,negative,unknown,,,middle,insufficient_evidence,,,proxy_complete,proxy_complete_no_claim,proxy_complete,scale_incompatible
e55e7d5bc910c90a7ad0baffb577954e059c4691ac912513e9f3d8a1f3a865e0,phase4e_shadow_v1,2026-09-24,2026-09-24T19:02:39.570881+00:00,github-36045280392-1,80634446-9faf-4de8-bfa1-81ab2c7a0461,6506.T,JPY,20,2026-09-18,4383.0,eligible,,phase4_confidence_research_v1,e5a1072ba3754f9a7e6d60fde5003b579f6a2f73c41b846532159559ad84eb77,c062e4ff2369a9c96f9a36410a4af8397add8c31d8525a020c815f9d51dcb1c2,b6de5899ef419c2be611fab48868833a32c6481f701a0eaf65525513b46754b2,7319e125278a62d9a9f9fad72f66df45ebb3fa8f553ff36ddf3a173e09eeebc2,d3c6f170eb2a6fce3f43e80d7ab094e5c06bc8a276505aa957d651920aeab0a2,2026-09-23T00:00:00+00:00,2026-09-24T00:00:00+00:00,B2,immature,,unknown,,,unknown,insufficient_evidence,,,proxy_complete,proxy_complete_no_claim,proxy_insufficient,scale_incompatible
6182e1f4141262efb5578d784312c68e8cd1cc0930c97c1310c0ccad7e70efaa,phase4e_shadow_v1,2026-09-24,2026-09-24T19:02:39.570881+00:00,github-36045280392-1,80634446-9faf-4de8-bfa1-81ab2c7a0461,6506.T,JPY,40,2026-09-18,4383.0,eligible,,phase4_confidence_research_v1,e5a1072ba3754f9a7e6d60fde5003b579f6a2f73c41b846532159559ad84eb77,c062e4ff2369a9c96f9a36410a4af8397add8c31d8525a020c815f9d51dcb1c2,b6de5899ef419c2be611fab48868833a32c6481f701a0eaf65525513b46754b2,7319e125278a62d9a9f9fad72f66df45ebb3fa8f553ff36ddf3a173e09eeebc2,d3c6f170eb2a6fce3f43e80d7ab094e5c06bc8a276505aa957d651920aeab0a2,2026-09-23T00:00:00+00:00,2026-09-24T00:00:00+00:00,B2,unavailable,,unknown,,,unknown,insufficient_evidence,,,proxy_complete,proxy_complete_no_claim,proxy_insufficient,scale_incompatible
c6ad361511e3a63f7ccaaf661bee88f32a8dca26b73f44eb53251c77213a1c62,phase4e_shadow_v1,2026-09-24,2026-09-24T19:02:39.570881+00:00,github-36045280392-1,80634446-9faf-4de8-bfa1-81ab2c7a0461,6506.T,JPY,60,2026-09-18,4383.0,eligible,,phase4_confidence_research_v1,e5a1072ba3754f9a7e6d60fde5003b579f6a2f73c41b846532159559ad84eb77,c062e4ff2369a9c96f9a36410a4af8397add8c31d8525a020c815f9d51dcb1c2,b6de5899ef419c2be611fab48868833a32c6481f701a0eaf65525513b46754b2,7319e125278a62d9a9f9fad72f66df45ebb3fa8f553ff36ddf3a173e09eeebc2,d3c6f170eb2a6fce3f43e80d7ab094e5c06bc8a276505aa957d651920aeab0a2,2026-09-23T00:00:00+00:00,2026-09-24T00:00:00+00:00,B2,unavailable,,unknown,,,unknown,insufficient_evidence,,,proxy_complete,proxy_complete_no_claim,proxy_insufficient,scale_incompatible
182de795b2ad182e4154c099b722f00316bd657dcd2862ca750a0c2bad2cd09f,phase4e_shadow_v1,2026-09-24,2026-09-24T19:02:39.570881+00:00,github-36045280392-1,80634446-9faf-4de8-bfa1-81ab2c7a0461,6861.T,JPY,5,2026-09-18,76580.0,eligible,,phase4_confidence_research_v1,e5a1072ba3754f9a7e6d60fde5003b579f6a2f73c41b846532159559ad84eb77,c062e4ff2369a9c96f9a36410a4af8397add8c31d8525a020c815f9d51dcb1c2,b6de5899ef419c2be611fab48868833a32c6481f701a0eaf65525513b46754b2,7319e125278a62d9a9f9fad72f66df45ebb3fa8f553ff36ddf3a173e09eeebc2,d3c6f170eb2a6fce3f43e80d7ab094e5c06bc8a276505aa957d651920aeab0a2,2026-09-23T00:00:00+00:00,2026-09-24T00:00:00+00:00,B2,directional_only,negative,unknown,,,low,insufficient_evidence,,,proxy_complete,proxy_complete_no_claim,proxy_complete,scale_incompatible
4d145e5ce3b806f75dd2a2008f071b466efaa1462254ccec75f6ba1db98deeda,phase4e_shadow_v1,2026-09-24,2026-09-24T19:02:39.570881+00:00,github-36045280392-1,80634446-9faf-4de8-bfa1-81ab2c7a0461,6861.T,JPY,20,2026-09-18,76580.0,eligible,,phase4_confidence_research_v1,e5a1072ba3754f9a7e6d60fde5003b579f6a2f73c41b846532159559ad84eb77,c062e4ff2369a9c96f9a36410a4af8397add8c31d8525a020c815f9d51dcb1c2,b6de5899ef419c2be611fab48868833a32c6481f701a0eaf65525513b46754b2,7319e125278a62d9a9f9fad72f66df45ebb3fa8f553ff36ddf3a173e09eeebc2,d3c6f170eb2a6fce3f43e80d7ab094e5c06bc8a276505aa957d651920aeab0a2,2026-09-23T00:00:00+00:00,2026-09-24T00:00:00+00:00,B2,immature,,unknown,,,unknown,insufficient_evidence,,,proxy_complete,proxy_complete_no_claim,proxy_insufficient,scale_incompatible
f2f88b4533bb4ff098d132b84fbf064bea0810e2161839cbf310907b75650757,phase4e_shadow_v1,2026-09-24,2026-09-24T19:02:39.570881+00:00,github-36045280392-1,80634446-9faf-4de8-bfa1-81ab2c7a0461,6861.T,JPY,40,2026-09-18,76580.0,eligible,,phase4_confidence_research_v1,e5a1072ba3754f9a7e6d60fde5003b579f6a2f73c41b846532159559ad84eb77,c062e4ff2369a9c96f9a36410a4af8397add8c31d8525a020c815f9d51dcb1c2,b6de5899ef419c2be611fab48868833a32c6481f701a0eaf65525513b46754b2,7319e125278a62d9a9f9fad72f66df45ebb3fa8f553ff36ddf3a173e09eeebc2,d3c6f170eb2a6fce3f43e80d7ab094e5c06bc8a276505aa957d651920aeab0a2,2026-09-23T00:00:00+00:00,2026-09-24T00:00:00+00:00,B2,unavailable,,unknown,,,unknown,insufficient_evidence,,,proxy_complete,proxy_complete_no_claim,proxy_insufficient,scale_incompatible
1f6ac5dd57bf6437e7b1c352d9da9f43fa2ad2ea71b2132a0fff8fc495ffd604,phase4e_shadow_v1,2026-09-24,2026-09-24T19:02:39.570881+00:00,github-36045280392-1,80634446-9faf-4de8-bfa1-81ab2c7a0461,6861.T,JPY,60,2026-09-18,76580.0,eligible,,phase4_confidence_research_v1,e5a1072ba3754f9a7e6d60fde5003b579f6a2f73c41b846532159559ad84eb77,c062e4ff2369a9c96f9a36410a4af8397add8c31d8525a020c815f9d51dcb1c2,b6de5899ef419c2be611fab48868833a32c6481f701a0eaf65525513b46754b2,7319e125278a62d9a9f9fad72f66df45ebb3fa8f553ff36ddf3a173e09eeebc2,d3c6f170eb2a6fce3f43e80d7ab094e5c06bc8a276505aa957d651920aeab0a2,2026-09-23T00:00:00+00:00,2026-09-24T00:00:00+00:00,B2,unavailable,,unknown,,,unknown,insufficient_evidence,,,proxy_complete,proxy_complete_no_claim,proxy_insufficient,scale_incompatible
0e060b38ff36b4a23404ee93dc950f113e4959c08466f64e02e146c90807a9e1,phase4e_shadow_v1,2026-09-24,2026-09-24T19:02:39.570881+00:00,github-36045280392-1,80634446-9faf-4de8-bfa1-81ab2c7a0461,8035.T,JPY,5,2026-09-18,53110.0,eligible,,phase4_confidence_research_v1,e5a1072ba3754f9a7e6d60fde5003b579f6a2f73c41b846532159559ad84eb77,c062e4ff2369a9c96f9a36410a4af8397add8c31d8525a020c815f9d51dcb1c2,b6de5899ef419c2be611fab48868833a32c6481f701a0eaf65525513b46754b2,7319e125278a62d9a9f9fad72f66df45ebb3fa8f553ff36ddf3a173e09eeebc2,d3c6f170eb2a6fce3f43e80d7ab094e5c06bc8a276505aa957d651920aeab0a2,2026-09-23T00:00:00+00:00,2026-09-24T00:00:00+00:00,B3,robust,positive,unknown,,,middle,single_model,,positive,proxy_complete,proxy_complete_no_claim,proxy_complete,scale_incompatible
4013c9d0833dff71bab608292d533e05571041c38e0a92c474649c2aa1a3a925,phase4e_shadow_v1,2026-09-24,2026-09-24T19:02:39.570881+00:00,github-36045280392-1,80634446-9faf-4de8-bfa1-81ab2c7a0461,8035.T,JPY,20,2026-09-18,53110.0,eligible,,phase4_confidence_research_v1,e5a1072ba3754f9a7e6d60fde5003b579f6a2f73c41b846532159559ad84eb77,c062e4ff2369a9c96f9a36410a4af8397add8c31d8525a020c815f9d51dcb1c2,b6de5899ef419c2be611fab48868833a32c6481f701a0eaf65525513b46754b2,7319e125278a62d9a9f9fad72f66df45ebb3fa8f553ff36ddf3a173e09eeebc2,d3c6f170eb2a6fce3f43e80d7ab094e5c06bc8a276505aa957d651920aeab0a2,2026-09-23T00:00:00+00:00,2026-09-24T00:00:00+00:00,B3,immature,,unknown,,,unknown,insufficient_evidence,,,proxy_complete,proxy_complete_no_claim,proxy_insufficient,scale_incompatible
7c93e9506c66f7879aba8841812014988f80187404408a90259f2d98476625e4,phase4e_shadow_v1,2026-09-24,2026-09-24T19:02:39.570881+00:00,github-36045280392-1,80634446-9faf-4de8-bfa1-81ab2c7a0461,8035.T,JPY,40,2026-09-18,53110.0,eligible,,phase4_confidence_research_v1,e5a1072ba3754f9a7e6d60fde5003b579f6a2f73c41b846532159559ad84eb77,c062e4ff2369a9c96f9a36410a4af8397add8c31d8525a020c815f9d51dcb1c2,b6de5899ef419c2be611fab48868833a32c6481f701a0eaf65525513b46754b2,7319e125278a62d9a9f9fad72f66df45ebb3fa8f553ff36ddf3a173e09eeebc2,d3c6f170eb2a6fce3f43e80d7ab094e5c06bc8a276505aa957d651920aeab0a2,2026-09-23T00:00:00+00:00,2026-09-24T00:00:00+00:00,B3,unavailable,,unknown,,,unknown,insufficient_evidence,,,proxy_complete,proxy_complete_no_claim,proxy_insufficient,scale_incompatible
ce50f983f67529123a7d6f9e3fcf85ba255567456d9e5aa77b4355af1c63247d,phase4e_shadow_v1,2026-09-24,2026-09-24T19:02:39.570881+00:00,github-36045280392-1,80634446-9faf-4de8-bfa1-81ab2c7a0461,8035.T,JPY,60,2026-09-18,53110.0,eligible,,phase4_confidence_research_v1,e5a1072ba3754f9a7e6d60fde5003b579f6a2f73c41b846532159559ad84eb77,c062e4ff2369a9c96f9a36410a4af8397add8c31d8525a020c815f9d51dcb1c2,b6de5899ef419c2be611fab48868833a32c6481f701a0eaf65525513b46754b2,7319e125278a62d9a9f9fad72f66df45ebb3fa8f553ff36ddf3a173e09eeebc2,d3c6f170eb2a6fce3f43e80d7ab094e5c06bc8a276505aa957d651920aeab0a2,2026-09-23T00:00:00+00:00,2026-09-24T00:00:00+00:00,B3,unavailable,,unknown,,,unknown,insufficient_evidence,,,proxy_complete,proxy_complete_no_claim,proxy_insufficient,scale_incompatible
cc23f5b252a8fb07eb5c68568a9143e47a454f76c393630fe3cafc3764c89766,phase4e_shadow_v1,2026-09-24,2026-09-24T19:02:39.570881+00:00,github-36045280392-1,80634446-9faf-4de8-bfa1-81ab2c7a0461,9880.HK,HKD,5,2026-09-23,79.05000305175781,eligible,,phase4_confidence_research_v1,e5a1072ba3754f9a7e6d60fde5003b579f6a2f73c41b846532159559ad84eb77,c062e4ff2369a9c96f9a36410a4af8397add8c31d8525a020c815f9d51dcb1c2,b6de5899ef419c2be611fab48868833a32c6481f701a0eaf65525513b46754b2,7319e125278a62d9a9f9fad72f66df45ebb3fa8f553ff36ddf3a173e09eeebc2,d3c6f170eb2a6fce3f43e80d7ab094e5c06bc8a276505aa957d651920aeab0a2,2026-09-23T00:00:00+00:00,2026-09-24T00:00:00+00:00,B1,directional_only,negative,unknown,,,middle,insufficient_evidence,,,proxy_complete,proxy_complete_no_claim,proxy_complete,scale_incompatible
e2ad1e14e82949dc05e8a96aa9badb09acaa096c16e0042c243f31289e94dd29,phase4e_shadow_v1,2026-09-24,2026-09-24T19:02:39.570881+00:00,github-36045280392-1,80634446-9faf-4de8-bfa1-81ab2c7a0461,9880.HK,HKD,20,2026-09-23,79.05000305175781,eligible,,phase4_confidence_research_v1,e5a1072ba3754f9a7e6d60fde5003b579f6a2f73c41b846532159559ad84eb77,c062e4ff2369a9c96f9a36410a4af8397add8c31d8525a020c815f9d51dcb1c2,b6de5899ef419c2be611fab48868833a32c6481f701a0eaf65525513b46754b2,7319e125278a62d9a9f9fad72f66df45ebb3fa8f553ff36ddf3a173e09eeebc2,d3c6f170eb2a6fce3f43e80d7ab094e5c06bc8a276505aa957d651920aeab0a2,2026-09-23T00:00:00+00:00,2026-09-24T00:00:00+00:00,B1,immature,,unknown,,,unknown,insufficient_evidence,,,proxy_complete,proxy_complete_no_claim,proxy_insufficient,scale_incompatible
eb15db76c3f2f5fdc3e53360025fc30a49f5ea3e01e60b3e6810b383b403d914,phase4e_shadow_v1,2026-09-24,2026-09-24T19:02:39.570881+00:00,github-36045280392-1,80634446-9faf-4de8-bfa1-81ab2c7a0461,9880.HK,HKD,40,2026-09-23,79.05000305175781,eligible,,phase4_confidence_research_v1,e5a1072ba3754f9a7e6d60fde5003b579f6a2f73c41b846532159559ad84eb77,c062e4ff2369a9c96f9a36410a4af8397add8c31d8525a020c815f9d51dcb1c2,b6de5899ef419c2be611fab48868833a32c6481f701a0eaf65525513b46754b2,7319e125278a62d9a9f9fad72f66df45ebb3fa8f553ff36ddf3a173e09eeebc2,d3c6f170eb2a6fce3f43e80d7ab094e5c06bc8a276505aa957d651920aeab0a2,2026-09-23T00:00:00+00:00,2026-09-24T00:00:00+00:00,B1,unavailable,,unknown,,,unknown,insufficient_evidence,,,proxy_complete,proxy_complete_no_claim,proxy_insufficient,scale_incompatible
2d18a9e0881836ea4590b771c0159b23c511a1c436b15c2b661854db00baa745,phase4e_shadow_v1,2026-09-24,2026-09-24T19:02:39.570881+00:00,github-36045280392-1,80634446-9faf-4de8-bfa1-81ab2c7a0461,9880.HK,HKD,60,2026-09-23,79.05000305175781,eligible,,phase4_confidence_research_v1,e5a1072ba3754f9a7e6d60fde5003b579f6a2f73c41b846532159559ad84eb77,c062e4ff2369a9c96f9a36410a4af8397add8c31d8525a020c815f9d51dcb1c2,b6de5899ef419c2be611fab48868833a32c6481f701a0eaf65525513b46754b2,7319e125278a62d9a9f9fad72f66df45ebb3fa8f553ff36ddf3a173e09eeebc2,d3c6f170eb2a6fce3f43e80d7ab094e5c06bc8a276505aa957d651920aeab0a2,2026-09-23T00:00:00+00:00,2026-09-24T00:00:00+00:00,B1,unavailable,,unknown,,,unknown,insufficient_evidence,,,proxy_complete,proxy_complete_no_claim,proxy_insufficient,scale_incompatible
49e362624c4d7b6d2c2b072539c10b4781bf72842ae36c6fc285622d89afa405,phase4e_shadow_v1,2026-09-24,2026-09-24T19:02:39.570881+00:00,github-36045280392-1,80634446-9faf-4de8-bfa1-81ab2c7a0461,9888.HK,,5,2026-09-23,88.55000305175781,eligible,,phase4_confidence_research_v1,e5a1072ba3754f9a7e6d60fde5003b579f6a2f73c41b846532159559ad84eb77,c062e4ff2369a9c96f9a36410a4af8397add8c31d8525a020c815f9d51dcb1c2,b6de5899ef419c2be611fab48868833a32c6481f701a0eaf65525513b46754b2,7319e125278a62d9a9f9fad72f66df45ebb3fa8f553ff36ddf3a173e09eeebc2,d3c6f170eb2a6fce3f43e80d7ab094e5c06bc8a276505aa957d651920aeab0a2,2026-09-23T00:00:00+00:00,2026-09-24T00:00:00+00:00,B2,directional_only,negative,robust_claim,positive,trend200_d10_down & trend200_d1_down & rs3m_d1_up,middle,single_model,,positive,proxy_complete,proxy_complete,proxy_complete,scale_incompatible
5b0aff705295fc0ab5f60bcaf62b55b7f62440b56de1bfd861a347d45b7fe705,phase4e_shadow_v1,2026-09-24,2026-09-24T19:02:39.570881+00:00,github-36045280392-1,80634446-9faf-4de8-bfa1-81ab2c7a0461,9888.HK,,20,2026-09-23,88.55000305175781,eligible,,phase4_confidence_research_v1,e5a1072ba3754f9a7e6d60fde5003b579f6a2f73c41b846532159559ad84eb77,c062e4ff2369a9c96f9a36410a4af8397add8c31d8525a020c815f9d51dcb1c2,b6de5899ef419c2be611fab48868833a32c6481f701a0eaf65525513b46754b2,7319e125278a62d9a9f9fad72f66df45ebb3fa8f553ff36ddf3a173e09eeebc2,d3c6f170eb2a6fce3f43e80d7ab094e5c06bc8a276505aa957d651920aeab0a2,2026-09-23T00:00:00+00:00,2026-09-24T00:00:00+00:00,B2,immature,,unknown,,,unknown,insufficient_evidence,,,proxy_complete,proxy_complete_no_claim,proxy_insufficient,scale_incompatible
99bbec1fc0ba49150eb54727cb99102c87e42d536b92f141746478e503ee2d11,phase4e_shadow_v1,2026-09-24,2026-09-24T19:02:39.570881+00:00,github-36045280392-1,80634446-9faf-4de8-bfa1-81ab2c7a0461,9888.HK,,40,2026-09-23,88.55000305175781,eligible,,phase4_confidence_research_v1,e5a1072ba3754f9a7e6d60fde5003b579f6a2f73c41b846532159559ad84eb77,c062e4ff2369a9c96f9a36410a4af8397add8c31d8525a020c815f9d51dcb1c2,b6de5899ef419c2be611fab48868833a32c6481f701a0eaf65525513b46754b2,7319e125278a62d9a9f9fad72f66df45ebb3fa8f553ff36ddf3a173e09eeebc2,d3c6f170eb2a6fce3f43e80d7ab094e5c06bc8a276505aa957d651920aeab0a2,2026-09-23T00:00:00+00:00,2026-09-24T00:00:00+00:00,B2,unavailable,,unknown,,,unknown,insufficient_evidence,,,proxy_complete,proxy_complete_no_claim,proxy_insufficient,scale_incompatible
a8d848a065dfb3fbf77e140bcadd34743c354d1d6d74d61be901d7539dad4ef4,phase4e_shadow_v1,2026-09-24,2026-09-24T19:02:39.570881+00:00,github-36045280392-1,80634446-9faf-4de8-bfa1-81ab2c7a0461,9888.HK,,60,2026-09-23,88.55000305175781,eligible,,phase4_confidence_research_v1,e5a1072ba3754f9a7e6d60fde5003b579f6a2f73c41b846532159559ad84eb77,c062e4ff2369a9c96f9a36410a4af8397add8c31d8525a020c815f9d51dcb1c2,b6de5899ef419c2be611fab48868833a32c6481f701a0eaf65525513b46754b2,7319e125278a62d9a9f9fad72f66df45ebb3fa8f553ff36ddf3a173e09eeebc2,d3c6f170eb2a6fce3f43e80d7ab094e5c06bc8a276505aa957d651920aeab0a2,2026-09-23T00:00:00+00:00,2026-09-24T00:00:00+00:00,B2,unavailable,,unknown,,,unknown,insufficient_evidence,,,proxy_complete,proxy_complete_no_claim,proxy_insufficient,scale_incompatible
30abf5ce2fc5218d7c41cf12775fc12604085ad57f11c658a5f70742390ceb21,phase4e_shadow_v1,2026-09-24,2026-09-24T19:02:39.570881+00:00,github-36045280392-1,80634446-9faf-4de8-bfa1-81ab2c7a0461,9988.HK,,5,2026-09-23,109.8000030517578,eligible,,phase4_confidence_research_v1,e5a1072ba3754f9a7e6d60fde5003b579f6a2f73c41b846532159559ad84eb77,c062e4ff2369a9c96f9a36410a4af8397add8c31d8525a020c815f9d51dcb1c2,b6de5899ef419c2be611fab48868833a32c6481f701a0eaf65525513b46754b2,7319e125278a62d9a9f9fad72f66df45ebb3fa8f553ff36ddf3a173e09eeebc2,d3c6f170eb2a6fce3f43e80d7ab094e5c06bc8a276505aa957d651920aeab0a2,2026-09-23T00:00:00+00:00,2026-09-24T00:00:00+00:00,B3,robust,positive,unknown,,,middle,single_model,,positive,proxy_complete,proxy_complete_no_claim,proxy_complete,scale_incompatible
e270f6c6e6f80638c09c18ecde886a5dc665e9babe4e3d4b1d92e1d2f7975b51,phase4e_shadow_v1,2026-09-24,2026-09-24T19:02:39.570881+00:00,github-36045280392-1,80634446-9faf-4de8-bfa1-81ab2c7a0461,9988.HK,,20,2026-09-23,109.8000030517578,eligible,,phase4_confidence_research_v1,e5a1072ba3754f9a7e6d60fde5003b579f6a2f73c41b846532159559ad84eb77,c062e4ff2369a9c96f9a36410a4af8397add8c31d8525a020c815f9d51dcb1c2,b6de5899ef419c2be611fab48868833a32c6481f701a0eaf65525513b46754b2,7319e125278a62d9a9f9fad72f66df45ebb3fa8f553ff36ddf3a173e09eeebc2,d3c6f170eb2a6fce3f43e80d7ab094e5c06bc8a276505aa957d651920aeab0a2,2026-09-23T00:00:00+00:00,2026-09-24T00:00:00+00:00,B3,immature,,unknown,,,unknown,insufficient_evidence,,,proxy_complete,proxy_complete_no_claim,proxy_insufficient,scale_incompatible
20b61f92ea39cc4fc975dc63531c7030b9bb3f275753c85f132934799f3e1b76,phase4e_shadow_v1,2026-09-24,2026-09-24T19:02:39.570881+00:00,github-36045280392-1,80634446-9faf-4de8-bfa1-81ab2c7a0461,9988.HK,,40,2026-09-23,109.8000030517578,eligible,,phase4_confidence_research_v1,e5a1072ba3754f9a7e6d60fde5003b579f6a2f73c41b846532159559ad84eb77,c062e4ff2369a9c96f9a36410a4af8397add8c31d8525a020c815f9d51dcb1c2,b6de5899ef419c2be611fab48868833a32c6481f701a0eaf65525513b46754b2,7319e125278a62d9a9f9fad72f66df45ebb3fa8f553ff36ddf3a173e09eeebc2,d3c6f170eb2a6fce3f43e80d7ab094e5c06bc8a276505aa957d651920aeab0a2,2026-09-23T00:00:00+00:00,2026-09-24T00:00:00+00:00,B3,unavailable,,unknown,,,unknown,insufficient_evidence,,,proxy_complete,proxy_complete_no_claim,proxy_insufficient,scale_incompatible
cfb5fb81c33327d2f919abda74c6ad9180039ab792e0d301598232fa2babe6d6,phase4e_shadow_v1,2026-09-24,2026-09-24T19:02:39.570881+00:00,github-36045280392-1,80634446-9faf-4de8-bfa1-81ab2c7a0461,9988.HK,,60,2026-09-23,109.8000030517578,eligible,,phase4_confidence_research_v1,e5a1072ba3754f9a7e6d60fde5003b579f6a2f73c41b846532159559ad84eb77,c062e4ff2369a9c96f9a36410a4af8397add8c31d8525a020c815f9d51dcb1c2,b6de5899ef419c2be611fab48868833a32c6481f701a0eaf65525513b46754b2,7319e125278a62d9a9f9fad72f66df45ebb3fa8f553ff36ddf3a173e09eeebc2,d3c6f170eb2a6fce3f43e80d7ab094e5c06bc8a276505aa957d651920aeab0a2,2026-09-23T00:00:00+00:00,2026-09-24T00:00:00+00:00,B3,unavailable,,unknown,,,unknown,insufficient_evidence,,,proxy_complete,proxy_complete_no_claim,proxy_insufficient,scale_incompatible
2e63cc67729ec8c35d731fb61c24cc6894adb807601d7bf66ba12eaf196af105,phase4e_shadow_v1,2026-09-24,2026-09-24T19:02:39.570881+00:00,github-36045280392-1,80634446-9faf-4de8-bfa1-81ab2c7a0461,AAGFF,USD,5,2026-09-23,0.4939999878406524,eligible,,phase4_confidence_research_v1,e5a1072ba3754f9a7e6d60fde5003b579f6a2f73c41b846532159559ad84eb77,c062e4ff2369a9c96f9a36410a4af8397add8c31d8525a020c815f9d51dcb1c2,b6de5899ef419c2be611fab48868833a32c6481f701a0eaf65525513b46754b2,7319e125278a62d9a9f9fad72f66df45ebb3fa8f553ff36ddf3a173e09eeebc2,d3c6f170eb2a6fce3f43e80d7ab094e5c06bc8a276505aa957d651920aeab0a2,2026-09-23T00:00:00+00:00,2026-09-24T00:00:00+00:00,B1,directional_only,negative,unknown,,,middle,insufficient_evidence,,,proxy_complete,proxy_complete_no_claim,proxy_complete,scale_incompatible
3c3f29fd5fd38184c94d6ad83ea9a101efb4f09f60488ffcca2fe54755f75606,phase4e_shadow_v1,2026-09-24,2026-09-24T19:02:39.570881+00:00,github-36045280392-1,80634446-9faf-4de8-bfa1-81ab2c7a0461,AAGFF,USD,20,2026-09-23,0.4939999878406524,eligible,,phase4_confidence_research_v1,e5a1072ba3754f9a7e6d60fde5003b579f6a2f73c41b846532159559ad84eb77,c062e4ff2369a9c96f9a36410a4af8397add8c31d8525a020c815f9d51dcb1c2,b6de5899ef419c2be611fab48868833a32c6481f701a0eaf65525513b46754b2,7319e125278a62d9a9f9fad72f66df45ebb3fa8f553ff36ddf3a173e09eeebc2,d3c6f170eb2a6fce3f43e80d7ab094e5c06bc8a276505aa957d651920aeab0a2,2026-09-23T00:00:00+00:00,2026-09-24T00:00:00+00:00,B1,immature,,unknown,,,unknown,insufficient_evidence,,,proxy_complete,proxy_complete_no_claim,proxy_insufficient,scale_incompatible
278ef93fe14c32b924d1eff52f6da547728e92816456b70d8a0854e7dd7e06df,phase4e_shadow_v1,2026-09-24,2026-09-24T19:02:39.570881+00:00,github-36045280392-1,80634446-9faf-4de8-bfa1-81ab2c7a0461,AAGFF,USD,40,2026-09-23,0.4939999878406524,eligible,,phase4_confidence_research_v1,e5a1072ba3754f9a7e6d60fde5003b579f6a2f73c41b846532159559ad84eb77,c062e4ff2369a9c96f9a36410a4af8397add8c31d8525a020c815f9d51dcb1c2,b6de5899ef419c2be611fab48868833a32c6481f701a0eaf65525513b46754b2,7319e125278a62d9a9f9fad72f66df45ebb3fa8f553ff36ddf3a173e09eeebc2,d3c6f170eb2a6fce3f43e80d7ab094e5c06bc8a276505aa957d651920aeab0a2,2026-09-23T00:00:00+00:00,2026-09-24T00:00:00+00:00,B1,unavailable,,unknown,,,unknown,insufficient_evidence,,,proxy_complete,proxy_complete_no_claim,proxy_insufficient,scale_incompatible
6d544fc1b6a030281ed685ce20f2f952f6194cb8cee77bcf76a302b7fdffbd0f,phase4e_shadow_v1,2026-09-24,2026-09-24T19:02:39.570881+00:00,github-36045280392-1,80634446-9faf-4de8-bfa1-81ab2c7a0461,AAGFF,USD,60,2026-09-23,0.4939999878406524,eligible,,phase4_confidence_research_v1,e5a1072ba3754f9a7e6d60fde5003b579f6a2f73c41b846532159559ad84eb77,c062e4ff2369a9c96f9a36410a4af8397add8c31d8525a020c815f9d51dcb1c2,b6de5899ef419c2be611fab48868833a32c6481f701a0eaf65525513b46754b2,7319e125278a62d9a9f9fad72f66df45ebb3fa8f553ff36ddf3a173e09eeebc2,d3c6f170eb2a6fce3f43e80d7ab094e5c06bc8a276505aa957d651920aeab0a2,2026-09-23T00:00:00+00:00,2026-09-24T00:00:00+00:00,B1,unavailable,,unknown,,,unknown,insufficient_evidence,,,proxy_complete,proxy_complete_no_claim,proxy_insufficient,scale_incompatible
52792f3ae81276ff4307a4c19f4531c3a1d20e79605e2ec5e4b39baa9640527a,phase4e_shadow_v1,2026-09-24,2026-09-24T19:02:39.570881+00:00,github-36045280392-1,80634446-9faf-4de8-bfa1-81ab2c7a0461,AAPL,USD,5,2026-09-23,337.0199890136719,eligible,,phase4_confidence_research_v1,e5a1072ba3754f9a7e6d60fde5003b579f6a2f73c41b846532159559ad84eb77,c062e4ff2369a9c96f9a36410a4af8397add8c31d8525a020c815f9d51dcb1c2,b6de5899ef419c2be611fab48868833a32c6481f701a0eaf65525513b46754b2,7319e125278a62d9a9f9fad72f66df45ebb3fa8f553ff36ddf3a173e09eeebc2,d3c6f170eb2a6fce3f43e80d7ab094e5c06bc8a276505aa957d651920aeab0a2,2026-09-23T00:00:00+00:00,2026-09-24T00:00:00+00:00,B5,robust,positive,unknown,,,low,single_model,,positive,proxy_complete,proxy_complete_no_claim,proxy_complete,scale_incompatible
fca8e664f49b4caf2726314d3ebe4c9e3e13004aa4f544458f78af9ff908dd4e,phase4e_shadow_v1,2026-09-24,2026-09-24T19:02:39.570881+00:00,github-36045280392-1,80634446-9faf-4de8-bfa1-81ab2c7a0461,AAPL,USD,20,2026-09-23,337.0199890136719,eligible,,phase4_confidence_research_v1,e5a1072ba3754f9a7e6d60fde5003b579f6a2f73c41b846532159559ad84eb77,c062e4ff2369a9c96f9a36410a4af8397add8c31d8525a020c815f9d51dcb1c2,b6de5899ef419c2be611fab48868833a32c6481f701a0eaf65525513b46754b2,7319e125278a62d9a9f9fad72f66df45ebb3fa8f553ff36ddf3a173e09eeebc2,d3c6f170eb2a6fce3f43e80d7ab094e5c06bc8a276505aa957d651920aeab0a2,2026-09-23T00:00:00+00:00,2026-09-24T00:00:00+00:00,B5,immature,,unknown,,,unknown,insufficient_evidence,,,proxy_complete,proxy_complete_no_claim,proxy_insufficient,scale_incompatible
406aeeb42e44ca8a5831f15de42742237b489c4562bfa2a900a59490a22b195a,phase4e_shadow_v1,2026-09-24,2026-09-24T19:02:39.570881+00:00,github-36045280392-1,80634446-9faf-4de8-bfa1-81ab2c7a0461,AAPL,USD,40,2026-09-23,337.0199890136719,eligible,,phase4_confidence_research_v1,e5a1072ba3754f9a7e6d60fde5003b579f6a2f73c41b846532159559ad84eb77,c062e4ff2369a9c96f9a36410a4af8397add8c31d8525a020c815f9d51dcb1c2,b6de5899ef419c2be611fab48868833a32c6481f701a0eaf65525513b46754b2,7319e125278a62d9a9f9fad72f66df45ebb3fa8f553ff36ddf3a173e09eeebc2,d3c6f170eb2a6fce3f43e80d7ab094e5c06bc8a276505aa957d651920aeab0a2,2026-09-23T00:00:00+00:00,2026-09-24T00:00:00+00:00,B5,unavailable,,unknown,,,unknown,insufficient_evidence,,,proxy_complete,proxy_complete_no_claim,proxy_insufficient,scale_incompatible
34117c08b847846f65f094e2a51a79e2a8557709af7a1ae120a850cdbe509c39,phase4e_shadow_v1,2026-09-24,2026-09-24T19:02:39.570881+00:00,github-36045280392-1,80634446-9faf-4de8-bfa1-81ab2c7a0461,AAPL,USD,60,2026-09-23,337.0199890136719,eligible,,phase4_confidence_research_v1,e5a1072ba3754f9a7e6d60fde5003b579f6a2f73c41b846532159559ad84eb77,c062e4ff2369a9c96f9a36410a4af8397add8c31d8525a020c815f9d51dcb1c2,b6de5899ef419c2be611fab48868833a32c6481f701a0eaf65525513b46754b2,7319e125278a62d9a9f9fad72f66df45ebb3fa8f553ff36ddf3a173e09eeebc2,d3c6f170eb2a6fce3f43e80d7ab094e5c06bc8a276505aa957d651920aeab0a2,2026-09-23T00:00:00+00:00,2026-09-24T00:00:00+00:00,B5,unavailable,,unknown,,,unknown,insufficient_evidence,,,proxy_complete,proxy_complete_no_claim,proxy_insufficient,scale_incompatible
31ada5649fb4eea7462b2cff7567bfaae9fec63630c89a583be2bbbce2c5e714,phase4e_shadow_v1,2026-09-24,2026-09-24T19:02:39.570881+00:00,github-36045280392-1,80634446-9faf-4de8-bfa1-81ab2c7a0461,ABBN.SW,CHF,5,2026-09-23,82.41999816894531,eligible,,phase4_confidence_research_v1,e5a1072ba3754f9a7e6d60fde5003b579f6a2f73c41b846532159559ad84eb77,c062e4ff2369a9c96f9a36410a4af8397add8c31d8525a020c815f9d51dcb1c2,b6de5899ef419c2be611fab48868833a32c6481f701a0eaf65525513b46754b2,7319e125278a62d9a9f9fad72f66df45ebb3fa8f553ff36ddf3a173e09eeebc2,d3c6f170eb2a6fce3f43e80d7ab094e5c06bc8a276505aa957d651920aeab0a2,2026-09-23T00:00:00+00:00,2026-09-24T00:00:00+00:00,B4,directional_only,negative,unknown,,,low,insufficient_evidence,,,proxy_complete,proxy_complete_no_claim,proxy_complete,scale_incompatible
38a4f7700d4b8f20f1d2da2c3e70dd4c8dd577572eefcdd33d3685df30480957,phase4e_shadow_v1,2026-09-24,2026-09-24T19:02:39.570881+00:00,github-36045280392-1,80634446-9faf-4de8-bfa1-81ab2c7a0461,ABBN.SW,CHF,20,2026-09-23,82.41999816894531,eligible,,phase4_confidence_research_v1,e5a1072ba3754f9a7e6d60fde5003b579f6a2f73c41b846532159559ad84eb77,c062e4ff2369a9c96f9a36410a4af8397add8c31d8525a020c815f9d51dcb1c2,b6de5899ef419c2be611fab48868833a32c6481f701a0eaf65525513b46754b2,7319e125278a62d9a9f9fad72f66df45ebb3fa8f553ff36ddf3a173e09eeebc2,d3c6f170eb2a6fce3f43e80d7ab094e5c06bc8a276505aa957d651920aeab0a2,2026-09-23T00:00:00+00:00,2026-09-24T00:00:00+00:00,B4,immature,,unknown,,,unknown,insufficient_evidence,,,proxy_complete,proxy_complete_no_claim,proxy_insufficient,scale_incompatible
515a6397866a3d050af580f1457ce7f6d4d691812fded8176f5d9d77248658fa,phase4e_shadow_v1,2026-09-24,2026-09-24T19:02:39.570881+00:00,github-36045280392-1,80634446-9faf-4de8-bfa1-81ab2c7a0461,ABBN.SW,CHF,40,2026-09-23,82.41999816894531,eligible,,phase4_confidence_research_v1,e5a1072ba3754f9a7e6d60fde5003b579f6a2f73c41b846532159559ad84eb77,c062e4ff2369a9c96f9a36410a4af8397add8c31d8525a020c815f9d51dcb1c2,b6de5899ef419c2be611fab48868833a32c6481f701a0eaf65525513b46754b2,7319e125278a62d9a9f9fad72f66df45ebb3fa8f553ff36ddf3a173e09eeebc2,d3c6f170eb2a6fce3f43e80d7ab094e5c06bc8a276505aa957d651920aeab0a2,2026-09-23T00:00:00+00:00,2026-09-24T00:00:00+00:00,B4,unavailable,,unknown,,,unknown,insufficient_evidence,,,proxy_complete,proxy_complete_no_claim,proxy_insufficient,scale_incompatible
caa34a47efd88c763caecdac0422ce455a20739f8e75d7a0295663b5a38b43fa,phase4e_shadow_v1,2026-09-24,2026-09-24T19:02:39.570881+00:00,github-36045280392-1,80634446-9faf-4de8-bfa1-81ab2c7a0461,ABBN.SW,CHF,60,2026-09-23,82.41999816894531,eligible,,phase4_confidence_research_v1,e5a1072ba3754f9a7e6d60fde5003b579f6a2f73c41b846532159559ad84eb77,c062e4ff2369a9c96f9a36410a4af8397add8c31d8525a020c815f9d51dcb1c2,b6de5899ef419c2be611fab48868833a32c6481f701a0eaf65525513b46754b2,7319e125278a62d9a9f9fad72f66df45ebb3fa8f553ff36ddf3a173e09eeebc2,d3c6f170eb2a6fce3f43e80d7ab094e5c06bc8a276505aa957d651920aeab0a2,2026-09-23T00:00:00+00:00,2026-09-24T00:00:00+00:00,B4,unavailable,,unknown,,,unknown,insufficient_evidence,,,proxy_complete,proxy_complete_no_claim,proxy_insufficient,scale_incompatible
1a612fa220d70281ed30b395231e28e3eb674c04d2e82c6e3c172ca2c7c81408,phase4e_shadow_v1,2026-09-24,2026-09-24T19:02:39.570881+00:00,github-36045280392-1,80634446-9faf-4de8-bfa1-81ab2c7a0461,ABT,USD,5,2026-09-23,103.48999786376952,eligible,,phase4_confidence_research_v1,e5a1072ba3754f9a7e6d60fde5003b579f6a2f73c41b846532159559ad84eb77,c062e4ff2369a9c96f9a36410a4af8397add8c31d8525a020c815f9d51dcb1c2,b6de5899ef419c2be611fab48868833a32c6481f701a0eaf65525513b46754b2,7319e125278a62d9a9f9fad72f66df45ebb3fa8f553ff36ddf3a173e09eeebc2,d3c6f170eb2a6fce3f43e80d7ab094e5c06bc8a276505aa957d651920aeab0a2,2026-09-23T00:00:00+00:00,2026-09-24T00:00:00+00:00,B3,robust,positive,unknown,,,middle,single_model,,positive,proxy_complete,proxy_complete_no_claim,proxy_complete,scale_incompatible
ae2974f1a5eb7efe3a0a6af0999648cf1378073f8a899b6b62b4aa210994102a,phase4e_shadow_v1,2026-09-24,2026-09-24T19:02:39.570881+00:00,github-36045280392-1,80634446-9faf-4de8-bfa1-81ab2c7a0461,ABT,USD,20,2026-09-23,103.48999786376952,eligible,,phase4_confidence_research_v1,e5a1072ba3754f9a7e6d60fde5003b579f6a2f73c41b846532159559ad84eb77,c062e4ff2369a9c96f9a36410a4af8397add8c31d8525a020c815f9d51dcb1c2,b6de5899ef419c2be611fab48868833a32c6481f701a0eaf65525513b46754b2,7319e125278a62d9a9f9fad72f66df45ebb3fa8f553ff36ddf3a173e09eeebc2,d3c6f170eb2a6fce3f43e80d7ab094e5c06bc8a276505aa957d651920aeab0a2,2026-09-23T00:00:00+00:00,2026-09-24T00:00:00+00:00,B3,immature,,unknown,,,unknown,insufficient_evidence,,,proxy_complete,proxy_complete_no_claim,proxy_insufficient,scale_incompatible
2f2db045ec309974e6edd7ef7a6f0a20463b978e49ee7b5a8697e6106aa2d66e,phase4e_shadow_v1,2026-09-24,2026-09-24T19:02:39.570881+00:00,github-36045280392-1,80634446-9faf-4de8-bfa1-81ab2c7a0461,ABT,USD,40,2026-09-23,103.48999786376952,eligible,,phase4_confidence_research_v1,e5a1072ba3754f9a7e6d60fde5003b579f6a2f73c41b846532159559ad84eb77,c062e4ff2369a9c96f9a36410a4af8397add8c31d8525a020c815f9d51dcb1c2,b6de5899ef419c2be611fab48868833a32c6481f701a0eaf65525513b46754b2,7319e125278a62d9a9f9fad72f66df45ebb3fa8f553ff36ddf3a173e09eeebc2,d3c6f170eb2a6fce3f43e80d7ab094e5c06bc8a276505aa957d651920aeab0a2,2026-09-23T00:00:00+00:00,2026-09-24T00:00:00+00:00,B3,unavailable,,unknown,,,unknown,insufficient_evidence,,,proxy_complete,proxy_complete_no_claim,proxy_insufficient,scale_incompatible
b7fcd4cb4790c65f6c44f89592bed9c6c913d8fe0438bc536c46190c4fd27bd2,phase4e_shadow_v1,2026-09-24,2026-09-24T19:02:39.570881+00:00,github-36045280392-1,80634446-9faf-4de8-bfa1-81ab2c7a0461,ABT,USD,60,2026-09-23,103.48999786376952,eligible,,phase4_confidence_research_v1,e5a1072ba3754f9a7e6d60fde5003b579f6a2f73c41b846532159559ad84eb77,c062e4ff2369a9c96f9a36410a4af8397add8c31d8525a020c815f9d51dcb1c2,b6de5899ef419c2be611fab48868833a32c6481f701a0eaf65525513b46754b2,7319e125278a62d9a9f9fad72f66df45ebb3fa8f553ff36ddf3a173e09eeebc2,d3c6f170eb2a6fce3f43e80d7ab094e5c06bc8a276505aa957d651920aeab0a2,2026-09-23T00:00:00+00:00,2026-09-24T00:00:00+00:00,B3,unavailable,,unknown,,,unknown,insufficient_evidence,,,proxy_complete,proxy_complete_no_claim,proxy_insufficient,scale_incompatible
76ca1e17bb8a57eec82f8306f296b59a779473c150c663da2b6edb07eabd640a,phase4e_shadow_v1,2026-09-24,2026-09-24T19:02:39.570881+00:00,github-36045280392-1,80634446-9faf-4de8-bfa1-81ab2c7a0461,ABX.TO,CAD,5,2026-09-23,59.84999847412109,eligible,,phase4_confidence_research_v1,e5a1072ba3754f9a7e6d60fde5003b579f6a2f73c41b846532159559ad84eb77,c062e4ff2369a9c96f9a36410a4af8397add8c31d8525a020c815f9d51dcb1c2,b6de5899ef419c2be611fab48868833a32c6481f701a0eaf65525513b46754b2,7319e125278a62d9a9f9fad72f66df45ebb3fa8f553ff36ddf3a173e09eeebc2,d3c6f170eb2a6fce3f43e80d7ab094e5c06bc8a276505aa957d651920aeab0a2,2026-09-23T00:00:00+00:00,2026-09-24T00:00:00+00:00,B5,robust,positive,unknown,,,middle,single_model,,positive,proxy_complete,proxy_complete_no_claim,proxy_complete,scale_incompatible
eaeec6e3db427b11b5c6df7b51acf53fe64bd7381055c7ba2d896c3a0d8b7c9d,phase4e_shadow_v1,2026-09-24,2026-09-24T19:02:39.570881+00:00,github-36045280392-1,80634446-9faf-4de8-bfa1-81ab2c7a0461,ABX.TO,CAD,20,2026-09-23,59.84999847412109,eligible,,phase4_confidence_research_v1,e5a1072ba3754f9a7e6d60fde5003b579f6a2f73c41b846532159559ad84eb77,c062e4ff2369a9c96f9a36410a4af8397add8c31d8525a020c815f9d51dcb1c2,b6de5899ef419c2be611fab48868833a32c6481f701a0eaf65525513b46754b2,7319e125278a62d9a9f9fad72f66df45ebb3fa8f553ff36ddf3a173e09eeebc2,d3c6f170eb2a6fce3f43e80d7ab094e5c06bc8a276505aa957d651920aeab0a2,2026-09-23T00:00:00+00:00,2026-09-24T00:00:00+00:00,B5,immature,,unknown,,,unknown,insufficient_evidence,,,proxy_complete,proxy_complete_no_claim,proxy_insufficient,scale_incompatible
26ab75bb3f5ea98f2edc9d708af0f8d807aa0b0644f8d123274a143b2388d6d0,phase4e_shadow_v1,2026-09-24,2026-09-24T19:02:39.570881+00:00,github-36045280392-1,80634446-9faf-4de8-bfa1-81ab2c7a0461,ABX.TO,CAD,40,2026-09-23,59.84999847412109,eligible,,phase4_confidence_research_v1,e5a1072ba3754f9a7e6d60fde5003b579f6a2f73c41b846532159559ad84eb77,c062e4ff2369a9c96f9a36410a4af8397add8c31d8525a020c815f9d51dcb1c2,b6de5899ef419c2be611fab48868833a32c6481f701a0eaf65525513b46754b2,7319e125278a62d9a9f9fad72f66df45ebb3fa8f553ff36ddf3a173e09eeebc2,d3c6f170eb2a6fce3f43e80d7ab094e5c06bc8a276505aa957d651920aeab0a2,2026-09-23T00:00:00+00:00,2026-09-24T00:00:00+00:00,B5,unavailable,,unknown,,,unknown,insufficient_evidence,,,proxy_complete,proxy_complete_no_claim,proxy_insufficient,scale_incompatible
5a0e91fa99ba1b40315a231872cee016379af09541459c3ff9e712e32c4147b6,phase4e_shadow_v1,2026-09-24,2026-09-24T19:02:39.570881+00:00,github-36045280392-1,80634446-9faf-4de8-bfa1-81ab2c7a0461,ABX.TO,CAD,60,2026-09-23,59.84999847412109,eligible,,phase4_confidence_research_v1,e5a1072ba3754f9a7e6d60fde5003b579f6a2f73c41b846532159559ad84eb77,c062e4ff2369a9c96f9a36410a4af8397add8c31d8525a020c815f9d51dcb1c2,b6de5899ef419c2be611fab48868833a32c6481f701a0eaf65525513b46754b2,7319e125278a62d9a9f9fad72f66df45ebb3fa8f553ff36ddf3a173e09eeebc2,d3c6f170eb2a6fce3f43e80d7ab094e5c06bc8a276505aa957d651920aeab0a2,2026-09-23T00:00:00+00:00,2026-09-24T00:00:00+00:00,B5,unavailable,,unknown,,,unknown,insufficient_evidence,,,proxy_complete,proxy_complete_no_claim,proxy_insufficient,scale_incompatible
b06c2c47721d545de905836142c29972ed84b810959d0429098aec69d0d61bfb,phase4e_shadow_v1,2026-09-24,2026-09-24T19:02:39.570881+00:00,github-36045280392-1,80634446-9faf-4de8-bfa1-81ab2c7a0461,ACB.TO,,5,2026-09-23,5.940000057220459,eligible,,phase4_confidence_research_v1,e5a1072ba3754f9a7e6d60fde5003b579f6a2f73c41b846532159559ad84eb77,c062e4ff2369a9c96f9a36410a4af8397add8c31d8525a020c815f9d51dcb1c2,b6de5899ef419c2be611fab48868833a32c6481f701a0eaf65525513b46754b2,7319e125278a62d9a9f9fad72f66df45ebb3fa8f553ff36ddf3a173e09eeebc2,d3c6f170eb2a6fce3f43e80d7ab094e5c06bc8a276505aa957d651920aeab0a2,2026-09-23T00:00:00+00:00,2026-09-24T00:00:00+00:00,B3,robust,positive,unknown,,,elevated,conflict,positive_return_claim_vs_elevated_downside_risk,positive,proxy_complete,proxy_complete_no_claim,proxy_complete,scale_incompatible
bf9b37ad49f4668e0b8aba68b2b8eb1a6da1b388b14c23ccae402739af4cc558,phase4e_shadow_v1,2026-09-24,2026-09-24T19:02:39.570881+00:00,github-36045280392-1,80634446-9faf-4de8-bfa1-81ab2c7a0461,ACB.TO,,20,2026-09-23,5.940000057220459,eligible,,phase4_confidence_research_v1,e5a1072ba3754f9a7e6d60fde5003b579f6a2f73c41b846532159559ad84eb77,c062e4ff2369a9c96f9a36410a4af8397add8c31d8525a020c815f9d51dcb1c2,b6de5899ef419c2be611fab48868833a32c6481f701a0eaf65525513b46754b2,7319e125278a62d9a9f9fad72f66df45ebb3fa8f553ff36ddf3a173e09eeebc2,d3c6f170eb2a6fce3f43e80d7ab094e5c06bc8a276505aa957d651920aeab0a2,2026-09-23T00:00:00+00:00,2026-09-24T00:00:00+00:00,B3,immature,,unknown,,,unknown,insufficient_evidence,,,proxy_complete,proxy_complete_no_claim,proxy_insufficient,scale_incompatible
4d2d45fb73405536858e98e9f4beca81318e953e062dbebf2452a7b29a23fef2,phase4e_shadow_v1,2026-09-24,2026-09-24T19:02:39.570881+00:00,github-36045280392-1,80634446-9faf-4de8-bfa1-81ab2c7a0461,ACB.TO,,40,2026-09-23,5.940000057220459,eligible,,phase4_confidence_research_v1,e5a1072ba3754f9a7e6d60fde5003b579f6a2f73c41b846532159559ad84eb77,c062e4ff2369a9c96f9a36410a4af8397add8c31d8525a020c815f9d51dcb1c2,b6de5899ef419c2be611fab48868833a32c6481f701a0eaf65525513b46754b2,7319e125278a62d9a9f9fad72f66df45ebb3fa8f553ff36ddf3a173e09eeebc2,d3c6f170eb2a6fce3f43e80d7ab094e5c06bc8a276505aa957d651920aeab0a2,2026-09-23T00:00:00+00:00,2026-09-24T00:00:00+00:00,B3,unavailable,,unknown,,,unknown,insufficient_evidence,,,proxy_complete,proxy_complete_no_claim,proxy_insufficient,scale_incompatible
9168d12eac5cd91a7018bfab59bc6e1668952b81be801489ae24b4491ae40ad0,phase4e_shadow_v1,2026-09-24,2026-09-24T19:02:39.570881+00:00,github-36045280392-1,80634446-9faf-4de8-bfa1-81ab2c7a0461,ACB.TO,,60,2026-09-23,5.940000057220459,eligible,,phase4_confidence_research_v1,e5a1072ba3754f9a7e6d60fde5003b579f6a2f73c41b846532159559ad84eb77,c062e4ff2369a9c96f9a36410a4af8397add8c31d8525a020c815f9d51dcb1c2,b6de5899ef419c2be611fab48868833a32c6481f701a0eaf65525513b46754b2,7319e125278a62d9a9f9fad72f66df45ebb3fa8f553ff36ddf3a173e09eeebc2,d3c6f170eb2a6fce3f43e80d7ab094e5c06bc8a276505aa957d651920aeab0a2,2026-09-23T00:00:00+00:00,2026-09-24T00:00:00+00:00,B3,unavailable,,unknown,,,unknown,insufficient_evidence,,,proxy_complete,proxy_complete_no_claim,proxy_insufficient,scale_incompatible
07e2fad17e4ca03abc82698624088c921bd546cbbee8a527d0b9e667d889ab1f,phase4e_shadow_v1,2026-09-24,2026-09-24T19:02:39.570881+00:00,github-36045280392-1,80634446-9faf-4de8-bfa1-81ab2c7a0461,ADBE,USD,5,2026-09-23,240.69000244140625,eligible,,phase4_confidence_research_v1,e5a1072ba3754f9a7e6d60fde5003b579f6a2f73c41b846532159559ad84eb77,c062e4ff2369a9c96f9a36410a4af8397add8c31d8525a020c815f9d51dcb1c2,b6de5899ef419c2be611fab48868833a32c6481f701a0eaf65525513b46754b2,7319e125278a62d9a9f9fad72f66df45ebb3fa8f553ff36ddf3a173e09eeebc2,d3c6f170eb2a6fce3f43e80d7ab094e5c06bc8a276505aa957d651920aeab0a2,2026-09-23T00:00:00+00:00,2026-09-24T00:00:00+00:00,B3,robust,positive,unknown,,,middle,single_model,,positive,proxy_complete,proxy_partial_no_claim,proxy_complete,scale_incompatible
6d77d442353457be014d185286bb6f26406b159be5acc785fa187966b7786eee,phase4e_shadow_v1,2026-09-24,2026-09-24T19:02:39.570881+00:00,github-36045280392-1,80634446-9faf-4de8-bfa1-81ab2c7a0461,ADBE,USD,20,2026-09-23,240.69000244140625,eligible,,phase4_confidence_research_v1,e5a1072ba3754f9a7e6d60fde5003b579f6a2f73c41b846532159559ad84eb77,c062e4ff2369a9c96f9a36410a4af8397add8c31d8525a020c815f9d51dcb1c2,b6de5899ef419c2be611fab48868833a32c6481f701a0eaf65525513b46754b2,7319e125278a62d9a9f9fad72f66df45ebb3fa8f553ff36ddf3a173e09eeebc2,d3c6f170eb2a6fce3f43e80d7ab094e5c06bc8a276505aa957d651920aeab0a2,2026-09-23T00:00:00+00:00,2026-09-24T00:00:00+00:00,B3,immature,,unknown,,,unknown,insufficient_evidence,,,proxy_complete,proxy_complete_no_claim,proxy_insufficient,scale_incompatible
9c357e626086c7cce253c3299a80dda06e50ccbd9d8bf5d5aab0a83ba5df6dd3,phase4e_shadow_v1,2026-09-24,2026-09-24T19:02:39.570881+00:00,github-36045280392-1,80634446-9faf-4de8-bfa1-81ab2c7a0461,ADBE,USD,40,2026-09-23,240.69000244140625,eligible,,phase4_confidence_research_v1,e5a1072ba3754f9a7e6d60fde5003b579f6a2f73c41b846532159559ad84eb77,c062e4ff2369a9c96f9a36410a4af8397add8c31d8525a020c815f9d51dcb1c2,b6de5899ef419c2be611fab48868833a32c6481f701a0eaf65525513b46754b2,7319e125278a62d9a9f9fad72f66df45ebb3fa8f553ff36ddf3a173e09eeebc2,d3c6f170eb2a6fce3f43e80d7ab094e5c06bc8a276505aa957d651920aeab0a2,2026-09-23T00:00:00+00:00,2026-09-24T00:00:00+00:00,B3,unavailable,,unknown,,,unknown,insufficient_evidence,,,proxy_complete,proxy_complete_no_claim,proxy_insufficient,scale_incompatible
382fe8722a9e3cb8aa257e38f15bebf6912ca93a7b561b0be9f6cdedb87077dd,phase4e_shadow_v1,2026-09-24,2026-09-24T19:02:39.570881+00:00,github-36045280392-1,80634446-9faf-4de8-bfa1-81ab2c7a0461,ADBE,USD,60,2026-09-23,240.69000244140625,eligible,,phase4_confidence_research_v1,e5a1072ba3754f9a7e6d60fde5003b579f6a2f73c41b846532159559ad84eb77,c062e4ff2369a9c96f9a36410a4af8397add8c31d8525a020c815f9d51dcb1c2,b6de5899ef419c2be611fab48868833a32c6481f701a0eaf65525513b46754b2,7319e125278a62d9a9f9fad72f66df45ebb3fa8f553ff36ddf3a173e09eeebc2,d3c6f170eb2a6fce3f43e80d7ab094e5c06bc8a276505aa957d651920aeab0a2,2026-09-23T00:00:00+00:00,2026-09-24T00:00:00+00:00,B3,unavailable,,unknown,,,unknown,insufficient_evidence,,,proxy_complete,proxy_complete_no_claim,proxy_insufficient,scale_incompatible
96153bac3e7720bc04e6c1d100d47a707a71d27fd9ab9433b5b93fe75f7b7fc2,phase4e_shadow_v1,2026-09-24,2026-09-24T19:02:39.570881+00:00,github-36045280392-1,80634446-9faf-4de8-bfa1-81ab2c7a0461,AEM,USD,5,2026-09-23,195.57000732421875,eligible,,phase4_confidence_research_v1,e5a1072ba3754f9a7e6d60fde5003b579f6a2f73c41b846532159559ad84eb77,c062e4ff2369a9c96f9a36410a4af8397add8c31d8525a020c815f9d51dcb1c2,b6de5899ef419c2be611fab48868833a32c6481f701a0eaf65525513b46754b2,7319e125278a62d9a9f9fad72f66df45ebb3fa8f553ff36ddf3a173e09eeebc2,d3c6f170eb2a6fce3f43e80d7ab094e5c06bc8a276505aa957d651920aeab0a2,2026-09-23T00:00:00+00:00,2026-09-24T00:00:00+00:00,B5,robust,positive,unknown,,,middle,single_model,,positive,proxy_complete,proxy_complete_no_claim,proxy_complete,scale_incompatible
a0b46d9a1000ed470c388c0f565eb0d6bf02f6aa2b3b2c9fa299b8f40e6c193f,phase4e_shadow_v1,2026-09-24,2026-09-24T19:02:39.570881+00:00,github-36045280392-1,80634446-9faf-4de8-bfa1-81ab2c7a0461,AEM,USD,20,2026-09-23,195.57000732421875,eligible,,phase4_confidence_research_v1,e5a1072ba3754f9a7e6d60fde5003b579f6a2f73c41b846532159559ad84eb77,c062e4ff2369a9c96f9a36410a4af8397add8c31d8525a020c815f9d51dcb1c2,b6de5899ef419c2be611fab48868833a32c6481f701a0eaf65525513b46754b2,7319e125278a62d9a9f9fad72f66df45ebb3fa8f553ff36ddf3a173e09eeebc2,d3c6f170eb2a6fce3f43e80d7ab094e5c06bc8a276505aa957d651920aeab0a2,2026-09-23T00:00:00+00:00,2026-09-24T00:00:00+00:00,B5,immature,,unknown,,,unknown,insufficient_evidence,,,proxy_complete,proxy_complete_no_claim,proxy_insufficient,scale_incompatible
7c78dbfb29cbd0e7643580f235c274ff9ea8c80a83882706f9eefd512c1ea53c,phase4e_shadow_v1,2026-09-24,2026-09-24T19:02:39.570881+00:00,github-36045280392-1,80634446-9faf-4de8-bfa1-81ab2c7a0461,AEM,USD,40,2026-09-23,195.57000732421875,eligible,,phase4_confidence_research_v1,e5a1072ba3754f9a7e6d60fde5003b579f6a2f73c41b846532159559ad84eb77,c062e4ff2369a9c96f9a36410a4af8397add8c31d8525a020c815f9d51dcb1c2,b6de5899ef419c2be611fab48868833a32c6481f701a0eaf65525513b46754b2,7319e125278a62d9a9f9fad72f66df45ebb3fa8f553ff36ddf3a173e09eeebc2,d3c6f170eb2a6fce3f43e80d7ab094e5c06bc8a276505aa957d651920aeab0a2,2026-09-23T00:00:00+00:00,2026-09-24T00:00:00+00:00,B5,unavailable,,unknown,,,unknown,insufficient_evidence,,,proxy_complete,proxy_complete_no_claim,proxy_insufficient,scale_incompatible
b21d0aac839591a9dffb145328f50d6312646603afe5c046278db4a496b2ba2f,phase4e_shadow_v1,2026-09-24,2026-09-24T19:02:39.570881+00:00,github-36045280392-1,80634446-9faf-4de8-bfa1-81ab2c7a0461,AEM,USD,60,2026-09-23,195.57000732421875,eligible,,phase4_confidence_research_v1,e5a1072ba3754f9a7e6d60fde5003b579f6a2f73c41b846532159559ad84eb77,c062e4ff2369a9c96f9a36410a4af8397add8c31d8525a020c815f9d51dcb1c2,b6de5899ef419c2be611fab48868833a32c6481f701a0eaf65525513b46754b2,7319e125278a62d9a9f9fad72f66df45ebb3fa8f553ff36ddf3a173e09eeebc2,d3c6f170eb2a6fce3f43e80d7ab094e5c06bc8a276505aa957d651920aeab0a2,2026-09-23T00:00:00+00:00,2026-09-24T00:00:00+00:00,B5,unavailable,,unknown,,,unknown,insufficient_evidence,,,proxy_complete,proxy_complete_no_claim,proxy_insufficient,scale_incompatible
770a01cdd793e63b75abb7be72c3a95372fc61feb3687c7caf69deb6a6c48f4c,phase4e_shadow_v1,2026-09-24,2026-09-24T19:02:39.570881+00:00,github-36045280392-1,80634446-9faf-4de8-bfa1-81ab2c7a0461,AG.TO,CAD,5,2026-09-23,26.8700008392334,eligible,,phase4_confidence_research_v1,e5a1072ba3754f9a7e6d60fde5003b579f6a2f73c41b846532159559ad84eb77,c062e4ff2369a9c96f9a36410a4af8397add8c31d8525a020c815f9d51dcb1c2,b6de5899ef419c2be611fab48868833a32c6481f701a0eaf65525513b46754b2,7319e125278a62d9a9f9fad72f66df45ebb3fa8f553ff36ddf3a173e09eeebc2,d3c6f170eb2a6fce3f43e80d7ab094e5c06bc8a276505aa957d651920aeab0a2,2026-09-23T00:00:00+00:00,2026-09-24T00:00:00+00:00,B5,robust,positive,robust_claim,positive,trend200_d10_down & trend200_d1_down & rs3m_d1_up,middle,compatible,,positive,proxy_complete,proxy_complete,proxy_complete,scale_incompatible
119def04f437970f53ead4df390fdf09538f3306b3d002f01398e019ac3864fd,phase4e_shadow_v1,2026-09-24,2026-09-24T19:02:39.570881+00:00,github-36045280392-1,80634446-9faf-4de8-bfa1-81ab2c7a0461,AG.TO,CAD,20,2026-09-23,26.8700008392334,eligible,,phase4_confidence_research_v1,e5a1072ba3754f9a7e6d60fde5003b579f6a2f73c41b846532159559ad84eb77,c062e4ff2369a9c96f9a36410a4af8397add8c31d8525a020c815f9d51dcb1c2,b6de5899ef419c2be611fab48868833a32c6481f701a0eaf65525513b46754b2,7319e125278a62d9a9f9fad72f66df45ebb3fa8f553ff36ddf3a173e09eeebc2,d3c6f170eb2a6fce3f43e80d7ab094e5c06bc8a276505aa957d651920aeab0a2,2026-09-23T00:00:00+00:00,2026-09-24T00:00:00+00:00,B5,immature,,unknown,,,unknown,insufficient_evidence,,,proxy_complete,proxy_complete_no_claim,proxy_insufficient,scale_incompatible
5741ca5e3710649fcba71fbfad48f6eea198019205c005742e681893510e38d6,phase4e_shadow_v1,2026-09-24,2026-09-24T19:02:39.570881+00:00,github-36045280392-1,80634446-9faf-4de8-bfa1-81ab2c7a0461,AG.TO,CAD,40,2026-09-23,26.8700008392334,eligible,,phase4_confidence_research_v1,e5a1072ba3754f9a7e6d60fde5003b579f6a2f73c41b846532159559ad84eb77,c062e4ff2369a9c96f9a36410a4af8397add8c31d8525a020c815f9d51dcb1c2,b6de5899ef419c2be611fab48868833a32c6481f701a0eaf65525513b46754b2,7319e125278a62d9a9f9fad72f66df45ebb3fa8f553ff36ddf3a173e09eeebc2,d3c6f170eb2a6fce3f43e80d7ab094e5c06bc8a276505aa957d651920aeab0a2,2026-09-23T00:00:00+00:00,2026-09-24T00:00:00+00:00,B5,unavailable,,unknown,,,unknown,insufficient_evidence,,,proxy_complete,proxy_complete_no_claim,proxy_insufficient,scale_incompatible
8a5b2c26caf110d449acc33ca5a0daaee54a194c7023004bd8e7e6ce18dc5069,phase4e_shadow_v1,2026-09-24,2026-09-24T19:02:39.570881+00:00,github-36045280392-1,80634446-9faf-4de8-bfa1-81ab2c7a0461,AG.TO,CAD,60,2026-09-23,26.8700008392334,eligible,,phase4_confidence_research_v1,e5a1072ba3754f9a7e6d60fde5003b579f6a2f73c41b846532159559ad84eb77,c062e4ff2369a9c96f9a36410a4af8397add8c31d8525a020c815f9d51dcb1c2,b6de5899ef419c2be611fab48868833a32c6481f701a0eaf65525513b46754b2,7319e125278a62d9a9f9fad72f66df45ebb3fa8f553ff36ddf3a173e09eeebc2,d3c6f170eb2a6fce3f43e80d7ab094e5c06bc8a276505aa957d651920aeab0a2,2026-09-23T00:00:00+00:00,2026-09-24T00:00:00+00:00,B5,unavailable,,unknown,,,unknown,insufficient_evidence,,,proxy_complete,proxy_complete_no_claim,proxy_insufficient,scale_incompatible
e846ab37608a834cc2b8765ed0b23066f1bd8bcf5af79ca2cf0e48c1ead81153,phase4e_shadow_v1,2026-09-24,2026-09-24T19:02:39.570881+00:00,github-36045280392-1,80634446-9faf-4de8-bfa1-81ab2c7a0461,AGI.TO,CAD,5,2026-09-23,48.56999969482422,eligible,,phase4_confidence_research_v1,e5a1072ba3754f9a7e6d60fde5003b579f6a2f73c41b846532159559ad84eb77,c062e4ff2369a9c96f9a36410a4af8397add8c31d8525a020c815f9d51dcb1c2,b6de5899ef419c2be611fab48868833a32c6481f701a0eaf65525513b46754b2,7319e125278a62d9a9f9fad72f66df45ebb3fa8f553ff36ddf3a173e09eeebc2,d3c6f170eb2a6fce3f43e80d7ab094e5c06bc8a276505aa957d651920aeab0a2,2026-09-23T00:00:00+00:00,2026-09-24T00:00:00+00:00,B4,directional_only,negative,robust_claim,positive,trend200_d10_down & trend200_d1_down & rs3m_d1_up,middle,single_model,,positive,proxy_complete,proxy_complete,proxy_complete,scale_incompatible
d149a5aae5989ce3501b3a3de50520bd6a0cf90f33cf9d601583e5dd61bd048a,phase4e_shadow_v1,2026-09-24,2026-09-24T19:02:39.570881+00:00,github-36045280392-1,80634446-9faf-4de8-bfa1-81ab2c7a0461,AGI.TO,CAD,20,2026-09-23,48.56999969482422,eligible,,phase4_confidence_research_v1,e5a1072ba3754f9a7e6d60fde5003b579f6a2f73c41b846532159559ad84eb77,c062e4ff2369a9c96f9a36410a4af8397add8c31d8525a020c815f9d51dcb1c2,b6de5899ef419c2be611fab48868833a32c6481f701a0eaf65525513b46754b2,7319e125278a62d9a9f9fad72f66df45ebb3fa8f553ff36ddf3a173e09eeebc2,d3c6f170eb2a6fce3f43e80d7ab094e5c06bc8a276505aa957d651920aeab0a2,2026-09-23T00:00:00+00:00,2026-09-24T00:00:00+00:00,B4,immature,,unknown,,,unknown,insufficient_evidence,,,proxy_complete,proxy_complete_no_claim,proxy_insufficient,scale_incompatible
f17d28401a5cf5fa6fd91afb42c6369f7e12c35459f7cbb3a96461a450c097c6,phase4e_shadow_v1,2026-09-24,2026-09-24T19:02:39.570881+00:00,github-36045280392-1,80634446-9faf-4de8-bfa1-81ab2c7a0461,AGI.TO,CAD,40,2026-09-23,48.56999969482422,eligible,,phase4_confidence_research_v1,e5a1072ba3754f9a7e6d60fde5003b579f6a2f73c41b846532159559ad84eb77,c062e4ff2369a9c96f9a36410a4af8397add8c31d8525a020c815f9d51dcb1c2,b6de5899ef419c2be611fab48868833a32c6481f701a0eaf65525513b46754b2,7319e125278a62d9a9f9fad72f66df45ebb3fa8f553ff36ddf3a173e09eeebc2,d3c6f170eb2a6fce3f43e80d7ab094e5c06bc8a276505aa957d651920aeab0a2,2026-09-23T00:00:00+00:00,2026-09-24T00:00:00+00:00,B4,unavailable,,unknown,,,unknown,insufficient_evidence,,,proxy_complete,proxy_complete_no_claim,proxy_insufficient,scale_incompatible
13f71cd5a4bff724b779bfa662b8a3b1a89f7460f4ce70a6f2e65e506afaa089,phase4e_shadow_v1,2026-09-24,2026-09-24T19:02:39.570881+00:00,github-36045280392-1,80634446-9faf-4de8-bfa1-81ab2c7a0461,AGI.TO,CAD,60,2026-09-23,48.56999969482422,eligible,,phase4_confidence_research_v1,e5a1072ba3754f9a7e6d60fde5003b579f6a2f73c41b846532159559ad84eb77,c062e4ff2369a9c96f9a36410a4af8397add8c31d8525a020c815f9d51dcb1c2,b6de5899ef419c2be611fab48868833a32c6481f701a0eaf65525513b46754b2,7319e125278a62d9a9f9fad72f66df45ebb3fa8f553ff36ddf3a173e09eeebc2,d3c6f170eb2a6fce3f43e80d7ab094e5c06bc8a276505aa957d651920aeab0a2,2026-09-23T00:00:00+00:00,2026-09-24T00:00:00+00:00,B4,unavailable,,unknown,,,unknown,insufficient_evidence,,,proxy_complete,proxy_complete_no_claim,proxy_insufficient,scale_incompatible
a23ef8cd310bc74e32a03a54e89c975f469326255f8c670b33f3f48af15d926f,phase4e_shadow_v1,2026-09-24,2026-09-24T19:02:39.570881+00:00,github-36045280392-1,80634446-9faf-4de8-bfa1-81ab2c7a0461,ALB,USD,5,2026-09-23,113.47000122070312,eligible,,phase4_confidence_research_v1,e5a1072ba3754f9a7e6d60fde5003b579f6a2f73c41b846532159559ad84eb77,c062e4ff2369a9c96f9a36410a4af8397add8c31d8525a020c815f9d51dcb1c2,b6de5899ef419c2be611fab48868833a32c6481f701a0eaf65525513b46754b2,7319e125278a62d9a9f9fad72f66df45ebb3fa8f553ff36ddf3a173e09eeebc2,d3c6f170eb2a6fce3f43e80d7ab094e5c06bc8a276505aa957d651920aeab0a2,2026-09-23T00:00:00+00:00,2026-09-24T00:00:00+00:00,B1,directional_only,negative,unknown,,,middle,insufficient_evidence,,,proxy_complete,proxy_complete_no_claim,proxy_complete,scale_incompatible
b7ab6135045fa53173240a4082b2903270fa33849d8871242c5b8f10d7403fb3,phase4e_shadow_v1,2026-09-24,2026-09-24T19:02:39.570881+00:00,github-36045280392-1,80634446-9faf-4de8-bfa1-81ab2c7a0461,ALB,USD,20,2026-09-23,113.47000122070312,eligible,,phase4_confidence_research_v1,e5a1072ba3754f9a7e6d60fde5003b579f6a2f73c41b846532159559ad84eb77,c062e4ff2369a9c96f9a36410a4af8397add8c31d8525a020c815f9d51dcb1c2,b6de5899ef419c2be611fab48868833a32c6481f701a0eaf65525513b46754b2,7319e125278a62d9a9f9fad72f66df45ebb3fa8f553ff36ddf3a173e09eeebc2,d3c6f170eb2a6fce3f43e80d7ab094e5c06bc8a276505aa957d651920aeab0a2,2026-09-23T00:00:00+00:00,2026-09-24T00:00:00+00:00,B1,immature,,unknown,,,unknown,insufficient_evidence,,,proxy_complete,proxy_complete_no_claim,proxy_insufficient,scale_incompatible
be23b55a51935ec94ff895a856a81392a798f57a0d3965b7f028a09d21d5337a,phase4e_shadow_v1,2026-09-24,2026-09-24T19:02:39.570881+00:00,github-36045280392-1,80634446-9faf-4de8-bfa1-81ab2c7a0461,ALB,USD,40,2026-09-23,113.47000122070312,eligible,,phase4_confidence_research_v1,e5a1072ba3754f9a7e6d60fde5003b579f6a2f73c41b846532159559ad84eb77,c062e4ff2369a9c96f9a36410a4af8397add8c31d8525a020c815f9d51dcb1c2,b6de5899ef419c2be611fab48868833a32c6481f701a0eaf65525513b46754b2,7319e125278a62d9a9f9fad72f66df45ebb3fa8f553ff36ddf3a173e09eeebc2,d3c6f170eb2a6fce3f43e80d7ab094e5c06bc8a276505aa957d651920aeab0a2,2026-09-23T00:00:00+00:00,2026-09-24T00:00:00+00:00,B1,unavailable,,unknown,,,unknown,insufficient_evidence,,,proxy_complete,proxy_complete_no_claim,proxy_insufficient,scale_incompatible
03a0bd6757cbd038b61a7979038e786c16c369cfb7d5f9729f12f56ee88338fe,phase4e_shadow_v1,2026-09-24,2026-09-24T19:02:39.570881+00:00,github-36045280392-1,80634446-9faf-4de8-bfa1-81ab2c7a0461,ALB,USD,60,2026-09-23,113.47000122070312,eligible,,phase4_confidence_research_v1,e5a1072ba3754f9a7e6d60fde5003b579f6a2f73c41b846532159559ad84eb77,c062e4ff2369a9c96f9a36410a4af8397add8c31d8525a020c815f9d51dcb1c2,b6de5899ef419c2be611fab48868833a32c6481f701a0eaf65525513b46754b2,7319e125278a62d9a9f9fad72f66df45ebb3fa8f553ff36ddf3a173e09eeebc2,d3c6f170eb2a6fce3f43e80d7ab094e5c06bc8a276505aa957d651920aeab0a2,2026-09-23T00:00:00+00:00,2026-09-24T00:00:00+00:00,B1,unavailable,,unknown,,,unknown,insufficient_evidence,,,proxy_complete,proxy_complete_no_claim,proxy_insufficient,scale_incompatible
8ac3cca6da54d893bde2be0e60909d339d4ca5a1b05792a1aea76ffc1c85c3d8,phase4e_shadow_v1,2026-09-24,2026-09-24T19:02:39.570881+00:00,github-36045280392-1,80634446-9faf-4de8-bfa1-81ab2c7a0461,ALV.DE,EUR,5,2026-09-23,413.1000061035156,eligible,,phase4_confidence_research_v1,e5a1072ba3754f9a7e6d60fde5003b579f6a2f73c41b846532159559ad84eb77,c062e4ff2369a9c96f9a36410a4af8397add8c31d8525a020c815f9d51dcb1c2,b6de5899ef419c2be611fab48868833a32c6481f701a0eaf65525513b46754b2,7319e125278a62d9a9f9fad72f66df45ebb3fa8f553ff36ddf3a173e09eeebc2,d3c6f170eb2a6fce3f43e80d7ab094e5c06bc8a276505aa957d651920aeab0a2,2026-09-23T00:00:00+00:00,2026-09-24T00:00:00+00:00,B4,directional_only,negative,unknown,,,low,insufficient_evidence,,,proxy_complete,proxy_complete_no_claim,proxy_complete,scale_incompatible
9ded5fbf5c43e13153b0f83d4c508b9c2cbb609e9746533ccfbec3e5b1b29bde,phase4e_shadow_v1,2026-09-24,2026-09-24T19:02:39.570881+00:00,github-36045280392-1,80634446-9faf-4de8-bfa1-81ab2c7a0461,ALV.DE,EUR,20,2026-09-23,413.1000061035156,eligible,,phase4_confidence_research_v1,e5a1072ba3754f9a7e6d60fde5003b579f6a2f73c41b846532159559ad84eb77,c062e4ff2369a9c96f9a36410a4af8397add8c31d8525a020c815f9d51dcb1c2,b6de5899ef419c2be611fab48868833a32c6481f701a0eaf65525513b46754b2,7319e125278a62d9a9f9fad72f66df45ebb3fa8f553ff36ddf3a173e09eeebc2,d3c6f170eb2a6fce3f43e80d7ab094e5c06bc8a276505aa957d651920aeab0a2,2026-09-23T00:00:00+00:00,2026-09-24T00:00:00+00:00,B4,immature,,unknown,,,unknown,insufficient_evidence,,,proxy_complete,proxy_complete_no_claim,proxy_insufficient,scale_incompatible
7b753195967e095719aad9158f6a5ef526a64e5261d4b959c55a39db2af6d5b2,phase4e_shadow_v1,2026-09-24,2026-09-24T19:02:39.570881+00:00,github-36045280392-1,80634446-9faf-4de8-bfa1-81ab2c7a0461,ALV.DE,EUR,40,2026-09-23,413.1000061035156,eligible,,phase4_confidence_research_v1,e5a1072ba3754f9a7e6d60fde5003b579f6a2f73c41b846532159559ad84eb77,c062e4ff2369a9c96f9a36410a4af8397add8c31d8525a020c815f9d51dcb1c2,b6de5899ef419c2be611fab48868833a32c6481f701a0eaf65525513b46754b2,7319e125278a62d9a9f9fad72f66df45ebb3fa8f553ff36ddf3a173e09eeebc2,d3c6f170eb2a6fce3f43e80d7ab094e5c06bc8a276505aa957d651920aeab0a2,2026-09-23T00:00:00+00:00,2026-09-24T00:00:00+00:00,B4,unavailable,,unknown,,,unknown,insufficient_evidence,,,proxy_complete,proxy_complete_no_claim,proxy_insufficient,scale_incompatible
e38d12baa6fbc1ae09ed928e9aec2ed70151f4a154ed8ac79390907250221684,phase4e_shadow_v1,2026-09-24,2026-09-24T19:02:39.570881+00:00,github-36045280392-1,80634446-9faf-4de8-bfa1-81ab2c7a0461,ALV.DE,EUR,60,2026-09-23,413.1000061035156,eligible,,phase4_confidence_research_v1,e5a1072ba3754f9a7e6d60fde5003b579f6a2f73c41b846532159559ad84eb77,c062e4ff2369a9c96f9a36410a4af8397add8c31d8525a020c815f9d51dcb1c2,b6de5899ef419c2be611fab48868833a32c6481f701a0eaf65525513b46754b2,7319e125278a62d9a9f9fad72f66df45ebb3fa8f553ff36ddf3a173e09eeebc2,d3c6f170eb2a6fce3f43e80d7ab094e5c06bc8a276505aa957d651920aeab0a2,2026-09-23T00:00:00+00:00,2026-09-24T00:00:00+00:00,B4,unavailable,,unknown,,,unknown,insufficient_evidence,,,proxy_complete,proxy_complete_no_claim,proxy_insufficient,scale_incompatible
794f0ced629d1ef2094f6b6d13cb71354ba5609a88c32a725eebcd60a5eeded5,phase4e_shadow_v1,2026-09-24,2026-09-24T19:02:39.570881+00:00,github-36045280392-1,80634446-9faf-4de8-bfa1-81ab2c7a0461,AMAT,USD,5,2026-09-23,474.3800048828125,eligible,,phase4_confidence_research_v1,e5a1072ba3754f9a7e6d60fde5003b579f6a2f73c41b846532159559ad84eb77,c062e4ff2369a9c96f9a36410a4af8397add8c31d8525a020c815f9d51dcb1c2,b6de5899ef419c2be611fab48868833a32c6481f701a0eaf65525513b46754b2,7319e125278a62d9a9f9fad72f66df45ebb3fa8f553ff36ddf3a173e09eeebc2,d3c6f170eb2a6fce3f43e80d7ab094e5c06bc8a276505aa957d651920aeab0a2,2026-09-23T00:00:00+00:00,2026-09-24T00:00:00+00:00,B2,directional_only,negative,unknown,,,middle,insufficient_evidence,,,proxy_complete,proxy_complete_no_claim,proxy_complete,scale_incompatible
249b4bcf7149887ec16df5acc147951aae865357986c45fa1f34f3f00f841b82,phase4e_shadow_v1,2026-09-24,2026-09-24T19:02:39.570881+00:00,github-36045280392-1,80634446-9faf-4de8-bfa1-81ab2c7a0461,AMAT,USD,20,2026-09-23,474.3800048828125,eligible,,phase4_confidence_research_v1,e5a1072ba3754f9a7e6d60fde5003b579f6a2f73c41b846532159559ad84eb77,c062e4ff2369a9c96f9a36410a4af8397add8c31d8525a020c815f9d51dcb1c2,b6de5899ef419c2be611fab48868833a32c6481f701a0eaf65525513b46754b2,7319e125278a62d9a9f9fad72f66df45ebb3fa8f553ff36ddf3a173e09eeebc2,d3c6f170eb2a6fce3f43e80d7ab094e5c06bc8a276505aa957d651920aeab0a2,2026-09-23T00:00:00+00:00,2026-09-24T00:00:00+00:00,B2,immature,,unknown,,,unknown,insufficient_evidence,,,proxy_complete,proxy_complete_no_claim,proxy_insufficient,scale_incompatible
7cd3b47eeecd242868e86550497f17aeb20c6f9e0c3123411b575b4378b42cf4,phase4e_shadow_v1,2026-09-24,2026-09-24T19:02:39.570881+00:00,github-36045280392-1,80634446-9faf-4de8-bfa1-81ab2c7a0461,AMAT,USD,40,2026-09-23,474.3800048828125,eligible,,phase4_confidence_research_v1,e5a1072ba3754f9a7e6d60fde5003b579f6a2f73c41b846532159559ad84eb77,c062e4ff2369a9c96f9a36410a4af8397add8c31d8525a020c815f9d51dcb1c2,b6de5899ef419c2be611fab48868833a32c6481f701a0eaf65525513b46754b2,7319e125278a62d9a9f9fad72f66df45ebb3fa8f553ff36ddf3a173e09eeebc2,d3c6f170eb2a6fce3f43e80d7ab094e5c06bc8a276505aa957d651920aeab0a2,2026-09-23T00:00:00+00:00,2026-09-24T00:00:00+00:00,B2,unavailable,,unknown,,,unknown,insufficient_evidence,,,proxy_complete,proxy_complete_no_claim,proxy_insufficient,scale_incompatible
ab49c86a5ccba605fd87db6b83258d466d63c253dc5fa51c05bb93a61069e421,phase4e_shadow_v1,2026-09-24,2026-09-24T19:02:39.570881+00:00,github-36045280392-1,80634446-9faf-4de8-bfa1-81ab2c7a0461,AMAT,USD,60,2026-09-23,474.3800048828125,eligible,,phase4_confidence_research_v1,e5a1072ba3754f9a7e6d60fde5003b579f6a2f73c41b846532159559ad84eb77,c062e4ff2369a9c96f9a36410a4af8397add8c31d8525a020c815f9d51dcb1c2,b6de5899ef419c2be611fab48868833a32c6481f701a0eaf65525513b46754b2,7319e125278a62d9a9f9fad72f66df45ebb3fa8f553ff36ddf3a173e09eeebc2,d3c6f170eb2a6fce3f43e80d7ab094e5c06bc8a276505aa957d651920aeab0a2,2026-09-23T00:00:00+00:00,2026-09-24T00:00:00+00:00,B2,unavailable,,unknown,,,unknown,insufficient_evidence,,,proxy_complete,proxy_complete_no_claim,proxy_insufficient,scale_incompatible
0fb1953a348bba754cbcf199169d14b166ece2ccdb2c81c6f7378285acf29fab,phase4e_shadow_v1,2026-09-24,2026-09-24T19:02:39.570881+00:00,github-36045280392-1,80634446-9faf-4de8-bfa1-81ab2c7a0461,AMKR,,5,2026-09-23,53.31999969482422,eligible,,phase4_confidence_research_v1,e5a1072ba3754f9a7e6d60fde5003b579f6a2f73c41b846532159559ad84eb77,c062e4ff2369a9c96f9a36410a4af8397add8c31d8525a020c815f9d51dcb1c2,b6de5899ef419c2be611fab48868833a32c6481f701a0eaf65525513b46754b2,7319e125278a62d9a9f9fad72f66df45ebb3fa8f553ff36ddf3a173e09eeebc2,d3c6f170eb2a6fce3f43e80d7ab094e5c06bc8a276505aa957d651920aeab0a2,2026-09-23T00:00:00+00:00,2026-09-24T00:00:00+00:00,B2,directional_only,negative,unknown,,,middle,insufficient_evidence,,,proxy_complete,proxy_complete_no_claim,proxy_complete,scale_incompatible
351c0f614d3cba65d7e9c20dea48d619a33745a64d64126fcedfe565323d0420,phase4e_shadow_v1,2026-09-24,2026-09-24T19:02:39.570881+00:00,github-36045280392-1,80634446-9faf-4de8-bfa1-81ab2c7a0461,AMKR,,20,2026-09-23,53.31999969482422,eligible,,phase4_confidence_research_v1,e5a1072ba3754f9a7e6d60fde5003b579f6a2f73c41b846532159559ad84eb77,c062e4ff2369a9c96f9a36410a4af8397add8c31d8525a020c815f9d51dcb1c2,b6de5899ef419c2be611fab48868833a32c6481f701a0eaf65525513b46754b2,7319e125278a62d9a9f9fad72f66df45ebb3fa8f553ff36ddf3a173e09eeebc2,d3c6f170eb2a6fce3f43e80d7ab094e5c06bc8a276505aa957d651920aeab0a2,2026-09-23T00:00:00+00:00,2026-09-24T00:00:00+00:00,B2,immature,,unknown,,,unknown,insufficient_evidence,,,proxy_complete,proxy_complete_no_claim,proxy_insufficient,scale_incompatible
ff3528924e355946994c0d9303f5cebc842ebd6f172a9d1e4c425e57b64ad61d,phase4e_shadow_v1,2026-09-24,2026-09-24T19:02:39.570881+00:00,github-36045280392-1,80634446-9faf-4de8-bfa1-81ab2c7a0461,AMKR,,40,2026-09-23,53.31999969482422,eligible,,phase4_confidence_research_v1,e5a1072ba3754f9a7e6d60fde5003b579f6a2f73c41b846532159559ad84eb77,c062e4ff2369a9c96f9a36410a4af8397add8c31d8525a020c815f9d51dcb1c2,b6de5899ef419c2be611fab48868833a32c6481f701a0eaf65525513b46754b2,7319e125278a62d9a9f9fad72f66df45ebb3fa8f553ff36ddf3a173e09eeebc2,d3c6f170eb2a6fce3f43e80d7ab094e5c06bc8a276505aa957d651920aeab0a2,2026-09-23T00:00:00+00:00,2026-09-24T00:00:00+00:00,B2,unavailable,,unknown,,,unknown,insufficient_evidence,,,proxy_complete,proxy_complete_no_claim,proxy_insufficient,scale_incompatible
94771560665de61d99295b96652fff44231f3fe06685266298d9404d0d873a2a,phase4e_shadow_v1,2026-09-24,2026-09-24T19:02:39.570881+00:00,github-36045280392-1,80634446-9faf-4de8-bfa1-81ab2c7a0461,AMKR,,60,2026-09-23,53.31999969482422,eligible,,phase4_confidence_research_v1,e5a1072ba3754f9a7e6d60fde5003b579f6a2f73c41b846532159559ad84eb77,c062e4ff2369a9c96f9a36410a4af8397add8c31d8525a020c815f9d51dcb1c2,b6de5899ef419c2be611fab48868833a32c6481f701a0eaf65525513b46754b2,7319e125278a62d9a9f9fad72f66df45ebb3fa8f553ff36ddf3a173e09eeebc2,d3c6f170eb2a6fce3f43e80d7ab094e5c06bc8a276505aa957d651920aeab0a2,2026-09-23T00:00:00+00:00,2026-09-24T00:00:00+00:00,B2,unavailable,,unknown,,,unknown,insufficient_evidence,,,proxy_complete,proxy_complete_no_claim,proxy_insufficient,scale_incompatible
d64f5726d286eeaff0d4cf39538c69caf13400e047833284939e96f0fe05f53b,phase4e_shadow_v1,2026-09-24,2026-09-24T19:02:39.570881+00:00,github-36045280392-1,80634446-9faf-4de8-bfa1-81ab2c7a0461,AMZN,USD,5,2026-09-23,249.2700042724609,eligible,,phase4_confidence_research_v1,e5a1072ba3754f9a7e6d60fde5003b579f6a2f73c41b846532159559ad84eb77,c062e4ff2369a9c96f9a36410a4af8397add8c31d8525a020c815f9d51dcb1c2,b6de5899ef419c2be611fab48868833a32c6481f701a0eaf65525513b46754b2,7319e125278a62d9a9f9fad72f66df45ebb3fa8f553ff36ddf3a173e09eeebc2,d3c6f170eb2a6fce3f43e80d7ab094e5c06bc8a276505aa957d651920aeab0a2,2026-09-23T00:00:00+00:00,2026-09-24T00:00:00+00:00,B4,directional_only,negative,robust_claim,positive,trend200_d10_down & trend200_d1_down & rs3m_d1_up,low,single_model,,positive,proxy_complete,proxy_complete,proxy_complete,scale_incompatible
e5a16ba1fe6d294adee7a649dbcc3185e0b1e47eb30ff5f050bcdf2c01c5742f,phase4e_shadow_v1,2026-09-24,2026-09-24T19:02:39.570881+00:00,github-36045280392-1,80634446-9faf-4de8-bfa1-81ab2c7a0461,AMZN,USD,20,2026-09-23,249.2700042724609,eligible,,phase4_confidence_research_v1,e5a1072ba3754f9a7e6d60fde5003b579f6a2f73c41b846532159559ad84eb77,c062e4ff2369a9c96f9a36410a4af8397add8c31d8525a020c815f9d51dcb1c2,b6de5899ef419c2be611fab48868833a32c6481f701a0eaf65525513b46754b2,7319e125278a62d9a9f9fad72f66df45ebb3fa8f553ff36ddf3a173e09eeebc2,d3c6f170eb2a6fce3f43e80d7ab094e5c06bc8a276505aa957d651920aeab0a2,2026-09-23T00:00:00+00:00,2026-09-24T00:00:00+00:00,B4,immature,,unknown,,,unknown,insufficient_evidence,,,proxy_complete,proxy_complete_no_claim,proxy_insufficient,scale_incompatible
ac0b0990a1ae3685641b5342602a54bd3b9975089fc2372e5e878de9c445ad1a,phase4e_shadow_v1,2026-09-24,2026-09-24T19:02:39.570881+00:00,github-36045280392-1,80634446-9faf-4de8-bfa1-81ab2c7a0461,AMZN,USD,40,2026-09-23,249.2700042724609,eligible,,phase4_confidence_research_v1,e5a1072ba3754f9a7e6d60fde5003b579f6a2f73c41b846532159559ad84eb77,c062e4ff2369a9c96f9a36410a4af8397add8c31d8525a020c815f9d51dcb1c2,b6de5899ef419c2be611fab48868833a32c6481f701a0eaf65525513b46754b2,7319e125278a62d9a9f9fad72f66df45ebb3fa8f553ff36ddf3a173e09eeebc2,d3c6f170eb2a6fce3f43e80d7ab094e5c06bc8a276505aa957d651920aeab0a2,2026-09-23T00:00:00+00:00,2026-09-24T00:00:00+00:00,B4,unavailable,,unknown,,,unknown,insufficient_evidence,,,proxy_complete,proxy_complete_no_claim,proxy_insufficient,scale_incompatible
d9dd33f782e6da98e0203e9f3e2f6142acd9ea7a53ab2ce404a93ebf6c807121,phase4e_shadow_v1,2026-09-24,2026-09-24T19:02:39.570881+00:00,github-36045280392-1,80634446-9faf-4de8-bfa1-81ab2c7a0461,AMZN,USD,60,2026-09-23,249.2700042724609,eligible,,phase4_confidence_research_v1,e5a1072ba3754f9a7e6d60fde5003b579f6a2f73c41b846532159559ad84eb77,c062e4ff2369a9c96f9a36410a4af8397add8c31d8525a020c815f9d51dcb1c2,b6de5899ef419c2be611fab48868833a32c6481f701a0eaf65525513b46754b2,7319e125278a62d9a9f9fad72f66df45ebb3fa8f553ff36ddf3a173e09eeebc2,d3c6f170eb2a6fce3f43e80d7ab094e5c06bc8a276505aa957d651920aeab0a2,2026-09-23T00:00:00+00:00,2026-09-24T00:00:00+00:00,B4,unavailable,,unknown,,,unknown,insufficient_evidence,,,proxy_complete,proxy_complete_no_claim,proxy_insufficient,scale_incompatible
07b96353185c602e29592d2070fa341db6fbb3ae596eb48c213c0cee277d282f,phase4e_shadow_v1,2026-09-24,2026-09-24T19:02:39.570881+00:00,github-36045280392-1,80634446-9faf-4de8-bfa1-81ab2c7a0461,APLD,USD,5,2026-09-23,27.229999542236328,eligible,,phase4_confidence_research_v1,e5a1072ba3754f9a7e6d60fde5003b579f6a2f73c41b846532159559ad84eb77,c062e4ff2369a9c96f9a36410a4af8397add8c31d8525a020c815f9d51dcb1c2,b6de5899ef419c2be611fab48868833a32c6481f701a0eaf65525513b46754b2,7319e125278a62d9a9f9fad72f66df45ebb3fa8f553ff36ddf3a173e09eeebc2,d3c6f170eb2a6fce3f43e80d7ab094e5c06bc8a276505aa957d651920aeab0a2,2026-09-23T00:00:00+00:00,2026-09-24T00:00:00+00:00,B1,directional_only,negative,unknown,,,middle,insufficient_evidence,,,proxy_complete,proxy_complete_no_claim,proxy_complete,scale_incompatible
4951d50defbd286569f4a7a75f2a27c1fb27840927acb446100f48876201e5f6,phase4e_shadow_v1,2026-09-24,2026-09-24T19:02:39.570881+00:00,github-36045280392-1,80634446-9faf-4de8-bfa1-81ab2c7a0461,APLD,USD,20,2026-09-23,27.229999542236328,eligible,,phase4_confidence_research_v1,e5a1072ba3754f9a7e6d60fde5003b579f6a2f73c41b846532159559ad84eb77,c062e4ff2369a9c96f9a36410a4af8397add8c31d8525a020c815f9d51dcb1c2,b6de5899ef419c2be611fab48868833a32c6481f701a0eaf65525513b46754b2,7319e125278a62d9a9f9fad72f66df45ebb3fa8f553ff36ddf3a173e09eeebc2,d3c6f170eb2a6fce3f43e80d7ab094e5c06bc8a276505aa957d651920aeab0a2,2026-09-23T00:00:00+00:00,2026-09-24T00:00:00+00:00,B1,immature,,unknown,,,unknown,insufficient_evidence,,,proxy_complete,proxy_complete_no_claim,proxy_insufficient,scale_incompatible
057c0bb9f8185be2eb99f080c982f562e58d35e6cca0daa162dac1426b486d0b,phase4e_shadow_v1,2026-09-24,2026-09-24T19:02:39.570881+00:00,github-36045280392-1,80634446-9faf-4de8-bfa1-81ab2c7a0461,APLD,USD,40,2026-09-23,27.229999542236328,eligible,,phase4_confidence_research_v1,e5a1072ba3754f9a7e6d60fde5003b579f6a2f73c41b846532159559ad84eb77,c062e4ff2369a9c96f9a36410a4af8397add8c31d8525a020c815f9d51dcb1c2,b6de5899ef419c2be611fab48868833a32c6481f701a0eaf65525513b46754b2,7319e125278a62d9a9f9fad72f66df45ebb3fa8f553ff36ddf3a173e09eeebc2,d3c6f170eb2a6fce3f43e80d7ab094e5c06bc8a276505aa957d651920aeab0a2,2026-09-23T00:00:00+00:00,2026-09-24T00:00:00+00:00,B1,unavailable,,unknown,,,unknown,insufficient_evidence,,,proxy_complete,proxy_complete_no_claim,proxy_insufficient,scale_incompatible
c4a67fc739944804753e88fb8667186625013947f5574f37f800f9f2c9aab843,phase4e_shadow_v1,2026-09-24,2026-09-24T19:02:39.570881+00:00,github-36045280392-1,80634446-9faf-4de8-bfa1-81ab2c7a0461,APLD,USD,60,2026-09-23,27.229999542236328,eligible,,phase4_confidence_research_v1,e5a1072ba3754f9a7e6d60fde5003b579f6a2f73c41b846532159559ad84eb77,c062e4ff2369a9c96f9a36410a4af8397add8c31d8525a020c815f9d51dcb1c2,b6de5899ef419c2be611fab48868833a32c6481f701a0eaf65525513b46754b2,7319e125278a62d9a9f9fad72f66df45ebb3fa8f553ff36ddf3a173e09eeebc2,d3c6f170eb2a6fce3f43e80d7ab094e5c06bc8a276505aa957d651920aeab0a2,2026-09-23T00:00:00+00:00,2026-09-24T00:00:00+00:00,B1,unavailable,,unknown,,,unknown,insufficient_evidence,,,proxy_complete,proxy_complete_no_claim,proxy_insufficient,scale_incompatible
5039738b8256808bc224ec6996a488d17ca74f776deb08fed5f66105242a762e,phase4e_shadow_v1,2026-09-24,2026-09-24T19:02:39.570881+00:00,github-36045280392-1,80634446-9faf-4de8-bfa1-81ab2c7a0461,APP,USD,5,2026-09-23,315.25,eligible,,phase4_confidence_research_v1,e5a1072ba3754f9a7e6d60fde5003b579f6a2f73c41b846532159559ad84eb77,c062e4ff2369a9c96f9a36410a4af8397add8c31d8525a020c815f9d51dcb1c2,b6de5899ef419c2be611fab48868833a32c6481f701a0eaf65525513b46754b2,7319e125278a62d9a9f9fad72f66df45ebb3fa8f553ff36ddf3a173e09eeebc2,d3c6f170eb2a6fce3f43e80d7ab094e5c06bc8a276505aa957d651920aeab0a2,2026-09-23T00:00:00+00:00,2026-09-24T00:00:00+00:00,B1,directional_only,negative,unknown,,,elevated,risk_only,,,proxy_complete,proxy_complete_no_claim,proxy_complete,scale_incompatible
63ac2c0fa913b240450d7a42aa3329d96edb2942179ddcc26040ed49812a69d2,phase4e_shadow_v1,2026-09-24,2026-09-24T19:02:39.570881+00:00,github-36045280392-1,80634446-9faf-4de8-bfa1-81ab2c7a0461,APP,USD,20,2026-09-23,315.25,eligible,,phase4_confidence_research_v1,e5a1072ba3754f9a7e6d60fde5003b579f6a2f73c41b846532159559ad84eb77,c062e4ff2369a9c96f9a36410a4af8397add8c31d8525a020c815f9d51dcb1c2,b6de5899ef419c2be611fab48868833a32c6481f701a0eaf65525513b46754b2,7319e125278a62d9a9f9fad72f66df45ebb3fa8f553ff36ddf3a173e09eeebc2,d3c6f170eb2a6fce3f43e80d7ab094e5c06bc8a276505aa957d651920aeab0a2,2026-09-23T00:00:00+00:00,2026-09-24T00:00:00+00:00,B1,immature,,unknown,,,unknown,insufficient_evidence,,,proxy_complete,proxy_complete_no_claim,proxy_insufficient,scale_incompatible
a8e44ae6914dc9fdbadfc34bf76e9963d0e81839b775b91e4f98365cd649ccaf,phase4e_shadow_v1,2026-09-24,2026-09-24T19:02:39.570881+00:00,github-36045280392-1,80634446-9faf-4de8-bfa1-81ab2c7a0461,APP,USD,40,2026-09-23,315.25,eligible,,phase4_confidence_research_v1,e5a1072ba3754f9a7e6d60fde5003b579f6a2f73c41b846532159559ad84eb77,c062e4ff2369a9c96f9a36410a4af8397add8c31d8525a020c815f9d51dcb1c2,b6de5899ef419c2be611fab48868833a32c6481f701a0eaf65525513b46754b2,7319e125278a62d9a9f9fad72f66df45ebb3fa8f553ff36ddf3a173e09eeebc2,d3c6f170eb2a6fce3f43e80d7ab094e5c06bc8a276505aa957d651920aeab0a2,2026-09-23T00:00:00+00:00,2026-09-24T00:00:00+00:00,B1,unavailable,,unknown,,,unknown,insufficient_evidence,,,proxy_complete,proxy_complete_no_claim,proxy_insufficient,scale_incompatible
f7b8651f3204e8caa1ad2ebdf941b5115b6365fbaadce6383f21347cd09898de,phase4e_shadow_v1,2026-09-24,2026-09-24T19:02:39.570881+00:00,github-36045280392-1,80634446-9faf-4de8-bfa1-81ab2c7a0461,APP,USD,60,2026-09-23,315.25,eligible,,phase4_confidence_research_v1,e5a1072ba3754f9a7e6d60fde5003b579f6a2f73c41b846532159559ad84eb77,c062e4ff2369a9c96f9a36410a4af8397add8c31d8525a020c815f9d51dcb1c2,b6de5899ef419c2be611fab48868833a32c6481f701a0eaf65525513b46754b2,7319e125278a62d9a9f9fad72f66df45ebb3fa8f553ff36ddf3a173e09eeebc2,d3c6f170eb2a6fce3f43e80d7ab094e5c06bc8a276505aa957d651920aeab0a2,2026-09-23T00:00:00+00:00,2026-09-24T00:00:00+00:00,B1,unavailable,,unknown,,,unknown,insufficient_evidence,,,proxy_complete,proxy_complete_no_claim,proxy_insufficient,scale_incompatible
c2ad845f3b0cea25d35733aff96ccc5997c7917d343867bdd035981ea604d8ab,phase4e_shadow_v1,2026-09-24,2026-09-24T19:02:39.570881+00:00,github-36045280392-1,80634446-9faf-4de8-bfa1-81ab2c7a0461,ASM.TO,CAD,5,2026-09-23,8.5,eligible,,phase4_confidence_research_v1,e5a1072ba3754f9a7e6d60fde5003b579f6a2f73c41b846532159559ad84eb77,c062e4ff2369a9c96f9a36410a4af8397add8c31d8525a020c815f9d51dcb1c2,b6de5899ef419c2be611fab48868833a32c6481f701a0eaf65525513b46754b2,7319e125278a62d9a9f9fad72f66df45ebb3fa8f553ff36ddf3a173e09eeebc2,d3c6f170eb2a6fce3f43e80d7ab094e5c06bc8a276505aa957d651920aeab0a2,2026-09-23T00:00:00+00:00,2026-09-24T00:00:00+00:00,B5,robust,positive,robust_claim,positive,trend200_d10_down & trend200_d1_down & rs3m_d1_up,middle,compatible,,positive,proxy_complete,proxy_complete,proxy_complete,scale_incompatible
208402a398d5891e692f3ba9b26c9afcc230b79a95251aeee24f99c46c25715e,phase4e_shadow_v1,2026-09-24,2026-09-24T19:02:39.570881+00:00,github-36045280392-1,80634446-9faf-4de8-bfa1-81ab2c7a0461,ASM.TO,CAD,20,2026-09-23,8.5,eligible,,phase4_confidence_research_v1,e5a1072ba3754f9a7e6d60fde5003b579f6a2f73c41b846532159559ad84eb77,c062e4ff2369a9c96f9a36410a4af8397add8c31d8525a020c815f9d51dcb1c2,b6de5899ef419c2be611fab48868833a32c6481f701a0eaf65525513b46754b2,7319e125278a62d9a9f9fad72f66df45ebb3fa8f553ff36ddf3a173e09eeebc2,d3c6f170eb2a6fce3f43e80d7ab094e5c06bc8a276505aa957d651920aeab0a2,2026-09-23T00:00:00+00:00,2026-09-24T00:00:00+00:00,B5,immature,,unknown,,,unknown,insufficient_evidence,,,proxy_complete,proxy_complete_no_claim,proxy_insufficient,scale_incompatible
7075214f7f76e67aeb92a9a28363c70ea7b0b630cd8e589b53d79d2557dd8720,phase4e_shadow_v1,2026-09-24,2026-09-24T19:02:39.570881+00:00,github-36045280392-1,80634446-9faf-4de8-bfa1-81ab2c7a0461,ASM.TO,CAD,40,2026-09-23,8.5,eligible,,phase4_confidence_research_v1,e5a1072ba3754f9a7e6d60fde5003b579f6a2f73c41b846532159559ad84eb77,c062e4ff2369a9c96f9a36410a4af8397add8c31d8525a020c815f9d51dcb1c2,b6de5899ef419c2be611fab48868833a32c6481f701a0eaf65525513b46754b2,7319e125278a62d9a9f9fad72f66df45ebb3fa8f553ff36ddf3a173e09eeebc2,d3c6f170eb2a6fce3f43e80d7ab094e5c06bc8a276505aa957d651920aeab0a2,2026-09-23T00:00:00+00:00,2026-09-24T00:00:00+00:00,B5,unavailable,,unknown,,,unknown,insufficient_evidence,,,proxy_complete,proxy_complete_no_claim,proxy_insufficient,scale_incompatible
1c05481aad81590e8501e3f18105b95815e8e46e999755dee9873121be69b29b,phase4e_shadow_v1,2026-09-24,2026-09-24T19:02:39.570881+00:00,github-36045280392-1,80634446-9faf-4de8-bfa1-81ab2c7a0461,ASM.TO,CAD,60,2026-09-23,8.5,eligible,,phase4_confidence_research_v1,e5a1072ba3754f9a7e6d60fde5003b579f6a2f73c41b846532159559ad84eb77,c062e4ff2369a9c96f9a36410a4af8397add8c31d8525a020c815f9d51dcb1c2,b6de5899ef419c2be611fab48868833a32c6481f701a0eaf65525513b46754b2,7319e125278a62d9a9f9fad72f66df45ebb3fa8f553ff36ddf3a173e09eeebc2,d3c6f170eb2a6fce3f43e80d7ab094e5c06bc8a276505aa957d651920aeab0a2,2026-09-23T00:00:00+00:00,2026-09-24T00:00:00+00:00,B5,unavailable,,unknown,,,unknown,insufficient_evidence,,,proxy_complete,proxy_complete_no_claim,proxy_insufficient,scale_incompatible
3d1c6391e7e1c4de7054247da3055f7fa0dddfef0aff25102fd520ac4691aabc,phase4e_shadow_v1,2026-09-24,2026-09-24T19:02:39.570881+00:00,github-36045280392-1,80634446-9faf-4de8-bfa1-81ab2c7a0461,ASML,USD,5,2026-09-23,1744.6099853515625,eligible,,phase4_confidence_research_v1,e5a1072ba3754f9a7e6d60fde5003b579f6a2f73c41b846532159559ad84eb77,c062e4ff2369a9c96f9a36410a4af8397add8c31d8525a020c815f9d51dcb1c2,b6de5899ef419c2be611fab48868833a32c6481f701a0eaf65525513b46754b2,7319e125278a62d9a9f9fad72f66df45ebb3fa8f553ff36ddf3a173e09eeebc2,d3c6f170eb2a6fce3f43e80d7ab094e5c06bc8a276505aa957d651920aeab0a2,2026-09-23T00:00:00+00:00,2026-09-24T00:00:00+00:00,B5,robust,positive,unknown,,,low,single_model,,positive,proxy_complete,proxy_complete_no_claim,proxy_complete,scale_incompatible
02c69b5f7c00cd48fedd7da1822fbf2e239fd77faca37e43c72225f77c587847,phase4e_shadow_v1,2026-09-24,2026-09-24T19:02:39.570881+00:00,github-36045280392-1,80634446-9faf-4de8-bfa1-81ab2c7a0461,ASML,USD,20,2026-09-23,1744.6099853515625,eligible,,phase4_confidence_research_v1,e5a1072ba3754f9a7e6d60fde5003b579f6a2f73c41b846532159559ad84eb77,c062e4ff2369a9c96f9a36410a4af8397add8c31d8525a020c815f9d51dcb1c2,b6de5899ef419c2be611fab48868833a32c6481f701a0eaf65525513b46754b2,7319e125278a62d9a9f9fad72f66df45ebb3fa8f553ff36ddf3a173e09eeebc2,d3c6f170eb2a6fce3f43e80d7ab094e5c06bc8a276505aa957d651920aeab0a2,2026-09-23T00:00:00+00:00,2026-09-24T00:00:00+00:00,B5,immature,,unknown,,,unknown,insufficient_evidence,,,proxy_complete,proxy_complete_no_claim,proxy_insufficient,scale_incompatible
7dfc8a8dd3b9de4d8ca29310b1a2c2ac065777b401ffc6f796b6cd4d715cc06f,phase4e_shadow_v1,2026-09-24,2026-09-24T19:02:39.570881+00:00,github-36045280392-1,80634446-9faf-4de8-bfa1-81ab2c7a0461,ASML,USD,40,2026-09-23,1744.6099853515625,eligible,,phase4_confidence_research_v1,e5a1072ba3754f9a7e6d60fde5003b579f6a2f73c41b846532159559ad84eb77,c062e4ff2369a9c96f9a36410a4af8397add8c31d8525a020c815f9d51dcb1c2,b6de5899ef419c2be611fab48868833a32c6481f701a0eaf65525513b46754b2,7319e125278a62d9a9f9fad72f66df45ebb3fa8f553ff36ddf3a173e09eeebc2,d3c6f170eb2a6fce3f43e80d7ab094e5c06bc8a276505aa957d651920aeab0a2,2026-09-23T00:00:00+00:00,2026-09-24T00:00:00+00:00,B5,unavailable,,unknown,,,unknown,insufficient_evidence,,,proxy_complete,proxy_complete_no_claim,proxy_insufficient,scale_incompatible
12c9fc951f5acf0c593c95516274ed17eb36eb6132001ee37592aff29f661601,phase4e_shadow_v1,2026-09-24,2026-09-24T19:02:39.570881+00:00,github-36045280392-1,80634446-9faf-4de8-bfa1-81ab2c7a0461,ASML,USD,60,2026-09-23,1744.6099853515625,eligible,,phase4_confidence_research_v1,e5a1072ba3754f9a7e6d60fde5003b579f6a2f73c41b846532159559ad84eb77,c062e4ff2369a9c96f9a36410a4af8397add8c31d8525a020c815f9d51dcb1c2,b6de5899ef419c2be611fab48868833a32c6481f701a0eaf65525513b46754b2,7319e125278a62d9a9f9fad72f66df45ebb3fa8f553ff36ddf3a173e09eeebc2,d3c6f170eb2a6fce3f43e80d7ab094e5c06bc8a276505aa957d651920aeab0a2,2026-09-23T00:00:00+00:00,2026-09-24T00:00:00+00:00,B5,unavailable,,unknown,,,unknown,insufficient_evidence,,,proxy_complete,proxy_complete_no_claim,proxy_insufficient,scale_incompatible
511837c5bf959ed276e05093584e533b484ca4a264a772ed6bbdc20872b7daec,phase4e_shadow_v1,2026-09-24,2026-09-24T19:02:39.570881+00:00,github-36045280392-1,80634446-9faf-4de8-bfa1-81ab2c7a0461,ASTS,,5,2026-09-23,59.97999954223633,eligible,,phase4_confidence_research_v1,e5a1072ba3754f9a7e6d60fde5003b579f6a2f73c41b846532159559ad84eb77,c062e4ff2369a9c96f9a36410a4af8397add8c31d8525a020c815f9d51dcb1c2,b6de5899ef419c2be611fab48868833a32c6481f701a0eaf65525513b46754b2,7319e125278a62d9a9f9fad72f66df45ebb3fa8f553ff36ddf3a173e09eeebc2,d3c6f170eb2a6fce3f43e80d7ab094e5c06bc8a276505aa957d651920aeab0a2,2026-09-23T00:00:00+00:00,2026-09-24T00:00:00+00:00,B1,directional_only,negative,unknown,,,elevated,risk_only,,,proxy_complete,proxy_complete_no_claim,proxy_complete,scale_incompatible
61a35ec76a6ffea27778f448882b7c67d3006f236e7d2035eb233dc9d80da323,phase4e_shadow_v1,2026-09-24,2026-09-24T19:02:39.570881+00:00,github-36045280392-1,80634446-9faf-4de8-bfa1-81ab2c7a0461,ASTS,,20,2026-09-23,59.97999954223633,eligible,,phase4_confidence_research_v1,e5a1072ba3754f9a7e6d60fde5003b579f6a2f73c41b846532159559ad84eb77,c062e4ff2369a9c96f9a36410a4af8397add8c31d8525a020c815f9d51dcb1c2,b6de5899ef419c2be611fab48868833a32c6481f701a0eaf65525513b46754b2,7319e125278a62d9a9f9fad72f66df45ebb3fa8f553ff36ddf3a173e09eeebc2,d3c6f170eb2a6fce3f43e80d7ab094e5c06bc8a276505aa957d651920aeab0a2,2026-09-23T00:00:00+00:00,2026-09-24T00:00:00+00:00,B1,immature,,unknown,,,unknown,insufficient_evidence,,,proxy_complete,proxy_complete_no_claim,proxy_insufficient,scale_incompatible
90ddafd3ad1fc06603c6bedf376a08bafc35e3ceb4f0d0101db92dfda5978d9c,phase4e_shadow_v1,2026-09-24,2026-09-24T19:02:39.570881+00:00,github-36045280392-1,80634446-9faf-4de8-bfa1-81ab2c7a0461,ASTS,,40,2026-09-23,59.97999954223633,eligible,,phase4_confidence_research_v1,e5a1072ba3754f9a7e6d60fde5003b579f6a2f73c41b846532159559ad84eb77,c062e4ff2369a9c96f9a36410a4af8397add8c31d8525a020c815f9d51dcb1c2,b6de5899ef419c2be611fab48868833a32c6481f701a0eaf65525513b46754b2,7319e125278a62d9a9f9fad72f66df45ebb3fa8f553ff36ddf3a173e09eeebc2,d3c6f170eb2a6fce3f43e80d7ab094e5c06bc8a276505aa957d651920aeab0a2,2026-09-23T00:00:00+00:00,2026-09-24T00:00:00+00:00,B1,unavailable,,unknown,,,unknown,insufficient_evidence,,,proxy_complete,proxy_complete_no_claim,proxy_insufficient,scale_incompatible
9eee2fcca71828c0c91153797125f13d752d39c0b331ad166de319a97a0322ad,phase4e_shadow_v1,2026-09-24,2026-09-24T19:02:39.570881+00:00,github-36045280392-1,80634446-9faf-4de8-bfa1-81ab2c7a0461,ASTS,,60,2026-09-23,59.97999954223633,eligible,,phase4_confidence_research_v1,e5a1072ba3754f9a7e6d60fde5003b579f6a2f73c41b846532159559ad84eb77,c062e4ff2369a9c96f9a36410a4af8397add8c31d8525a020c815f9d51dcb1c2,b6de5899ef419c2be611fab48868833a32c6481f701a0eaf65525513b46754b2,7319e125278a62d9a9f9fad72f66df45ebb3fa8f553ff36ddf3a173e09eeebc2,d3c6f170eb2a6fce3f43e80d7ab094e5c06bc8a276505aa957d651920aeab0a2,2026-09-23T00:00:00+00:00,2026-09-24T00:00:00+00:00,B1,unavailable,,unknown,,,unknown,insufficient_evidence,,,proxy_complete,proxy_complete_no_claim,proxy_insufficient,scale_incompatible
888fa3526dc003743aa6cc2d30d3b256e9a4b8f4bf9719dcf3f6c08a783b6841,phase4e_shadow_v1,2026-09-24,2026-09-24T19:02:39.570881+00:00,github-36045280392-1,80634446-9faf-4de8-bfa1-81ab2c7a0461,ASX,,5,2026-09-23,43.93000030517578,eligible,,phase4_confidence_research_v1,e5a1072ba3754f9a7e6d60fde5003b579f6a2f73c41b846532159559ad84eb77,c062e4ff2369a9c96f9a36410a4af8397add8c31d8525a020c815f9d51dcb1c2,b6de5899ef419c2be611fab48868833a32c6481f701a0eaf65525513b46754b2,7319e125278a62d9a9f9fad72f66df45ebb3fa8f553ff36ddf3a173e09eeebc2,d3c6f170eb2a6fce3f43e80d7ab094e5c06bc8a276505aa957d651920aeab0a2,2026-09-23T00:00:00+00:00,2026-09-24T00:00:00+00:00,B3,robust,positive,unknown,,,middle,single_model,,positive,proxy_complete,proxy_complete_no_claim,proxy_complete,scale_incompatible
45765e01697c1739b023b79d7472271c993dbef487b84ce457dcfee1a239cfa5,phase4e_shadow_v1,2026-09-24,2026-09-24T19:02:39.570881+00:00,github-36045280392-1,80634446-9faf-4de8-bfa1-81ab2c7a0461,ASX,,20,2026-09-23,43.93000030517578,eligible,,phase4_confidence_research_v1,e5a1072ba3754f9a7e6d60fde5003b579f6a2f73c41b846532159559ad84eb77,c062e4ff2369a9c96f9a36410a4af8397add8c31d8525a020c815f9d51dcb1c2,b6de5899ef419c2be611fab48868833a32c6481f701a0eaf65525513b46754b2,7319e125278a62d9a9f9fad72f66df45ebb3fa8f553ff36ddf3a173e09eeebc2,d3c6f170eb2a6fce3f43e80d7ab094e5c06bc8a276505aa957d651920aeab0a2,2026-09-23T00:00:00+00:00,2026-09-24T00:00:00+00:00,B3,immature,,unknown,,,unknown,insufficient_evidence,,,proxy_complete,proxy_complete_no_claim,proxy_insufficient,scale_incompatible
109e79749a154aa38a72358e777e2ad44ec709f845d61501b8c9b207f7e257d1,phase4e_shadow_v1,2026-09-24,2026-09-24T19:02:39.570881+00:00,github-36045280392-1,80634446-9faf-4de8-bfa1-81ab2c7a0461,ASX,,40,2026-09-23,43.93000030517578,eligible,,phase4_confidence_research_v1,e5a1072ba3754f9a7e6d60fde5003b579f6a2f73c41b846532159559ad84eb77,c062e4ff2369a9c96f9a36410a4af8397add8c31d8525a020c815f9d51dcb1c2,b6de5899ef419c2be611fab48868833a32c6481f701a0eaf65525513b46754b2,7319e125278a62d9a9f9fad72f66df45ebb3fa8f553ff36ddf3a173e09eeebc2,d3c6f170eb2a6fce3f43e80d7ab094e5c06bc8a276505aa957d651920aeab0a2,2026-09-23T00:00:00+00:00,2026-09-24T00:00:00+00:00,B3,unavailable,,unknown,,,unknown,insufficient_evidence,,,proxy_complete,proxy_complete_no_claim,proxy_insufficient,scale_incompatible
c51e8207c6555281983b53b15ddc9c5ddc9af7e9fe5dc697d5dc38c58e56b5ad,phase4e_shadow_v1,2026-09-24,2026-09-24T19:02:39.570881+00:00,github-36045280392-1,80634446-9faf-4de8-bfa1-81ab2c7a0461,ASX,,60,2026-09-23,43.93000030517578,eligible,,phase4_confidence_research_v1,e5a1072ba3754f9a7e6d60fde5003b579f6a2f73c41b846532159559ad84eb77,c062e4ff2369a9c96f9a36410a4af8397add8c31d8525a020c815f9d51dcb1c2,b6de5899ef419c2be611fab48868833a32c6481f701a0eaf65525513b46754b2,7319e125278a62d9a9f9fad72f66df45ebb3fa8f553ff36ddf3a173e09eeebc2,d3c6f170eb2a6fce3f43e80d7ab094e5c06bc8a276505aa957d651920aeab0a2,2026-09-23T00:00:00+00:00,2026-09-24T00:00:00+00:00,B3,unavailable,,unknown,,,unknown,insufficient_evidence,,,proxy_complete,proxy_complete_no_claim,proxy_insufficient,scale_incompatible
670689de0a5828be3bf31ee717117e24144d07a2da2037728871fecab1b2a80f,phase4e_shadow_v1,2026-09-24,2026-09-24T19:02:39.570881+00:00,github-36045280392-1,80634446-9faf-4de8-bfa1-81ab2c7a0461,AUTO.OL,NOK,5,2026-09-23,15.920000076293944,eligible,,phase4_confidence_research_v1,e5a1072ba3754f9a7e6d60fde5003b579f6a2f73c41b846532159559ad84eb77,c062e4ff2369a9c96f9a36410a4af8397add8c31d8525a020c815f9d51dcb1c2,b6de5899ef419c2be611fab48868833a32c6481f701a0eaf65525513b46754b2,7319e125278a62d9a9f9fad72f66df45ebb3fa8f553ff36ddf3a173e09eeebc2,d3c6f170eb2a6fce3f43e80d7ab094e5c06bc8a276505aa957d651920aeab0a2,2026-09-23T00:00:00+00:00,2026-09-24T00:00:00+00:00,B3,robust,positive,unknown,,,middle,single_model,,positive,proxy_complete,proxy_complete_no_claim,proxy_complete,scale_incompatible
7414322c69942f6e6f02a8d410cb09ab7137e6297b543b5d51088f557a5df8b9,phase4e_shadow_v1,2026-09-24,2026-09-24T19:02:39.570881+00:00,github-36045280392-1,80634446-9faf-4de8-bfa1-81ab2c7a0461,AUTO.OL,NOK,20,2026-09-23,15.920000076293944,eligible,,phase4_confidence_research_v1,e5a1072ba3754f9a7e6d60fde5003b579f6a2f73c41b846532159559ad84eb77,c062e4ff2369a9c96f9a36410a4af8397add8c31d8525a020c815f9d51dcb1c2,b6de5899ef419c2be611fab48868833a32c6481f701a0eaf65525513b46754b2,7319e125278a62d9a9f9fad72f66df45ebb3fa8f553ff36ddf3a173e09eeebc2,d3c6f170eb2a6fce3f43e80d7ab094e5c06bc8a276505aa957d651920aeab0a2,2026-09-23T00:00:00+00:00,2026-09-24T00:00:00+00:00,B3,immature,,unknown,,,unknown,insufficient_evidence,,,proxy_complete,proxy_complete_no_claim,proxy_insufficient,scale_incompatible
957ca96252d8b9930c24aa7264a8031bcf963f6bd6bc6fb04f122f9b8a8e19ac,phase4e_shadow_v1,2026-09-24,2026-09-24T19:02:39.570881+00:00,github-36045280392-1,80634446-9faf-4de8-bfa1-81ab2c7a0461,AUTO.OL,NOK,40,2026-09-23,15.920000076293944,eligible,,phase4_confidence_research_v1,e5a1072ba3754f9a7e6d60fde5003b579f6a2f73c41b846532159559ad84eb77,c062e4ff2369a9c96f9a36410a4af8397add8c31d8525a020c815f9d51dcb1c2,b6de5899ef419c2be611fab48868833a32c6481f701a0eaf65525513b46754b2,7319e125278a62d9a9f9fad72f66df45ebb3fa8f553ff36ddf3a173e09eeebc2,d3c6f170eb2a6fce3f43e80d7ab094e5c06bc8a276505aa957d651920aeab0a2,2026-09-23T00:00:00+00:00,2026-09-24T00:00:00+00:00,B3,unavailable,,unknown,,,unknown,insufficient_evidence,,,proxy_complete,proxy_complete_no_claim,proxy_insufficient,scale_incompatible
29ca772e21b05e844fa33b5c2c47ee4ecdf3cc8a7223d12febfdcce9e12a65ab,phase4e_shadow_v1,2026-09-24,2026-09-24T19:02:39.570881+00:00,github-36045280392-1,80634446-9faf-4de8-bfa1-81ab2c7a0461,AUTO.OL,NOK,60,2026-09-23,15.920000076293944,eligible,,phase4_confidence_research_v1,e5a1072ba3754f9a7e6d60fde5003b579f6a2f73c41b846532159559ad84eb77,c062e4ff2369a9c96f9a36410a4af8397add8c31d8525a020c815f9d51dcb1c2,b6de5899ef419c2be611fab48868833a32c6481f701a0eaf65525513b46754b2,7319e125278a62d9a9f9fad72f66df45ebb3fa8f553ff36ddf3a173e09eeebc2,d3c6f170eb2a6fce3f43e80d7ab094e5c06bc8a276505aa957d651920aeab0a2,2026-09-23T00:00:00+00:00,2026-09-24T00:00:00+00:00,B3,unavailable,,unknown,,,unknown,insufficient_evidence,,,proxy_complete,proxy_complete_no_claim,proxy_insufficient,scale_incompatible
d45c211102154dc500b4c6a8c23f999fe7480f715cca84c8ebbd3e1631db89de,phase4e_shadow_v1,2026-09-24,2026-09-24T19:02:39.570881+00:00,github-36045280392-1,80634446-9faf-4de8-bfa1-81ab2c7a0461,AVAV,USD,5,2026-09-23,155.94000244140625,eligible,,phase4_confidence_research_v1,e5a1072ba3754f9a7e6d60fde5003b579f6a2f73c41b846532159559ad84eb77,c062e4ff2369a9c96f9a36410a4af8397add8c31d8525a020c815f9d51dcb1c2,b6de5899ef419c2be611fab48868833a32c6481f701a0eaf65525513b46754b2,7319e125278a62d9a9f9fad72f66df45ebb3fa8f553ff36ddf3a173e09eeebc2,d3c6f170eb2a6fce3f43e80d7ab094e5c06bc8a276505aa957d651920aeab0a2,2026-09-23T00:00:00+00:00,2026-09-24T00:00:00+00:00,B2,directional_only,negative,unknown,,,elevated,risk_only,,,proxy_complete,proxy_partial_no_claim,proxy_complete,scale_incompatible
aee239503c1ca3f544922386bb3b1b14e340f605f34ebbb4ed6ce4c2ade2b703,phase4e_shadow_v1,2026-09-24,2026-09-24T19:02:39.570881+00:00,github-36045280392-1,80634446-9faf-4de8-bfa1-81ab2c7a0461,AVAV,USD,20,2026-09-23,155.94000244140625,eligible,,phase4_confidence_research_v1,e5a1072ba3754f9a7e6d60fde5003b579f6a2f73c41b846532159559ad84eb77,c062e4ff2369a9c96f9a36410a4af8397add8c31d8525a020c815f9d51dcb1c2,b6de5899ef419c2be611fab48868833a32c6481f701a0eaf65525513b46754b2,7319e125278a62d9a9f9fad72f66df45ebb3fa8f553ff36ddf3a173e09eeebc2,d3c6f170eb2a6fce3f43e80d7ab094e5c06bc8a276505aa957d651920aeab0a2,2026-09-23T00:00:00+00:00,2026-09-24T00:00:00+00:00,B2,immature,,unknown,,,unknown,insufficient_evidence,,,proxy_complete,proxy_complete_no_claim,proxy_insufficient,scale_incompatible
f07ff36f8997390e43d4f2e2a72d5d0e8591a6bee3ed4642b7139a5f0632a3d0,phase4e_shadow_v1,2026-09-24,2026-09-24T19:02:39.570881+00:00,github-36045280392-1,80634446-9faf-4de8-bfa1-81ab2c7a0461,AVAV,USD,40,2026-09-23,155.94000244140625,eligible,,phase4_confidence_research_v1,e5a1072ba3754f9a7e6d60fde5003b579f6a2f73c41b846532159559ad84eb77,c062e4ff2369a9c96f9a36410a4af8397add8c31d8525a020c815f9d51dcb1c2,b6de5899ef419c2be611fab48868833a32c6481f701a0eaf65525513b46754b2,7319e125278a62d9a9f9fad72f66df45ebb3fa8f553ff36ddf3a173e09eeebc2,d3c6f170eb2a6fce3f43e80d7ab094e5c06bc8a276505aa957d651920aeab0a2,2026-09-23T00:00:00+00:00,2026-09-24T00:00:00+00:00,B2,unavailable,,unknown,,,unknown,insufficient_evidence,,,proxy_complete,proxy_complete_no_claim,proxy_insufficient,scale_incompatible
e1cc6ab9c64cfab3f2bce74e1b11c72f1cbd8875b9741276c4087b577cbcb1b2,phase4e_shadow_v1,2026-09-24,2026-09-24T19:02:39.570881+00:00,github-36045280392-1,80634446-9faf-4de8-bfa1-81ab2c7a0461,AVAV,USD,60,2026-09-23,155.94000244140625,eligible,,phase4_confidence_research_v1,e5a1072ba3754f9a7e6d60fde5003b579f6a2f73c41b846532159559ad84eb77,c062e4ff2369a9c96f9a36410a4af8397add8c31d8525a020c815f9d51dcb1c2,b6de5899ef419c2be611fab48868833a32c6481f701a0eaf65525513b46754b2,7319e125278a62d9a9f9fad72f66df45ebb3fa8f553ff36ddf3a173e09eeebc2,d3c6f170eb2a6fce3f43e80d7ab094e5c06bc8a276505aa957d651920aeab0a2,2026-09-23T00:00:00+00:00,2026-09-24T00:00:00+00:00,B2,unavailable,,unknown,,,unknown,insufficient_evidence,,,proxy_complete,proxy_complete_no_claim,proxy_insufficient,scale_incompatible
07a175b790b9b0260777c4ba7ec6b4734d61e9f976167f689531f314e27f17c1,phase4e_shadow_v1,2026-09-24,2026-09-24T19:02:39.570881+00:00,github-36045280392-1,80634446-9faf-4de8-bfa1-81ab2c7a0461,AXON,USD,5,2026-09-23,450.6099853515625,eligible,,phase4_confidence_research_v1,e5a1072ba3754f9a7e6d60fde5003b579f6a2f73c41b846532159559ad84eb77,c062e4ff2369a9c96f9a36410a4af8397add8c31d8525a020c815f9d51dcb1c2,b6de5899ef419c2be611fab48868833a32c6481f701a0eaf65525513b46754b2,7319e125278a62d9a9f9fad72f66df45ebb3fa8f553ff36ddf3a173e09eeebc2,d3c6f170eb2a6fce3f43e80d7ab094e5c06bc8a276505aa957d651920aeab0a2,2026-09-23T00:00:00+00:00,2026-09-24T00:00:00+00:00,B2,directional_only,negative,unknown,,,middle,insufficient_evidence,,,proxy_complete,proxy_partial_no_claim,proxy_complete,scale_incompatible
5fece25dc8405e469db00fb49ddbcbb9662ba5052355b623858c5caf1b46fc0e,phase4e_shadow_v1,2026-09-24,2026-09-24T19:02:39.570881+00:00,github-36045280392-1,80634446-9faf-4de8-bfa1-81ab2c7a0461,AXON,USD,20,2026-09-23,450.6099853515625,eligible,,phase4_confidence_research_v1,e5a1072ba3754f9a7e6d60fde5003b579f6a2f73c41b846532159559ad84eb77,c062e4ff2369a9c96f9a36410a4af8397add8c31d8525a020c815f9d51dcb1c2,b6de5899ef419c2be611fab48868833a32c6481f701a0eaf65525513b46754b2,7319e125278a62d9a9f9fad72f66df45ebb3fa8f553ff36ddf3a173e09eeebc2,d3c6f170eb2a6fce3f43e80d7ab094e5c06bc8a276505aa957d651920aeab0a2,2026-09-23T00:00:00+00:00,2026-09-24T00:00:00+00:00,B2,immature,,unknown,,,unknown,insufficient_evidence,,,proxy_complete,proxy_complete_no_claim,proxy_insufficient,scale_incompatible
5a80874d4ea0cf591985f333d5609779bdc2cc439ff7bbcd20d05b5451b36a12,phase4e_shadow_v1,2026-09-24,2026-09-24T19:02:39.570881+00:00,github-36045280392-1,80634446-9faf-4de8-bfa1-81ab2c7a0461,AXON,USD,40,2026-09-23,450.6099853515625,eligible,,phase4_confidence_research_v1,e5a1072ba3754f9a7e6d60fde5003b579f6a2f73c41b846532159559ad84eb77,c062e4ff2369a9c96f9a36410a4af8397add8c31d8525a020c815f9d51dcb1c2,b6de5899ef419c2be611fab48868833a32c6481f701a0eaf65525513b46754b2,7319e125278a62d9a9f9fad72f66df45ebb3fa8f553ff36ddf3a173e09eeebc2,d3c6f170eb2a6fce3f43e80d7ab094e5c06bc8a276505aa957d651920aeab0a2,2026-09-23T00:00:00+00:00,2026-09-24T00:00:00+00:00,B2,unavailable,,unknown,,,unknown,insufficient_evidence,,,proxy_complete,proxy_complete_no_claim,proxy_insufficient,scale_incompatible
d0aea535bea557a4c74f1040ff23ca3b1a86023fcfa38e7c16ba5d0c14888f25,phase4e_shadow_v1,2026-09-24,2026-09-24T19:02:39.570881+00:00,github-36045280392-1,80634446-9faf-4de8-bfa1-81ab2c7a0461,AXON,USD,60,2026-09-23,450.6099853515625,eligible,,phase4_confidence_research_v1,e5a1072ba3754f9a7e6d60fde5003b579f6a2f73c41b846532159559ad84eb77,c062e4ff2369a9c96f9a36410a4af8397add8c31d8525a020c815f9d51dcb1c2,b6de5899ef419c2be611fab48868833a32c6481f701a0eaf65525513b46754b2,7319e125278a62d9a9f9fad72f66df45ebb3fa8f553ff36ddf3a173e09eeebc2,d3c6f170eb2a6fce3f43e80d7ab094e5c06bc8a276505aa957d651920aeab0a2,2026-09-23T00:00:00+00:00,2026-09-24T00:00:00+00:00,B2,unavailable,,unknown,,,unknown,insufficient_evidence,,,proxy_complete,proxy_complete_no_claim,proxy_insufficient,scale_incompatible
9927967342e41d4d6e4aced9e6b42cfc3de7154bb74c5f22c42d6754bf9f69a2,phase4e_shadow_v1,2026-09-24,2026-09-24T19:02:39.570881+00:00,github-36045280392-1,80634446-9faf-4de8-bfa1-81ab2c7a0461,BAS.DE,EUR,5,2026-09-23,52.18000030517578,eligible,,phase4_confidence_research_v1,e5a1072ba3754f9a7e6d60fde5003b579f6a2f73c41b846532159559ad84eb77,c062e4ff2369a9c96f9a36410a4af8397add8c31d8525a020c815f9d51dcb1c2,b6de5899ef419c2be611fab48868833a32c6481f701a0eaf65525513b46754b2,7319e125278a62d9a9f9fad72f66df45ebb3fa8f553ff36ddf3a173e09eeebc2,d3c6f170eb2a6fce3f43e80d7ab094e5c06bc8a276505aa957d651920aeab0a2,2026-09-23T00:00:00+00:00,2026-09-24T00:00:00+00:00,B4,directional_only,negative,unknown,,,low,insufficient_evidence,,,proxy_complete,proxy_partial_no_claim,proxy_complete,scale_incompatible
33591d5534a941019bd01268b522cc2e6fa384f1c83e51481fdb219eb4ca77c0,phase4e_shadow_v1,2026-09-24,2026-09-24T19:02:39.570881+00:00,github-36045280392-1,80634446-9faf-4de8-bfa1-81ab2c7a0461,BAS.DE,EUR,20,2026-09-23,52.18000030517578,eligible,,phase4_confidence_research_v1,e5a1072ba3754f9a7e6d60fde5003b579f6a2f73c41b846532159559ad84eb77,c062e4ff2369a9c96f9a36410a4af8397add8c31d8525a020c815f9d51dcb1c2,b6de5899ef419c2be611fab48868833a32c6481f701a0eaf65525513b46754b2,7319e125278a62d9a9f9fad72f66df45ebb3fa8f553ff36ddf3a173e09eeebc2,d3c6f170eb2a6fce3f43e80d7ab094e5c06bc8a276505aa957d651920aeab0a2,2026-09-23T00:00:00+00:00,2026-09-24T00:00:00+00:00,B4,immature,,unknown,,,unknown,insufficient_evidence,,,proxy_complete,proxy_complete_no_claim,proxy_insufficient,scale_incompatible
c536c868d30dc37d51893f8becc11e54e059dd0b0da696fa5f6c8c83f07cd5ab,phase4e_shadow_v1,2026-09-24,2026-09-24T19:02:39.570881+00:00,github-36045280392-1,80634446-9faf-4de8-bfa1-81ab2c7a0461,BAS.DE,EUR,40,2026-09-23,52.18000030517578,eligible,,phase4_confidence_research_v1,e5a1072ba3754f9a7e6d60fde5003b579f6a2f73c41b846532159559ad84eb77,c062e4ff2369a9c96f9a36410a4af8397add8c31d8525a020c815f9d51dcb1c2,b6de5899ef419c2be611fab48868833a32c6481f701a0eaf65525513b46754b2,7319e125278a62d9a9f9fad72f66df45ebb3fa8f553ff36ddf3a173e09eeebc2,d3c6f170eb2a6fce3f43e80d7ab094e5c06bc8a276505aa957d651920aeab0a2,2026-09-23T00:00:00+00:00,2026-09-24T00:00:00+00:00,B4,unavailable,,unknown,,,unknown,insufficient_evidence,,,proxy_complete,proxy_complete_no_claim,proxy_insufficient,scale_incompatible
2263cea78942a067aeea6dd2c76109a0724bb9d80e4ad226da2573d404cd0f45,phase4e_shadow_v1,2026-09-24,2026-09-24T19:02:39.570881+00:00,github-36045280392-1,80634446-9faf-4de8-bfa1-81ab2c7a0461,BAS.DE,EUR,60,2026-09-23,52.18000030517578,eligible,,phase4_confidence_research_v1,e5a1072ba3754f9a7e6d60fde5003b579f6a2f73c41b846532159559ad84eb77,c062e4ff2369a9c96f9a36410a4af8397add8c31d8525a020c815f9d51dcb1c2,b6de5899ef419c2be611fab48868833a32c6481f701a0eaf65525513b46754b2,7319e125278a62d9a9f9fad72f66df45ebb3fa8f553ff36ddf3a173e09eeebc2,d3c6f170eb2a6fce3f43e80d7ab094e5c06bc8a276505aa957d651920aeab0a2,2026-09-23T00:00:00+00:00,2026-09-24T00:00:00+00:00,B4,unavailable,,unknown,,,unknown,insufficient_evidence,,,proxy_complete,proxy_complete_no_claim,proxy_insufficient,scale_incompatible
d9fdab9129d6885cf9dff36bb181469d096d146b38c78b3d46d71138c6b3fe3e,phase4e_shadow_v1,2026-09-24,2026-09-24T19:02:39.570881+00:00,github-36045280392-1,80634446-9faf-4de8-bfa1-81ab2c7a0461,BAYN.DE,EUR,5,2026-09-23,49.310001373291016,eligible,,phase4_confidence_research_v1,e5a1072ba3754f9a7e6d60fde5003b579f6a2f73c41b846532159559ad84eb77,c062e4ff2369a9c96f9a36410a4af8397add8c31d8525a020c815f9d51dcb1c2,b6de5899ef419c2be611fab48868833a32c6481f701a0eaf65525513b46754b2,7319e125278a62d9a9f9fad72f66df45ebb3fa8f553ff36ddf3a173e09eeebc2,d3c6f170eb2a6fce3f43e80d7ab094e5c06bc8a276505aa957d651920aeab0a2,2026-09-23T00:00:00+00:00,2026-09-24T00:00:00+00:00,B2,directional_only,negative,unknown,,,middle,insufficient_evidence,,,proxy_complete,proxy_complete_no_claim,proxy_complete,scale_incompatible
1a9d0c5c19e1211f06da3ebf9703d6d540ad80beef0edd20a9cd27a12f2cf83a,phase4e_shadow_v1,2026-09-24,2026-09-24T19:02:39.570881+00:00,github-36045280392-1,80634446-9faf-4de8-bfa1-81ab2c7a0461,BAYN.DE,EUR,20,2026-09-23,49.310001373291016,eligible,,phase4_confidence_research_v1,e5a1072ba3754f9a7e6d60fde5003b579f6a2f73c41b846532159559ad84eb77,c062e4ff2369a9c96f9a36410a4af8397add8c31d8525a020c815f9d51dcb1c2,b6de5899ef419c2be611fab48868833a32c6481f701a0eaf65525513b46754b2,7319e125278a62d9a9f9fad72f66df45ebb3fa8f553ff36ddf3a173e09eeebc2,d3c6f170eb2a6fce3f43e80d7ab094e5c06bc8a276505aa957d651920aeab0a2,2026-09-23T00:00:00+00:00,2026-09-24T00:00:00+00:00,B2,immature,,unknown,,,unknown,insufficient_evidence,,,proxy_complete,proxy_complete_no_claim,proxy_insufficient,scale_incompatible
4586208fbb2a160f2d3bdcef447602139cc040f9ae1c9163b6cffb93103ebc14,phase4e_shadow_v1,2026-09-24,2026-09-24T19:02:39.570881+00:00,github-36045280392-1,80634446-9faf-4de8-bfa1-81ab2c7a0461,BAYN.DE,EUR,40,2026-09-23,49.310001373291016,eligible,,phase4_confidence_research_v1,e5a1072ba3754f9a7e6d60fde5003b579f6a2f73c41b846532159559ad84eb77,c062e4ff2369a9c96f9a36410a4af8397add8c31d8525a020c815f9d51dcb1c2,b6de5899ef419c2be611fab48868833a32c6481f701a0eaf65525513b46754b2,7319e125278a62d9a9f9fad72f66df45ebb3fa8f553ff36ddf3a173e09eeebc2,d3c6f170eb2a6fce3f43e80d7ab094e5c06bc8a276505aa957d651920aeab0a2,2026-09-23T00:00:00+00:00,2026-09-24T00:00:00+00:00,B2,unavailable,,unknown,,,unknown,insufficient_evidence,,,proxy_complete,proxy_complete_no_claim,proxy_insufficient,scale_incompatible
0f0c79bfc7df173440d27e6df51c2f56c38e068e1dd3ec715d21ecafc64010a6,phase4e_shadow_v1,2026-09-24,2026-09-24T19:02:39.570881+00:00,github-36045280392-1,80634446-9faf-4de8-bfa1-81ab2c7a0461,BAYN.DE,EUR,60,2026-09-23,49.310001373291016,eligible,,phase4_confidence_research_v1,e5a1072ba3754f9a7e6d60fde5003b579f6a2f73c41b846532159559ad84eb77,c062e4ff2369a9c96f9a36410a4af8397add8c31d8525a020c815f9d51dcb1c2,b6de5899ef419c2be611fab48868833a32c6481f701a0eaf65525513b46754b2,7319e125278a62d9a9f9fad72f66df45ebb3fa8f553ff36ddf3a173e09eeebc2,d3c6f170eb2a6fce3f43e80d7ab094e5c06bc8a276505aa957d651920aeab0a2,2026-09-23T00:00:00+00:00,2026-09-24T00:00:00+00:00,B2,unavailable,,unknown,,,unknown,insufficient_evidence,,,proxy_complete,proxy_complete_no_claim,proxy_insufficient,scale_incompatible
5272c712114e623e7dc7147769a3365f4d1ebc955380f8ee46092a03e4f5aa1c,phase4e_shadow_v1,2026-09-24,2026-09-24T19:02:39.570881+00:00,github-36045280392-1,80634446-9faf-4de8-bfa1-81ab2c7a0461,BIDU,USD,5,2026-09-23,89.77999877929688,eligible,,phase4_confidence_research_v1,e5a1072ba3754f9a7e6d60fde5003b579f6a2f73c41b846532159559ad84eb77,c062e4ff2369a9c96f9a36410a4af8397add8c31d8525a020c815f9d51dcb1c2,b6de5899ef419c2be611fab48868833a32c6481f701a0eaf65525513b46754b2,7319e125278a62d9a9f9fad72f66df45ebb3fa8f553ff36ddf3a173e09eeebc2,d3c6f170eb2a6fce3f43e80d7ab094e5c06bc8a276505aa957d651920aeab0a2,2026-09-23T00:00:00+00:00,2026-09-24T00:00:00+00:00,B1,directional_only,negative,robust_claim,positive,trend200_d10_down & trend200_d1_down & rs3m_d1_up,middle,single_model,,positive,proxy_complete,proxy_complete,proxy_complete,scale_incompatible
186a1bc535d1416871acad88c6b4a21d5b96df1d3e1dedcdbd73f3116bfee883,phase4e_shadow_v1,2026-09-24,2026-09-24T19:02:39.570881+00:00,github-36045280392-1,80634446-9faf-4de8-bfa1-81ab2c7a0461,BIDU,USD,20,2026-09-23,89.77999877929688,eligible,,phase4_confidence_research_v1,e5a1072ba3754f9a7e6d60fde5003b579f6a2f73c41b846532159559ad84eb77,c062e4ff2369a9c96f9a36410a4af8397add8c31d8525a020c815f9d51dcb1c2,b6de5899ef419c2be611fab48868833a32c6481f701a0eaf65525513b46754b2,7319e125278a62d9a9f9fad72f66df45ebb3fa8f553ff36ddf3a173e09eeebc2,d3c6f170eb2a6fce3f43e80d7ab094e5c06bc8a276505aa957d651920aeab0a2,2026-09-23T00:00:00+00:00,2026-09-24T00:00:00+00:00,B1,immature,,unknown,,,unknown,insufficient_evidence,,,proxy_complete,proxy_complete_no_claim,proxy_insufficient,scale_incompatible
3f2d5577629e55a3ad6f4f9eb7fced08f741d438973a3d7840d2dca1ff7a9f79,phase4e_shadow_v1,2026-09-24,2026-09-24T19:02:39.570881+00:00,github-36045280392-1,80634446-9faf-4de8-bfa1-81ab2c7a0461,BIDU,USD,40,2026-09-23,89.77999877929688,eligible,,phase4_confidence_research_v1,e5a1072ba3754f9a7e6d60fde5003b579f6a2f73c41b846532159559ad84eb77,c062e4ff2369a9c96f9a36410a4af8397add8c31d8525a020c815f9d51dcb1c2,b6de5899ef419c2be611fab48868833a32c6481f701a0eaf65525513b46754b2,7319e125278a62d9a9f9fad72f66df45ebb3fa8f553ff36ddf3a173e09eeebc2,d3c6f170eb2a6fce3f43e80d7ab094e5c06bc8a276505aa957d651920aeab0a2,2026-09-23T00:00:00+00:00,2026-09-24T00:00:00+00:00,B1,unavailable,,unknown,,,unknown,insufficient_evidence,,,proxy_complete,proxy_complete_no_claim,proxy_insufficient,scale_incompatible
88f139f6c7bc5006e659c2e78b0588a8e7b509522aaa198a4f5233d60f5eefae,phase4e_shadow_v1,2026-09-24,2026-09-24T19:02:39.570881+00:00,github-36045280392-1,80634446-9faf-4de8-bfa1-81ab2c7a0461,BIDU,USD,60,2026-09-23,89.77999877929688,eligible,,phase4_confidence_research_v1,e5a1072ba3754f9a7e6d60fde5003b579f6a2f73c41b846532159559ad84eb77,c062e4ff2369a9c96f9a36410a4af8397add8c31d8525a020c815f9d51dcb1c2,b6de5899ef419c2be611fab48868833a32c6481f701a0eaf65525513b46754b2,7319e125278a62d9a9f9fad72f66df45ebb3fa8f553ff36ddf3a173e09eeebc2,d3c6f170eb2a6fce3f43e80d7ab094e5c06bc8a276505aa957d651920aeab0a2,2026-09-23T00:00:00+00:00,2026-09-24T00:00:00+00:00,B1,unavailable,,unknown,,,unknown,insufficient_evidence,,,proxy_complete,proxy_complete_no_claim,proxy_insufficient,scale_incompatible
26bb3cf1d4b7f3769d84d73b40e3108b2678af38d49d089881e77661a050c2c5,phase4e_shadow_v1,2026-09-24,2026-09-24T19:02:39.570881+00:00,github-36045280392-1,80634446-9faf-4de8-bfa1-81ab2c7a0461,BLK,USD,5,2026-09-23,1060.8900146484375,eligible,,phase4_confidence_research_v1,e5a1072ba3754f9a7e6d60fde5003b579f6a2f73c41b846532159559ad84eb77,c062e4ff2369a9c96f9a36410a4af8397add8c31d8525a020c815f9d51dcb1c2,b6de5899ef419c2be611fab48868833a32c6481f701a0eaf65525513b46754b2,7319e125278a62d9a9f9fad72f66df45ebb3fa8f553ff36ddf3a173e09eeebc2,d3c6f170eb2a6fce3f43e80d7ab094e5c06bc8a276505aa957d651920aeab0a2,2026-09-23T00:00:00+00:00,2026-09-24T00:00:00+00:00,B4,directional_only,negative,unknown,,,low,insufficient_evidence,,,proxy_complete,proxy_complete_no_claim,proxy_complete,scale_incompatible
42c0480d322b07d7130b680382eb380a61faea0703e2e02708a2f7236acd7b88,phase4e_shadow_v1,2026-09-24,2026-09-24T19:02:39.570881+00:00,github-36045280392-1,80634446-9faf-4de8-bfa1-81ab2c7a0461,BLK,USD,20,2026-09-23,1060.8900146484375,eligible,,phase4_confidence_research_v1,e5a1072ba3754f9a7e6d60fde5003b579f6a2f73c41b846532159559ad84eb77,c062e4ff2369a9c96f9a36410a4af8397add8c31d8525a020c815f9d51dcb1c2,b6de5899ef419c2be611fab48868833a32c6481f701a0eaf65525513b46754b2,7319e125278a62d9a9f9fad72f66df45ebb3fa8f553ff36ddf3a173e09eeebc2,d3c6f170eb2a6fce3f43e80d7ab094e5c06bc8a276505aa957d651920aeab0a2,2026-09-23T00:00:00+00:00,2026-09-24T00:00:00+00:00,B4,immature,,unknown,,,unknown,insufficient_evidence,,,proxy_complete,proxy_complete_no_claim,proxy_insufficient,scale_incompatible
cf32a6479a5ed4552985725db1862c02cffa494d389dcb9584cefed0c2680cf0,phase4e_shadow_v1,2026-09-24,2026-09-24T19:02:39.570881+00:00,github-36045280392-1,80634446-9faf-4de8-bfa1-81ab2c7a0461,BLK,USD,40,2026-09-23,1060.8900146484375,eligible,,phase4_confidence_research_v1,e5a1072ba3754f9a7e6d60fde5003b579f6a2f73c41b846532159559ad84eb77,c062e4ff2369a9c96f9a36410a4af8397add8c31d8525a020c815f9d51dcb1c2,b6de5899ef419c2be611fab48868833a32c6481f701a0eaf65525513b46754b2,7319e125278a62d9a9f9fad72f66df45ebb3fa8f553ff36ddf3a173e09eeebc2,d3c6f170eb2a6fce3f43e80d7ab094e5c06bc8a276505aa957d651920aeab0a2,2026-09-23T00:00:00+00:00,2026-09-24T00:00:00+00:00,B4,unavailable,,unknown,,,unknown,insufficient_evidence,,,proxy_complete,proxy_complete_no_claim,proxy_insufficient,scale_incompatible
ee582992812016e6e4239b449f1ad1a08b726e01787abe7cd78c44121c1b6aa1,phase4e_shadow_v1,2026-09-24,2026-09-24T19:02:39.570881+00:00,github-36045280392-1,80634446-9faf-4de8-bfa1-81ab2c7a0461,BLK,USD,60,2026-09-23,1060.8900146484375,eligible,,phase4_confidence_research_v1,e5a1072ba3754f9a7e6d60fde5003b579f6a2f73c41b846532159559ad84eb77,c062e4ff2369a9c96f9a36410a4af8397add8c31d8525a020c815f9d51dcb1c2,b6de5899ef419c2be611fab48868833a32c6481f701a0eaf65525513b46754b2,7319e125278a62d9a9f9fad72f66df45ebb3fa8f553ff36ddf3a173e09eeebc2,d3c6f170eb2a6fce3f43e80d7ab094e5c06bc8a276505aa957d651920aeab0a2,2026-09-23T00:00:00+00:00,2026-09-24T00:00:00+00:00,B4,unavailable,,unknown,,,unknown,insufficient_evidence,,,proxy_complete,proxy_complete_no_claim,proxy_insufficient,scale_incompatible
cc6cea34134a5e4dad9fd70a34ef1888f345cefd80e0c4ea5fec0d4e7c4c8a59,phase4e_shadow_v1,2026-09-24,2026-09-24T19:02:39.570881+00:00,github-36045280392-1,80634446-9faf-4de8-bfa1-81ab2c7a0461,BTO.TO,CAD,5,2026-09-23,7.539999961853027,eligible,,phase4_confidence_research_v1,e5a1072ba3754f9a7e6d60fde5003b579f6a2f73c41b846532159559ad84eb77,c062e4ff2369a9c96f9a36410a4af8397add8c31d8525a020c815f9d51dcb1c2,b6de5899ef419c2be611fab48868833a32c6481f701a0eaf65525513b46754b2,7319e125278a62d9a9f9fad72f66df45ebb3fa8f553ff36ddf3a173e09eeebc2,d3c6f170eb2a6fce3f43e80d7ab094e5c06bc8a276505aa957d651920aeab0a2,2026-09-23T00:00:00+00:00,2026-09-24T00:00:00+00:00,B4,directional_only,negative,unknown,,,middle,insufficient_evidence,,,proxy_complete,proxy_complete_no_claim,proxy_complete,scale_incompatible
e2d536c510b8d1a9ab8ed94e2a994a481ef127701c1e68c9f37d8d8f95663288,phase4e_shadow_v1,2026-09-24,2026-09-24T19:02:39.570881+00:00,github-36045280392-1,80634446-9faf-4de8-bfa1-81ab2c7a0461,BTO.TO,CAD,20,2026-09-23,7.539999961853027,eligible,,phase4_confidence_research_v1,e5a1072ba3754f9a7e6d60fde5003b579f6a2f73c41b846532159559ad84eb77,c062e4ff2369a9c96f9a36410a4af8397add8c31d8525a020c815f9d51dcb1c2,b6de5899ef419c2be611fab48868833a32c6481f701a0eaf65525513b46754b2,7319e125278a62d9a9f9fad72f66df45ebb3fa8f553ff36ddf3a173e09eeebc2,d3c6f170eb2a6fce3f43e80d7ab094e5c06bc8a276505aa957d651920aeab0a2,2026-09-23T00:00:00+00:00,2026-09-24T00:00:00+00:00,B4,immature,,unknown,,,unknown,insufficient_evidence,,,proxy_complete,proxy_complete_no_claim,proxy_insufficient,scale_incompatible
387d458cde3531992f5220d7166e553e9d39005d0c670915d5ef7f6eba7e0e5e,phase4e_shadow_v1,2026-09-24,2026-09-24T19:02:39.570881+00:00,github-36045280392-1,80634446-9faf-4de8-bfa1-81ab2c7a0461,BTO.TO,CAD,40,2026-09-23,7.539999961853027,eligible,,phase4_confidence_research_v1,e5a1072ba3754f9a7e6d60fde5003b579f6a2f73c41b846532159559ad84eb77,c062e4ff2369a9c96f9a36410a4af8397add8c31d8525a020c815f9d51dcb1c2,b6de5899ef419c2be611fab48868833a32c6481f701a0eaf65525513b46754b2,7319e125278a62d9a9f9fad72f66df45ebb3fa8f553ff36ddf3a173e09eeebc2,d3c6f170eb2a6fce3f43e80d7ab094e5c06bc8a276505aa957d651920aeab0a2,2026-09-23T00:00:00+00:00,2026-09-24T00:00:00+00:00,B4,unavailable,,unknown,,,unknown,insufficient_evidence,,,proxy_complete,proxy_complete_no_claim,proxy_insufficient,scale_incompatible
ac62ae91c1ec13cdb8dcf28941e4998128351df783e7dadbb20bf5ab6e69a2e5,phase4e_shadow_v1,2026-09-24,2026-09-24T19:02:39.570881+00:00,github-36045280392-1,80634446-9faf-4de8-bfa1-81ab2c7a0461,BTO.TO,CAD,60,2026-09-23,7.539999961853027,eligible,,phase4_confidence_research_v1,e5a1072ba3754f9a7e6d60fde5003b579f6a2f73c41b846532159559ad84eb77,c062e4ff2369a9c96f9a36410a4af8397add8c31d8525a020c815f9d51dcb1c2,b6de5899ef419c2be611fab48868833a32c6481f701a0eaf65525513b46754b2,7319e125278a62d9a9f9fad72f66df45ebb3fa8f553ff36ddf3a173e09eeebc2,d3c6f170eb2a6fce3f43e80d7ab094e5c06bc8a276505aa957d651920aeab0a2,2026-09-23T00:00:00+00:00,2026-09-24T00:00:00+00:00,B4,unavailable,,unknown,,,unknown,insufficient_evidence,,,proxy_complete,proxy_complete_no_claim,proxy_insufficient,scale_incompatible
0c313dd0641414f5ec2659aa90ba64990259f866f08c10de042e68192560f880,phase4e_shadow_v1,2026-09-24,2026-09-24T19:02:39.570881+00:00,github-36045280392-1,80634446-9faf-4de8-bfa1-81ab2c7a0461,CCJ,USD,5,2026-09-23,90.8000030517578,eligible,,phase4_confidence_research_v1,e5a1072ba3754f9a7e6d60fde5003b579f6a2f73c41b846532159559ad84eb77,c062e4ff2369a9c96f9a36410a4af8397add8c31d8525a020c815f9d51dcb1c2,b6de5899ef419c2be611fab48868833a32c6481f701a0eaf65525513b46754b2,7319e125278a62d9a9f9fad72f66df45ebb3fa8f553ff36ddf3a173e09eeebc2,d3c6f170eb2a6fce3f43e80d7ab094e5c06bc8a276505aa957d651920aeab0a2,2026-09-23T00:00:00+00:00,2026-09-24T00:00:00+00:00,B2,directional_only,negative,unknown,,,middle,insufficient_evidence,,,proxy_complete,proxy_complete_no_claim,proxy_complete,scale_incompatible
b89291fd74b0d694f52af728139927f63a4506923bb87474d0faa5ee0083c391,phase4e_shadow_v1,2026-09-24,2026-09-24T19:02:39.570881+00:00,github-36045280392-1,80634446-9faf-4de8-bfa1-81ab2c7a0461,CCJ,USD,20,2026-09-23,90.8000030517578,eligible,,phase4_confidence_research_v1,e5a1072ba3754f9a7e6d60fde5003b579f6a2f73c41b846532159559ad84eb77,c062e4ff2369a9c96f9a36410a4af8397add8c31d8525a020c815f9d51dcb1c2,b6de5899ef419c2be611fab48868833a32c6481f701a0eaf65525513b46754b2,7319e125278a62d9a9f9fad72f66df45ebb3fa8f553ff36ddf3a173e09eeebc2,d3c6f170eb2a6fce3f43e80d7ab094e5c06bc8a276505aa957d651920aeab0a2,2026-09-23T00:00:00+00:00,2026-09-24T00:00:00+00:00,B2,immature,,unknown,,,unknown,insufficient_evidence,,,proxy_complete,proxy_complete_no_claim,proxy_insufficient,scale_incompatible
d0a3194d21661d80463c29de6aeefe15dfc9db8ebd1f6cc210987885ed502936,phase4e_shadow_v1,2026-09-24,2026-09-24T19:02:39.570881+00:00,github-36045280392-1,80634446-9faf-4de8-bfa1-81ab2c7a0461,CCJ,USD,40,2026-09-23,90.8000030517578,eligible,,phase4_confidence_research_v1,e5a1072ba3754f9a7e6d60fde5003b579f6a2f73c41b846532159559ad84eb77,c062e4ff2369a9c96f9a36410a4af8397add8c31d8525a020c815f9d51dcb1c2,b6de5899ef419c2be611fab48868833a32c6481f701a0eaf65525513b46754b2,7319e125278a62d9a9f9fad72f66df45ebb3fa8f553ff36ddf3a173e09eeebc2,d3c6f170eb2a6fce3f43e80d7ab094e5c06bc8a276505aa957d651920aeab0a2,2026-09-23T00:00:00+00:00,2026-09-24T00:00:00+00:00,B2,unavailable,,unknown,,,unknown,insufficient_evidence,,,proxy_complete,proxy_complete_no_claim,proxy_insufficient,scale_incompatible
243d97314609275751d0f5551b0762810000f16120767c78aeba0f442115f23f,phase4e_shadow_v1,2026-09-24,2026-09-24T19:02:39.570881+00:00,github-36045280392-1,80634446-9faf-4de8-bfa1-81ab2c7a0461,CCJ,USD,60,2026-09-23,90.8000030517578,eligible,,phase4_confidence_research_v1,e5a1072ba3754f9a7e6d60fde5003b579f6a2f73c41b846532159559ad84eb77,c062e4ff2369a9c96f9a36410a4af8397add8c31d8525a020c815f9d51dcb1c2,b6de5899ef419c2be611fab48868833a32c6481f701a0eaf65525513b46754b2,7319e125278a62d9a9f9fad72f66df45ebb3fa8f553ff36ddf3a173e09eeebc2,d3c6f170eb2a6fce3f43e80d7ab094e5c06bc8a276505aa957d651920aeab0a2,2026-09-23T00:00:00+00:00,2026-09-24T00:00:00+00:00,B2,unavailable,,unknown,,,unknown,insufficient_evidence,,,proxy_complete,proxy_complete_no_claim,proxy_insufficient,scale_incompatible
60fc70a5ccd93697432123e7dcd33f6c5ed18f2cf125f401cbec2da8e85d2161,phase4e_shadow_v1,2026-09-24,2026-09-24T19:02:39.570881+00:00,github-36045280392-1,80634446-9faf-4de8-bfa1-81ab2c7a0461,CDNL,USD,5,2026-09-23,28.68000030517578,eligible,,phase4_confidence_research_v1,e5a1072ba3754f9a7e6d60fde5003b579f6a2f73c41b846532159559ad84eb77,c062e4ff2369a9c96f9a36410a4af8397add8c31d8525a020c815f9d51dcb1c2,b6de5899ef419c2be611fab48868833a32c6481f701a0eaf65525513b46754b2,7319e125278a62d9a9f9fad72f66df45ebb3fa8f553ff36ddf3a173e09eeebc2,d3c6f170eb2a6fce3f43e80d7ab094e5c06bc8a276505aa957d651920aeab0a2,2026-09-23T00:00:00+00:00,2026-09-24T00:00:00+00:00,B1,directional_only,negative,unknown,,,elevated,risk_only,,,proxy_complete,proxy_partial_no_claim,proxy_complete,scale_incompatible
034e1418e6497e2df19c98c9c7392b1c980ad0fbe8e3000e87136ae9c24e4168,phase4e_shadow_v1,2026-09-24,2026-09-24T19:02:39.570881+00:00,github-36045280392-1,80634446-9faf-4de8-bfa1-81ab2c7a0461,CDNL,USD,20,2026-09-23,28.68000030517578,eligible,,phase4_confidence_research_v1,e5a1072ba3754f9a7e6d60fde5003b579f6a2f73c41b846532159559ad84eb77,c062e4ff2369a9c96f9a36410a4af8397add8c31d8525a020c815f9d51dcb1c2,b6de5899ef419c2be611fab48868833a32c6481f701a0eaf65525513b46754b2,7319e125278a62d9a9f9fad72f66df45ebb3fa8f553ff36ddf3a173e09eeebc2,d3c6f170eb2a6fce3f43e80d7ab094e5c06bc8a276505aa957d651920aeab0a2,2026-09-23T00:00:00+00:00,2026-09-24T00:00:00+00:00,B1,immature,,unknown,,,unknown,insufficient_evidence,,,proxy_complete,proxy_complete_no_claim,proxy_insufficient,scale_incompatible
5cf2212f4d1dcc4893bf5f532cdff7c3b74c924d3683f6b70810f90d05de3cfa,phase4e_shadow_v1,2026-09-24,2026-09-24T19:02:39.570881+00:00,github-36045280392-1,80634446-9faf-4de8-bfa1-81ab2c7a0461,CDNL,USD,40,2026-09-23,28.68000030517578,eligible,,phase4_confidence_research_v1,e5a1072ba3754f9a7e6d60fde5003b579f6a2f73c41b846532159559ad84eb77,c062e4ff2369a9c96f9a36410a4af8397add8c31d8525a020c815f9d51dcb1c2,b6de5899ef419c2be611fab48868833a32c6481f701a0eaf65525513b46754b2,7319e125278a62d9a9f9fad72f66df45ebb3fa8f553ff36ddf3a173e09eeebc2,d3c6f170eb2a6fce3f43e80d7ab094e5c06bc8a276505aa957d651920aeab0a2,2026-09-23T00:00:00+00:00,2026-09-24T00:00:00+00:00,B1,unavailable,,unknown,,,unknown,insufficient_evidence,,,proxy_complete,proxy_complete_no_claim,proxy_insufficient,scale_incompatible
0438b3d9058a2a2ce57c3c7e9918bc7e0f5c126731c71c5b61ddc44e25d8e676,phase4e_shadow_v1,2026-09-24,2026-09-24T19:02:39.570881+00:00,github-36045280392-1,80634446-9faf-4de8-bfa1-81ab2c7a0461,CDNL,USD,60,2026-09-23,28.68000030517578,eligible,,phase4_confidence_research_v1,e5a1072ba3754f9a7e6d60fde5003b579f6a2f73c41b846532159559ad84eb77,c062e4ff2369a9c96f9a36410a4af8397add8c31d8525a020c815f9d51dcb1c2,b6de5899ef419c2be611fab48868833a32c6481f701a0eaf65525513b46754b2,7319e125278a62d9a9f9fad72f66df45ebb3fa8f553ff36ddf3a173e09eeebc2,d3c6f170eb2a6fce3f43e80d7ab094e5c06bc8a276505aa957d651920aeab0a2,2026-09-23T00:00:00+00:00,2026-09-24T00:00:00+00:00,B1,unavailable,,unknown,,,unknown,insufficient_evidence,,,proxy_complete,proxy_complete_no_claim,proxy_insufficient,scale_incompatible
44cae953eba51e94beb3650c98b291283001aec0a520d94c1c502b3453261131,phase4e_shadow_v1,2026-09-24,2026-09-24T19:02:39.570881+00:00,github-36045280392-1,80634446-9faf-4de8-bfa1-81ab2c7a0461,CGNX,USD,5,2026-09-23,58.18999862670898,eligible,,phase4_confidence_research_v1,e5a1072ba3754f9a7e6d60fde5003b579f6a2f73c41b846532159559ad84eb77,c062e4ff2369a9c96f9a36410a4af8397add8c31d8525a020c815f9d51dcb1c2,b6de5899ef419c2be611fab48868833a32c6481f701a0eaf65525513b46754b2,7319e125278a62d9a9f9fad72f66df45ebb3fa8f553ff36ddf3a173e09eeebc2,d3c6f170eb2a6fce3f43e80d7ab094e5c06bc8a276505aa957d651920aeab0a2,2026-09-23T00:00:00+00:00,2026-09-24T00:00:00+00:00,B2,directional_only,negative,unknown,,,middle,insufficient_evidence,,,proxy_complete,proxy_complete_no_claim,proxy_complete,scale_incompatible
c61bfc7f77f72a9a39f071b3ca0ebc281c9443d83dc05b25feb9ffc5e93de523,phase4e_shadow_v1,2026-09-24,2026-09-24T19:02:39.570881+00:00,github-36045280392-1,80634446-9faf-4de8-bfa1-81ab2c7a0461,CGNX,USD,20,2026-09-23,58.18999862670898,eligible,,phase4_confidence_research_v1,e5a1072ba3754f9a7e6d60fde5003b579f6a2f73c41b846532159559ad84eb77,c062e4ff2369a9c96f9a36410a4af8397add8c31d8525a020c815f9d51dcb1c2,b6de5899ef419c2be611fab48868833a32c6481f701a0eaf65525513b46754b2,7319e125278a62d9a9f9fad72f66df45ebb3fa8f553ff36ddf3a173e09eeebc2,d3c6f170eb2a6fce3f43e80d7ab094e5c06bc8a276505aa957d651920aeab0a2,2026-09-23T00:00:00+00:00,2026-09-24T00:00:00+00:00,B2,immature,,unknown,,,unknown,insufficient_evidence,,,proxy_complete,proxy_complete_no_claim,proxy_insufficient,scale_incompatible
8e3f4620ee2db8814abdf84320993753d641ce90352f659cda7ce3e07b03ed2e,phase4e_shadow_v1,2026-09-24,2026-09-24T19:02:39.570881+00:00,github-36045280392-1,80634446-9faf-4de8-bfa1-81ab2c7a0461,CGNX,USD,40,2026-09-23,58.18999862670898,eligible,,phase4_confidence_research_v1,e5a1072ba3754f9a7e6d60fde5003b579f6a2f73c41b846532159559ad84eb77,c062e4ff2369a9c96f9a36410a4af8397add8c31d8525a020c815f9d51dcb1c2,b6de5899ef419c2be611fab48868833a32c6481f701a0eaf65525513b46754b2,7319e125278a62d9a9f9fad72f66df45ebb3fa8f553ff36ddf3a173e09eeebc2,d3c6f170eb2a6fce3f43e80d7ab094e5c06bc8a276505aa957d651920aeab0a2,2026-09-23T00:00:00+00:00,2026-09-24T00:00:00+00:00,B2,unavailable,,unknown,,,unknown,insufficient_evidence,,,proxy_complete,proxy_complete_no_claim,proxy_insufficient,scale_incompatible
ac115251f63010f0b14124246fab1330db817bf2f20405115e9470b5743fb84e,phase4e_shadow_v1,2026-09-24,2026-09-24T19:02:39.570881+00:00,github-36045280392-1,80634446-9faf-4de8-bfa1-81ab2c7a0461,CGNX,USD,60,2026-09-23,58.18999862670898,eligible,,phase4_confidence_research_v1,e5a1072ba3754f9a7e6d60fde5003b579f6a2f73c41b846532159559ad84eb77,c062e4ff2369a9c96f9a36410a4af8397add8c31d8525a020c815f9d51dcb1c2,b6de5899ef419c2be611fab48868833a32c6481f701a0eaf65525513b46754b2,7319e125278a62d9a9f9fad72f66df45ebb3fa8f553ff36ddf3a173e09eeebc2,d3c6f170eb2a6fce3f43e80d7ab094e5c06bc8a276505aa957d651920aeab0a2,2026-09-23T00:00:00+00:00,2026-09-24T00:00:00+00:00,B2,unavailable,,unknown,,,unknown,insufficient_evidence,,,proxy_complete,proxy_complete_no_claim,proxy_insufficient,scale_incompatible
14e9a0a0b7911434605673ffab21a45c0ad28f295e8a119661ce9768abb21c29,phase4e_shadow_v1,2026-09-24,2026-09-24T19:02:39.570881+00:00,github-36045280392-1,80634446-9faf-4de8-bfa1-81ab2c7a0461,CME,USD,5,2026-09-23,270.79998779296875,eligible,,phase4_confidence_research_v1,e5a1072ba3754f9a7e6d60fde5003b579f6a2f73c41b846532159559ad84eb77,c062e4ff2369a9c96f9a36410a4af8397add8c31d8525a020c815f9d51dcb1c2,b6de5899ef419c2be611fab48868833a32c6481f701a0eaf65525513b46754b2,7319e125278a62d9a9f9fad72f66df45ebb3fa8f553ff36ddf3a173e09eeebc2,d3c6f170eb2a6fce3f43e80d7ab094e5c06bc8a276505aa957d651920aeab0a2,2026-09-23T00:00:00+00:00,2026-09-24T00:00:00+00:00,B4,directional_only,negative,robust_claim,positive,trend200_d10_down & trend200_d1_down & rs3m_d1_up,middle,single_model,,positive,proxy_complete,proxy_complete,proxy_complete,scale_incompatible
fbe65c88eb1efb7a11c3ca22f2ace12e8ce38d2717f555fdf5962019303f9f97,phase4e_shadow_v1,2026-09-24,2026-09-24T19:02:39.570881+00:00,github-36045280392-1,80634446-9faf-4de8-bfa1-81ab2c7a0461,CME,USD,20,2026-09-23,270.79998779296875,eligible,,phase4_confidence_research_v1,e5a1072ba3754f9a7e6d60fde5003b579f6a2f73c41b846532159559ad84eb77,c062e4ff2369a9c96f9a36410a4af8397add8c31d8525a020c815f9d51dcb1c2,b6de5899ef419c2be611fab48868833a32c6481f701a0eaf65525513b46754b2,7319e125278a62d9a9f9fad72f66df45ebb3fa8f553ff36ddf3a173e09eeebc2,d3c6f170eb2a6fce3f43e80d7ab094e5c06bc8a276505aa957d651920aeab0a2,2026-09-23T00:00:00+00:00,2026-09-24T00:00:00+00:00,B4,immature,,unknown,,,unknown,insufficient_evidence,,,proxy_complete,proxy_complete_no_claim,proxy_insufficient,scale_incompatible
fcfc5571d6ae7abb73b152557d2de4bf1e4379d93cca3c4a90ba8a3d3e10323e,phase4e_shadow_v1,2026-09-24,2026-09-24T19:02:39.570881+00:00,github-36045280392-1,80634446-9faf-4de8-bfa1-81ab2c7a0461,CME,USD,40,2026-09-23,270.79998779296875,eligible,,phase4_confidence_research_v1,e5a1072ba3754f9a7e6d60fde5003b579f6a2f73c41b846532159559ad84eb77,c062e4ff2369a9c96f9a36410a4af8397add8c31d8525a020c815f9d51dcb1c2,b6de5899ef419c2be611fab48868833a32c6481f701a0eaf65525513b46754b2,7319e125278a62d9a9f9fad72f66df45ebb3fa8f553ff36ddf3a173e09eeebc2,d3c6f170eb2a6fce3f43e80d7ab094e5c06bc8a276505aa957d651920aeab0a2,2026-09-23T00:00:00+00:00,2026-09-24T00:00:00+00:00,B4,unavailable,,unknown,,,unknown,insufficient_evidence,,,proxy_complete,proxy_complete_no_claim,proxy_insufficient,scale_incompatible
852187e7bcbdd037efbd70f03ce29b87289ef2285d342ccb676f21b307e60e44,phase4e_shadow_v1,2026-09-24,2026-09-24T19:02:39.570881+00:00,github-36045280392-1,80634446-9faf-4de8-bfa1-81ab2c7a0461,CME,USD,60,2026-09-23,270.79998779296875,eligible,,phase4_confidence_research_v1,e5a1072ba3754f9a7e6d60fde5003b579f6a2f73c41b846532159559ad84eb77,c062e4ff2369a9c96f9a36410a4af8397add8c31d8525a020c815f9d51dcb1c2,b6de5899ef419c2be611fab48868833a32c6481f701a0eaf65525513b46754b2,7319e125278a62d9a9f9fad72f66df45ebb3fa8f553ff36ddf3a173e09eeebc2,d3c6f170eb2a6fce3f43e80d7ab094e5c06bc8a276505aa957d651920aeab0a2,2026-09-23T00:00:00+00:00,2026-09-24T00:00:00+00:00,B4,unavailable,,unknown,,,unknown,insufficient_evidence,,,proxy_complete,proxy_complete_no_claim,proxy_insufficient,scale_incompatible
9969140abc6c26d0394c5d611a60d3b7a58eb71356236bef14118b6174753a12,phase4e_shadow_v1,2026-09-24,2026-09-24T19:02:39.570881+00:00,github-36045280392-1,80634446-9faf-4de8-bfa1-81ab2c7a0461,CNC,USD,5,2026-09-23,62.08000183105469,eligible,,phase4_confidence_research_v1,e5a1072ba3754f9a7e6d60fde5003b579f6a2f73c41b846532159559ad84eb77,c062e4ff2369a9c96f9a36410a4af8397add8c31d8525a020c815f9d51dcb1c2,b6de5899ef419c2be611fab48868833a32c6481f701a0eaf65525513b46754b2,7319e125278a62d9a9f9fad72f66df45ebb3fa8f553ff36ddf3a173e09eeebc2,d3c6f170eb2a6fce3f43e80d7ab094e5c06bc8a276505aa957d651920aeab0a2,2026-09-23T00:00:00+00:00,2026-09-24T00:00:00+00:00,B2,directional_only,negative,unknown,,,middle,insufficient_evidence,,,proxy_complete,proxy_complete_no_claim,proxy_complete,scale_incompatible
8e203e8c3aab4a6d0111da217ea1f8b9cbe6b16167491cd849c9c0301816286e,phase4e_shadow_v1,2026-09-24,2026-09-24T19:02:39.570881+00:00,github-36045280392-1,80634446-9faf-4de8-bfa1-81ab2c7a0461,CNC,USD,20,2026-09-23,62.08000183105469,eligible,,phase4_confidence_research_v1,e5a1072ba3754f9a7e6d60fde5003b579f6a2f73c41b846532159559ad84eb77,c062e4ff2369a9c96f9a36410a4af8397add8c31d8525a020c815f9d51dcb1c2,b6de5899ef419c2be611fab48868833a32c6481f701a0eaf65525513b46754b2,7319e125278a62d9a9f9fad72f66df45ebb3fa8f553ff36ddf3a173e09eeebc2,d3c6f170eb2a6fce3f43e80d7ab094e5c06bc8a276505aa957d651920aeab0a2,2026-09-23T00:00:00+00:00,2026-09-24T00:00:00+00:00,B2,immature,,unknown,,,unknown,insufficient_evidence,,,proxy_complete,proxy_complete_no_claim,proxy_insufficient,scale_incompatible
293862ef8edf49effd6d8b6e80a717c2bac6989e788d8fac3f0d16a918685a6c,phase4e_shadow_v1,2026-09-24,2026-09-24T19:02:39.570881+00:00,github-36045280392-1,80634446-9faf-4de8-bfa1-81ab2c7a0461,CNC,USD,40,2026-09-23,62.08000183105469,eligible,,phase4_confidence_research_v1,e5a1072ba3754f9a7e6d60fde5003b579f6a2f73c41b846532159559ad84eb77,c062e4ff2369a9c96f9a36410a4af8397add8c31d8525a020c815f9d51dcb1c2,b6de5899ef419c2be611fab48868833a32c6481f701a0eaf65525513b46754b2,7319e125278a62d9a9f9fad72f66df45ebb3fa8f553ff36ddf3a173e09eeebc2,d3c6f170eb2a6fce3f43e80d7ab094e5c06bc8a276505aa957d651920aeab0a2,2026-09-23T00:00:00+00:00,2026-09-24T00:00:00+00:00,B2,unavailable,,unknown,,,unknown,insufficient_evidence,,,proxy_complete,proxy_complete_no_claim,proxy_insufficient,scale_incompatible
fdd313764eec093a631ee265b7808ad2aed2ae455db8861721c1e4f4e2a6812e,phase4e_shadow_v1,2026-09-24,2026-09-24T19:02:39.570881+00:00,github-36045280392-1,80634446-9faf-4de8-bfa1-81ab2c7a0461,CNC,USD,60,2026-09-23,62.08000183105469,eligible,,phase4_confidence_research_v1,e5a1072ba3754f9a7e6d60fde5003b579f6a2f73c41b846532159559ad84eb77,c062e4ff2369a9c96f9a36410a4af8397add8c31d8525a020c815f9d51dcb1c2,b6de5899ef419c2be611fab48868833a32c6481f701a0eaf65525513b46754b2,7319e125278a62d9a9f9fad72f66df45ebb3fa8f553ff36ddf3a173e09eeebc2,d3c6f170eb2a6fce3f43e80d7ab094e5c06bc8a276505aa957d651920aeab0a2,2026-09-23T00:00:00+00:00,2026-09-24T00:00:00+00:00,B2,unavailable,,unknown,,,unknown,insufficient_evidence,,,proxy_complete,proxy_complete_no_claim,proxy_insufficient,scale_incompatible
78fe56e1c3b6701894e835501a9bdaddb7743fc3846379aab042266e589f7e63,phase4e_shadow_v1,2026-09-24,2026-09-24T19:02:39.570881+00:00,github-36045280392-1,80634446-9faf-4de8-bfa1-81ab2c7a0461,COIN,USD,5,2026-09-23,198.1300048828125,eligible,,phase4_confidence_research_v1,e5a1072ba3754f9a7e6d60fde5003b579f6a2f73c41b846532159559ad84eb77,c062e4ff2369a9c96f9a36410a4af8397add8c31d8525a020c815f9d51dcb1c2,b6de5899ef419c2be611fab48868833a32c6481f701a0eaf65525513b46754b2,7319e125278a62d9a9f9fad72f66df45ebb3fa8f553ff36ddf3a173e09eeebc2,d3c6f170eb2a6fce3f43e80d7ab094e5c06bc8a276505aa957d651920aeab0a2,2026-09-23T00:00:00+00:00,2026-09-24T00:00:00+00:00,B4,directional_only,negative,unknown,,,elevated,risk_only,,,proxy_complete,proxy_complete_no_claim,proxy_complete,scale_incompatible
4c56659fe78f6e199fb36226a19d7df6ca525ea9d06c2a856e094c14ce972b48,phase4e_shadow_v1,2026-09-24,2026-09-24T19:02:39.570881+00:00,github-36045280392-1,80634446-9faf-4de8-bfa1-81ab2c7a0461,COIN,USD,20,2026-09-23,198.1300048828125,eligible,,phase4_confidence_research_v1,e5a1072ba3754f9a7e6d60fde5003b579f6a2f73c41b846532159559ad84eb77,c062e4ff2369a9c96f9a36410a4af8397add8c31d8525a020c815f9d51dcb1c2,b6de5899ef419c2be611fab48868833a32c6481f701a0eaf65525513b46754b2,7319e125278a62d9a9f9fad72f66df45ebb3fa8f553ff36ddf3a173e09eeebc2,d3c6f170eb2a6fce3f43e80d7ab094e5c06bc8a276505aa957d651920aeab0a2,2026-09-23T00:00:00+00:00,2026-09-24T00:00:00+00:00,B4,immature,,unknown,,,unknown,insufficient_evidence,,,proxy_complete,proxy_complete_no_claim,proxy_insufficient,scale_incompatible
a326861f21fe5352c3d4f04198d5a292030af23804a0c00ee5a9f19aa3127a29,phase4e_shadow_v1,2026-09-24,2026-09-24T19:02:39.570881+00:00,github-36045280392-1,80634446-9faf-4de8-bfa1-81ab2c7a0461,COIN,USD,40,2026-09-23,198.1300048828125,eligible,,phase4_confidence_research_v1,e5a1072ba3754f9a7e6d60fde5003b579f6a2f73c41b846532159559ad84eb77,c062e4ff2369a9c96f9a36410a4af8397add8c31d8525a020c815f9d51dcb1c2,b6de5899ef419c2be611fab48868833a32c6481f701a0eaf65525513b46754b2,7319e125278a62d9a9f9fad72f66df45ebb3fa8f553ff36ddf3a173e09eeebc2,d3c6f170eb2a6fce3f43e80d7ab094e5c06bc8a276505aa957d651920aeab0a2,2026-09-23T00:00:00+00:00,2026-09-24T00:00:00+00:00,B4,unavailable,,unknown,,,unknown,insufficient_evidence,,,proxy_complete,proxy_complete_no_claim,proxy_insufficient,scale_incompatible
49e4a3046b9546283a2ac4246a8c50e65f22bd0601559fc31f223e3dde3562c1,phase4e_shadow_v1,2026-09-24,2026-09-24T19:02:39.570881+00:00,github-36045280392-1,80634446-9faf-4de8-bfa1-81ab2c7a0461,COIN,USD,60,2026-09-23,198.1300048828125,eligible,,phase4_confidence_research_v1,e5a1072ba3754f9a7e6d60fde5003b579f6a2f73c41b846532159559ad84eb77,c062e4ff2369a9c96f9a36410a4af8397add8c31d8525a020c815f9d51dcb1c2,b6de5899ef419c2be611fab48868833a32c6481f701a0eaf65525513b46754b2,7319e125278a62d9a9f9fad72f66df45ebb3fa8f553ff36ddf3a173e09eeebc2,d3c6f170eb2a6fce3f43e80d7ab094e5c06bc8a276505aa957d651920aeab0a2,2026-09-23T00:00:00+00:00,2026-09-24T00:00:00+00:00,B4,unavailable,,unknown,,,unknown,insufficient_evidence,,,proxy_complete,proxy_complete_no_claim,proxy_insufficient,scale_incompatible
6d2eb4d1889913ec400dd69ec60434b59f2766a4ed4ebe712e70c62fd7ebf1f0,phase4e_shadow_v1,2026-09-24,2026-09-24T19:02:39.570881+00:00,github-36045280392-1,80634446-9faf-4de8-bfa1-81ab2c7a0461,CPB,USD,5,2026-09-23,20.34000015258789,eligible,,phase4_confidence_research_v1,e5a1072ba3754f9a7e6d60fde5003b579f6a2f73c41b846532159559ad84eb77,c062e4ff2369a9c96f9a36410a4af8397add8c31d8525a020c815f9d51dcb1c2,b6de5899ef419c2be611fab48868833a32c6481f701a0eaf65525513b46754b2,7319e125278a62d9a9f9fad72f66df45ebb3fa8f553ff36ddf3a173e09eeebc2,d3c6f170eb2a6fce3f43e80d7ab094e5c06bc8a276505aa957d651920aeab0a2,2026-09-23T00:00:00+00:00,2026-09-24T00:00:00+00:00,B1,directional_only,negative,unknown,,,middle,insufficient_evidence,,,proxy_complete,proxy_complete_no_claim,proxy_complete,scale_incompatible
5c42dbad1f0c1cb625eae97ff0b1faffea695a33f4241c2ab4dbd53a5e467427,phase4e_shadow_v1,2026-09-24,2026-09-24T19:02:39.570881+00:00,github-36045280392-1,80634446-9faf-4de8-bfa1-81ab2c7a0461,CPB,USD,20,2026-09-23,20.34000015258789,eligible,,phase4_confidence_research_v1,e5a1072ba3754f9a7e6d60fde5003b579f6a2f73c41b846532159559ad84eb77,c062e4ff2369a9c96f9a36410a4af8397add8c31d8525a020c815f9d51dcb1c2,b6de5899ef419c2be611fab48868833a32c6481f701a0eaf65525513b46754b2,7319e125278a62d9a9f9fad72f66df45ebb3fa8f553ff36ddf3a173e09eeebc2,d3c6f170eb2a6fce3f43e80d7ab094e5c06bc8a276505aa957d651920aeab0a2,2026-09-23T00:00:00+00:00,2026-09-24T00:00:00+00:00,B1,immature,,unknown,,,unknown,insufficient_evidence,,,proxy_complete,proxy_complete_no_claim,proxy_insufficient,scale_incompatible
ed43460e235699a3ac48f69a2db40d15b00bd744e466d38d1f00e87569f0b503,phase4e_shadow_v1,2026-09-24,2026-09-24T19:02:39.570881+00:00,github-36045280392-1,80634446-9faf-4de8-bfa1-81ab2c7a0461,CPB,USD,40,2026-09-23,20.34000015258789,eligible,,phase4_confidence_research_v1,e5a1072ba3754f9a7e6d60fde5003b579f6a2f73c41b846532159559ad84eb77,c062e4ff2369a9c96f9a36410a4af8397add8c31d8525a020c815f9d51dcb1c2,b6de5899ef419c2be611fab48868833a32c6481f701a0eaf65525513b46754b2,7319e125278a62d9a9f9fad72f66df45ebb3fa8f553ff36ddf3a173e09eeebc2,d3c6f170eb2a6fce3f43e80d7ab094e5c06bc8a276505aa957d651920aeab0a2,2026-09-23T00:00:00+00:00,2026-09-24T00:00:00+00:00,B1,unavailable,,unknown,,,unknown,insufficient_evidence,,,proxy_complete,proxy_complete_no_claim,proxy_insufficient,scale_incompatible
65d242349762f28590765573c4c5906fff331b7ae30c7b73fef7997c8d9ecbc4,phase4e_shadow_v1,2026-09-24,2026-09-24T19:02:39.570881+00:00,github-36045280392-1,80634446-9faf-4de8-bfa1-81ab2c7a0461,CPB,USD,60,2026-09-23,20.34000015258789,eligible,,phase4_confidence_research_v1,e5a1072ba3754f9a7e6d60fde5003b579f6a2f73c41b846532159559ad84eb77,c062e4ff2369a9c96f9a36410a4af8397add8c31d8525a020c815f9d51dcb1c2,b6de5899ef419c2be611fab48868833a32c6481f701a0eaf65525513b46754b2,7319e125278a62d9a9f9fad72f66df45ebb3fa8f553ff36ddf3a173e09eeebc2,d3c6f170eb2a6fce3f43e80d7ab094e5c06bc8a276505aa957d651920aeab0a2,2026-09-23T00:00:00+00:00,2026-09-24T00:00:00+00:00,B1,unavailable,,unknown,,,unknown,insufficient_evidence,,,proxy_complete,proxy_complete_no_claim,proxy_insufficient,scale_incompatible
fd471f6e5704dd102174524864c2719f09a19d8b9712ee07727addd0a30c8a14,phase4e_shadow_v1,2026-09-24,2026-09-24T19:02:39.570881+00:00,github-36045280392-1,80634446-9faf-4de8-bfa1-81ab2c7a0461,CRWV,USD,5,2026-09-23,86.9000015258789,eligible,,phase4_confidence_research_v1,e5a1072ba3754f9a7e6d60fde5003b579f6a2f73c41b846532159559ad84eb77,c062e4ff2369a9c96f9a36410a4af8397add8c31d8525a020c815f9d51dcb1c2,b6de5899ef419c2be611fab48868833a32c6481f701a0eaf65525513b46754b2,7319e125278a62d9a9f9fad72f66df45ebb3fa8f553ff36ddf3a173e09eeebc2,d3c6f170eb2a6fce3f43e80d7ab094e5c06bc8a276505aa957d651920aeab0a2,2026-09-23T00:00:00+00:00,2026-09-24T00:00:00+00:00,B2,directional_only,negative,unknown,,,elevated,risk_only,,,proxy_complete,proxy_complete_no_claim,proxy_complete,scale_incompatible
3b94a3c684fe62b7e70d811134f567e0aef72ac53342cc81e8b6f504da3fb97c,phase4e_shadow_v1,2026-09-24,2026-09-24T19:02:39.570881+00:00,github-36045280392-1,80634446-9faf-4de8-bfa1-81ab2c7a0461,CRWV,USD,20,2026-09-23,86.9000015258789,eligible,,phase4_confidence_research_v1,e5a1072ba3754f9a7e6d60fde5003b579f6a2f73c41b846532159559ad84eb77,c062e4ff2369a9c96f9a36410a4af8397add8c31d8525a020c815f9d51dcb1c2,b6de5899ef419c2be611fab48868833a32c6481f701a0eaf65525513b46754b2,7319e125278a62d9a9f9fad72f66df45ebb3fa8f553ff36ddf3a173e09eeebc2,d3c6f170eb2a6fce3f43e80d7ab094e5c06bc8a276505aa957d651920aeab0a2,2026-09-23T00:00:00+00:00,2026-09-24T00:00:00+00:00,B2,immature,,unknown,,,unknown,insufficient_evidence,,,proxy_complete,proxy_complete_no_claim,proxy_insufficient,scale_incompatible
d6e0acf23ca416e845ea0f8d0db9a3d3095a16d05f1f58a99691a41efdc70535,phase4e_shadow_v1,2026-09-24,2026-09-24T19:02:39.570881+00:00,github-36045280392-1,80634446-9faf-4de8-bfa1-81ab2c7a0461,CRWV,USD,40,2026-09-23,86.9000015258789,eligible,,phase4_confidence_research_v1,e5a1072ba3754f9a7e6d60fde5003b579f6a2f73c41b846532159559ad84eb77,c062e4ff2369a9c96f9a36410a4af8397add8c31d8525a020c815f9d51dcb1c2,b6de5899ef419c2be611fab48868833a32c6481f701a0eaf65525513b46754b2,7319e125278a62d9a9f9fad72f66df45ebb3fa8f553ff36ddf3a173e09eeebc2,d3c6f170eb2a6fce3f43e80d7ab094e5c06bc8a276505aa957d651920aeab0a2,2026-09-23T00:00:00+00:00,2026-09-24T00:00:00+00:00,B2,unavailable,,unknown,,,unknown,insufficient_evidence,,,proxy_complete,proxy_complete_no_claim,proxy_insufficient,scale_incompatible
d4c7c3e0abe3cd6101fcc63308f6a06bdca29146777f8d5c4db01a9e4192c385,phase4e_shadow_v1,2026-09-24,2026-09-24T19:02:39.570881+00:00,github-36045280392-1,80634446-9faf-4de8-bfa1-81ab2c7a0461,CRWV,USD,60,2026-09-23,86.9000015258789,eligible,,phase4_confidence_research_v1,e5a1072ba3754f9a7e6d60fde5003b579f6a2f73c41b846532159559ad84eb77,c062e4ff2369a9c96f9a36410a4af8397add8c31d8525a020c815f9d51dcb1c2,b6de5899ef419c2be611fab48868833a32c6481f701a0eaf65525513b46754b2,7319e125278a62d9a9f9fad72f66df45ebb3fa8f553ff36ddf3a173e09eeebc2,d3c6f170eb2a6fce3f43e80d7ab094e5c06bc8a276505aa957d651920aeab0a2,2026-09-23T00:00:00+00:00,2026-09-24T00:00:00+00:00,B2,unavailable,,unknown,,,unknown,insufficient_evidence,,,proxy_complete,proxy_complete_no_claim,proxy_insufficient,scale_incompatible
1d493a795867f7507cc8bb2b4bd0d54b22555ad46287140edbfa851a8f55d9fd,phase4e_shadow_v1,2026-09-24,2026-09-24T19:02:39.570881+00:00,github-36045280392-1,80634446-9faf-4de8-bfa1-81ab2c7a0461,CSTM,USD,5,2026-09-23,24.959999084472656,eligible,,phase4_confidence_research_v1,e5a1072ba3754f9a7e6d60fde5003b579f6a2f73c41b846532159559ad84eb77,c062e4ff2369a9c96f9a36410a4af8397add8c31d8525a020c815f9d51dcb1c2,b6de5899ef419c2be611fab48868833a32c6481f701a0eaf65525513b46754b2,7319e125278a62d9a9f9fad72f66df45ebb3fa8f553ff36ddf3a173e09eeebc2,d3c6f170eb2a6fce3f43e80d7ab094e5c06bc8a276505aa957d651920aeab0a2,2026-09-23T00:00:00+00:00,2026-09-24T00:00:00+00:00,B3,robust,positive,unknown,,,middle,single_model,,positive,proxy_complete,proxy_complete_no_claim,proxy_complete,scale_incompatible
5206551d594b6076207f7b0764ce6ed0df40d83fd810b4af6aec5c7152c85cf0,phase4e_shadow_v1,2026-09-24,2026-09-24T19:02:39.570881+00:00,github-36045280392-1,80634446-9faf-4de8-bfa1-81ab2c7a0461,CSTM,USD,20,2026-09-23,24.959999084472656,eligible,,phase4_confidence_research_v1,e5a1072ba3754f9a7e6d60fde5003b579f6a2f73c41b846532159559ad84eb77,c062e4ff2369a9c96f9a36410a4af8397add8c31d8525a020c815f9d51dcb1c2,b6de5899ef419c2be611fab48868833a32c6481f701a0eaf65525513b46754b2,7319e125278a62d9a9f9fad72f66df45ebb3fa8f553ff36ddf3a173e09eeebc2,d3c6f170eb2a6fce3f43e80d7ab094e5c06bc8a276505aa957d651920aeab0a2,2026-09-23T00:00:00+00:00,2026-09-24T00:00:00+00:00,B3,immature,,unknown,,,unknown,insufficient_evidence,,,proxy_complete,proxy_complete_no_claim,proxy_insufficient,scale_incompatible
69d2cfd7d3182e1be3e2ca54dc0aa4f603c8e7e7a9c4e59cbc6f2d6dc196eda9,phase4e_shadow_v1,2026-09-24,2026-09-24T19:02:39.570881+00:00,github-36045280392-1,80634446-9faf-4de8-bfa1-81ab2c7a0461,CSTM,USD,40,2026-09-23,24.959999084472656,eligible,,phase4_confidence_research_v1,e5a1072ba3754f9a7e6d60fde5003b579f6a2f73c41b846532159559ad84eb77,c062e4ff2369a9c96f9a36410a4af8397add8c31d8525a020c815f9d51dcb1c2,b6de5899ef419c2be611fab48868833a32c6481f701a0eaf65525513b46754b2,7319e125278a62d9a9f9fad72f66df45ebb3fa8f553ff36ddf3a173e09eeebc2,d3c6f170eb2a6fce3f43e80d7ab094e5c06bc8a276505aa957d651920aeab0a2,2026-09-23T00:00:00+00:00,2026-09-24T00:00:00+00:00,B3,unavailable,,unknown,,,unknown,insufficient_evidence,,,proxy_complete,proxy_complete_no_claim,proxy_insufficient,scale_incompatible
abe61105c919d1fd02acb4ea04a77081f28e1de439879f5d3940c0bb39288958,phase4e_shadow_v1,2026-09-24,2026-09-24T19:02:39.570881+00:00,github-36045280392-1,80634446-9faf-4de8-bfa1-81ab2c7a0461,CSTM,USD,60,2026-09-23,24.959999084472656,eligible,,phase4_confidence_research_v1,e5a1072ba3754f9a7e6d60fde5003b579f6a2f73c41b846532159559ad84eb77,c062e4ff2369a9c96f9a36410a4af8397add8c31d8525a020c815f9d51dcb1c2,b6de5899ef419c2be611fab48868833a32c6481f701a0eaf65525513b46754b2,7319e125278a62d9a9f9fad72f66df45ebb3fa8f553ff36ddf3a173e09eeebc2,d3c6f170eb2a6fce3f43e80d7ab094e5c06bc8a276505aa957d651920aeab0a2,2026-09-23T00:00:00+00:00,2026-09-24T00:00:00+00:00,B3,unavailable,,unknown,,,unknown,insufficient_evidence,,,proxy_complete,proxy_complete_no_claim,proxy_insufficient,scale_incompatible
15867fd385975c095a80ad2b4f5d82db497a1a770a3f8716f3b71dc82721a977,phase4e_shadow_v1,2026-09-24,2026-09-24T19:02:39.570881+00:00,github-36045280392-1,80634446-9faf-4de8-bfa1-81ab2c7a0461,CVX,USD,5,2026-09-23,205.50999450683597,eligible,,phase4_confidence_research_v1,e5a1072ba3754f9a7e6d60fde5003b579f6a2f73c41b846532159559ad84eb77,c062e4ff2369a9c96f9a36410a4af8397add8c31d8525a020c815f9d51dcb1c2,b6de5899ef419c2be611fab48868833a32c6481f701a0eaf65525513b46754b2,7319e125278a62d9a9f9fad72f66df45ebb3fa8f553ff36ddf3a173e09eeebc2,d3c6f170eb2a6fce3f43e80d7ab094e5c06bc8a276505aa957d651920aeab0a2,2026-09-23T00:00:00+00:00,2026-09-24T00:00:00+00:00,B3,robust,positive,unknown,,,low,single_model,,positive,proxy_complete,proxy_complete_no_claim,proxy_complete,scale_incompatible
d5ba9231d7138498a1071322c230d3e2c27eba4a93e6f4e414a836d173edd4aa,phase4e_shadow_v1,2026-09-24,2026-09-24T19:02:39.570881+00:00,github-36045280392-1,80634446-9faf-4de8-bfa1-81ab2c7a0461,CVX,USD,20,2026-09-23,205.50999450683597,eligible,,phase4_confidence_research_v1,e5a1072ba3754f9a7e6d60fde5003b579f6a2f73c41b846532159559ad84eb77,c062e4ff2369a9c96f9a36410a4af8397add8c31d8525a020c815f9d51dcb1c2,b6de5899ef419c2be611fab48868833a32c6481f701a0eaf65525513b46754b2,7319e125278a62d9a9f9fad72f66df45ebb3fa8f553ff36ddf3a173e09eeebc2,d3c6f170eb2a6fce3f43e80d7ab094e5c06bc8a276505aa957d651920aeab0a2,2026-09-23T00:00:00+00:00,2026-09-24T00:00:00+00:00,B3,immature,,unknown,,,unknown,insufficient_evidence,,,proxy_complete,proxy_complete_no_claim,proxy_insufficient,scale_incompatible
a707f4ed47ad91342f9246d15cfea50ec05c409777204b9b09250ded9e5fb41a,phase4e_shadow_v1,2026-09-24,2026-09-24T19:02:39.570881+00:00,github-36045280392-1,80634446-9faf-4de8-bfa1-81ab2c7a0461,CVX,USD,40,2026-09-23,205.50999450683597,eligible,,phase4_confidence_research_v1,e5a1072ba3754f9a7e6d60fde5003b579f6a2f73c41b846532159559ad84eb77,c062e4ff2369a9c96f9a36410a4af8397add8c31d8525a020c815f9d51dcb1c2,b6de5899ef419c2be611fab48868833a32c6481f701a0eaf65525513b46754b2,7319e125278a62d9a9f9fad72f66df45ebb3fa8f553ff36ddf3a173e09eeebc2,d3c6f170eb2a6fce3f43e80d7ab094e5c06bc8a276505aa957d651920aeab0a2,2026-09-23T00:00:00+00:00,2026-09-24T00:00:00+00:00,B3,unavailable,,unknown,,,unknown,insufficient_evidence,,,proxy_complete,proxy_complete_no_claim,proxy_insufficient,scale_incompatible
d2e871dcbbb16935e3174d91126ddac365f1140c5e653440f30e09d32459ba85,phase4e_shadow_v1,2026-09-24,2026-09-24T19:02:39.570881+00:00,github-36045280392-1,80634446-9faf-4de8-bfa1-81ab2c7a0461,CVX,USD,60,2026-09-23,205.50999450683597,eligible,,phase4_confidence_research_v1,e5a1072ba3754f9a7e6d60fde5003b579f6a2f73c41b846532159559ad84eb77,c062e4ff2369a9c96f9a36410a4af8397add8c31d8525a020c815f9d51dcb1c2,b6de5899ef419c2be611fab48868833a32c6481f701a0eaf65525513b46754b2,7319e125278a62d9a9f9fad72f66df45ebb3fa8f553ff36ddf3a173e09eeebc2,d3c6f170eb2a6fce3f43e80d7ab094e5c06bc8a276505aa957d651920aeab0a2,2026-09-23T00:00:00+00:00,2026-09-24T00:00:00+00:00,B3,unavailable,,unknown,,,unknown,insufficient_evidence,,,proxy_complete,proxy_complete_no_claim,proxy_insufficient,scale_incompatible
836c0232b50e4fd774fad47a2869260927488a328ccc248242bdb631a70ba8c7,phase4e_shadow_v1,2026-09-24,2026-09-24T19:02:39.570881+00:00,github-36045280392-1,80634446-9faf-4de8-bfa1-81ab2c7a0461,DB1.DE,EUR,5,2026-09-23,282.29998779296875,eligible,,phase4_confidence_research_v1,e5a1072ba3754f9a7e6d60fde5003b579f6a2f73c41b846532159559ad84eb77,c062e4ff2369a9c96f9a36410a4af8397add8c31d8525a020c815f9d51dcb1c2,b6de5899ef419c2be611fab48868833a32c6481f701a0eaf65525513b46754b2,7319e125278a62d9a9f9fad72f66df45ebb3fa8f553ff36ddf3a173e09eeebc2,d3c6f170eb2a6fce3f43e80d7ab094e5c06bc8a276505aa957d651920aeab0a2,2026-09-23T00:00:00+00:00,2026-09-24T00:00:00+00:00,B4,directional_only,negative,unknown,,,low,insufficient_evidence,,,proxy_complete,proxy_complete_no_claim,proxy_complete,scale_incompatible
2c534266f705f9e2c9862d4288cad0ec2d8a1524b0f27f13cec66ffa1c3b9abd,phase4e_shadow_v1,2026-09-24,2026-09-24T19:02:39.570881+00:00,github-36045280392-1,80634446-9faf-4de8-bfa1-81ab2c7a0461,DB1.DE,EUR,20,2026-09-23,282.29998779296875,eligible,,phase4_confidence_research_v1,e5a1072ba3754f9a7e6d60fde5003b579f6a2f73c41b846532159559ad84eb77,c062e4ff2369a9c96f9a36410a4af8397add8c31d8525a020c815f9d51dcb1c2,b6de5899ef419c2be611fab48868833a32c6481f701a0eaf65525513b46754b2,7319e125278a62d9a9f9fad72f66df45ebb3fa8f553ff36ddf3a173e09eeebc2,d3c6f170eb2a6fce3f43e80d7ab094e5c06bc8a276505aa957d651920aeab0a2,2026-09-23T00:00:00+00:00,2026-09-24T00:00:00+00:00,B4,immature,,unknown,,,unknown,insufficient_evidence,,,proxy_complete,proxy_complete_no_claim,proxy_insufficient,scale_incompatible
e7ad2f429618bc7ff82b599a69c8b9c0935ac22644e6ce6945385ac3461abef7,phase4e_shadow_v1,2026-09-24,2026-09-24T19:02:39.570881+00:00,github-36045280392-1,80634446-9faf-4de8-bfa1-81ab2c7a0461,DB1.DE,EUR,40,2026-09-23,282.29998779296875,eligible,,phase4_confidence_research_v1,e5a1072ba3754f9a7e6d60fde5003b579f6a2f73c41b846532159559ad84eb77,c062e4ff2369a9c96f9a36410a4af8397add8c31d8525a020c815f9d51dcb1c2,b6de5899ef419c2be611fab48868833a32c6481f701a0eaf65525513b46754b2,7319e125278a62d9a9f9fad72f66df45ebb3fa8f553ff36ddf3a173e09eeebc2,d3c6f170eb2a6fce3f43e80d7ab094e5c06bc8a276505aa957d651920aeab0a2,2026-09-23T00:00:00+00:00,2026-09-24T00:00:00+00:00,B4,unavailable,,unknown,,,unknown,insufficient_evidence,,,proxy_complete,proxy_complete_no_claim,proxy_insufficient,scale_incompatible
8084967893fd36d2c41e2271a6f56178abfb6c881dc0d189c03ea05250648ed6,phase4e_shadow_v1,2026-09-24,2026-09-24T19:02:39.570881+00:00,github-36045280392-1,80634446-9faf-4de8-bfa1-81ab2c7a0461,DB1.DE,EUR,60,2026-09-23,282.29998779296875,eligible,,phase4_confidence_research_v1,e5a1072ba3754f9a7e6d60fde5003b579f6a2f73c41b846532159559ad84eb77,c062e4ff2369a9c96f9a36410a4af8397add8c31d8525a020c815f9d51dcb1c2,b6de5899ef419c2be611fab48868833a32c6481f701a0eaf65525513b46754b2,7319e125278a62d9a9f9fad72f66df45ebb3fa8f553ff36ddf3a173e09eeebc2,d3c6f170eb2a6fce3f43e80d7ab094e5c06bc8a276505aa957d651920aeab0a2,2026-09-23T00:00:00+00:00,2026-09-24T00:00:00+00:00,B4,unavailable,,unknown,,,unknown,insufficient_evidence,,,proxy_complete,proxy_complete_no_claim,proxy_insufficient,scale_incompatible
76e12f391892bc0b5d73c032b1959096703b2a63f7dd2636ba7c2994162d3bfe,phase4e_shadow_v1,2026-09-24,2026-09-24T19:02:39.570881+00:00,github-36045280392-1,80634446-9faf-4de8-bfa1-81ab2c7a0461,DIS,USD,5,2026-09-23,103.45999908447266,eligible,,phase4_confidence_research_v1,e5a1072ba3754f9a7e6d60fde5003b579f6a2f73c41b846532159559ad84eb77,c062e4ff2369a9c96f9a36410a4af8397add8c31d8525a020c815f9d51dcb1c2,b6de5899ef419c2be611fab48868833a32c6481f701a0eaf65525513b46754b2,7319e125278a62d9a9f9fad72f66df45ebb3fa8f553ff36ddf3a173e09eeebc2,d3c6f170eb2a6fce3f43e80d7ab094e5c06bc8a276505aa957d651920aeab0a2,2026-09-23T00:00:00+00:00,2026-09-24T00:00:00+00:00,B4,directional_only,negative,unknown,,,low,insufficient_evidence,,,proxy_complete,proxy_complete_no_claim,proxy_complete,scale_incompatible
13b439762966265a03c8f5a31f07b29e4cc0f6459764f7826127e0d9f070ad31,phase4e_shadow_v1,2026-09-24,2026-09-24T19:02:39.570881+00:00,github-36045280392-1,80634446-9faf-4de8-bfa1-81ab2c7a0461,DIS,USD,20,2026-09-23,103.45999908447266,eligible,,phase4_confidence_research_v1,e5a1072ba3754f9a7e6d60fde5003b579f6a2f73c41b846532159559ad84eb77,c062e4ff2369a9c96f9a36410a4af8397add8c31d8525a020c815f9d51dcb1c2,b6de5899ef419c2be611fab48868833a32c6481f701a0eaf65525513b46754b2,7319e125278a62d9a9f9fad72f66df45ebb3fa8f553ff36ddf3a173e09eeebc2,d3c6f170eb2a6fce3f43e80d7ab094e5c06bc8a276505aa957d651920aeab0a2,2026-09-23T00:00:00+00:00,2026-09-24T00:00:00+00:00,B4,immature,,unknown,,,unknown,insufficient_evidence,,,proxy_complete,proxy_complete_no_claim,proxy_insufficient,scale_incompatible
8bbc51e9991cb065cc1c0192b4fb42e34821a4b7accf32391ca3d569f10693ff,phase4e_shadow_v1,2026-09-24,2026-09-24T19:02:39.570881+00:00,github-36045280392-1,80634446-9faf-4de8-bfa1-81ab2c7a0461,DIS,USD,40,2026-09-23,103.45999908447266,eligible,,phase4_confidence_research_v1,e5a1072ba3754f9a7e6d60fde5003b579f6a2f73c41b846532159559ad84eb77,c062e4ff2369a9c96f9a36410a4af8397add8c31d8525a020c815f9d51dcb1c2,b6de5899ef419c2be611fab48868833a32c6481f701a0eaf65525513b46754b2,7319e125278a62d9a9f9fad72f66df45ebb3fa8f553ff36ddf3a173e09eeebc2,d3c6f170eb2a6fce3f43e80d7ab094e5c06bc8a276505aa957d651920aeab0a2,2026-09-23T00:00:00+00:00,2026-09-24T00:00:00+00:00,B4,unavailable,,unknown,,,unknown,insufficient_evidence,,,proxy_complete,proxy_complete_no_claim,proxy_insufficient,scale_incompatible
c65e212fb87050ae2a4dfc5dd5b2fac742d85f3923fba3089e7e86584271f8c2,phase4e_shadow_v1,2026-09-24,2026-09-24T19:02:39.570881+00:00,github-36045280392-1,80634446-9faf-4de8-bfa1-81ab2c7a0461,DIS,USD,60,2026-09-23,103.45999908447266,eligible,,phase4_confidence_research_v1,e5a1072ba3754f9a7e6d60fde5003b579f6a2f73c41b846532159559ad84eb77,c062e4ff2369a9c96f9a36410a4af8397add8c31d8525a020c815f9d51dcb1c2,b6de5899ef419c2be611fab48868833a32c6481f701a0eaf65525513b46754b2,7319e125278a62d9a9f9fad72f66df45ebb3fa8f553ff36ddf3a173e09eeebc2,d3c6f170eb2a6fce3f43e80d7ab094e5c06bc8a276505aa957d651920aeab0a2,2026-09-23T00:00:00+00:00,2026-09-24T00:00:00+00:00,B4,unavailable,,unknown,,,unknown,insufficient_evidence,,,proxy_complete,proxy_complete_no_claim,proxy_insufficient,scale_incompatible
df3dfca0d30d625534bf79280eceed0e7e5c3f2a135c0bf3901678192f56572d,phase4e_shadow_v1,2026-09-24,2026-09-24T19:02:39.570881+00:00,github-36045280392-1,80634446-9faf-4de8-bfa1-81ab2c7a0461,DRO.AX,AUD,5,2026-09-23,1.6150000095367432,eligible,,phase4_confidence_research_v1,e5a1072ba3754f9a7e6d60fde5003b579f6a2f73c41b846532159559ad84eb77,c062e4ff2369a9c96f9a36410a4af8397add8c31d8525a020c815f9d51dcb1c2,b6de5899ef419c2be611fab48868833a32c6481f701a0eaf65525513b46754b2,7319e125278a62d9a9f9fad72f66df45ebb3fa8f553ff36ddf3a173e09eeebc2,d3c6f170eb2a6fce3f43e80d7ab094e5c06bc8a276505aa957d651920aeab0a2,2026-09-23T00:00:00+00:00,2026-09-24T00:00:00+00:00,B1,directional_only,negative,unknown,,,elevated,risk_only,,,proxy_complete,proxy_partial_no_claim,proxy_complete,scale_incompatible
f602d6ba1e26335169eed16f203b38df9eb386b8f1e3b518b4580e9b00b6fc97,phase4e_shadow_v1,2026-09-24,2026-09-24T19:02:39.570881+00:00,github-36045280392-1,80634446-9faf-4de8-bfa1-81ab2c7a0461,DRO.AX,AUD,20,2026-09-23,1.6150000095367432,eligible,,phase4_confidence_research_v1,e5a1072ba3754f9a7e6d60fde5003b579f6a2f73c41b846532159559ad84eb77,c062e4ff2369a9c96f9a36410a4af8397add8c31d8525a020c815f9d51dcb1c2,b6de5899ef419c2be611fab48868833a32c6481f701a0eaf65525513b46754b2,7319e125278a62d9a9f9fad72f66df45ebb3fa8f553ff36ddf3a173e09eeebc2,d3c6f170eb2a6fce3f43e80d7ab094e5c06bc8a276505aa957d651920aeab0a2,2026-09-23T00:00:00+00:00,2026-09-24T00:00:00+00:00,B1,immature,,unknown,,,unknown,insufficient_evidence,,,proxy_complete,proxy_complete_no_claim,proxy_insufficient,scale_incompatible
150a0e4b0c078985e041ae138770bdda018f57836916c69c763c6159bbe5bc78,phase4e_shadow_v1,2026-09-24,2026-09-24T19:02:39.570881+00:00,github-36045280392-1,80634446-9faf-4de8-bfa1-81ab2c7a0461,DRO.AX,AUD,40,2026-09-23,1.6150000095367432,eligible,,phase4_confidence_research_v1,e5a1072ba3754f9a7e6d60fde5003b579f6a2f73c41b846532159559ad84eb77,c062e4ff2369a9c96f9a36410a4af8397add8c31d8525a020c815f9d51dcb1c2,b6de5899ef419c2be611fab48868833a32c6481f701a0eaf65525513b46754b2,7319e125278a62d9a9f9fad72f66df45ebb3fa8f553ff36ddf3a173e09eeebc2,d3c6f170eb2a6fce3f43e80d7ab094e5c06bc8a276505aa957d651920aeab0a2,2026-09-23T00:00:00+00:00,2026-09-24T00:00:00+00:00,B1,unavailable,,unknown,,,unknown,insufficient_evidence,,,proxy_complete,proxy_complete_no_claim,proxy_insufficient,scale_incompatible
81416ac707d956e5173f279c1a4b27c66bcadac16e02459b201ba6a3456d60cf,phase4e_shadow_v1,2026-09-24,2026-09-24T19:02:39.570881+00:00,github-36045280392-1,80634446-9faf-4de8-bfa1-81ab2c7a0461,DRO.AX,AUD,60,2026-09-23,1.6150000095367432,eligible,,phase4_confidence_research_v1,e5a1072ba3754f9a7e6d60fde5003b579f6a2f73c41b846532159559ad84eb77,c062e4ff2369a9c96f9a36410a4af8397add8c31d8525a020c815f9d51dcb1c2,b6de5899ef419c2be611fab48868833a32c6481f701a0eaf65525513b46754b2,7319e125278a62d9a9f9fad72f66df45ebb3fa8f553ff36ddf3a173e09eeebc2,d3c6f170eb2a6fce3f43e80d7ab094e5c06bc8a276505aa957d651920aeab0a2,2026-09-23T00:00:00+00:00,2026-09-24T00:00:00+00:00,B1,unavailable,,unknown,,,unknown,insufficient_evidence,,,proxy_complete,proxy_complete_no_claim,proxy_insufficient,scale_incompatible
22e142ee292ddd3a2ada3f26ea143b03592636c1f03dabc4e9bb8822b336afc6,phase4e_shadow_v1,2026-09-24,2026-09-24T19:02:39.570881+00:00,github-36045280392-1,80634446-9faf-4de8-bfa1-81ab2c7a0461,DSV.TO,CAD,5,2026-09-23,12.359999656677246,eligible,,phase4_confidence_research_v1,e5a1072ba3754f9a7e6d60fde5003b579f6a2f73c41b846532159559ad84eb77,c062e4ff2369a9c96f9a36410a4af8397add8c31d8525a020c815f9d51dcb1c2,b6de5899ef419c2be611fab48868833a32c6481f701a0eaf65525513b46754b2,7319e125278a62d9a9f9fad72f66df45ebb3fa8f553ff36ddf3a173e09eeebc2,d3c6f170eb2a6fce3f43e80d7ab094e5c06bc8a276505aa957d651920aeab0a2,2026-09-23T00:00:00+00:00,2026-09-24T00:00:00+00:00,B3,robust,positive,unknown,,,middle,single_model,,positive,proxy_complete,proxy_complete_no_claim,proxy_complete,scale_incompatible
9b99c9b4484f6235475c5efc56bd441d51ec312bfe3bf2ce2f8e46058bd48008,phase4e_shadow_v1,2026-09-24,2026-09-24T19:02:39.570881+00:00,github-36045280392-1,80634446-9faf-4de8-bfa1-81ab2c7a0461,DSV.TO,CAD,20,2026-09-23,12.359999656677246,eligible,,phase4_confidence_research_v1,e5a1072ba3754f9a7e6d60fde5003b579f6a2f73c41b846532159559ad84eb77,c062e4ff2369a9c96f9a36410a4af8397add8c31d8525a020c815f9d51dcb1c2,b6de5899ef419c2be611fab48868833a32c6481f701a0eaf65525513b46754b2,7319e125278a62d9a9f9fad72f66df45ebb3fa8f553ff36ddf3a173e09eeebc2,d3c6f170eb2a6fce3f43e80d7ab094e5c06bc8a276505aa957d651920aeab0a2,2026-09-23T00:00:00+00:00,2026-09-24T00:00:00+00:00,B3,immature,,unknown,,,unknown,insufficient_evidence,,,proxy_complete,proxy_complete_no_claim,proxy_insufficient,scale_incompatible
3ed24113eb251d221e05873a9b062b4ce5475d90affa61c523087ac38161f8e0,phase4e_shadow_v1,2026-09-24,2026-09-24T19:02:39.570881+00:00,github-36045280392-1,80634446-9faf-4de8-bfa1-81ab2c7a0461,DSV.TO,CAD,40,2026-09-23,12.359999656677246,eligible,,phase4_confidence_research_v1,e5a1072ba3754f9a7e6d60fde5003b579f6a2f73c41b846532159559ad84eb77,c062e4ff2369a9c96f9a36410a4af8397add8c31d8525a020c815f9d51dcb1c2,b6de5899ef419c2be611fab48868833a32c6481f701a0eaf65525513b46754b2,7319e125278a62d9a9f9fad72f66df45ebb3fa8f553ff36ddf3a173e09eeebc2,d3c6f170eb2a6fce3f43e80d7ab094e5c06bc8a276505aa957d651920aeab0a2,2026-09-23T00:00:00+00:00,2026-09-24T00:00:00+00:00,B3,unavailable,,unknown,,,unknown,insufficient_evidence,,,proxy_complete,proxy_complete_no_claim,proxy_insufficient,scale_incompatible
878e0621fc8a16c1532b6dd4724792ed2cb572e391b12af17ed3297b20098969,phase4e_shadow_v1,2026-09-24,2026-09-24T19:02:39.570881+00:00,github-36045280392-1,80634446-9faf-4de8-bfa1-81ab2c7a0461,DSV.TO,CAD,60,2026-09-23,12.359999656677246,eligible,,phase4_confidence_research_v1,e5a1072ba3754f9a7e6d60fde5003b579f6a2f73c41b846532159559ad84eb77,c062e4ff2369a9c96f9a36410a4af8397add8c31d8525a020c815f9d51dcb1c2,b6de5899ef419c2be611fab48868833a32c6481f701a0eaf65525513b46754b2,7319e125278a62d9a9f9fad72f66df45ebb3fa8f553ff36ddf3a173e09eeebc2,d3c6f170eb2a6fce3f43e80d7ab094e5c06bc8a276505aa957d651920aeab0a2,2026-09-23T00:00:00+00:00,2026-09-24T00:00:00+00:00,B3,unavailable,,unknown,,,unknown,insufficient_evidence,,,proxy_complete,proxy_complete_no_claim,proxy_insufficient,scale_incompatible
206c19be228b822218ba9a29a1c4e0d446378df7f8afb111e8ab470d05d8dca6,phase4e_shadow_v1,2026-09-24,2026-09-24T19:02:39.570881+00:00,github-36045280392-1,80634446-9faf-4de8-bfa1-81ab2c7a0461,DV.V,CAD,5,,,unevaluable,claim_time_price_history_missing,phase4_confidence_research_v1,e5a1072ba3754f9a7e6d60fde5003b579f6a2f73c41b846532159559ad84eb77,c062e4ff2369a9c96f9a36410a4af8397add8c31d8525a020c815f9d51dcb1c2,b6de5899ef419c2be611fab48868833a32c6481f701a0eaf65525513b46754b2,7319e125278a62d9a9f9fad72f66df45ebb3fa8f553ff36ddf3a173e09eeebc2,d3c6f170eb2a6fce3f43e80d7ab094e5c06bc8a276505aa957d651920aeab0a2,2026-09-23T00:00:00+00:00,2026-09-24T00:00:00+00:00,B1,directional_only,negative,unknown,,,middle,insufficient_evidence,,,proxy_complete,proxy_complete_no_claim,proxy_complete,scale_incompatible
ef287fd2f00b52d7d306fc339cc3caa765355ddf1a1a42b3381c3324e23291e0,phase4e_shadow_v1,2026-09-24,2026-09-24T19:02:39.570881+00:00,github-36045280392-1,80634446-9faf-4de8-bfa1-81ab2c7a0461,DV.V,CAD,20,,,unevaluable,claim_time_price_history_missing,phase4_confidence_research_v1,e5a1072ba3754f9a7e6d60fde5003b579f6a2f73c41b846532159559ad84eb77,c062e4ff2369a9c96f9a36410a4af8397add8c31d8525a020c815f9d51dcb1c2,b6de5899ef419c2be611fab48868833a32c6481f701a0eaf65525513b46754b2,7319e125278a62d9a9f9fad72f66df45ebb3fa8f553ff36ddf3a173e09eeebc2,d3c6f170eb2a6fce3f43e80d7ab094e5c06bc8a276505aa957d651920aeab0a2,2026-09-23T00:00:00+00:00,2026-09-24T00:00:00+00:00,B1,immature,,unknown,,,unknown,insufficient_evidence,,,proxy_complete,proxy_complete_no_claim,proxy_insufficient,scale_incompatible
82821d1c6fc35c49bf8eb76357db77917e038b1a419f2814cc73b46d44a08c39,phase4e_shadow_v1,2026-09-24,2026-09-24T19:02:39.570881+00:00,github-36045280392-1,80634446-9faf-4de8-bfa1-81ab2c7a0461,DV.V,CAD,40,,,unevaluable,claim_time_price_history_missing,phase4_confidence_research_v1,e5a1072ba3754f9a7e6d60fde5003b579f6a2f73c41b846532159559ad84eb77,c062e4ff2369a9c96f9a36410a4af8397add8c31d8525a020c815f9d51dcb1c2,b6de5899ef419c2be611fab48868833a32c6481f701a0eaf65525513b46754b2,7319e125278a62d9a9f9fad72f66df45ebb3fa8f553ff36ddf3a173e09eeebc2,d3c6f170eb2a6fce3f43e80d7ab094e5c06bc8a276505aa957d651920aeab0a2,2026-09-23T00:00:00+00:00,2026-09-24T00:00:00+00:00,B1,unavailable,,unknown,,,unknown,insufficient_evidence,,,proxy_complete,proxy_complete_no_claim,proxy_insufficient,scale_incompatible
69343d9003f444ad5ee6910f2b28942957aa2e84232ac6ba2398a2176f405c30,phase4e_shadow_v1,2026-09-24,2026-09-24T19:02:39.570881+00:00,github-36045280392-1,80634446-9faf-4de8-bfa1-81ab2c7a0461,DV.V,CAD,60,,,unevaluable,claim_time_price_history_missing,phase4_confidence_research_v1,e5a1072ba3754f9a7e6d60fde5003b579f6a2f73c41b846532159559ad84eb77,c062e4ff2369a9c96f9a36410a4af8397add8c31d8525a020c815f9d51dcb1c2,b6de5899ef419c2be611fab48868833a32c6481f701a0eaf65525513b46754b2,7319e125278a62d9a9f9fad72f66df45ebb3fa8f553ff36ddf3a173e09eeebc2,d3c6f170eb2a6fce3f43e80d7ab094e5c06bc8a276505aa957d651920aeab0a2,2026-09-23T00:00:00+00:00,2026-09-24T00:00:00+00:00,B1,unavailable,,unknown,,,unknown,insufficient_evidence,,,proxy_complete,proxy_complete_no_claim,proxy_insufficient,scale_incompatible
a8f46a3a034a8b53a8fb9c1cb5e7ae537dd11e94391e8acc853ce014c7c89ddb,phase4e_shadow_v1,2026-09-24,2026-09-24T19:02:39.570881+00:00,github-36045280392-1,80634446-9faf-4de8-bfa1-81ab2c7a0461,DVLT,USD,5,2026-09-23,0.1500000059604644,eligible,,phase4_confidence_research_v1,e5a1072ba3754f9a7e6d60fde5003b579f6a2f73c41b846532159559ad84eb77,c062e4ff2369a9c96f9a36410a4af8397add8c31d8525a020c815f9d51dcb1c2,b6de5899ef419c2be611fab48868833a32c6481f701a0eaf65525513b46754b2,7319e125278a62d9a9f9fad72f66df45ebb3fa8f553ff36ddf3a173e09eeebc2,d3c6f170eb2a6fce3f43e80d7ab094e5c06bc8a276505aa957d651920aeab0a2,2026-09-23T00:00:00+00:00,2026-09-24T00:00:00+00:00,B1,directional_only,negative,unknown,,,elevated,risk_only,,,proxy_complete,proxy_complete_no_claim,proxy_complete,scale_incompatible
dca8e68d8cd0e0ddfba91448d67edf4f45aff322c735ae0f68093ccc28d16ca3,phase4e_shadow_v1,2026-09-24,2026-09-24T19:02:39.570881+00:00,github-36045280392-1,80634446-9faf-4de8-bfa1-81ab2c7a0461,DVLT,USD,20,2026-09-23,0.1500000059604644,eligible,,phase4_confidence_research_v1,e5a1072ba3754f9a7e6d60fde5003b579f6a2f73c41b846532159559ad84eb77,c062e4ff2369a9c96f9a36410a4af8397add8c31d8525a020c815f9d51dcb1c2,b6de5899ef419c2be611fab48868833a32c6481f701a0eaf65525513b46754b2,7319e125278a62d9a9f9fad72f66df45ebb3fa8f553ff36ddf3a173e09eeebc2,d3c6f170eb2a6fce3f43e80d7ab094e5c06bc8a276505aa957d651920aeab0a2,2026-09-23T00:00:00+00:00,2026-09-24T00:00:00+00:00,B1,immature,,unknown,,,unknown,insufficient_evidence,,,proxy_complete,proxy_complete_no_claim,proxy_insufficient,scale_incompatible
7b39bef970aba55181b8c09085ad00f9335d26f401d1c19cf2eb93fb73200b2d,phase4e_shadow_v1,2026-09-24,2026-09-24T19:02:39.570881+00:00,github-36045280392-1,80634446-9faf-4de8-bfa1-81ab2c7a0461,DVLT,USD,40,2026-09-23,0.1500000059604644,eligible,,phase4_confidence_research_v1,e5a1072ba3754f9a7e6d60fde5003b579f6a2f73c41b846532159559ad84eb77,c062e4ff2369a9c96f9a36410a4af8397add8c31d8525a020c815f9d51dcb1c2,b6de5899ef419c2be611fab48868833a32c6481f701a0eaf65525513b46754b2,7319e125278a62d9a9f9fad72f66df45ebb3fa8f553ff36ddf3a173e09eeebc2,d3c6f170eb2a6fce3f43e80d7ab094e5c06bc8a276505aa957d651920aeab0a2,2026-09-23T00:00:00+00:00,2026-09-24T00:00:00+00:00,B1,unavailable,,unknown,,,unknown,insufficient_evidence,,,proxy_complete,proxy_complete_no_claim,proxy_insufficient,scale_incompatible
53a4eff2ba9e6b1e43f3da4098bc10fe713fb8fe69659305fa6aa1159fe91792,phase4e_shadow_v1,2026-09-24,2026-09-24T19:02:39.570881+00:00,github-36045280392-1,80634446-9faf-4de8-bfa1-81ab2c7a0461,DVLT,USD,60,2026-09-23,0.1500000059604644,eligible,,phase4_confidence_research_v1,e5a1072ba3754f9a7e6d60fde5003b579f6a2f73c41b846532159559ad84eb77,c062e4ff2369a9c96f9a36410a4af8397add8c31d8525a020c815f9d51dcb1c2,b6de5899ef419c2be611fab48868833a32c6481f701a0eaf65525513b46754b2,7319e125278a62d9a9f9fad72f66df45ebb3fa8f553ff36ddf3a173e09eeebc2,d3c6f170eb2a6fce3f43e80d7ab094e5c06bc8a276505aa957d651920aeab0a2,2026-09-23T00:00:00+00:00,2026-09-24T00:00:00+00:00,B1,unavailable,,unknown,,,unknown,insufficient_evidence,,,proxy_complete,proxy_complete_no_claim,proxy_insufficient,scale_incompatible
f3a18ad09a8a52c0fed73aa7b2aaa081db32d1ae2129bcb7adc673017bcdff74,phase4e_shadow_v1,2026-09-24,2026-09-24T19:02:39.570881+00:00,github-36045280392-1,80634446-9faf-4de8-bfa1-81ab2c7a0461,EDR.TO,CAD,5,2026-09-23,13.050000190734863,eligible,,phase4_confidence_research_v1,e5a1072ba3754f9a7e6d60fde5003b579f6a2f73c41b846532159559ad84eb77,c062e4ff2369a9c96f9a36410a4af8397add8c31d8525a020c815f9d51dcb1c2,b6de5899ef419c2be611fab48868833a32c6481f701a0eaf65525513b46754b2,7319e125278a62d9a9f9fad72f66df45ebb3fa8f553ff36ddf3a173e09eeebc2,d3c6f170eb2a6fce3f43e80d7ab094e5c06bc8a276505aa957d651920aeab0a2,2026-09-23T00:00:00+00:00,2026-09-24T00:00:00+00:00,B2,directional_only,negative,robust_claim,positive,trend200_d10_down & trend200_d1_down & rs3m_d1_up,middle,single_model,,positive,proxy_complete,proxy_complete,proxy_complete,scale_incompatible
361a75e655b61afa4dd17e4cf7b8d19be98dba432ddb36eca3d9a40947f5de24,phase4e_shadow_v1,2026-09-24,2026-09-24T19:02:39.570881+00:00,github-36045280392-1,80634446-9faf-4de8-bfa1-81ab2c7a0461,EDR.TO,CAD,20,2026-09-23,13.050000190734863,eligible,,phase4_confidence_research_v1,e5a1072ba3754f9a7e6d60fde5003b579f6a2f73c41b846532159559ad84eb77,c062e4ff2369a9c96f9a36410a4af8397add8c31d8525a020c815f9d51dcb1c2,b6de5899ef419c2be611fab48868833a32c6481f701a0eaf65525513b46754b2,7319e125278a62d9a9f9fad72f66df45ebb3fa8f553ff36ddf3a173e09eeebc2,d3c6f170eb2a6fce3f43e80d7ab094e5c06bc8a276505aa957d651920aeab0a2,2026-09-23T00:00:00+00:00,2026-09-24T00:00:00+00:00,B2,immature,,unknown,,,unknown,insufficient_evidence,,,proxy_complete,proxy_complete_no_claim,proxy_insufficient,scale_incompatible
a59f8fee0163f0d889ce30dcda1804b04912eff807bacf8eb27f4152503aa75a,phase4e_shadow_v1,2026-09-24,2026-09-24T19:02:39.570881+00:00,github-36045280392-1,80634446-9faf-4de8-bfa1-81ab2c7a0461,EDR.TO,CAD,40,2026-09-23,13.050000190734863,eligible,,phase4_confidence_research_v1,e5a1072ba3754f9a7e6d60fde5003b579f6a2f73c41b846532159559ad84eb77,c062e4ff2369a9c96f9a36410a4af8397add8c31d8525a020c815f9d51dcb1c2,b6de5899ef419c2be611fab48868833a32c6481f701a0eaf65525513b46754b2,7319e125278a62d9a9f9fad72f66df45ebb3fa8f553ff36ddf3a173e09eeebc2,d3c6f170eb2a6fce3f43e80d7ab094e5c06bc8a276505aa957d651920aeab0a2,2026-09-23T00:00:00+00:00,2026-09-24T00:00:00+00:00,B2,unavailable,,unknown,,,unknown,insufficient_evidence,,,proxy_complete,proxy_complete_no_claim,proxy_insufficient,scale_incompatible
13cf163d005bbfa7133c8f3fd0fb2ddb3d4f5aa4524709013a11ca5c9852242a,phase4e_shadow_v1,2026-09-24,2026-09-24T19:02:39.570881+00:00,github-36045280392-1,80634446-9faf-4de8-bfa1-81ab2c7a0461,EDR.TO,CAD,60,2026-09-23,13.050000190734863,eligible,,phase4_confidence_research_v1,e5a1072ba3754f9a7e6d60fde5003b579f6a2f73c41b846532159559ad84eb77,c062e4ff2369a9c96f9a36410a4af8397add8c31d8525a020c815f9d51dcb1c2,b6de5899ef419c2be611fab48868833a32c6481f701a0eaf65525513b46754b2,7319e125278a62d9a9f9fad72f66df45ebb3fa8f553ff36ddf3a173e09eeebc2,d3c6f170eb2a6fce3f43e80d7ab094e5c06bc8a276505aa957d651920aeab0a2,2026-09-23T00:00:00+00:00,2026-09-24T00:00:00+00:00,B2,unavailable,,unknown,,,unknown,insufficient_evidence,,,proxy_complete,proxy_complete_no_claim,proxy_insufficient,scale_incompatible
7cd298149dec49f5d13f484861f21d4a74cb00c7413dbf2bd964c1e5f8bbf482,phase4e_shadow_v1,2026-09-24,2026-09-24T19:02:39.570881+00:00,github-36045280392-1,80634446-9faf-4de8-bfa1-81ab2c7a0461,ENR.DE,EUR,5,2026-09-23,144.5399932861328,eligible,,phase4_confidence_research_v1,e5a1072ba3754f9a7e6d60fde5003b579f6a2f73c41b846532159559ad84eb77,c062e4ff2369a9c96f9a36410a4af8397add8c31d8525a020c815f9d51dcb1c2,b6de5899ef419c2be611fab48868833a32c6481f701a0eaf65525513b46754b2,7319e125278a62d9a9f9fad72f66df45ebb3fa8f553ff36ddf3a173e09eeebc2,d3c6f170eb2a6fce3f43e80d7ab094e5c06bc8a276505aa957d651920aeab0a2,2026-09-23T00:00:00+00:00,2026-09-24T00:00:00+00:00,B1,directional_only,negative,unknown,,,middle,insufficient_evidence,,,proxy_complete,proxy_complete_no_claim,proxy_complete,scale_incompatible
e3ca646870e7f041b5786a45cab8ec28c050c0874ba6b3f253ca7e42ba0bad78,phase4e_shadow_v1,2026-09-24,2026-09-24T19:02:39.570881+00:00,github-36045280392-1,80634446-9faf-4de8-bfa1-81ab2c7a0461,ENR.DE,EUR,20,2026-09-23,144.5399932861328,eligible,,phase4_confidence_research_v1,e5a1072ba3754f9a7e6d60fde5003b579f6a2f73c41b846532159559ad84eb77,c062e4ff2369a9c96f9a36410a4af8397add8c31d8525a020c815f9d51dcb1c2,b6de5899ef419c2be611fab48868833a32c6481f701a0eaf65525513b46754b2,7319e125278a62d9a9f9fad72f66df45ebb3fa8f553ff36ddf3a173e09eeebc2,d3c6f170eb2a6fce3f43e80d7ab094e5c06bc8a276505aa957d651920aeab0a2,2026-09-23T00:00:00+00:00,2026-09-24T00:00:00+00:00,B1,immature,,unknown,,,unknown,insufficient_evidence,,,proxy_complete,proxy_complete_no_claim,proxy_insufficient,scale_incompatible
56d4f6d39cfe1a9d949300429617647816c40dc2fede82dfe2626e8bc3d04e74,phase4e_shadow_v1,2026-09-24,2026-09-24T19:02:39.570881+00:00,github-36045280392-1,80634446-9faf-4de8-bfa1-81ab2c7a0461,ENR.DE,EUR,40,2026-09-23,144.5399932861328,eligible,,phase4_confidence_research_v1,e5a1072ba3754f9a7e6d60fde5003b579f6a2f73c41b846532159559ad84eb77,c062e4ff2369a9c96f9a36410a4af8397add8c31d8525a020c815f9d51dcb1c2,b6de5899ef419c2be611fab48868833a32c6481f701a0eaf65525513b46754b2,7319e125278a62d9a9f9fad72f66df45ebb3fa8f553ff36ddf3a173e09eeebc2,d3c6f170eb2a6fce3f43e80d7ab094e5c06bc8a276505aa957d651920aeab0a2,2026-09-23T00:00:00+00:00,2026-09-24T00:00:00+00:00,B1,unavailable,,unknown,,,unknown,insufficient_evidence,,,proxy_complete,proxy_complete_no_claim,proxy_insufficient,scale_incompatible
fffe42ac443c835aab4d7d3d50d04f9b766578a1a2a763bdfb6c3ced993ace49,phase4e_shadow_v1,2026-09-24,2026-09-24T19:02:39.570881+00:00,github-36045280392-1,80634446-9faf-4de8-bfa1-81ab2c7a0461,ENR.DE,EUR,60,2026-09-23,144.5399932861328,eligible,,phase4_confidence_research_v1,e5a1072ba3754f9a7e6d60fde5003b579f6a2f73c41b846532159559ad84eb77,c062e4ff2369a9c96f9a36410a4af8397add8c31d8525a020c815f9d51dcb1c2,b6de5899ef419c2be611fab48868833a32c6481f701a0eaf65525513b46754b2,7319e125278a62d9a9f9fad72f66df45ebb3fa8f553ff36ddf3a173e09eeebc2,d3c6f170eb2a6fce3f43e80d7ab094e5c06bc8a276505aa957d651920aeab0a2,2026-09-23T00:00:00+00:00,2026-09-24T00:00:00+00:00,B1,unavailable,,unknown,,,unknown,insufficient_evidence,,,proxy_complete,proxy_complete_no_claim,proxy_insufficient,scale_incompatible
64697c342e8eb760853949e3356a3acb6b4b7a7549c6b34b422bb2d9230c757f,phase4e_shadow_v1,2026-09-24,2026-09-24T19:02:39.570881+00:00,github-36045280392-1,80634446-9faf-4de8-bfa1-81ab2c7a0461,ENSG,USD,5,2026-09-23,175.4600067138672,eligible,,phase4_confidence_research_v1,e5a1072ba3754f9a7e6d60fde5003b579f6a2f73c41b846532159559ad84eb77,c062e4ff2369a9c96f9a36410a4af8397add8c31d8525a020c815f9d51dcb1c2,b6de5899ef419c2be611fab48868833a32c6481f701a0eaf65525513b46754b2,7319e125278a62d9a9f9fad72f66df45ebb3fa8f553ff36ddf3a173e09eeebc2,d3c6f170eb2a6fce3f43e80d7ab094e5c06bc8a276505aa957d651920aeab0a2,2026-09-23T00:00:00+00:00,2026-09-24T00:00:00+00:00,B3,robust,positive,unknown,,,middle,single_model,,positive,proxy_complete,proxy_complete_no_claim,proxy_complete,scale_incompatible
d6c080ff40ad109caa1bd330834d61d80b1ca409dc927a5e333468f28055e1c0,phase4e_shadow_v1,2026-09-24,2026-09-24T19:02:39.570881+00:00,github-36045280392-1,80634446-9faf-4de8-bfa1-81ab2c7a0461,ENSG,USD,20,2026-09-23,175.4600067138672,eligible,,phase4_confidence_research_v1,e5a1072ba3754f9a7e6d60fde5003b579f6a2f73c41b846532159559ad84eb77,c062e4ff2369a9c96f9a36410a4af8397add8c31d8525a020c815f9d51dcb1c2,b6de5899ef419c2be611fab48868833a32c6481f701a0eaf65525513b46754b2,7319e125278a62d9a9f9fad72f66df45ebb3fa8f553ff36ddf3a173e09eeebc2,d3c6f170eb2a6fce3f43e80d7ab094e5c06bc8a276505aa957d651920aeab0a2,2026-09-23T00:00:00+00:00,2026-09-24T00:00:00+00:00,B3,immature,,unknown,,,unknown,insufficient_evidence,,,proxy_complete,proxy_complete_no_claim,proxy_insufficient,scale_incompatible
8018f401e7d906f829eee86d8c56ac82a5ef3b8ddbc9a105ca9e21fdd1e593e5,phase4e_shadow_v1,2026-09-24,2026-09-24T19:02:39.570881+00:00,github-36045280392-1,80634446-9faf-4de8-bfa1-81ab2c7a0461,ENSG,USD,40,2026-09-23,175.4600067138672,eligible,,phase4_confidence_research_v1,e5a1072ba3754f9a7e6d60fde5003b579f6a2f73c41b846532159559ad84eb77,c062e4ff2369a9c96f9a36410a4af8397add8c31d8525a020c815f9d51dcb1c2,b6de5899ef419c2be611fab48868833a32c6481f701a0eaf65525513b46754b2,7319e125278a62d9a9f9fad72f66df45ebb3fa8f553ff36ddf3a173e09eeebc2,d3c6f170eb2a6fce3f43e80d7ab094e5c06bc8a276505aa957d651920aeab0a2,2026-09-23T00:00:00+00:00,2026-09-24T00:00:00+00:00,B3,unavailable,,unknown,,,unknown,insufficient_evidence,,,proxy_complete,proxy_complete_no_claim,proxy_insufficient,scale_incompatible
8d62cf13a07ae8c9218505df9cb49dfcc0d15c53ba8aac7f1312e75915d58c62,phase4e_shadow_v1,2026-09-24,2026-09-24T19:02:39.570881+00:00,github-36045280392-1,80634446-9faf-4de8-bfa1-81ab2c7a0461,ENSG,USD,60,2026-09-23,175.4600067138672,eligible,,phase4_confidence_research_v1,e5a1072ba3754f9a7e6d60fde5003b579f6a2f73c41b846532159559ad84eb77,c062e4ff2369a9c96f9a36410a4af8397add8c31d8525a020c815f9d51dcb1c2,b6de5899ef419c2be611fab48868833a32c6481f701a0eaf65525513b46754b2,7319e125278a62d9a9f9fad72f66df45ebb3fa8f553ff36ddf3a173e09eeebc2,d3c6f170eb2a6fce3f43e80d7ab094e5c06bc8a276505aa957d651920aeab0a2,2026-09-23T00:00:00+00:00,2026-09-24T00:00:00+00:00,B3,unavailable,,unknown,,,unknown,insufficient_evidence,,,proxy_complete,proxy_complete_no_claim,proxy_insufficient,scale_incompatible
b256d3a5a6b0bfe16523bff88cdd4e423894da9ecd33f048090d79b4c678998e,phase4e_shadow_v1,2026-09-24,2026-09-24T19:02:39.570881+00:00,github-36045280392-1,80634446-9faf-4de8-bfa1-81ab2c7a0461,EQX.TO,CAD,5,2026-09-23,17.010000228881836,eligible,,phase4_confidence_research_v1,e5a1072ba3754f9a7e6d60fde5003b579f6a2f73c41b846532159559ad84eb77,c062e4ff2369a9c96f9a36410a4af8397add8c31d8525a020c815f9d51dcb1c2,b6de5899ef419c2be611fab48868833a32c6481f701a0eaf65525513b46754b2,7319e125278a62d9a9f9fad72f66df45ebb3fa8f553ff36ddf3a173e09eeebc2,d3c6f170eb2a6fce3f43e80d7ab094e5c06bc8a276505aa957d651920aeab0a2,2026-09-23T00:00:00+00:00,2026-09-24T00:00:00+00:00,B3,robust,positive,robust_claim,positive,trend200_d10_down & trend200_d1_down & rs3m_d1_up,middle,compatible,,positive,proxy_complete,proxy_complete,proxy_complete,scale_incompatible
8ef3194f72d5e5357aa0eed676a5efb90d5dfc5c6f65494e350cf9b189d73ab1,phase4e_shadow_v1,2026-09-24,2026-09-24T19:02:39.570881+00:00,github-36045280392-1,80634446-9faf-4de8-bfa1-81ab2c7a0461,EQX.TO,CAD,20,2026-09-23,17.010000228881836,eligible,,phase4_confidence_research_v1,e5a1072ba3754f9a7e6d60fde5003b579f6a2f73c41b846532159559ad84eb77,c062e4ff2369a9c96f9a36410a4af8397add8c31d8525a020c815f9d51dcb1c2,b6de5899ef419c2be611fab48868833a32c6481f701a0eaf65525513b46754b2,7319e125278a62d9a9f9fad72f66df45ebb3fa8f553ff36ddf3a173e09eeebc2,d3c6f170eb2a6fce3f43e80d7ab094e5c06bc8a276505aa957d651920aeab0a2,2026-09-23T00:00:00+00:00,2026-09-24T00:00:00+00:00,B3,immature,,unknown,,,unknown,insufficient_evidence,,,proxy_complete,proxy_complete_no_claim,proxy_insufficient,scale_incompatible
9f0b5586de39cfa171a4d732ca8865e8e7bcf2ec81c1eb8eb72451653b68d0df,phase4e_shadow_v1,2026-09-24,2026-09-24T19:02:39.570881+00:00,github-36045280392-1,80634446-9faf-4de8-bfa1-81ab2c7a0461,EQX.TO,CAD,40,2026-09-23,17.010000228881836,eligible,,phase4_confidence_research_v1,e5a1072ba3754f9a7e6d60fde5003b579f6a2f73c41b846532159559ad84eb77,c062e4ff2369a9c96f9a36410a4af8397add8c31d8525a020c815f9d51dcb1c2,b6de5899ef419c2be611fab48868833a32c6481f701a0eaf65525513b46754b2,7319e125278a62d9a9f9fad72f66df45ebb3fa8f553ff36ddf3a173e09eeebc2,d3c6f170eb2a6fce3f43e80d7ab094e5c06bc8a276505aa957d651920aeab0a2,2026-09-23T00:00:00+00:00,2026-09-24T00:00:00+00:00,B3,unavailable,,unknown,,,unknown,insufficient_evidence,,,proxy_complete,proxy_complete_no_claim,proxy_insufficient,scale_incompatible
c1dc2ae30cb2b0fed6aaa18fc8a32212b37fc3cfd604425827fb5914353fd2c9,phase4e_shadow_v1,2026-09-24,2026-09-24T19:02:39.570881+00:00,github-36045280392-1,80634446-9faf-4de8-bfa1-81ab2c7a0461,EQX.TO,CAD,60,2026-09-23,17.010000228881836,eligible,,phase4_confidence_research_v1,e5a1072ba3754f9a7e6d60fde5003b579f6a2f73c41b846532159559ad84eb77,c062e4ff2369a9c96f9a36410a4af8397add8c31d8525a020c815f9d51dcb1c2,b6de5899ef419c2be611fab48868833a32c6481f701a0eaf65525513b46754b2,7319e125278a62d9a9f9fad72f66df45ebb3fa8f553ff36ddf3a173e09eeebc2,d3c6f170eb2a6fce3f43e80d7ab094e5c06bc8a276505aa957d651920aeab0a2,2026-09-23T00:00:00+00:00,2026-09-24T00:00:00+00:00,B3,unavailable,,unknown,,,unknown,insufficient_evidence,,,proxy_complete,proxy_complete_no_claim,proxy_insufficient,scale_incompatible
bbf8137c7804fcf8092a94f70fb259176229f1516c8a6843c1ea4ec7701044fe,phase4e_shadow_v1,2026-09-24,2026-09-24T19:02:39.570881+00:00,github-36045280392-1,80634446-9faf-4de8-bfa1-81ab2c7a0461,ETN,USD,5,2026-09-23,438.760009765625,eligible,,phase4_confidence_research_v1,e5a1072ba3754f9a7e6d60fde5003b579f6a2f73c41b846532159559ad84eb77,c062e4ff2369a9c96f9a36410a4af8397add8c31d8525a020c815f9d51dcb1c2,b6de5899ef419c2be611fab48868833a32c6481f701a0eaf65525513b46754b2,7319e125278a62d9a9f9fad72f66df45ebb3fa8f553ff36ddf3a173e09eeebc2,d3c6f170eb2a6fce3f43e80d7ab094e5c06bc8a276505aa957d651920aeab0a2,2026-09-23T00:00:00+00:00,2026-09-24T00:00:00+00:00,B3,robust,positive,unknown,,,low,single_model,,positive,proxy_complete,proxy_complete_no_claim,proxy_complete,scale_incompatible
d97ac345612bd36315e103ef4c94c299fff1957c40df1c89eb8f5822babfbebd,phase4e_shadow_v1,2026-09-24,2026-09-24T19:02:39.570881+00:00,github-36045280392-1,80634446-9faf-4de8-bfa1-81ab2c7a0461,ETN,USD,20,2026-09-23,438.760009765625,eligible,,phase4_confidence_research_v1,e5a1072ba3754f9a7e6d60fde5003b579f6a2f73c41b846532159559ad84eb77,c062e4ff2369a9c96f9a36410a4af8397add8c31d8525a020c815f9d51dcb1c2,b6de5899ef419c2be611fab48868833a32c6481f701a0eaf65525513b46754b2,7319e125278a62d9a9f9fad72f66df45ebb3fa8f553ff36ddf3a173e09eeebc2,d3c6f170eb2a6fce3f43e80d7ab094e5c06bc8a276505aa957d651920aeab0a2,2026-09-23T00:00:00+00:00,2026-09-24T00:00:00+00:00,B3,immature,,unknown,,,unknown,insufficient_evidence,,,proxy_complete,proxy_complete_no_claim,proxy_insufficient,scale_incompatible
67df2627dda3184461e0d962ad6dff161b44cdf3d7628e070c35ceb79199bc65,phase4e_shadow_v1,2026-09-24,2026-09-24T19:02:39.570881+00:00,github-36045280392-1,80634446-9faf-4de8-bfa1-81ab2c7a0461,ETN,USD,40,2026-09-23,438.760009765625,eligible,,phase4_confidence_research_v1,e5a1072ba3754f9a7e6d60fde5003b579f6a2f73c41b846532159559ad84eb77,c062e4ff2369a9c96f9a36410a4af8397add8c31d8525a020c815f9d51dcb1c2,b6de5899ef419c2be611fab48868833a32c6481f701a0eaf65525513b46754b2,7319e125278a62d9a9f9fad72f66df45ebb3fa8f553ff36ddf3a173e09eeebc2,d3c6f170eb2a6fce3f43e80d7ab094e5c06bc8a276505aa957d651920aeab0a2,2026-09-23T00:00:00+00:00,2026-09-24T00:00:00+00:00,B3,unavailable,,unknown,,,unknown,insufficient_evidence,,,proxy_complete,proxy_complete_no_claim,proxy_insufficient,scale_incompatible
4bce2a0eb781209eecea50a97df96b4b7fa6853b7afdf259a361078cef686bf9,phase4e_shadow_v1,2026-09-24,2026-09-24T19:02:39.570881+00:00,github-36045280392-1,80634446-9faf-4de8-bfa1-81ab2c7a0461,ETN,USD,60,2026-09-23,438.760009765625,eligible,,phase4_confidence_research_v1,e5a1072ba3754f9a7e6d60fde5003b579f6a2f73c41b846532159559ad84eb77,c062e4ff2369a9c96f9a36410a4af8397add8c31d8525a020c815f9d51dcb1c2,b6de5899ef419c2be611fab48868833a32c6481f701a0eaf65525513b46754b2,7319e125278a62d9a9f9fad72f66df45ebb3fa8f553ff36ddf3a173e09eeebc2,d3c6f170eb2a6fce3f43e80d7ab094e5c06bc8a276505aa957d651920aeab0a2,2026-09-23T00:00:00+00:00,2026-09-24T00:00:00+00:00,B3,unavailable,,unknown,,,unknown,insufficient_evidence,,,proxy_complete,proxy_complete_no_claim,proxy_insufficient,scale_incompatible
7979d4b36f591a8b6ac0bf16f137dd500df7fb6e959212332793a0da3fbc8803,phase4e_shadow_v1,2026-09-24,2026-09-24T19:02:39.570881+00:00,github-36045280392-1,80634446-9faf-4de8-bfa1-81ab2c7a0461,FANUY,USD,5,2026-09-23,18.76000022888184,eligible,,phase4_confidence_research_v1,e5a1072ba3754f9a7e6d60fde5003b579f6a2f73c41b846532159559ad84eb77,c062e4ff2369a9c96f9a36410a4af8397add8c31d8525a020c815f9d51dcb1c2,b6de5899ef419c2be611fab48868833a32c6481f701a0eaf65525513b46754b2,7319e125278a62d9a9f9fad72f66df45ebb3fa8f553ff36ddf3a173e09eeebc2,d3c6f170eb2a6fce3f43e80d7ab094e5c06bc8a276505aa957d651920aeab0a2,2026-09-23T00:00:00+00:00,2026-09-24T00:00:00+00:00,B3,robust,positive,unknown,,,middle,single_model,,positive,proxy_complete,proxy_complete_no_claim,proxy_complete,scale_incompatible
88cc6fdb3159ac2a266e51c3121a446b3a9f6d17ed2f3dfbfc607bfc45400190,phase4e_shadow_v1,2026-09-24,2026-09-24T19:02:39.570881+00:00,github-36045280392-1,80634446-9faf-4de8-bfa1-81ab2c7a0461,FANUY,USD,20,2026-09-23,18.76000022888184,eligible,,phase4_confidence_research_v1,e5a1072ba3754f9a7e6d60fde5003b579f6a2f73c41b846532159559ad84eb77,c062e4ff2369a9c96f9a36410a4af8397add8c31d8525a020c815f9d51dcb1c2,b6de5899ef419c2be611fab48868833a32c6481f701a0eaf65525513b46754b2,7319e125278a62d9a9f9fad72f66df45ebb3fa8f553ff36ddf3a173e09eeebc2,d3c6f170eb2a6fce3f43e80d7ab094e5c06bc8a276505aa957d651920aeab0a2,2026-09-23T00:00:00+00:00,2026-09-24T00:00:00+00:00,B3,immature,,unknown,,,unknown,insufficient_evidence,,,proxy_complete,proxy_complete_no_claim,proxy_insufficient,scale_incompatible
a578d3432e65b3f4aa7fe18318c47eff62ba9aa8fc387a687f77751171fbfc2b,phase4e_shadow_v1,2026-09-24,2026-09-24T19:02:39.570881+00:00,github-36045280392-1,80634446-9faf-4de8-bfa1-81ab2c7a0461,FANUY,USD,40,2026-09-23,18.76000022888184,eligible,,phase4_confidence_research_v1,e5a1072ba3754f9a7e6d60fde5003b579f6a2f73c41b846532159559ad84eb77,c062e4ff2369a9c96f9a36410a4af8397add8c31d8525a020c815f9d51dcb1c2,b6de5899ef419c2be611fab48868833a32c6481f701a0eaf65525513b46754b2,7319e125278a62d9a9f9fad72f66df45ebb3fa8f553ff36ddf3a173e09eeebc2,d3c6f170eb2a6fce3f43e80d7ab094e5c06bc8a276505aa957d651920aeab0a2,2026-09-23T00:00:00+00:00,2026-09-24T00:00:00+00:00,B3,unavailable,,unknown,,,unknown,insufficient_evidence,,,proxy_complete,proxy_complete_no_claim,proxy_insufficient,scale_incompatible
9058c872844a681be4fabe22e5e1d81a8a6878bd0db8ea9142acced3f9e8dedf,phase4e_shadow_v1,2026-09-24,2026-09-24T19:02:39.570881+00:00,github-36045280392-1,80634446-9faf-4de8-bfa1-81ab2c7a0461,FANUY,USD,60,2026-09-23,18.76000022888184,eligible,,phase4_confidence_research_v1,e5a1072ba3754f9a7e6d60fde5003b579f6a2f73c41b846532159559ad84eb77,c062e4ff2369a9c96f9a36410a4af8397add8c31d8525a020c815f9d51dcb1c2,b6de5899ef419c2be611fab48868833a32c6481f701a0eaf65525513b46754b2,7319e125278a62d9a9f9fad72f66df45ebb3fa8f553ff36ddf3a173e09eeebc2,d3c6f170eb2a6fce3f43e80d7ab094e5c06bc8a276505aa957d651920aeab0a2,2026-09-23T00:00:00+00:00,2026-09-24T00:00:00+00:00,B3,unavailable,,unknown,,,unknown,insufficient_evidence,,,proxy_complete,proxy_complete_no_claim,proxy_insufficient,scale_incompatible
f9453d8f620b050f405181d9229d0c0c8cb0a3f582c0a9434ba7bedb069323ca,phase4e_shadow_v1,2026-09-24,2026-09-24T19:02:39.570881+00:00,github-36045280392-1,80634446-9faf-4de8-bfa1-81ab2c7a0461,FCX,USD,5,2026-09-23,72.58000183105469,eligible,,phase4_confidence_research_v1,e5a1072ba3754f9a7e6d60fde5003b579f6a2f73c41b846532159559ad84eb77,c062e4ff2369a9c96f9a36410a4af8397add8c31d8525a020c815f9d51dcb1c2,b6de5899ef419c2be611fab48868833a32c6481f701a0eaf65525513b46754b2,7319e125278a62d9a9f9fad72f66df45ebb3fa8f553ff36ddf3a173e09eeebc2,d3c6f170eb2a6fce3f43e80d7ab094e5c06bc8a276505aa957d651920aeab0a2,2026-09-23T00:00:00+00:00,2026-09-24T00:00:00+00:00,B3,robust,positive,unknown,,,middle,single_model,,positive,proxy_complete,proxy_complete_no_claim,proxy_complete,scale_incompatible
7946e556cc523f8990937d4cba0e2094c6163913789ae40e0cf9261b64be87e2,phase4e_shadow_v1,2026-09-24,2026-09-24T19:02:39.570881+00:00,github-36045280392-1,80634446-9faf-4de8-bfa1-81ab2c7a0461,FCX,USD,20,2026-09-23,72.58000183105469,eligible,,phase4_confidence_research_v1,e5a1072ba3754f9a7e6d60fde5003b579f6a2f73c41b846532159559ad84eb77,c062e4ff2369a9c96f9a36410a4af8397add8c31d8525a020c815f9d51dcb1c2,b6de5899ef419c2be611fab48868833a32c6481f701a0eaf65525513b46754b2,7319e125278a62d9a9f9fad72f66df45ebb3fa8f553ff36ddf3a173e09eeebc2,d3c6f170eb2a6fce3f43e80d7ab094e5c06bc8a276505aa957d651920aeab0a2,2026-09-23T00:00:00+00:00,2026-09-24T00:00:00+00:00,B3,immature,,unknown,,,unknown,insufficient_evidence,,,proxy_complete,proxy_complete_no_claim,proxy_insufficient,scale_incompatible
2fdef64258575040865f83c5007b89313844a358c0474b9220865805f5e415b3,phase4e_shadow_v1,2026-09-24,2026-09-24T19:02:39.570881+00:00,github-36045280392-1,80634446-9faf-4de8-bfa1-81ab2c7a0461,FCX,USD,40,2026-09-23,72.58000183105469,eligible,,phase4_confidence_research_v1,e5a1072ba3754f9a7e6d60fde5003b579f6a2f73c41b846532159559ad84eb77,c062e4ff2369a9c96f9a36410a4af8397add8c31d8525a020c815f9d51dcb1c2,b6de5899ef419c2be611fab48868833a32c6481f701a0eaf65525513b46754b2,7319e125278a62d9a9f9fad72f66df45ebb3fa8f553ff36ddf3a173e09eeebc2,d3c6f170eb2a6fce3f43e80d7ab094e5c06bc8a276505aa957d651920aeab0a2,2026-09-23T00:00:00+00:00,2026-09-24T00:00:00+00:00,B3,unavailable,,unknown,,,unknown,insufficient_evidence,,,proxy_complete,proxy_complete_no_claim,proxy_insufficient,scale_incompatible
9141aeb8a826f4e13f84291584bee58f3efee944431f90aaa62b0d09eed90c2a,phase4e_shadow_v1,2026-09-24,2026-09-24T19:02:39.570881+00:00,github-36045280392-1,80634446-9faf-4de8-bfa1-81ab2c7a0461,FCX,USD,60,2026-09-23,72.58000183105469,eligible,,phase4_confidence_research_v1,e5a1072ba3754f9a7e6d60fde5003b579f6a2f73c41b846532159559ad84eb77,c062e4ff2369a9c96f9a36410a4af8397add8c31d8525a020c815f9d51dcb1c2,b6de5899ef419c2be611fab48868833a32c6481f701a0eaf65525513b46754b2,7319e125278a62d9a9f9fad72f66df45ebb3fa8f553ff36ddf3a173e09eeebc2,d3c6f170eb2a6fce3f43e80d7ab094e5c06bc8a276505aa957d651920aeab0a2,2026-09-23T00:00:00+00:00,2026-09-24T00:00:00+00:00,B3,unavailable,,unknown,,,unknown,insufficient_evidence,,,proxy_complete,proxy_complete_no_claim,proxy_insufficient,scale_incompatible
cf76f0ed1d498550ea01a321fe04955d905d25ba89440a0fdbcce2e1de77b08a,phase4e_shadow_v1,2026-09-24,2026-09-24T19:02:39.570881+00:00,github-36045280392-1,80634446-9faf-4de8-bfa1-81ab2c7a0461,FIGR,USD,5,2026-09-23,34.65999984741211,eligible,,phase4_confidence_research_v1,e5a1072ba3754f9a7e6d60fde5003b579f6a2f73c41b846532159559ad84eb77,c062e4ff2369a9c96f9a36410a4af8397add8c31d8525a020c815f9d51dcb1c2,b6de5899ef419c2be611fab48868833a32c6481f701a0eaf65525513b46754b2,7319e125278a62d9a9f9fad72f66df45ebb3fa8f553ff36ddf3a173e09eeebc2,d3c6f170eb2a6fce3f43e80d7ab094e5c06bc8a276505aa957d651920aeab0a2,2026-09-23T00:00:00+00:00,2026-09-24T00:00:00+00:00,B2,directional_only,negative,unknown,,,elevated,risk_only,,,proxy_complete,proxy_complete_no_claim,proxy_complete,scale_incompatible
0ebc861a572cbdf3c370e8c168db3266a808506ed37134d0878ce7cede42fe97,phase4e_shadow_v1,2026-09-24,2026-09-24T19:02:39.570881+00:00,github-36045280392-1,80634446-9faf-4de8-bfa1-81ab2c7a0461,FIGR,USD,20,2026-09-23,34.65999984741211,eligible,,phase4_confidence_research_v1,e5a1072ba3754f9a7e6d60fde5003b579f6a2f73c41b846532159559ad84eb77,c062e4ff2369a9c96f9a36410a4af8397add8c31d8525a020c815f9d51dcb1c2,b6de5899ef419c2be611fab48868833a32c6481f701a0eaf65525513b46754b2,7319e125278a62d9a9f9fad72f66df45ebb3fa8f553ff36ddf3a173e09eeebc2,d3c6f170eb2a6fce3f43e80d7ab094e5c06bc8a276505aa957d651920aeab0a2,2026-09-23T00:00:00+00:00,2026-09-24T00:00:00+00:00,B2,immature,,unknown,,,unknown,insufficient_evidence,,,proxy_complete,proxy_complete_no_claim,proxy_insufficient,scale_incompatible
2cf4e686be04a952bd0f1ff6413feaea63046a5c63c5136950c9b68e8c16a997,phase4e_shadow_v1,2026-09-24,2026-09-24T19:02:39.570881+00:00,github-36045280392-1,80634446-9faf-4de8-bfa1-81ab2c7a0461,FIGR,USD,40,2026-09-23,34.65999984741211,eligible,,phase4_confidence_research_v1,e5a1072ba3754f9a7e6d60fde5003b579f6a2f73c41b846532159559ad84eb77,c062e4ff2369a9c96f9a36410a4af8397add8c31d8525a020c815f9d51dcb1c2,b6de5899ef419c2be611fab48868833a32c6481f701a0eaf65525513b46754b2,7319e125278a62d9a9f9fad72f66df45ebb3fa8f553ff36ddf3a173e09eeebc2,d3c6f170eb2a6fce3f43e80d7ab094e5c06bc8a276505aa957d651920aeab0a2,2026-09-23T00:00:00+00:00,2026-09-24T00:00:00+00:00,B2,unavailable,,unknown,,,unknown,insufficient_evidence,,,proxy_complete,proxy_complete_no_claim,proxy_insufficient,scale_incompatible
b0808bcecc034830396e3cacb62c0c9c7992d41a6a216f76fb703bb5b24f2ed0,phase4e_shadow_v1,2026-09-24,2026-09-24T19:02:39.570881+00:00,github-36045280392-1,80634446-9faf-4de8-bfa1-81ab2c7a0461,FIGR,USD,60,2026-09-23,34.65999984741211,eligible,,phase4_confidence_research_v1,e5a1072ba3754f9a7e6d60fde5003b579f6a2f73c41b846532159559ad84eb77,c062e4ff2369a9c96f9a36410a4af8397add8c31d8525a020c815f9d51dcb1c2,b6de5899ef419c2be611fab48868833a32c6481f701a0eaf65525513b46754b2,7319e125278a62d9a9f9fad72f66df45ebb3fa8f553ff36ddf3a173e09eeebc2,d3c6f170eb2a6fce3f43e80d7ab094e5c06bc8a276505aa957d651920aeab0a2,2026-09-23T00:00:00+00:00,2026-09-24T00:00:00+00:00,B2,unavailable,,unknown,,,unknown,insufficient_evidence,,,proxy_complete,proxy_complete_no_claim,proxy_insufficient,scale_incompatible
3ef1048c2c19cffbc15c3d046775a3a9c87297660e225e0965124a70d04a7a65,phase4e_shadow_v1,2026-09-24,2026-09-24T19:02:39.570881+00:00,github-36045280392-1,80634446-9faf-4de8-bfa1-81ab2c7a0461,FISV,USD,5,2026-09-23,45.95000076293945,eligible,,phase4_confidence_research_v1,e5a1072ba3754f9a7e6d60fde5003b579f6a2f73c41b846532159559ad84eb77,c062e4ff2369a9c96f9a36410a4af8397add8c31d8525a020c815f9d51dcb1c2,b6de5899ef419c2be611fab48868833a32c6481f701a0eaf65525513b46754b2,7319e125278a62d9a9f9fad72f66df45ebb3fa8f553ff36ddf3a173e09eeebc2,d3c6f170eb2a6fce3f43e80d7ab094e5c06bc8a276505aa957d651920aeab0a2,2026-09-23T00:00:00+00:00,2026-09-24T00:00:00+00:00,B2,directional_only,negative,unknown,,,elevated,risk_only,,,proxy_complete,proxy_partial_no_claim,proxy_complete,scale_incompatible
c6a66c27a3f8b1f84d0762bd63a43186fa140c2094813ea3d1b5c7634f016fd3,phase4e_shadow_v1,2026-09-24,2026-09-24T19:02:39.570881+00:00,github-36045280392-1,80634446-9faf-4de8-bfa1-81ab2c7a0461,FISV,USD,20,2026-09-23,45.95000076293945,eligible,,phase4_confidence_research_v1,e5a1072ba3754f9a7e6d60fde5003b579f6a2f73c41b846532159559ad84eb77,c062e4ff2369a9c96f9a36410a4af8397add8c31d8525a020c815f9d51dcb1c2,b6de5899ef419c2be611fab48868833a32c6481f701a0eaf65525513b46754b2,7319e125278a62d9a9f9fad72f66df45ebb3fa8f553ff36ddf3a173e09eeebc2,d3c6f170eb2a6fce3f43e80d7ab094e5c06bc8a276505aa957d651920aeab0a2,2026-09-23T00:00:00+00:00,2026-09-24T00:00:00+00:00,B2,immature,,unknown,,,unknown,insufficient_evidence,,,proxy_complete,proxy_complete_no_claim,proxy_insufficient,scale_incompatible
542ec67a508a98a1142dbb7466d8b93c88e14c7ce19ed3db37b942f64bf9c7ad,phase4e_shadow_v1,2026-09-24,2026-09-24T19:02:39.570881+00:00,github-36045280392-1,80634446-9faf-4de8-bfa1-81ab2c7a0461,FISV,USD,40,2026-09-23,45.95000076293945,eligible,,phase4_confidence_research_v1,e5a1072ba3754f9a7e6d60fde5003b579f6a2f73c41b846532159559ad84eb77,c062e4ff2369a9c96f9a36410a4af8397add8c31d8525a020c815f9d51dcb1c2,b6de5899ef419c2be611fab48868833a32c6481f701a0eaf65525513b46754b2,7319e125278a62d9a9f9fad72f66df45ebb3fa8f553ff36ddf3a173e09eeebc2,d3c6f170eb2a6fce3f43e80d7ab094e5c06bc8a276505aa957d651920aeab0a2,2026-09-23T00:00:00+00:00,2026-09-24T00:00:00+00:00,B2,unavailable,,unknown,,,unknown,insufficient_evidence,,,proxy_complete,proxy_complete_no_claim,proxy_insufficient,scale_incompatible
95e5cd431448036e7fa6d249ac22fbc5a8e8201c4b5986a46499a00c10c7438b,phase4e_shadow_v1,2026-09-24,2026-09-24T19:02:39.570881+00:00,github-36045280392-1,80634446-9faf-4de8-bfa1-81ab2c7a0461,FISV,USD,60,2026-09-23,45.95000076293945,eligible,,phase4_confidence_research_v1,e5a1072ba3754f9a7e6d60fde5003b579f6a2f73c41b846532159559ad84eb77,c062e4ff2369a9c96f9a36410a4af8397add8c31d8525a020c815f9d51dcb1c2,b6de5899ef419c2be611fab48868833a32c6481f701a0eaf65525513b46754b2,7319e125278a62d9a9f9fad72f66df45ebb3fa8f553ff36ddf3a173e09eeebc2,d3c6f170eb2a6fce3f43e80d7ab094e5c06bc8a276505aa957d651920aeab0a2,2026-09-23T00:00:00+00:00,2026-09-24T00:00:00+00:00,B2,unavailable,,unknown,,,unknown,insufficient_evidence,,,proxy_complete,proxy_complete_no_claim,proxy_insufficient,scale_incompatible
cba3b1f36e0adbffb695cd16aae57a72e42cec3d1e6811bd61a41370889b384f,phase4e_shadow_v1,2026-09-24,2026-09-24T19:02:39.570881+00:00,github-36045280392-1,80634446-9faf-4de8-bfa1-81ab2c7a0461,FLNC,USD,5,2026-09-23,7.579999923706055,eligible,,phase4_confidence_research_v1,e5a1072ba3754f9a7e6d60fde5003b579f6a2f73c41b846532159559ad84eb77,c062e4ff2369a9c96f9a36410a4af8397add8c31d8525a020c815f9d51dcb1c2,b6de5899ef419c2be611fab48868833a32c6481f701a0eaf65525513b46754b2,7319e125278a62d9a9f9fad72f66df45ebb3fa8f553ff36ddf3a173e09eeebc2,d3c6f170eb2a6fce3f43e80d7ab094e5c06bc8a276505aa957d651920aeab0a2,2026-09-23T00:00:00+00:00,2026-09-24T00:00:00+00:00,B1,directional_only,negative,unknown,,,elevated,risk_only,,,proxy_complete,proxy_complete_no_claim,proxy_complete,scale_incompatible
bcf5aae1057da4bf7a8b11c12286087c9aa5dae7a589d162f5c8834a3f1929f9,phase4e_shadow_v1,2026-09-24,2026-09-24T19:02:39.570881+00:00,github-36045280392-1,80634446-9faf-4de8-bfa1-81ab2c7a0461,FLNC,USD,20,2026-09-23,7.579999923706055,eligible,,phase4_confidence_research_v1,e5a1072ba3754f9a7e6d60fde5003b579f6a2f73c41b846532159559ad84eb77,c062e4ff2369a9c96f9a36410a4af8397add8c31d8525a020c815f9d51dcb1c2,b6de5899ef419c2be611fab48868833a32c6481f701a0eaf65525513b46754b2,7319e125278a62d9a9f9fad72f66df45ebb3fa8f553ff36ddf3a173e09eeebc2,d3c6f170eb2a6fce3f43e80d7ab094e5c06bc8a276505aa957d651920aeab0a2,2026-09-23T00:00:00+00:00,2026-09-24T00:00:00+00:00,B1,immature,,unknown,,,unknown,insufficient_evidence,,,proxy_complete,proxy_complete_no_claim,proxy_insufficient,scale_incompatible
e3f396693654e2f91551ea36ab3c1f840f3de3247b540e453b5bab840d797579,phase4e_shadow_v1,2026-09-24,2026-09-24T19:02:39.570881+00:00,github-36045280392-1,80634446-9faf-4de8-bfa1-81ab2c7a0461,FLNC,USD,40,2026-09-23,7.579999923706055,eligible,,phase4_confidence_research_v1,e5a1072ba3754f9a7e6d60fde5003b579f6a2f73c41b846532159559ad84eb77,c062e4ff2369a9c96f9a36410a4af8397add8c31d8525a020c815f9d51dcb1c2,b6de5899ef419c2be611fab48868833a32c6481f701a0eaf65525513b46754b2,7319e125278a62d9a9f9fad72f66df45ebb3fa8f553ff36ddf3a173e09eeebc2,d3c6f170eb2a6fce3f43e80d7ab094e5c06bc8a276505aa957d651920aeab0a2,2026-09-23T00:00:00+00:00,2026-09-24T00:00:00+00:00,B1,unavailable,,unknown,,,unknown,insufficient_evidence,,,proxy_complete,proxy_complete_no_claim,proxy_insufficient,scale_incompatible
9aca5122d073501824d0787fe9d470981d832ae9bba7e8504fbf91bea035ed73,phase4e_shadow_v1,2026-09-24,2026-09-24T19:02:39.570881+00:00,github-36045280392-1,80634446-9faf-4de8-bfa1-81ab2c7a0461,FLNC,USD,60,2026-09-23,7.579999923706055,eligible,,phase4_confidence_research_v1,e5a1072ba3754f9a7e6d60fde5003b579f6a2f73c41b846532159559ad84eb77,c062e4ff2369a9c96f9a36410a4af8397add8c31d8525a020c815f9d51dcb1c2,b6de5899ef419c2be611fab48868833a32c6481f701a0eaf65525513b46754b2,7319e125278a62d9a9f9fad72f66df45ebb3fa8f553ff36ddf3a173e09eeebc2,d3c6f170eb2a6fce3f43e80d7ab094e5c06bc8a276505aa957d651920aeab0a2,2026-09-23T00:00:00+00:00,2026-09-24T00:00:00+00:00,B1,unavailable,,unknown,,,unknown,insufficient_evidence,,,proxy_complete,proxy_complete_no_claim,proxy_insufficient,scale_incompatible
347437aeae22c5124b6e8538b8daf7e238307c229afd002273245d259054a11b,phase4e_shadow_v1,2026-09-24,2026-09-24T19:02:39.570881+00:00,github-36045280392-1,80634446-9faf-4de8-bfa1-81ab2c7a0461,FME.DE,EUR,5,2026-09-23,39.59999847412109,eligible,,phase4_confidence_research_v1,e5a1072ba3754f9a7e6d60fde5003b579f6a2f73c41b846532159559ad84eb77,c062e4ff2369a9c96f9a36410a4af8397add8c31d8525a020c815f9d51dcb1c2,b6de5899ef419c2be611fab48868833a32c6481f701a0eaf65525513b46754b2,7319e125278a62d9a9f9fad72f66df45ebb3fa8f553ff36ddf3a173e09eeebc2,d3c6f170eb2a6fce3f43e80d7ab094e5c06bc8a276505aa957d651920aeab0a2,2026-09-23T00:00:00+00:00,2026-09-24T00:00:00+00:00,B2,directional_only,negative,robust_claim,positive,trend200_d10_down & trend200_d1_down & rs3m_d1_up,middle,single_model,,positive,proxy_complete,proxy_complete,proxy_complete,scale_incompatible
b51a627cf601c09529d10439db9f9649f050b7599a9ffc2b87d355de4b5dffa0,phase4e_shadow_v1,2026-09-24,2026-09-24T19:02:39.570881+00:00,github-36045280392-1,80634446-9faf-4de8-bfa1-81ab2c7a0461,FME.DE,EUR,20,2026-09-23,39.59999847412109,eligible,,phase4_confidence_research_v1,e5a1072ba3754f9a7e6d60fde5003b579f6a2f73c41b846532159559ad84eb77,c062e4ff2369a9c96f9a36410a4af8397add8c31d8525a020c815f9d51dcb1c2,b6de5899ef419c2be611fab48868833a32c6481f701a0eaf65525513b46754b2,7319e125278a62d9a9f9fad72f66df45ebb3fa8f553ff36ddf3a173e09eeebc2,d3c6f170eb2a6fce3f43e80d7ab094e5c06bc8a276505aa957d651920aeab0a2,2026-09-23T00:00:00+00:00,2026-09-24T00:00:00+00:00,B2,immature,,unknown,,,unknown,insufficient_evidence,,,proxy_complete,proxy_complete_no_claim,proxy_insufficient,scale_incompatible
767836ce57069968d549e3c033aa4da3ab071913668fe6873ed5cf8fd9ec97ce,phase4e_shadow_v1,2026-09-24,2026-09-24T19:02:39.570881+00:00,github-36045280392-1,80634446-9faf-4de8-bfa1-81ab2c7a0461,FME.DE,EUR,40,2026-09-23,39.59999847412109,eligible,,phase4_confidence_research_v1,e5a1072ba3754f9a7e6d60fde5003b579f6a2f73c41b846532159559ad84eb77,c062e4ff2369a9c96f9a36410a4af8397add8c31d8525a020c815f9d51dcb1c2,b6de5899ef419c2be611fab48868833a32c6481f701a0eaf65525513b46754b2,7319e125278a62d9a9f9fad72f66df45ebb3fa8f553ff36ddf3a173e09eeebc2,d3c6f170eb2a6fce3f43e80d7ab094e5c06bc8a276505aa957d651920aeab0a2,2026-09-23T00:00:00+00:00,2026-09-24T00:00:00+00:00,B2,unavailable,,unknown,,,unknown,insufficient_evidence,,,proxy_complete,proxy_complete_no_claim,proxy_insufficient,scale_incompatible
8a7e3fdcd855938c71d14868052f2b62089f6d847975cf973106529d7db49a1f,phase4e_shadow_v1,2026-09-24,2026-09-24T19:02:39.570881+00:00,github-36045280392-1,80634446-9faf-4de8-bfa1-81ab2c7a0461,FME.DE,EUR,60,2026-09-23,39.59999847412109,eligible,,phase4_confidence_research_v1,e5a1072ba3754f9a7e6d60fde5003b579f6a2f73c41b846532159559ad84eb77,c062e4ff2369a9c96f9a36410a4af8397add8c31d8525a020c815f9d51dcb1c2,b6de5899ef419c2be611fab48868833a32c6481f701a0eaf65525513b46754b2,7319e125278a62d9a9f9fad72f66df45ebb3fa8f553ff36ddf3a173e09eeebc2,d3c6f170eb2a6fce3f43e80d7ab094e5c06bc8a276505aa957d651920aeab0a2,2026-09-23T00:00:00+00:00,2026-09-24T00:00:00+00:00,B2,unavailable,,unknown,,,unknown,insufficient_evidence,,,proxy_complete,proxy_complete_no_claim,proxy_insufficient,scale_incompatible
57d55f2fe6381d3d4be44f774137788bcd2b3979c93863069494dea63edeccac,phase4e_shadow_v1,2026-09-24,2026-09-24T19:02:39.570881+00:00,github-36045280392-1,80634446-9faf-4de8-bfa1-81ab2c7a0461,FRES.L,GBP,5,2026-09-23,2889.0,eligible,,phase4_confidence_research_v1,e5a1072ba3754f9a7e6d60fde5003b579f6a2f73c41b846532159559ad84eb77,c062e4ff2369a9c96f9a36410a4af8397add8c31d8525a020c815f9d51dcb1c2,b6de5899ef419c2be611fab48868833a32c6481f701a0eaf65525513b46754b2,7319e125278a62d9a9f9fad72f66df45ebb3fa8f553ff36ddf3a173e09eeebc2,d3c6f170eb2a6fce3f43e80d7ab094e5c06bc8a276505aa957d651920aeab0a2,2026-09-23T00:00:00+00:00,2026-09-24T00:00:00+00:00,B5,robust,positive,unknown,,,middle,single_model,,positive,proxy_complete,proxy_complete_no_claim,proxy_complete,scale_incompatible
802293f3ad0c24a518413a106686c3b815e8430cb8359f19656575594f1b0cc1,phase4e_shadow_v1,2026-09-24,2026-09-24T19:02:39.570881+00:00,github-36045280392-1,80634446-9faf-4de8-bfa1-81ab2c7a0461,FRES.L,GBP,20,2026-09-23,2889.0,eligible,,phase4_confidence_research_v1,e5a1072ba3754f9a7e6d60fde5003b579f6a2f73c41b846532159559ad84eb77,c062e4ff2369a9c96f9a36410a4af8397add8c31d8525a020c815f9d51dcb1c2,b6de5899ef419c2be611fab48868833a32c6481f701a0eaf65525513b46754b2,7319e125278a62d9a9f9fad72f66df45ebb3fa8f553ff36ddf3a173e09eeebc2,d3c6f170eb2a6fce3f43e80d7ab094e5c06bc8a276505aa957d651920aeab0a2,2026-09-23T00:00:00+00:00,2026-09-24T00:00:00+00:00,B5,immature,,unknown,,,unknown,insufficient_evidence,,,proxy_complete,proxy_complete_no_claim,proxy_insufficient,scale_incompatible
de98636f125873b966e7d26842d6dfee34d3ed00b52d7fb032de8feaca1e4d1a,phase4e_shadow_v1,2026-09-24,2026-09-24T19:02:39.570881+00:00,github-36045280392-1,80634446-9faf-4de8-bfa1-81ab2c7a0461,FRES.L,GBP,40,2026-09-23,2889.0,eligible,,phase4_confidence_research_v1,e5a1072ba3754f9a7e6d60fde5003b579f6a2f73c41b846532159559ad84eb77,c062e4ff2369a9c96f9a36410a4af8397add8c31d8525a020c815f9d51dcb1c2,b6de5899ef419c2be611fab48868833a32c6481f701a0eaf65525513b46754b2,7319e125278a62d9a9f9fad72f66df45ebb3fa8f553ff36ddf3a173e09eeebc2,d3c6f170eb2a6fce3f43e80d7ab094e5c06bc8a276505aa957d651920aeab0a2,2026-09-23T00:00:00+00:00,2026-09-24T00:00:00+00:00,B5,unavailable,,unknown,,,unknown,insufficient_evidence,,,proxy_complete,proxy_complete_no_claim,proxy_insufficient,scale_incompatible
031bddf18c360ccbaab41be3ad7b1dda6dc6a56d8a4e68b21e9976afd22caec2,phase4e_shadow_v1,2026-09-24,2026-09-24T19:02:39.570881+00:00,github-36045280392-1,80634446-9faf-4de8-bfa1-81ab2c7a0461,FRES.L,GBP,60,2026-09-23,2889.0,eligible,,phase4_confidence_research_v1,e5a1072ba3754f9a7e6d60fde5003b579f6a2f73c41b846532159559ad84eb77,c062e4ff2369a9c96f9a36410a4af8397add8c31d8525a020c815f9d51dcb1c2,b6de5899ef419c2be611fab48868833a32c6481f701a0eaf65525513b46754b2,7319e125278a62d9a9f9fad72f66df45ebb3fa8f553ff36ddf3a173e09eeebc2,d3c6f170eb2a6fce3f43e80d7ab094e5c06bc8a276505aa957d651920aeab0a2,2026-09-23T00:00:00+00:00,2026-09-24T00:00:00+00:00,B5,unavailable,,unknown,,,unknown,insufficient_evidence,,,proxy_complete,proxy_complete_no_claim,proxy_insufficient,scale_incompatible
5f730469f9947ab789dcfd592d48fcc8a942e9eb4b37d49e2d5158432edb2865,phase4e_shadow_v1,2026-09-24,2026-09-24T19:02:39.570881+00:00,github-36045280392-1,80634446-9faf-4de8-bfa1-81ab2c7a0461,FSLR,USD,5,2026-09-23,191.97000122070312,eligible,,phase4_confidence_research_v1,e5a1072ba3754f9a7e6d60fde5003b579f6a2f73c41b846532159559ad84eb77,c062e4ff2369a9c96f9a36410a4af8397add8c31d8525a020c815f9d51dcb1c2,b6de5899ef419c2be611fab48868833a32c6481f701a0eaf65525513b46754b2,7319e125278a62d9a9f9fad72f66df45ebb3fa8f553ff36ddf3a173e09eeebc2,d3c6f170eb2a6fce3f43e80d7ab094e5c06bc8a276505aa957d651920aeab0a2,2026-09-23T00:00:00+00:00,2026-09-24T00:00:00+00:00,B3,robust,positive,unknown,,,middle,single_model,,positive,proxy_complete,proxy_complete_no_claim,proxy_complete,scale_incompatible
be895f0d20b3d4a32bc1cab9fc486085c1bc6ba04e75cc8941633219424a972f,phase4e_shadow_v1,2026-09-24,2026-09-24T19:02:39.570881+00:00,github-36045280392-1,80634446-9faf-4de8-bfa1-81ab2c7a0461,FSLR,USD,20,2026-09-23,191.97000122070312,eligible,,phase4_confidence_research_v1,e5a1072ba3754f9a7e6d60fde5003b579f6a2f73c41b846532159559ad84eb77,c062e4ff2369a9c96f9a36410a4af8397add8c31d8525a020c815f9d51dcb1c2,b6de5899ef419c2be611fab48868833a32c6481f701a0eaf65525513b46754b2,7319e125278a62d9a9f9fad72f66df45ebb3fa8f553ff36ddf3a173e09eeebc2,d3c6f170eb2a6fce3f43e80d7ab094e5c06bc8a276505aa957d651920aeab0a2,2026-09-23T00:00:00+00:00,2026-09-24T00:00:00+00:00,B3,immature,,unknown,,,unknown,insufficient_evidence,,,proxy_complete,proxy_complete_no_claim,proxy_insufficient,scale_incompatible
de7fc492e4e6e76628f32a59184fb1adcb12bb038c5fa9f57071b818a1162dc0,phase4e_shadow_v1,2026-09-24,2026-09-24T19:02:39.570881+00:00,github-36045280392-1,80634446-9faf-4de8-bfa1-81ab2c7a0461,FSLR,USD,40,2026-09-23,191.97000122070312,eligible,,phase4_confidence_research_v1,e5a1072ba3754f9a7e6d60fde5003b579f6a2f73c41b846532159559ad84eb77,c062e4ff2369a9c96f9a36410a4af8397add8c31d8525a020c815f9d51dcb1c2,b6de5899ef419c2be611fab48868833a32c6481f701a0eaf65525513b46754b2,7319e125278a62d9a9f9fad72f66df45ebb3fa8f553ff36ddf3a173e09eeebc2,d3c6f170eb2a6fce3f43e80d7ab094e5c06bc8a276505aa957d651920aeab0a2,2026-09-23T00:00:00+00:00,2026-09-24T00:00:00+00:00,B3,unavailable,,unknown,,,unknown,insufficient_evidence,,,proxy_complete,proxy_complete_no_claim,proxy_insufficient,scale_incompatible
e58dd999eafefdd9ddb2efec77956623eaf0f35af9e8a36a788928b25c8d1b47,phase4e_shadow_v1,2026-09-24,2026-09-24T19:02:39.570881+00:00,github-36045280392-1,80634446-9faf-4de8-bfa1-81ab2c7a0461,FSLR,USD,60,2026-09-23,191.97000122070312,eligible,,phase4_confidence_research_v1,e5a1072ba3754f9a7e6d60fde5003b579f6a2f73c41b846532159559ad84eb77,c062e4ff2369a9c96f9a36410a4af8397add8c31d8525a020c815f9d51dcb1c2,b6de5899ef419c2be611fab48868833a32c6481f701a0eaf65525513b46754b2,7319e125278a62d9a9f9fad72f66df45ebb3fa8f553ff36ddf3a173e09eeebc2,d3c6f170eb2a6fce3f43e80d7ab094e5c06bc8a276505aa957d651920aeab0a2,2026-09-23T00:00:00+00:00,2026-09-24T00:00:00+00:00,B3,unavailable,,unknown,,,unknown,insufficient_evidence,,,proxy_complete,proxy_complete_no_claim,proxy_insufficient,scale_incompatible
9e0a42cd355132fc1245865a82d7ae0d0e3e24c828458804088863e1ac888af9,phase4e_shadow_v1,2026-09-24,2026-09-24T19:02:39.570881+00:00,github-36045280392-1,80634446-9faf-4de8-bfa1-81ab2c7a0461,GMED,USD,5,2026-09-23,73.95999908447266,eligible,,phase4_confidence_research_v1,e5a1072ba3754f9a7e6d60fde5003b579f6a2f73c41b846532159559ad84eb77,c062e4ff2369a9c96f9a36410a4af8397add8c31d8525a020c815f9d51dcb1c2,b6de5899ef419c2be611fab48868833a32c6481f701a0eaf65525513b46754b2,7319e125278a62d9a9f9fad72f66df45ebb3fa8f553ff36ddf3a173e09eeebc2,d3c6f170eb2a6fce3f43e80d7ab094e5c06bc8a276505aa957d651920aeab0a2,2026-09-23T00:00:00+00:00,2026-09-24T00:00:00+00:00,B3,robust,positive,unknown,,,middle,single_model,,positive,proxy_complete,proxy_complete_no_claim,proxy_complete,scale_incompatible
1bc87252c365ccb7e55e83ce6442b040eb84b494f9a378dcdcf96535204ca072,phase4e_shadow_v1,2026-09-24,2026-09-24T19:02:39.570881+00:00,github-36045280392-1,80634446-9faf-4de8-bfa1-81ab2c7a0461,GMED,USD,20,2026-09-23,73.95999908447266,eligible,,phase4_confidence_research_v1,e5a1072ba3754f9a7e6d60fde5003b579f6a2f73c41b846532159559ad84eb77,c062e4ff2369a9c96f9a36410a4af8397add8c31d8525a020c815f9d51dcb1c2,b6de5899ef419c2be611fab48868833a32c6481f701a0eaf65525513b46754b2,7319e125278a62d9a9f9fad72f66df45ebb3fa8f553ff36ddf3a173e09eeebc2,d3c6f170eb2a6fce3f43e80d7ab094e5c06bc8a276505aa957d651920aeab0a2,2026-09-23T00:00:00+00:00,2026-09-24T00:00:00+00:00,B3,immature,,unknown,,,unknown,insufficient_evidence,,,proxy_complete,proxy_complete_no_claim,proxy_insufficient,scale_incompatible
aaf55289919d87b1386bea30a616d7703b9a39962460ba6fa255196d1275971b,phase4e_shadow_v1,2026-09-24,2026-09-24T19:02:39.570881+00:00,github-36045280392-1,80634446-9faf-4de8-bfa1-81ab2c7a0461,GMED,USD,40,2026-09-23,73.95999908447266,eligible,,phase4_confidence_research_v1,e5a1072ba3754f9a7e6d60fde5003b579f6a2f73c41b846532159559ad84eb77,c062e4ff2369a9c96f9a36410a4af8397add8c31d8525a020c815f9d51dcb1c2,b6de5899ef419c2be611fab48868833a32c6481f701a0eaf65525513b46754b2,7319e125278a62d9a9f9fad72f66df45ebb3fa8f553ff36ddf3a173e09eeebc2,d3c6f170eb2a6fce3f43e80d7ab094e5c06bc8a276505aa957d651920aeab0a2,2026-09-23T00:00:00+00:00,2026-09-24T00:00:00+00:00,B3,unavailable,,unknown,,,unknown,insufficient_evidence,,,proxy_complete,proxy_complete_no_claim,proxy_insufficient,scale_incompatible
9552eeca81bed595a7a68878f9b4e8e192d703f2912b4ad53ac165d5757caac3,phase4e_shadow_v1,2026-09-24,2026-09-24T19:02:39.570881+00:00,github-36045280392-1,80634446-9faf-4de8-bfa1-81ab2c7a0461,GMED,USD,60,2026-09-23,73.95999908447266,eligible,,phase4_confidence_research_v1,e5a1072ba3754f9a7e6d60fde5003b579f6a2f73c41b846532159559ad84eb77,c062e4ff2369a9c96f9a36410a4af8397add8c31d8525a020c815f9d51dcb1c2,b6de5899ef419c2be611fab48868833a32c6481f701a0eaf65525513b46754b2,7319e125278a62d9a9f9fad72f66df45ebb3fa8f553ff36ddf3a173e09eeebc2,d3c6f170eb2a6fce3f43e80d7ab094e5c06bc8a276505aa957d651920aeab0a2,2026-09-23T00:00:00+00:00,2026-09-24T00:00:00+00:00,B3,unavailable,,unknown,,,unknown,insufficient_evidence,,,proxy_complete,proxy_complete_no_claim,proxy_insufficient,scale_incompatible
557991dfda1d69a1ef30247d38d1ed52347ce348668dbd9f978e9dc1c8ad6d2d,phase4e_shadow_v1,2026-09-24,2026-09-24T19:02:39.570881+00:00,github-36045280392-1,80634446-9faf-4de8-bfa1-81ab2c7a0461,GOOGL,USD,5,2026-09-23,337.8299865722656,eligible,,phase4_confidence_research_v1,e5a1072ba3754f9a7e6d60fde5003b579f6a2f73c41b846532159559ad84eb77,c062e4ff2369a9c96f9a36410a4af8397add8c31d8525a020c815f9d51dcb1c2,b6de5899ef419c2be611fab48868833a32c6481f701a0eaf65525513b46754b2,7319e125278a62d9a9f9fad72f66df45ebb3fa8f553ff36ddf3a173e09eeebc2,d3c6f170eb2a6fce3f43e80d7ab094e5c06bc8a276505aa957d651920aeab0a2,2026-09-23T00:00:00+00:00,2026-09-24T00:00:00+00:00,B5,robust,positive,unknown,,,low,single_model,,positive,proxy_complete,proxy_complete_no_claim,proxy_complete,scale_incompatible
8febf45de87908b0db4eab8a42677be0b5c2ff16f09c93038b2d609c6a7a9f69,phase4e_shadow_v1,2026-09-24,2026-09-24T19:02:39.570881+00:00,github-36045280392-1,80634446-9faf-4de8-bfa1-81ab2c7a0461,GOOGL,USD,20,2026-09-23,337.8299865722656,eligible,,phase4_confidence_research_v1,e5a1072ba3754f9a7e6d60fde5003b579f6a2f73c41b846532159559ad84eb77,c062e4ff2369a9c96f9a36410a4af8397add8c31d8525a020c815f9d51dcb1c2,b6de5899ef419c2be611fab48868833a32c6481f701a0eaf65525513b46754b2,7319e125278a62d9a9f9fad72f66df45ebb3fa8f553ff36ddf3a173e09eeebc2,d3c6f170eb2a6fce3f43e80d7ab094e5c06bc8a276505aa957d651920aeab0a2,2026-09-23T00:00:00+00:00,2026-09-24T00:00:00+00:00,B5,immature,,unknown,,,unknown,insufficient_evidence,,,proxy_complete,proxy_complete_no_claim,proxy_insufficient,scale_incompatible
fcc8b6176d5291dcd8b94e90158bac497319834c1da073358cb0e1a1d9ad0af0,phase4e_shadow_v1,2026-09-24,2026-09-24T19:02:39.570881+00:00,github-36045280392-1,80634446-9faf-4de8-bfa1-81ab2c7a0461,GOOGL,USD,40,2026-09-23,337.8299865722656,eligible,,phase4_confidence_research_v1,e5a1072ba3754f9a7e6d60fde5003b579f6a2f73c41b846532159559ad84eb77,c062e4ff2369a9c96f9a36410a4af8397add8c31d8525a020c815f9d51dcb1c2,b6de5899ef419c2be611fab48868833a32c6481f701a0eaf65525513b46754b2,7319e125278a62d9a9f9fad72f66df45ebb3fa8f553ff36ddf3a173e09eeebc2,d3c6f170eb2a6fce3f43e80d7ab094e5c06bc8a276505aa957d651920aeab0a2,2026-09-23T00:00:00+00:00,2026-09-24T00:00:00+00:00,B5,unavailable,,unknown,,,unknown,insufficient_evidence,,,proxy_complete,proxy_complete_no_claim,proxy_insufficient,scale_incompatible
1295e5d4da24c754cdce02908d5a83c6b61cc3bc481fd27babd4f82598db8dfa,phase4e_shadow_v1,2026-09-24,2026-09-24T19:02:39.570881+00:00,github-36045280392-1,80634446-9faf-4de8-bfa1-81ab2c7a0461,GOOGL,USD,60,2026-09-23,337.8299865722656,eligible,,phase4_confidence_research_v1,e5a1072ba3754f9a7e6d60fde5003b579f6a2f73c41b846532159559ad84eb77,c062e4ff2369a9c96f9a36410a4af8397add8c31d8525a020c815f9d51dcb1c2,b6de5899ef419c2be611fab48868833a32c6481f701a0eaf65525513b46754b2,7319e125278a62d9a9f9fad72f66df45ebb3fa8f553ff36ddf3a173e09eeebc2,d3c6f170eb2a6fce3f43e80d7ab094e5c06bc8a276505aa957d651920aeab0a2,2026-09-23T00:00:00+00:00,2026-09-24T00:00:00+00:00,B5,unavailable,,unknown,,,unknown,insufficient_evidence,,,proxy_complete,proxy_complete_no_claim,proxy_insufficient,scale_incompatible
7ac84a1c2f9c5c65a8c26320236914177f94017bdb56403b72bf9c79ef02df51,phase4e_shadow_v1,2026-09-24,2026-09-24T19:02:39.570881+00:00,github-36045280392-1,80634446-9faf-4de8-bfa1-81ab2c7a0461,GOT.V,CAD,5,2026-09-23,1.7300000190734863,eligible,,phase4_confidence_research_v1,e5a1072ba3754f9a7e6d60fde5003b579f6a2f73c41b846532159559ad84eb77,c062e4ff2369a9c96f9a36410a4af8397add8c31d8525a020c815f9d51dcb1c2,b6de5899ef419c2be611fab48868833a32c6481f701a0eaf65525513b46754b2,7319e125278a62d9a9f9fad72f66df45ebb3fa8f553ff36ddf3a173e09eeebc2,d3c6f170eb2a6fce3f43e80d7ab094e5c06bc8a276505aa957d651920aeab0a2,2026-09-23T00:00:00+00:00,2026-09-24T00:00:00+00:00,B1,directional_only,negative,unknown,,,elevated,risk_only,,,proxy_complete,proxy_complete_no_claim,proxy_complete,scale_incompatible
4903cebabaebc32ad4c0b3f63a96b4cab5c8bf4e93edaef3333f495077532eca,phase4e_shadow_v1,2026-09-24,2026-09-24T19:02:39.570881+00:00,github-36045280392-1,80634446-9faf-4de8-bfa1-81ab2c7a0461,GOT.V,CAD,20,2026-09-23,1.7300000190734863,eligible,,phase4_confidence_research_v1,e5a1072ba3754f9a7e6d60fde5003b579f6a2f73c41b846532159559ad84eb77,c062e4ff2369a9c96f9a36410a4af8397add8c31d8525a020c815f9d51dcb1c2,b6de5899ef419c2be611fab48868833a32c6481f701a0eaf65525513b46754b2,7319e125278a62d9a9f9fad72f66df45ebb3fa8f553ff36ddf3a173e09eeebc2,d3c6f170eb2a6fce3f43e80d7ab094e5c06bc8a276505aa957d651920aeab0a2,2026-09-23T00:00:00+00:00,2026-09-24T00:00:00+00:00,B1,immature,,unknown,,,unknown,insufficient_evidence,,,proxy_complete,proxy_complete_no_claim,proxy_insufficient,scale_incompatible
4aed73da34b225a0b48550671989264c5b9b2a4ffa13e031e2045f1db6cd4072,phase4e_shadow_v1,2026-09-24,2026-09-24T19:02:39.570881+00:00,github-36045280392-1,80634446-9faf-4de8-bfa1-81ab2c7a0461,GOT.V,CAD,40,2026-09-23,1.7300000190734863,eligible,,phase4_confidence_research_v1,e5a1072ba3754f9a7e6d60fde5003b579f6a2f73c41b846532159559ad84eb77,c062e4ff2369a9c96f9a36410a4af8397add8c31d8525a020c815f9d51dcb1c2,b6de5899ef419c2be611fab48868833a32c6481f701a0eaf65525513b46754b2,7319e125278a62d9a9f9fad72f66df45ebb3fa8f553ff36ddf3a173e09eeebc2,d3c6f170eb2a6fce3f43e80d7ab094e5c06bc8a276505aa957d651920aeab0a2,2026-09-23T00:00:00+00:00,2026-09-24T00:00:00+00:00,B1,unavailable,,unknown,,,unknown,insufficient_evidence,,,proxy_complete,proxy_complete_no_claim,proxy_insufficient,scale_incompatible
fb1904d654cfcb2c5c76e30b00a6c811f5c325491546cdee62be3f3f086e6c97,phase4e_shadow_v1,2026-09-24,2026-09-24T19:02:39.570881+00:00,github-36045280392-1,80634446-9faf-4de8-bfa1-81ab2c7a0461,GOT.V,CAD,60,2026-09-23,1.7300000190734863,eligible,,phase4_confidence_research_v1,e5a1072ba3754f9a7e6d60fde5003b579f6a2f73c41b846532159559ad84eb77,c062e4ff2369a9c96f9a36410a4af8397add8c31d8525a020c815f9d51dcb1c2,b6de5899ef419c2be611fab48868833a32c6481f701a0eaf65525513b46754b2,7319e125278a62d9a9f9fad72f66df45ebb3fa8f553ff36ddf3a173e09eeebc2,d3c6f170eb2a6fce3f43e80d7ab094e5c06bc8a276505aa957d651920aeab0a2,2026-09-23T00:00:00+00:00,2026-09-24T00:00:00+00:00,B1,unavailable,,unknown,,,unknown,insufficient_evidence,,,proxy_complete,proxy_complete_no_claim,proxy_insufficient,scale_incompatible
cbb64d968cd7fdc55fa85667885964709f57352187a80aa822b863d384966ba6,phase4e_shadow_v1,2026-09-24,2026-09-24T19:02:39.570881+00:00,github-36045280392-1,80634446-9faf-4de8-bfa1-81ab2c7a0461,GRAB,USD,5,2026-09-23,3.200000047683716,eligible,,phase4_confidence_research_v1,e5a1072ba3754f9a7e6d60fde5003b579f6a2f73c41b846532159559ad84eb77,c062e4ff2369a9c96f9a36410a4af8397add8c31d8525a020c815f9d51dcb1c2,b6de5899ef419c2be611fab48868833a32c6481f701a0eaf65525513b46754b2,7319e125278a62d9a9f9fad72f66df45ebb3fa8f553ff36ddf3a173e09eeebc2,d3c6f170eb2a6fce3f43e80d7ab094e5c06bc8a276505aa957d651920aeab0a2,2026-09-23T00:00:00+00:00,2026-09-24T00:00:00+00:00,B2,directional_only,negative,unknown,,,elevated,risk_only,,,proxy_complete,proxy_complete_no_claim,proxy_complete,scale_incompatible
3be10d615467028e43e37cf262e7da4acfa345022330d4c8870f60cf68c4312c,phase4e_shadow_v1,2026-09-24,2026-09-24T19:02:39.570881+00:00,github-36045280392-1,80634446-9faf-4de8-bfa1-81ab2c7a0461,GRAB,USD,20,2026-09-23,3.200000047683716,eligible,,phase4_confidence_research_v1,e5a1072ba3754f9a7e6d60fde5003b579f6a2f73c41b846532159559ad84eb77,c062e4ff2369a9c96f9a36410a4af8397add8c31d8525a020c815f9d51dcb1c2,b6de5899ef419c2be611fab48868833a32c6481f701a0eaf65525513b46754b2,7319e125278a62d9a9f9fad72f66df45ebb3fa8f553ff36ddf3a173e09eeebc2,d3c6f170eb2a6fce3f43e80d7ab094e5c06bc8a276505aa957d651920aeab0a2,2026-09-23T00:00:00+00:00,2026-09-24T00:00:00+00:00,B2,immature,,unknown,,,unknown,insufficient_evidence,,,proxy_complete,proxy_complete_no_claim,proxy_insufficient,scale_incompatible
fc260783da362c43c1df767adffba4ccd63cd29c96a1eeeb586792a78ff261da,phase4e_shadow_v1,2026-09-24,2026-09-24T19:02:39.570881+00:00,github-36045280392-1,80634446-9faf-4de8-bfa1-81ab2c7a0461,GRAB,USD,40,2026-09-23,3.200000047683716,eligible,,phase4_confidence_research_v1,e5a1072ba3754f9a7e6d60fde5003b579f6a2f73c41b846532159559ad84eb77,c062e4ff2369a9c96f9a36410a4af8397add8c31d8525a020c815f9d51dcb1c2,b6de5899ef419c2be611fab48868833a32c6481f701a0eaf65525513b46754b2,7319e125278a62d9a9f9fad72f66df45ebb3fa8f553ff36ddf3a173e09eeebc2,d3c6f170eb2a6fce3f43e80d7ab094e5c06bc8a276505aa957d651920aeab0a2,2026-09-23T00:00:00+00:00,2026-09-24T00:00:00+00:00,B2,unavailable,,unknown,,,unknown,insufficient_evidence,,,proxy_complete,proxy_complete_no_claim,proxy_insufficient,scale_incompatible
1e44eb93f7548856e368c65ab016c407c8649ed9bd5959188c0431957d7458c8,phase4e_shadow_v1,2026-09-24,2026-09-24T19:02:39.570881+00:00,github-36045280392-1,80634446-9faf-4de8-bfa1-81ab2c7a0461,GRAB,USD,60,2026-09-23,3.200000047683716,eligible,,phase4_confidence_research_v1,e5a1072ba3754f9a7e6d60fde5003b579f6a2f73c41b846532159559ad84eb77,c062e4ff2369a9c96f9a36410a4af8397add8c31d8525a020c815f9d51dcb1c2,b6de5899ef419c2be611fab48868833a32c6481f701a0eaf65525513b46754b2,7319e125278a62d9a9f9fad72f66df45ebb3fa8f553ff36ddf3a173e09eeebc2,d3c6f170eb2a6fce3f43e80d7ab094e5c06bc8a276505aa957d651920aeab0a2,2026-09-23T00:00:00+00:00,2026-09-24T00:00:00+00:00,B2,unavailable,,unknown,,,unknown,insufficient_evidence,,,proxy_complete,proxy_complete_no_claim,proxy_insufficient,scale_incompatible
339cfe83e86979241a50f3fa9f1ddeba4ef9792366387ad67f34994bdab1a20c,phase4e_shadow_v1,2026-09-24,2026-09-24T19:02:39.570881+00:00,github-36045280392-1,80634446-9faf-4de8-bfa1-81ab2c7a0461,HIMS,USD,5,2026-09-23,28.38999938964844,eligible,,phase4_confidence_research_v1,e5a1072ba3754f9a7e6d60fde5003b579f6a2f73c41b846532159559ad84eb77,c062e4ff2369a9c96f9a36410a4af8397add8c31d8525a020c815f9d51dcb1c2,b6de5899ef419c2be611fab48868833a32c6481f701a0eaf65525513b46754b2,7319e125278a62d9a9f9fad72f66df45ebb3fa8f553ff36ddf3a173e09eeebc2,d3c6f170eb2a6fce3f43e80d7ab094e5c06bc8a276505aa957d651920aeab0a2,2026-09-23T00:00:00+00:00,2026-09-24T00:00:00+00:00,B2,directional_only,negative,unknown,,,elevated,risk_only,,,proxy_complete,proxy_complete_no_claim,proxy_complete,scale_incompatible
6ec87be0e7bb040ba6ae427f75a9b089d4248657b62c7f77d8a7d62874521fc5,phase4e_shadow_v1,2026-09-24,2026-09-24T19:02:39.570881+00:00,github-36045280392-1,80634446-9faf-4de8-bfa1-81ab2c7a0461,HIMS,USD,20,2026-09-23,28.38999938964844,eligible,,phase4_confidence_research_v1,e5a1072ba3754f9a7e6d60fde5003b579f6a2f73c41b846532159559ad84eb77,c062e4ff2369a9c96f9a36410a4af8397add8c31d8525a020c815f9d51dcb1c2,b6de5899ef419c2be611fab48868833a32c6481f701a0eaf65525513b46754b2,7319e125278a62d9a9f9fad72f66df45ebb3fa8f553ff36ddf3a173e09eeebc2,d3c6f170eb2a6fce3f43e80d7ab094e5c06bc8a276505aa957d651920aeab0a2,2026-09-23T00:00:00+00:00,2026-09-24T00:00:00+00:00,B2,immature,,unknown,,,unknown,insufficient_evidence,,,proxy_complete,proxy_complete_no_claim,proxy_insufficient,scale_incompatible
e9c8055b3b2ea40425efa3d21a7b963cdf5488a64247576419aebf720637e59b,phase4e_shadow_v1,2026-09-24,2026-09-24T19:02:39.570881+00:00,github-36045280392-1,80634446-9faf-4de8-bfa1-81ab2c7a0461,HIMS,USD,40,2026-09-23,28.38999938964844,eligible,,phase4_confidence_research_v1,e5a1072ba3754f9a7e6d60fde5003b579f6a2f73c41b846532159559ad84eb77,c062e4ff2369a9c96f9a36410a4af8397add8c31d8525a020c815f9d51dcb1c2,b6de5899ef419c2be611fab48868833a32c6481f701a0eaf65525513b46754b2,7319e125278a62d9a9f9fad72f66df45ebb3fa8f553ff36ddf3a173e09eeebc2,d3c6f170eb2a6fce3f43e80d7ab094e5c06bc8a276505aa957d651920aeab0a2,2026-09-23T00:00:00+00:00,2026-09-24T00:00:00+00:00,B2,unavailable,,unknown,,,unknown,insufficient_evidence,,,proxy_complete,proxy_complete_no_claim,proxy_insufficient,scale_incompatible
ae744b5583290aafa892478a4f06b7a7101f1ef12749c4b42e04dccd0ba36485,phase4e_shadow_v1,2026-09-24,2026-09-24T19:02:39.570881+00:00,github-36045280392-1,80634446-9faf-4de8-bfa1-81ab2c7a0461,HIMS,USD,60,2026-09-23,28.38999938964844,eligible,,phase4_confidence_research_v1,e5a1072ba3754f9a7e6d60fde5003b579f6a2f73c41b846532159559ad84eb77,c062e4ff2369a9c96f9a36410a4af8397add8c31d8525a020c815f9d51dcb1c2,b6de5899ef419c2be611fab48868833a32c6481f701a0eaf65525513b46754b2,7319e125278a62d9a9f9fad72f66df45ebb3fa8f553ff36ddf3a173e09eeebc2,d3c6f170eb2a6fce3f43e80d7ab094e5c06bc8a276505aa957d651920aeab0a2,2026-09-23T00:00:00+00:00,2026-09-24T00:00:00+00:00,B2,unavailable,,unknown,,,unknown,insufficient_evidence,,,proxy_complete,proxy_complete_no_claim,proxy_insufficient,scale_incompatible
bce25e953ded030ddca08bc4aff4abe8c0c5f8e871a943d1ac4977fd36a8565f,phase4e_shadow_v1,2026-09-24,2026-09-24T19:02:39.570881+00:00,github-36045280392-1,80634446-9faf-4de8-bfa1-81ab2c7a0461,HL,USD,5,2026-09-23,18.270000457763672,eligible,,phase4_confidence_research_v1,e5a1072ba3754f9a7e6d60fde5003b579f6a2f73c41b846532159559ad84eb77,c062e4ff2369a9c96f9a36410a4af8397add8c31d8525a020c815f9d51dcb1c2,b6de5899ef419c2be611fab48868833a32c6481f701a0eaf65525513b46754b2,7319e125278a62d9a9f9fad72f66df45ebb3fa8f553ff36ddf3a173e09eeebc2,d3c6f170eb2a6fce3f43e80d7ab094e5c06bc8a276505aa957d651920aeab0a2,2026-09-23T00:00:00+00:00,2026-09-24T00:00:00+00:00,B4,directional_only,negative,unknown,,,elevated,risk_only,,,proxy_complete,proxy_complete_no_claim,proxy_complete,scale_incompatible
442ce903f449c7961b0557ca4f2aed888d8e43bde1ceaba0c5e6d775b8a84baa,phase4e_shadow_v1,2026-09-24,2026-09-24T19:02:39.570881+00:00,github-36045280392-1,80634446-9faf-4de8-bfa1-81ab2c7a0461,HL,USD,20,2026-09-23,18.270000457763672,eligible,,phase4_confidence_research_v1,e5a1072ba3754f9a7e6d60fde5003b579f6a2f73c41b846532159559ad84eb77,c062e4ff2369a9c96f9a36410a4af8397add8c31d8525a020c815f9d51dcb1c2,b6de5899ef419c2be611fab48868833a32c6481f701a0eaf65525513b46754b2,7319e125278a62d9a9f9fad72f66df45ebb3fa8f553ff36ddf3a173e09eeebc2,d3c6f170eb2a6fce3f43e80d7ab094e5c06bc8a276505aa957d651920aeab0a2,2026-09-23T00:00:00+00:00,2026-09-24T00:00:00+00:00,B4,immature,,unknown,,,unknown,insufficient_evidence,,,proxy_complete,proxy_complete_no_claim,proxy_insufficient,scale_incompatible
89ab781bcfc9ca3115867fd61661fd0c9eb32ae96c9245eaac2e6c031cd4d2c5,phase4e_shadow_v1,2026-09-24,2026-09-24T19:02:39.570881+00:00,github-36045280392-1,80634446-9faf-4de8-bfa1-81ab2c7a0461,HL,USD,40,2026-09-23,18.270000457763672,eligible,,phase4_confidence_research_v1,e5a1072ba3754f9a7e6d60fde5003b579f6a2f73c41b846532159559ad84eb77,c062e4ff2369a9c96f9a36410a4af8397add8c31d8525a020c815f9d51dcb1c2,b6de5899ef419c2be611fab48868833a32c6481f701a0eaf65525513b46754b2,7319e125278a62d9a9f9fad72f66df45ebb3fa8f553ff36ddf3a173e09eeebc2,d3c6f170eb2a6fce3f43e80d7ab094e5c06bc8a276505aa957d651920aeab0a2,2026-09-23T00:00:00+00:00,2026-09-24T00:00:00+00:00,B4,unavailable,,unknown,,,unknown,insufficient_evidence,,,proxy_complete,proxy_complete_no_claim,proxy_insufficient,scale_incompatible
357c4837161eeeae1045f749aae3b25b9301955f128e1026f6e86d08e2a7e2d7,phase4e_shadow_v1,2026-09-24,2026-09-24T19:02:39.570881+00:00,github-36045280392-1,80634446-9faf-4de8-bfa1-81ab2c7a0461,HL,USD,60,2026-09-23,18.270000457763672,eligible,,phase4_confidence_research_v1,e5a1072ba3754f9a7e6d60fde5003b579f6a2f73c41b846532159559ad84eb77,c062e4ff2369a9c96f9a36410a4af8397add8c31d8525a020c815f9d51dcb1c2,b6de5899ef419c2be611fab48868833a32c6481f701a0eaf65525513b46754b2,7319e125278a62d9a9f9fad72f66df45ebb3fa8f553ff36ddf3a173e09eeebc2,d3c6f170eb2a6fce3f43e80d7ab094e5c06bc8a276505aa957d651920aeab0a2,2026-09-23T00:00:00+00:00,2026-09-24T00:00:00+00:00,B4,unavailable,,unknown,,,unknown,insufficient_evidence,,,proxy_complete,proxy_complete_no_claim,proxy_insufficient,scale_incompatible
3d126f279d3d73544810464cbb9be1da1123ad52aeb2a133584e5ff29b32de75,phase4e_shadow_v1,2026-09-24,2026-09-24T19:02:39.570881+00:00,github-36045280392-1,80634446-9faf-4de8-bfa1-81ab2c7a0461,HMY,USD,5,2026-09-23,18.729999542236328,eligible,,phase4_confidence_research_v1,e5a1072ba3754f9a7e6d60fde5003b579f6a2f73c41b846532159559ad84eb77,c062e4ff2369a9c96f9a36410a4af8397add8c31d8525a020c815f9d51dcb1c2,b6de5899ef419c2be611fab48868833a32c6481f701a0eaf65525513b46754b2,7319e125278a62d9a9f9fad72f66df45ebb3fa8f553ff36ddf3a173e09eeebc2,d3c6f170eb2a6fce3f43e80d7ab094e5c06bc8a276505aa957d651920aeab0a2,2026-09-23T00:00:00+00:00,2026-09-24T00:00:00+00:00,B4,directional_only,negative,unknown,,,middle,insufficient_evidence,,,proxy_complete,proxy_complete_no_claim,proxy_complete,scale_incompatible
f14d26ed47571c0507ee16fe8065e4ac7c2cc30adc96e931d54f7c955ab8350c,phase4e_shadow_v1,2026-09-24,2026-09-24T19:02:39.570881+00:00,github-36045280392-1,80634446-9faf-4de8-bfa1-81ab2c7a0461,HMY,USD,20,2026-09-23,18.729999542236328,eligible,,phase4_confidence_research_v1,e5a1072ba3754f9a7e6d60fde5003b579f6a2f73c41b846532159559ad84eb77,c062e4ff2369a9c96f9a36410a4af8397add8c31d8525a020c815f9d51dcb1c2,b6de5899ef419c2be611fab48868833a32c6481f701a0eaf65525513b46754b2,7319e125278a62d9a9f9fad72f66df45ebb3fa8f553ff36ddf3a173e09eeebc2,d3c6f170eb2a6fce3f43e80d7ab094e5c06bc8a276505aa957d651920aeab0a2,2026-09-23T00:00:00+00:00,2026-09-24T00:00:00+00:00,B4,immature,,unknown,,,unknown,insufficient_evidence,,,proxy_complete,proxy_complete_no_claim,proxy_insufficient,scale_incompatible
77b6c23580761c9a4d3f238d10cb781863d5e2f23ac93e4b2d5980773ecf8358,phase4e_shadow_v1,2026-09-24,2026-09-24T19:02:39.570881+00:00,github-36045280392-1,80634446-9faf-4de8-bfa1-81ab2c7a0461,HMY,USD,40,2026-09-23,18.729999542236328,eligible,,phase4_confidence_research_v1,e5a1072ba3754f9a7e6d60fde5003b579f6a2f73c41b846532159559ad84eb77,c062e4ff2369a9c96f9a36410a4af8397add8c31d8525a020c815f9d51dcb1c2,b6de5899ef419c2be611fab48868833a32c6481f701a0eaf65525513b46754b2,7319e125278a62d9a9f9fad72f66df45ebb3fa8f553ff36ddf3a173e09eeebc2,d3c6f170eb2a6fce3f43e80d7ab094e5c06bc8a276505aa957d651920aeab0a2,2026-09-23T00:00:00+00:00,2026-09-24T00:00:00+00:00,B4,unavailable,,unknown,,,unknown,insufficient_evidence,,,proxy_complete,proxy_complete_no_claim,proxy_insufficient,scale_incompatible
9c0b5480d8ea18c55804053c83e3dfee8b7756e14d75862aeed528db3626a12c,phase4e_shadow_v1,2026-09-24,2026-09-24T19:02:39.570881+00:00,github-36045280392-1,80634446-9faf-4de8-bfa1-81ab2c7a0461,HMY,USD,60,2026-09-23,18.729999542236328,eligible,,phase4_confidence_research_v1,e5a1072ba3754f9a7e6d60fde5003b579f6a2f73c41b846532159559ad84eb77,c062e4ff2369a9c96f9a36410a4af8397add8c31d8525a020c815f9d51dcb1c2,b6de5899ef419c2be611fab48868833a32c6481f701a0eaf65525513b46754b2,7319e125278a62d9a9f9fad72f66df45ebb3fa8f553ff36ddf3a173e09eeebc2,d3c6f170eb2a6fce3f43e80d7ab094e5c06bc8a276505aa957d651920aeab0a2,2026-09-23T00:00:00+00:00,2026-09-24T00:00:00+00:00,B4,unavailable,,unknown,,,unknown,insufficient_evidence,,,proxy_complete,proxy_complete_no_claim,proxy_insufficient,scale_incompatible
a01199ca33f9313d1d52ac95c41c667859ac5ec8d3d5fd01b65ce7b8053acb70,phase4e_shadow_v1,2026-09-24,2026-09-24T19:02:39.570881+00:00,github-36045280392-1,80634446-9faf-4de8-bfa1-81ab2c7a0461,ICE,USD,5,2026-09-23,156.35000610351562,eligible,,phase4_confidence_research_v1,e5a1072ba3754f9a7e6d60fde5003b579f6a2f73c41b846532159559ad84eb77,c062e4ff2369a9c96f9a36410a4af8397add8c31d8525a020c815f9d51dcb1c2,b6de5899ef419c2be611fab48868833a32c6481f701a0eaf65525513b46754b2,7319e125278a62d9a9f9fad72f66df45ebb3fa8f553ff36ddf3a173e09eeebc2,d3c6f170eb2a6fce3f43e80d7ab094e5c06bc8a276505aa957d651920aeab0a2,2026-09-23T00:00:00+00:00,2026-09-24T00:00:00+00:00,B4,directional_only,negative,unknown,,,middle,insufficient_evidence,,,proxy_complete,proxy_complete_no_claim,proxy_complete,scale_incompatible
d9221bb279da0af514cf55f14cf83394101b8c323192973b6abf6a600524eea8,phase4e_shadow_v1,2026-09-24,2026-09-24T19:02:39.570881+00:00,github-36045280392-1,80634446-9faf-4de8-bfa1-81ab2c7a0461,ICE,USD,20,2026-09-23,156.35000610351562,eligible,,phase4_confidence_research_v1,e5a1072ba3754f9a7e6d60fde5003b579f6a2f73c41b846532159559ad84eb77,c062e4ff2369a9c96f9a36410a4af8397add8c31d8525a020c815f9d51dcb1c2,b6de5899ef419c2be611fab48868833a32c6481f701a0eaf65525513b46754b2,7319e125278a62d9a9f9fad72f66df45ebb3fa8f553ff36ddf3a173e09eeebc2,d3c6f170eb2a6fce3f43e80d7ab094e5c06bc8a276505aa957d651920aeab0a2,2026-09-23T00:00:00+00:00,2026-09-24T00:00:00+00:00,B4,immature,,unknown,,,unknown,insufficient_evidence,,,proxy_complete,proxy_complete_no_claim,proxy_insufficient,scale_incompatible
ed7d7018c1e1f7068421804873bbfd9ffa10d94a02c2ed52ccc4cdf5cb44f0c4,phase4e_shadow_v1,2026-09-24,2026-09-24T19:02:39.570881+00:00,github-36045280392-1,80634446-9faf-4de8-bfa1-81ab2c7a0461,ICE,USD,40,2026-09-23,156.35000610351562,eligible,,phase4_confidence_research_v1,e5a1072ba3754f9a7e6d60fde5003b579f6a2f73c41b846532159559ad84eb77,c062e4ff2369a9c96f9a36410a4af8397add8c31d8525a020c815f9d51dcb1c2,b6de5899ef419c2be611fab48868833a32c6481f701a0eaf65525513b46754b2,7319e125278a62d9a9f9fad72f66df45ebb3fa8f553ff36ddf3a173e09eeebc2,d3c6f170eb2a6fce3f43e80d7ab094e5c06bc8a276505aa957d651920aeab0a2,2026-09-23T00:00:00+00:00,2026-09-24T00:00:00+00:00,B4,unavailable,,unknown,,,unknown,insufficient_evidence,,,proxy_complete,proxy_complete_no_claim,proxy_insufficient,scale_incompatible
01c7440d422eaf06308dd56e292fd2a5cb011302f9e1f534c2cc25bafc37bd78,phase4e_shadow_v1,2026-09-24,2026-09-24T19:02:39.570881+00:00,github-36045280392-1,80634446-9faf-4de8-bfa1-81ab2c7a0461,ICE,USD,60,2026-09-23,156.35000610351562,eligible,,phase4_confidence_research_v1,e5a1072ba3754f9a7e6d60fde5003b579f6a2f73c41b846532159559ad84eb77,c062e4ff2369a9c96f9a36410a4af8397add8c31d8525a020c815f9d51dcb1c2,b6de5899ef419c2be611fab48868833a32c6481f701a0eaf65525513b46754b2,7319e125278a62d9a9f9fad72f66df45ebb3fa8f553ff36ddf3a173e09eeebc2,d3c6f170eb2a6fce3f43e80d7ab094e5c06bc8a276505aa957d651920aeab0a2,2026-09-23T00:00:00+00:00,2026-09-24T00:00:00+00:00,B4,unavailable,,unknown,,,unknown,insufficient_evidence,,,proxy_complete,proxy_complete_no_claim,proxy_insufficient,scale_incompatible
86061ba472ae294bdeea31e0a9746ac1cdab77468a0bb4929121ec53a02468aa,phase4e_shadow_v1,2026-09-24,2026-09-24T19:02:39.570881+00:00,github-36045280392-1,80634446-9faf-4de8-bfa1-81ab2c7a0461,IFX.DE,EUR,5,2026-09-23,58.56999969482422,eligible,,phase4_confidence_research_v1,e5a1072ba3754f9a7e6d60fde5003b579f6a2f73c41b846532159559ad84eb77,c062e4ff2369a9c96f9a36410a4af8397add8c31d8525a020c815f9d51dcb1c2,b6de5899ef419c2be611fab48868833a32c6481f701a0eaf65525513b46754b2,7319e125278a62d9a9f9fad72f66df45ebb3fa8f553ff36ddf3a173e09eeebc2,d3c6f170eb2a6fce3f43e80d7ab094e5c06bc8a276505aa957d651920aeab0a2,2026-09-23T00:00:00+00:00,2026-09-24T00:00:00+00:00,B2,directional_only,negative,unknown,,,middle,insufficient_evidence,,,proxy_complete,proxy_complete_no_claim,proxy_complete,scale_incompatible
404ac3c966c17559494fe88ef745144459f442e2b6523e0c6739707582ce4179,phase4e_shadow_v1,2026-09-24,2026-09-24T19:02:39.570881+00:00,github-36045280392-1,80634446-9faf-4de8-bfa1-81ab2c7a0461,IFX.DE,EUR,20,2026-09-23,58.56999969482422,eligible,,phase4_confidence_research_v1,e5a1072ba3754f9a7e6d60fde5003b579f6a2f73c41b846532159559ad84eb77,c062e4ff2369a9c96f9a36410a4af8397add8c31d8525a020c815f9d51dcb1c2,b6de5899ef419c2be611fab48868833a32c6481f701a0eaf65525513b46754b2,7319e125278a62d9a9f9fad72f66df45ebb3fa8f553ff36ddf3a173e09eeebc2,d3c6f170eb2a6fce3f43e80d7ab094e5c06bc8a276505aa957d651920aeab0a2,2026-09-23T00:00:00+00:00,2026-09-24T00:00:00+00:00,B2,immature,,unknown,,,unknown,insufficient_evidence,,,proxy_complete,proxy_complete_no_claim,proxy_insufficient,scale_incompatible
68d0c22cbb539b58ff49a4cba0939afa40215994868d949672eb423234b18dc3,phase4e_shadow_v1,2026-09-24,2026-09-24T19:02:39.570881+00:00,github-36045280392-1,80634446-9faf-4de8-bfa1-81ab2c7a0461,IFX.DE,EUR,40,2026-09-23,58.56999969482422,eligible,,phase4_confidence_research_v1,e5a1072ba3754f9a7e6d60fde5003b579f6a2f73c41b846532159559ad84eb77,c062e4ff2369a9c96f9a36410a4af8397add8c31d8525a020c815f9d51dcb1c2,b6de5899ef419c2be611fab48868833a32c6481f701a0eaf65525513b46754b2,7319e125278a62d9a9f9fad72f66df45ebb3fa8f553ff36ddf3a173e09eeebc2,d3c6f170eb2a6fce3f43e80d7ab094e5c06bc8a276505aa957d651920aeab0a2,2026-09-23T00:00:00+00:00,2026-09-24T00:00:00+00:00,B2,unavailable,,unknown,,,unknown,insufficient_evidence,,,proxy_complete,proxy_complete_no_claim,proxy_insufficient,scale_incompatible
a85ab66dae3f4312a9b46d83d1f6930d7da9fe60de35518fbcf770bc03cf7fbe,phase4e_shadow_v1,2026-09-24,2026-09-24T19:02:39.570881+00:00,github-36045280392-1,80634446-9faf-4de8-bfa1-81ab2c7a0461,IFX.DE,EUR,60,2026-09-23,58.56999969482422,eligible,,phase4_confidence_research_v1,e5a1072ba3754f9a7e6d60fde5003b579f6a2f73c41b846532159559ad84eb77,c062e4ff2369a9c96f9a36410a4af8397add8c31d8525a020c815f9d51dcb1c2,b6de5899ef419c2be611fab48868833a32c6481f701a0eaf65525513b46754b2,7319e125278a62d9a9f9fad72f66df45ebb3fa8f553ff36ddf3a173e09eeebc2,d3c6f170eb2a6fce3f43e80d7ab094e5c06bc8a276505aa957d651920aeab0a2,2026-09-23T00:00:00+00:00,2026-09-24T00:00:00+00:00,B2,unavailable,,unknown,,,unknown,insufficient_evidence,,,proxy_complete,proxy_complete_no_claim,proxy_insufficient,scale_incompatible
bd1c434544a0325d64741418dc2abef1bc999887aeffcb083f2a83bd89c3eb46,phase4e_shadow_v1,2026-09-24,2026-09-24T19:02:39.570881+00:00,github-36045280392-1,80634446-9faf-4de8-bfa1-81ab2c7a0461,ILMN,USD,5,2026-09-23,255.3800048828125,eligible,,phase4_confidence_research_v1,e5a1072ba3754f9a7e6d60fde5003b579f6a2f73c41b846532159559ad84eb77,c062e4ff2369a9c96f9a36410a4af8397add8c31d8525a020c815f9d51dcb1c2,b6de5899ef419c2be611fab48868833a32c6481f701a0eaf65525513b46754b2,7319e125278a62d9a9f9fad72f66df45ebb3fa8f553ff36ddf3a173e09eeebc2,d3c6f170eb2a6fce3f43e80d7ab094e5c06bc8a276505aa957d651920aeab0a2,2026-09-23T00:00:00+00:00,2026-09-24T00:00:00+00:00,B4,directional_only,negative,unknown,,,middle,insufficient_evidence,,,proxy_complete,proxy_complete_no_claim,proxy_complete,scale_incompatible
bd856e0b632fb69eb29b068fe414ac17753722540bf1a4f49523eca1e1eeaff5,phase4e_shadow_v1,2026-09-24,2026-09-24T19:02:39.570881+00:00,github-36045280392-1,80634446-9faf-4de8-bfa1-81ab2c7a0461,ILMN,USD,20,2026-09-23,255.3800048828125,eligible,,phase4_confidence_research_v1,e5a1072ba3754f9a7e6d60fde5003b579f6a2f73c41b846532159559ad84eb77,c062e4ff2369a9c96f9a36410a4af8397add8c31d8525a020c815f9d51dcb1c2,b6de5899ef419c2be611fab48868833a32c6481f701a0eaf65525513b46754b2,7319e125278a62d9a9f9fad72f66df45ebb3fa8f553ff36ddf3a173e09eeebc2,d3c6f170eb2a6fce3f43e80d7ab094e5c06bc8a276505aa957d651920aeab0a2,2026-09-23T00:00:00+00:00,2026-09-24T00:00:00+00:00,B4,immature,,unknown,,,unknown,insufficient_evidence,,,proxy_complete,proxy_complete_no_claim,proxy_insufficient,scale_incompatible
7d46ccd0c0c26445cff1347b95e9dfa045530688347285c6d07c52ed0a97abaf,phase4e_shadow_v1,2026-09-24,2026-09-24T19:02:39.570881+00:00,github-36045280392-1,80634446-9faf-4de8-bfa1-81ab2c7a0461,ILMN,USD,40,2026-09-23,255.3800048828125,eligible,,phase4_confidence_research_v1,e5a1072ba3754f9a7e6d60fde5003b579f6a2f73c41b846532159559ad84eb77,c062e4ff2369a9c96f9a36410a4af8397add8c31d8525a020c815f9d51dcb1c2,b6de5899ef419c2be611fab48868833a32c6481f701a0eaf65525513b46754b2,7319e125278a62d9a9f9fad72f66df45ebb3fa8f553ff36ddf3a173e09eeebc2,d3c6f170eb2a6fce3f43e80d7ab094e5c06bc8a276505aa957d651920aeab0a2,2026-09-23T00:00:00+00:00,2026-09-24T00:00:00+00:00,B4,unavailable,,unknown,,,unknown,insufficient_evidence,,,proxy_complete,proxy_complete_no_claim,proxy_insufficient,scale_incompatible
4669e595626da6d633a11d966383296ffaf224eda7f266d3c8a2cd404cd9220e,phase4e_shadow_v1,2026-09-24,2026-09-24T19:02:39.570881+00:00,github-36045280392-1,80634446-9faf-4de8-bfa1-81ab2c7a0461,ILMN,USD,60,2026-09-23,255.3800048828125,eligible,,phase4_confidence_research_v1,e5a1072ba3754f9a7e6d60fde5003b579f6a2f73c41b846532159559ad84eb77,c062e4ff2369a9c96f9a36410a4af8397add8c31d8525a020c815f9d51dcb1c2,b6de5899ef419c2be611fab48868833a32c6481f701a0eaf65525513b46754b2,7319e125278a62d9a9f9fad72f66df45ebb3fa8f553ff36ddf3a173e09eeebc2,d3c6f170eb2a6fce3f43e80d7ab094e5c06bc8a276505aa957d651920aeab0a2,2026-09-23T00:00:00+00:00,2026-09-24T00:00:00+00:00,B4,unavailable,,unknown,,,unknown,insufficient_evidence,,,proxy_complete,proxy_complete_no_claim,proxy_insufficient,scale_incompatible
8900d454d94b12e4d54be3ed45bb1d56c2873b14e929e2ab1ddac2bcd9b2e51c,phase4e_shadow_v1,2026-09-24,2026-09-24T19:02:39.570881+00:00,github-36045280392-1,80634446-9faf-4de8-bfa1-81ab2c7a0461,INCY,USD,5,2026-09-23,124.63999938964844,eligible,,phase4_confidence_research_v1,e5a1072ba3754f9a7e6d60fde5003b579f6a2f73c41b846532159559ad84eb77,c062e4ff2369a9c96f9a36410a4af8397add8c31d8525a020c815f9d51dcb1c2,b6de5899ef419c2be611fab48868833a32c6481f701a0eaf65525513b46754b2,7319e125278a62d9a9f9fad72f66df45ebb3fa8f553ff36ddf3a173e09eeebc2,d3c6f170eb2a6fce3f43e80d7ab094e5c06bc8a276505aa957d651920aeab0a2,2026-09-23T00:00:00+00:00,2026-09-24T00:00:00+00:00,B5,robust,positive,unknown,,,low,single_model,,positive,proxy_complete,proxy_complete_no_claim,proxy_complete,scale_incompatible
ea14709a9015909530c45de4f10c17a96fbf0d67be4318b93c873619215c1783,phase4e_shadow_v1,2026-09-24,2026-09-24T19:02:39.570881+00:00,github-36045280392-1,80634446-9faf-4de8-bfa1-81ab2c7a0461,INCY,USD,20,2026-09-23,124.63999938964844,eligible,,phase4_confidence_research_v1,e5a1072ba3754f9a7e6d60fde5003b579f6a2f73c41b846532159559ad84eb77,c062e4ff2369a9c96f9a36410a4af8397add8c31d8525a020c815f9d51dcb1c2,b6de5899ef419c2be611fab48868833a32c6481f701a0eaf65525513b46754b2,7319e125278a62d9a9f9fad72f66df45ebb3fa8f553ff36ddf3a173e09eeebc2,d3c6f170eb2a6fce3f43e80d7ab094e5c06bc8a276505aa957d651920aeab0a2,2026-09-23T00:00:00+00:00,2026-09-24T00:00:00+00:00,B5,immature,,unknown,,,unknown,insufficient_evidence,,,proxy_complete,proxy_complete_no_claim,proxy_insufficient,scale_incompatible
fbf52d69e90df3bfa1de3bddf2ce0884cea6a930c11b95e798b7d74e87fcb290,phase4e_shadow_v1,2026-09-24,2026-09-24T19:02:39.570881+00:00,github-36045280392-1,80634446-9faf-4de8-bfa1-81ab2c7a0461,INCY,USD,40,2026-09-23,124.63999938964844,eligible,,phase4_confidence_research_v1,e5a1072ba3754f9a7e6d60fde5003b579f6a2f73c41b846532159559ad84eb77,c062e4ff2369a9c96f9a36410a4af8397add8c31d8525a020c815f9d51dcb1c2,b6de5899ef419c2be611fab48868833a32c6481f701a0eaf65525513b46754b2,7319e125278a62d9a9f9fad72f66df45ebb3fa8f553ff36ddf3a173e09eeebc2,d3c6f170eb2a6fce3f43e80d7ab094e5c06bc8a276505aa957d651920aeab0a2,2026-09-23T00:00:00+00:00,2026-09-24T00:00:00+00:00,B5,unavailable,,unknown,,,unknown,insufficient_evidence,,,proxy_complete,proxy_complete_no_claim,proxy_insufficient,scale_incompatible
9b37a13e271e67e2f26b74ab82fac63907843b10b080d8534509a996821a2cea,phase4e_shadow_v1,2026-09-24,2026-09-24T19:02:39.570881+00:00,github-36045280392-1,80634446-9faf-4de8-bfa1-81ab2c7a0461,INCY,USD,60,2026-09-23,124.63999938964844,eligible,,phase4_confidence_research_v1,e5a1072ba3754f9a7e6d60fde5003b579f6a2f73c41b846532159559ad84eb77,c062e4ff2369a9c96f9a36410a4af8397add8c31d8525a020c815f9d51dcb1c2,b6de5899ef419c2be611fab48868833a32c6481f701a0eaf65525513b46754b2,7319e125278a62d9a9f9fad72f66df45ebb3fa8f553ff36ddf3a173e09eeebc2,d3c6f170eb2a6fce3f43e80d7ab094e5c06bc8a276505aa957d651920aeab0a2,2026-09-23T00:00:00+00:00,2026-09-24T00:00:00+00:00,B5,unavailable,,unknown,,,unknown,insufficient_evidence,,,proxy_complete,proxy_complete_no_claim,proxy_insufficient,scale_incompatible
4369621052c6855098772bb8fbdc7e1df25bd7628b6c3ebcfe9ee344a51f4b9e,phase4e_shadow_v1,2026-09-24,2026-09-24T19:02:39.570881+00:00,github-36045280392-1,80634446-9faf-4de8-bfa1-81ab2c7a0461,INGR,USD,5,2026-09-23,96.81999969482422,eligible,,phase4_confidence_research_v1,e5a1072ba3754f9a7e6d60fde5003b579f6a2f73c41b846532159559ad84eb77,c062e4ff2369a9c96f9a36410a4af8397add8c31d8525a020c815f9d51dcb1c2,b6de5899ef419c2be611fab48868833a32c6481f701a0eaf65525513b46754b2,7319e125278a62d9a9f9fad72f66df45ebb3fa8f553ff36ddf3a173e09eeebc2,d3c6f170eb2a6fce3f43e80d7ab094e5c06bc8a276505aa957d651920aeab0a2,2026-09-23T00:00:00+00:00,2026-09-24T00:00:00+00:00,B4,directional_only,negative,robust_claim,positive,trend200_d10_down & trend200_d1_down & rs3m_d1_up,low,single_model,,positive,proxy_complete,proxy_complete,proxy_complete,scale_incompatible
a1f8222d652b592534608eadd8270e86274fb39e147f860bd9a75df418da8570,phase4e_shadow_v1,2026-09-24,2026-09-24T19:02:39.570881+00:00,github-36045280392-1,80634446-9faf-4de8-bfa1-81ab2c7a0461,INGR,USD,20,2026-09-23,96.81999969482422,eligible,,phase4_confidence_research_v1,e5a1072ba3754f9a7e6d60fde5003b579f6a2f73c41b846532159559ad84eb77,c062e4ff2369a9c96f9a36410a4af8397add8c31d8525a020c815f9d51dcb1c2,b6de5899ef419c2be611fab48868833a32c6481f701a0eaf65525513b46754b2,7319e125278a62d9a9f9fad72f66df45ebb3fa8f553ff36ddf3a173e09eeebc2,d3c6f170eb2a6fce3f43e80d7ab094e5c06bc8a276505aa957d651920aeab0a2,2026-09-23T00:00:00+00:00,2026-09-24T00:00:00+00:00,B4,immature,,unknown,,,unknown,insufficient_evidence,,,proxy_complete,proxy_complete_no_claim,proxy_insufficient,scale_incompatible
0db77d8a99412703aee550f7b25a7e8599e25ed472191c4b03566f4029756e14,phase4e_shadow_v1,2026-09-24,2026-09-24T19:02:39.570881+00:00,github-36045280392-1,80634446-9faf-4de8-bfa1-81ab2c7a0461,INGR,USD,40,2026-09-23,96.81999969482422,eligible,,phase4_confidence_research_v1,e5a1072ba3754f9a7e6d60fde5003b579f6a2f73c41b846532159559ad84eb77,c062e4ff2369a9c96f9a36410a4af8397add8c31d8525a020c815f9d51dcb1c2,b6de5899ef419c2be611fab48868833a32c6481f701a0eaf65525513b46754b2,7319e125278a62d9a9f9fad72f66df45ebb3fa8f553ff36ddf3a173e09eeebc2,d3c6f170eb2a6fce3f43e80d7ab094e5c06bc8a276505aa957d651920aeab0a2,2026-09-23T00:00:00+00:00,2026-09-24T00:00:00+00:00,B4,unavailable,,unknown,,,unknown,insufficient_evidence,,,proxy_complete,proxy_complete_no_claim,proxy_insufficient,scale_incompatible
fc5190645249482ee70de950852a9980b569cd8820532147ca33fe9e77f64d78,phase4e_shadow_v1,2026-09-24,2026-09-24T19:02:39.570881+00:00,github-36045280392-1,80634446-9faf-4de8-bfa1-81ab2c7a0461,INGR,USD,60,2026-09-23,96.81999969482422,eligible,,phase4_confidence_research_v1,e5a1072ba3754f9a7e6d60fde5003b579f6a2f73c41b846532159559ad84eb77,c062e4ff2369a9c96f9a36410a4af8397add8c31d8525a020c815f9d51dcb1c2,b6de5899ef419c2be611fab48868833a32c6481f701a0eaf65525513b46754b2,7319e125278a62d9a9f9fad72f66df45ebb3fa8f553ff36ddf3a173e09eeebc2,d3c6f170eb2a6fce3f43e80d7ab094e5c06bc8a276505aa957d651920aeab0a2,2026-09-23T00:00:00+00:00,2026-09-24T00:00:00+00:00,B4,unavailable,,unknown,,,unknown,insufficient_evidence,,,proxy_complete,proxy_complete_no_claim,proxy_insufficient,scale_incompatible
23c01a7a435fbf461a5b050edecf5f75c646a488a19646c5a049775b19084126,phase4e_shadow_v1,2026-09-24,2026-09-24T19:02:39.570881+00:00,github-36045280392-1,80634446-9faf-4de8-bfa1-81ab2c7a0461,INOD,USD,5,2026-09-23,71.98999786376953,eligible,,phase4_confidence_research_v1,e5a1072ba3754f9a7e6d60fde5003b579f6a2f73c41b846532159559ad84eb77,c062e4ff2369a9c96f9a36410a4af8397add8c31d8525a020c815f9d51dcb1c2,b6de5899ef419c2be611fab48868833a32c6481f701a0eaf65525513b46754b2,7319e125278a62d9a9f9fad72f66df45ebb3fa8f553ff36ddf3a173e09eeebc2,d3c6f170eb2a6fce3f43e80d7ab094e5c06bc8a276505aa957d651920aeab0a2,2026-09-23T00:00:00+00:00,2026-09-24T00:00:00+00:00,B2,directional_only,negative,unknown,,,elevated,risk_only,,,proxy_complete,proxy_partial_no_claim,proxy_complete,scale_incompatible
3ed67621938e4fd00990cc516a68ab5473dc2b6a1cf103c1faa9846b92167c02,phase4e_shadow_v1,2026-09-24,2026-09-24T19:02:39.570881+00:00,github-36045280392-1,80634446-9faf-4de8-bfa1-81ab2c7a0461,INOD,USD,20,2026-09-23,71.98999786376953,eligible,,phase4_confidence_research_v1,e5a1072ba3754f9a7e6d60fde5003b579f6a2f73c41b846532159559ad84eb77,c062e4ff2369a9c96f9a36410a4af8397add8c31d8525a020c815f9d51dcb1c2,b6de5899ef419c2be611fab48868833a32c6481f701a0eaf65525513b46754b2,7319e125278a62d9a9f9fad72f66df45ebb3fa8f553ff36ddf3a173e09eeebc2,d3c6f170eb2a6fce3f43e80d7ab094e5c06bc8a276505aa957d651920aeab0a2,2026-09-23T00:00:00+00:00,2026-09-24T00:00:00+00:00,B2,immature,,unknown,,,unknown,insufficient_evidence,,,proxy_complete,proxy_complete_no_claim,proxy_insufficient,scale_incompatible
8abcd086f8ca7f583594d47092b1e9a1040af83c8e2cca8e429d9979b2c6a7ef,phase4e_shadow_v1,2026-09-24,2026-09-24T19:02:39.570881+00:00,github-36045280392-1,80634446-9faf-4de8-bfa1-81ab2c7a0461,INOD,USD,40,2026-09-23,71.98999786376953,eligible,,phase4_confidence_research_v1,e5a1072ba3754f9a7e6d60fde5003b579f6a2f73c41b846532159559ad84eb77,c062e4ff2369a9c96f9a36410a4af8397add8c31d8525a020c815f9d51dcb1c2,b6de5899ef419c2be611fab48868833a32c6481f701a0eaf65525513b46754b2,7319e125278a62d9a9f9fad72f66df45ebb3fa8f553ff36ddf3a173e09eeebc2,d3c6f170eb2a6fce3f43e80d7ab094e5c06bc8a276505aa957d651920aeab0a2,2026-09-23T00:00:00+00:00,2026-09-24T00:00:00+00:00,B2,unavailable,,unknown,,,unknown,insufficient_evidence,,,proxy_complete,proxy_complete_no_claim,proxy_insufficient,scale_incompatible
fc954daf6440a1d76afbc19070f15ef6f76403a0d85f4b8fcf95b13b3aa70ea2,phase4e_shadow_v1,2026-09-24,2026-09-24T19:02:39.570881+00:00,github-36045280392-1,80634446-9faf-4de8-bfa1-81ab2c7a0461,INOD,USD,60,2026-09-23,71.98999786376953,eligible,,phase4_confidence_research_v1,e5a1072ba3754f9a7e6d60fde5003b579f6a2f73c41b846532159559ad84eb77,c062e4ff2369a9c96f9a36410a4af8397add8c31d8525a020c815f9d51dcb1c2,b6de5899ef419c2be611fab48868833a32c6481f701a0eaf65525513b46754b2,7319e125278a62d9a9f9fad72f66df45ebb3fa8f553ff36ddf3a173e09eeebc2,d3c6f170eb2a6fce3f43e80d7ab094e5c06bc8a276505aa957d651920aeab0a2,2026-09-23T00:00:00+00:00,2026-09-24T00:00:00+00:00,B2,unavailable,,unknown,,,unknown,insufficient_evidence,,,proxy_complete,proxy_complete_no_claim,proxy_insufficient,scale_incompatible
8d688b0cff237ee4ad9575cb9243277ab7caa9fd42592020c05348b73f48cf74,phase4e_shadow_v1,2026-09-24,2026-09-24T19:02:39.570881+00:00,github-36045280392-1,80634446-9faf-4de8-bfa1-81ab2c7a0461,IREN,USD,5,2026-09-23,47.04999923706055,eligible,,phase4_confidence_research_v1,e5a1072ba3754f9a7e6d60fde5003b579f6a2f73c41b846532159559ad84eb77,c062e4ff2369a9c96f9a36410a4af8397add8c31d8525a020c815f9d51dcb1c2,b6de5899ef419c2be611fab48868833a32c6481f701a0eaf65525513b46754b2,7319e125278a62d9a9f9fad72f66df45ebb3fa8f553ff36ddf3a173e09eeebc2,d3c6f170eb2a6fce3f43e80d7ab094e5c06bc8a276505aa957d651920aeab0a2,2026-09-23T00:00:00+00:00,2026-09-24T00:00:00+00:00,B2,directional_only,negative,unknown,,,elevated,risk_only,,,proxy_complete,proxy_complete_no_claim,proxy_complete,scale_incompatible
e58518a678698ce3100c5505392aadf0a1b8a8d3916461af98c5f08e7ab7d710,phase4e_shadow_v1,2026-09-24,2026-09-24T19:02:39.570881+00:00,github-36045280392-1,80634446-9faf-4de8-bfa1-81ab2c7a0461,IREN,USD,20,2026-09-23,47.04999923706055,eligible,,phase4_confidence_research_v1,e5a1072ba3754f9a7e6d60fde5003b579f6a2f73c41b846532159559ad84eb77,c062e4ff2369a9c96f9a36410a4af8397add8c31d8525a020c815f9d51dcb1c2,b6de5899ef419c2be611fab48868833a32c6481f701a0eaf65525513b46754b2,7319e125278a62d9a9f9fad72f66df45ebb3fa8f553ff36ddf3a173e09eeebc2,d3c6f170eb2a6fce3f43e80d7ab094e5c06bc8a276505aa957d651920aeab0a2,2026-09-23T00:00:00+00:00,2026-09-24T00:00:00+00:00,B2,immature,,unknown,,,unknown,insufficient_evidence,,,proxy_complete,proxy_complete_no_claim,proxy_insufficient,scale_incompatible
be6ac4560c3977121a807daaea6a5ee4cd25fb11ac8bbbefc4a34d4d2bd97e91,phase4e_shadow_v1,2026-09-24,2026-09-24T19:02:39.570881+00:00,github-36045280392-1,80634446-9faf-4de8-bfa1-81ab2c7a0461,IREN,USD,40,2026-09-23,47.04999923706055,eligible,,phase4_confidence_research_v1,e5a1072ba3754f9a7e6d60fde5003b579f6a2f73c41b846532159559ad84eb77,c062e4ff2369a9c96f9a36410a4af8397add8c31d8525a020c815f9d51dcb1c2,b6de5899ef419c2be611fab48868833a32c6481f701a0eaf65525513b46754b2,7319e125278a62d9a9f9fad72f66df45ebb3fa8f553ff36ddf3a173e09eeebc2,d3c6f170eb2a6fce3f43e80d7ab094e5c06bc8a276505aa957d651920aeab0a2,2026-09-23T00:00:00+00:00,2026-09-24T00:00:00+00:00,B2,unavailable,,unknown,,,unknown,insufficient_evidence,,,proxy_complete,proxy_complete_no_claim,proxy_insufficient,scale_incompatible
5ca932dfc27fcda8d611d8af8379534bafd33ff586fb721b98a9cf80097df17b,phase4e_shadow_v1,2026-09-24,2026-09-24T19:02:39.570881+00:00,github-36045280392-1,80634446-9faf-4de8-bfa1-81ab2c7a0461,IREN,USD,60,2026-09-23,47.04999923706055,eligible,,phase4_confidence_research_v1,e5a1072ba3754f9a7e6d60fde5003b579f6a2f73c41b846532159559ad84eb77,c062e4ff2369a9c96f9a36410a4af8397add8c31d8525a020c815f9d51dcb1c2,b6de5899ef419c2be611fab48868833a32c6481f701a0eaf65525513b46754b2,7319e125278a62d9a9f9fad72f66df45ebb3fa8f553ff36ddf3a173e09eeebc2,d3c6f170eb2a6fce3f43e80d7ab094e5c06bc8a276505aa957d651920aeab0a2,2026-09-23T00:00:00+00:00,2026-09-24T00:00:00+00:00,B2,unavailable,,unknown,,,unknown,insufficient_evidence,,,proxy_complete,proxy_complete_no_claim,proxy_insufficient,scale_incompatible
f5111af89aa4faf74bc77812a9fd20f21e263ffc02612740a4b12dbcff682c0c,phase4e_shadow_v1,2026-09-24,2026-09-24T19:02:39.570881+00:00,github-36045280392-1,80634446-9faf-4de8-bfa1-81ab2c7a0461,ISRG,USD,5,2026-09-23,398.2999877929688,eligible,,phase4_confidence_research_v1,e5a1072ba3754f9a7e6d60fde5003b579f6a2f73c41b846532159559ad84eb77,c062e4ff2369a9c96f9a36410a4af8397add8c31d8525a020c815f9d51dcb1c2,b6de5899ef419c2be611fab48868833a32c6481f701a0eaf65525513b46754b2,7319e125278a62d9a9f9fad72f66df45ebb3fa8f553ff36ddf3a173e09eeebc2,d3c6f170eb2a6fce3f43e80d7ab094e5c06bc8a276505aa957d651920aeab0a2,2026-09-23T00:00:00+00:00,2026-09-24T00:00:00+00:00,B3,robust,positive,unknown,,,middle,single_model,,positive,proxy_complete,proxy_complete_no_claim,proxy_complete,scale_incompatible
7c23be168101684e6cc7962ef6aba3e7600c61b61e95b3e2325562a8cced1a95,phase4e_shadow_v1,2026-09-24,2026-09-24T19:02:39.570881+00:00,github-36045280392-1,80634446-9faf-4de8-bfa1-81ab2c7a0461,ISRG,USD,20,2026-09-23,398.2999877929688,eligible,,phase4_confidence_research_v1,e5a1072ba3754f9a7e6d60fde5003b579f6a2f73c41b846532159559ad84eb77,c062e4ff2369a9c96f9a36410a4af8397add8c31d8525a020c815f9d51dcb1c2,b6de5899ef419c2be611fab48868833a32c6481f701a0eaf65525513b46754b2,7319e125278a62d9a9f9fad72f66df45ebb3fa8f553ff36ddf3a173e09eeebc2,d3c6f170eb2a6fce3f43e80d7ab094e5c06bc8a276505aa957d651920aeab0a2,2026-09-23T00:00:00+00:00,2026-09-24T00:00:00+00:00,B3,immature,,unknown,,,unknown,insufficient_evidence,,,proxy_complete,proxy_complete_no_claim,proxy_insufficient,scale_incompatible
bc9f399c260b396d356ed1d533af192796db78a3bdc771cad5ad1313c1c167dc,phase4e_shadow_v1,2026-09-24,2026-09-24T19:02:39.570881+00:00,github-36045280392-1,80634446-9faf-4de8-bfa1-81ab2c7a0461,ISRG,USD,40,2026-09-23,398.2999877929688,eligible,,phase4_confidence_research_v1,e5a1072ba3754f9a7e6d60fde5003b579f6a2f73c41b846532159559ad84eb77,c062e4ff2369a9c96f9a36410a4af8397add8c31d8525a020c815f9d51dcb1c2,b6de5899ef419c2be611fab48868833a32c6481f701a0eaf65525513b46754b2,7319e125278a62d9a9f9fad72f66df45ebb3fa8f553ff36ddf3a173e09eeebc2,d3c6f170eb2a6fce3f43e80d7ab094e5c06bc8a276505aa957d651920aeab0a2,2026-09-23T00:00:00+00:00,2026-09-24T00:00:00+00:00,B3,unavailable,,unknown,,,unknown,insufficient_evidence,,,proxy_complete,proxy_complete_no_claim,proxy_insufficient,scale_incompatible
c3cd0e08e0fd646c6985522ee42adfce4356a68234fb019344f1654d5c608bcf,phase4e_shadow_v1,2026-09-24,2026-09-24T19:02:39.570881+00:00,github-36045280392-1,80634446-9faf-4de8-bfa1-81ab2c7a0461,ISRG,USD,60,2026-09-23,398.2999877929688,eligible,,phase4_confidence_research_v1,e5a1072ba3754f9a7e6d60fde5003b579f6a2f73c41b846532159559ad84eb77,c062e4ff2369a9c96f9a36410a4af8397add8c31d8525a020c815f9d51dcb1c2,b6de5899ef419c2be611fab48868833a32c6481f701a0eaf65525513b46754b2,7319e125278a62d9a9f9fad72f66df45ebb3fa8f553ff36ddf3a173e09eeebc2,d3c6f170eb2a6fce3f43e80d7ab094e5c06bc8a276505aa957d651920aeab0a2,2026-09-23T00:00:00+00:00,2026-09-24T00:00:00+00:00,B3,unavailable,,unknown,,,unknown,insufficient_evidence,,,proxy_complete,proxy_complete_no_claim,proxy_insufficient,scale_incompatible
b2721dc62b604982afc18eeac8d954933e70741b4668752456b4274b824db925,phase4e_shadow_v1,2026-09-24,2026-09-24T19:02:39.570881+00:00,github-36045280392-1,80634446-9faf-4de8-bfa1-81ab2c7a0461,JD,USD,5,2026-09-23,27.15999984741211,eligible,,phase4_confidence_research_v1,e5a1072ba3754f9a7e6d60fde5003b579f6a2f73c41b846532159559ad84eb77,c062e4ff2369a9c96f9a36410a4af8397add8c31d8525a020c815f9d51dcb1c2,b6de5899ef419c2be611fab48868833a32c6481f701a0eaf65525513b46754b2,7319e125278a62d9a9f9fad72f66df45ebb3fa8f553ff36ddf3a173e09eeebc2,d3c6f170eb2a6fce3f43e80d7ab094e5c06bc8a276505aa957d651920aeab0a2,2026-09-23T00:00:00+00:00,2026-09-24T00:00:00+00:00,B3,robust,positive,unknown,,,middle,single_model,,positive,proxy_complete,proxy_complete_no_claim,proxy_complete,scale_incompatible
1202e0d58741019411c308f74baa38ebf513890cc6d3cad3eda761dd243dab78,phase4e_shadow_v1,2026-09-24,2026-09-24T19:02:39.570881+00:00,github-36045280392-1,80634446-9faf-4de8-bfa1-81ab2c7a0461,JD,USD,20,2026-09-23,27.15999984741211,eligible,,phase4_confidence_research_v1,e5a1072ba3754f9a7e6d60fde5003b579f6a2f73c41b846532159559ad84eb77,c062e4ff2369a9c96f9a36410a4af8397add8c31d8525a020c815f9d51dcb1c2,b6de5899ef419c2be611fab48868833a32c6481f701a0eaf65525513b46754b2,7319e125278a62d9a9f9fad72f66df45ebb3fa8f553ff36ddf3a173e09eeebc2,d3c6f170eb2a6fce3f43e80d7ab094e5c06bc8a276505aa957d651920aeab0a2,2026-09-23T00:00:00+00:00,2026-09-24T00:00:00+00:00,B3,immature,,unknown,,,unknown,insufficient_evidence,,,proxy_complete,proxy_complete_no_claim,proxy_insufficient,scale_incompatible
4457c0e73eedc4c85a53ef9490688a807979132bce7705c51a8dee530f5de029,phase4e_shadow_v1,2026-09-24,2026-09-24T19:02:39.570881+00:00,github-36045280392-1,80634446-9faf-4de8-bfa1-81ab2c7a0461,JD,USD,40,2026-09-23,27.15999984741211,eligible,,phase4_confidence_research_v1,e5a1072ba3754f9a7e6d60fde5003b579f6a2f73c41b846532159559ad84eb77,c062e4ff2369a9c96f9a36410a4af8397add8c31d8525a020c815f9d51dcb1c2,b6de5899ef419c2be611fab48868833a32c6481f701a0eaf65525513b46754b2,7319e125278a62d9a9f9fad72f66df45ebb3fa8f553ff36ddf3a173e09eeebc2,d3c6f170eb2a6fce3f43e80d7ab094e5c06bc8a276505aa957d651920aeab0a2,2026-09-23T00:00:00+00:00,2026-09-24T00:00:00+00:00,B3,unavailable,,unknown,,,unknown,insufficient_evidence,,,proxy_complete,proxy_complete_no_claim,proxy_insufficient,scale_incompatible
e298ef85d1f7cdd3fc6eb485f114dcc3dcef155d53fc3f005907db46ea4550dd,phase4e_shadow_v1,2026-09-24,2026-09-24T19:02:39.570881+00:00,github-36045280392-1,80634446-9faf-4de8-bfa1-81ab2c7a0461,JD,USD,60,2026-09-23,27.15999984741211,eligible,,phase4_confidence_research_v1,e5a1072ba3754f9a7e6d60fde5003b579f6a2f73c41b846532159559ad84eb77,c062e4ff2369a9c96f9a36410a4af8397add8c31d8525a020c815f9d51dcb1c2,b6de5899ef419c2be611fab48868833a32c6481f701a0eaf65525513b46754b2,7319e125278a62d9a9f9fad72f66df45ebb3fa8f553ff36ddf3a173e09eeebc2,d3c6f170eb2a6fce3f43e80d7ab094e5c06bc8a276505aa957d651920aeab0a2,2026-09-23T00:00:00+00:00,2026-09-24T00:00:00+00:00,B3,unavailable,,unknown,,,unknown,insufficient_evidence,,,proxy_complete,proxy_complete_no_claim,proxy_insufficient,scale_incompatible
993c8baefccd4ac655081dcdfaea5bdcf9661c072f468e2e44d4293c58d5f62c,phase4e_shadow_v1,2026-09-24,2026-09-24T19:02:39.570881+00:00,github-36045280392-1,80634446-9faf-4de8-bfa1-81ab2c7a0461,JNJ,USD,5,2026-09-23,269.1700134277344,eligible,,phase4_confidence_research_v1,e5a1072ba3754f9a7e6d60fde5003b579f6a2f73c41b846532159559ad84eb77,c062e4ff2369a9c96f9a36410a4af8397add8c31d8525a020c815f9d51dcb1c2,b6de5899ef419c2be611fab48868833a32c6481f701a0eaf65525513b46754b2,7319e125278a62d9a9f9fad72f66df45ebb3fa8f553ff36ddf3a173e09eeebc2,d3c6f170eb2a6fce3f43e80d7ab094e5c06bc8a276505aa957d651920aeab0a2,2026-09-23T00:00:00+00:00,2026-09-24T00:00:00+00:00,B5,robust,positive,unknown,,,low,single_model,,positive,proxy_complete,proxy_complete_no_claim,proxy_complete,scale_incompatible
5d572ca0427706711002056ccebad55a3d8692900d52bbbc0f5b083b0b01ef5d,phase4e_shadow_v1,2026-09-24,2026-09-24T19:02:39.570881+00:00,github-36045280392-1,80634446-9faf-4de8-bfa1-81ab2c7a0461,JNJ,USD,20,2026-09-23,269.1700134277344,eligible,,phase4_confidence_research_v1,e5a1072ba3754f9a7e6d60fde5003b579f6a2f73c41b846532159559ad84eb77,c062e4ff2369a9c96f9a36410a4af8397add8c31d8525a020c815f9d51dcb1c2,b6de5899ef419c2be611fab48868833a32c6481f701a0eaf65525513b46754b2,7319e125278a62d9a9f9fad72f66df45ebb3fa8f553ff36ddf3a173e09eeebc2,d3c6f170eb2a6fce3f43e80d7ab094e5c06bc8a276505aa957d651920aeab0a2,2026-09-23T00:00:00+00:00,2026-09-24T00:00:00+00:00,B5,immature,,unknown,,,unknown,insufficient_evidence,,,proxy_complete,proxy_complete_no_claim,proxy_insufficient,scale_incompatible
37eaee1cdf164ee6f7011c2c3df527342ce1d3a2ca214510acb5734edf6523f1,phase4e_shadow_v1,2026-09-24,2026-09-24T19:02:39.570881+00:00,github-36045280392-1,80634446-9faf-4de8-bfa1-81ab2c7a0461,JNJ,USD,40,2026-09-23,269.1700134277344,eligible,,phase4_confidence_research_v1,e5a1072ba3754f9a7e6d60fde5003b579f6a2f73c41b846532159559ad84eb77,c062e4ff2369a9c96f9a36410a4af8397add8c31d8525a020c815f9d51dcb1c2,b6de5899ef419c2be611fab48868833a32c6481f701a0eaf65525513b46754b2,7319e125278a62d9a9f9fad72f66df45ebb3fa8f553ff36ddf3a173e09eeebc2,d3c6f170eb2a6fce3f43e80d7ab094e5c06bc8a276505aa957d651920aeab0a2,2026-09-23T00:00:00+00:00,2026-09-24T00:00:00+00:00,B5,unavailable,,unknown,,,unknown,insufficient_evidence,,,proxy_complete,proxy_complete_no_claim,proxy_insufficient,scale_incompatible
3aaaf3e9213b2b1a921e97c47877985d711c58f5f8f865a84fc04fd940b5f53b,phase4e_shadow_v1,2026-09-24,2026-09-24T19:02:39.570881+00:00,github-36045280392-1,80634446-9faf-4de8-bfa1-81ab2c7a0461,JNJ,USD,60,2026-09-23,269.1700134277344,eligible,,phase4_confidence_research_v1,e5a1072ba3754f9a7e6d60fde5003b579f6a2f73c41b846532159559ad84eb77,c062e4ff2369a9c96f9a36410a4af8397add8c31d8525a020c815f9d51dcb1c2,b6de5899ef419c2be611fab48868833a32c6481f701a0eaf65525513b46754b2,7319e125278a62d9a9f9fad72f66df45ebb3fa8f553ff36ddf3a173e09eeebc2,d3c6f170eb2a6fce3f43e80d7ab094e5c06bc8a276505aa957d651920aeab0a2,2026-09-23T00:00:00+00:00,2026-09-24T00:00:00+00:00,B5,unavailable,,unknown,,,unknown,insufficient_evidence,,,proxy_complete,proxy_complete_no_claim,proxy_insufficient,scale_incompatible
41c00309a41f9836ce1e6ff33a598598b55fdc5de21641455e53659284966141,phase4e_shadow_v1,2026-09-24,2026-09-24T19:02:39.570881+00:00,github-36045280392-1,80634446-9faf-4de8-bfa1-81ab2c7a0461,KEP,USD,5,2026-09-23,10.890000343322754,eligible,,phase4_confidence_research_v1,e5a1072ba3754f9a7e6d60fde5003b579f6a2f73c41b846532159559ad84eb77,c062e4ff2369a9c96f9a36410a4af8397add8c31d8525a020c815f9d51dcb1c2,b6de5899ef419c2be611fab48868833a32c6481f701a0eaf65525513b46754b2,7319e125278a62d9a9f9fad72f66df45ebb3fa8f553ff36ddf3a173e09eeebc2,d3c6f170eb2a6fce3f43e80d7ab094e5c06bc8a276505aa957d651920aeab0a2,2026-09-23T00:00:00+00:00,2026-09-24T00:00:00+00:00,B4,directional_only,negative,unknown,,,middle,insufficient_evidence,,,proxy_complete,proxy_complete_no_claim,proxy_complete,scale_incompatible
78cb2c53940983565037f0dd92fa5b6ee8ca5457099130a1e4e4c42f74723517,phase4e_shadow_v1,2026-09-24,2026-09-24T19:02:39.570881+00:00,github-36045280392-1,80634446-9faf-4de8-bfa1-81ab2c7a0461,KEP,USD,20,2026-09-23,10.890000343322754,eligible,,phase4_confidence_research_v1,e5a1072ba3754f9a7e6d60fde5003b579f6a2f73c41b846532159559ad84eb77,c062e4ff2369a9c96f9a36410a4af8397add8c31d8525a020c815f9d51dcb1c2,b6de5899ef419c2be611fab48868833a32c6481f701a0eaf65525513b46754b2,7319e125278a62d9a9f9fad72f66df45ebb3fa8f553ff36ddf3a173e09eeebc2,d3c6f170eb2a6fce3f43e80d7ab094e5c06bc8a276505aa957d651920aeab0a2,2026-09-23T00:00:00+00:00,2026-09-24T00:00:00+00:00,B4,immature,,unknown,,,unknown,insufficient_evidence,,,proxy_complete,proxy_complete_no_claim,proxy_insufficient,scale_incompatible
8a18334619c839c52a117b57d7b9c3154000fb141d6ec8d0980ea880019eabc9,phase4e_shadow_v1,2026-09-24,2026-09-24T19:02:39.570881+00:00,github-36045280392-1,80634446-9faf-4de8-bfa1-81ab2c7a0461,KEP,USD,40,2026-09-23,10.890000343322754,eligible,,phase4_confidence_research_v1,e5a1072ba3754f9a7e6d60fde5003b579f6a2f73c41b846532159559ad84eb77,c062e4ff2369a9c96f9a36410a4af8397add8c31d8525a020c815f9d51dcb1c2,b6de5899ef419c2be611fab48868833a32c6481f701a0eaf65525513b46754b2,7319e125278a62d9a9f9fad72f66df45ebb3fa8f553ff36ddf3a173e09eeebc2,d3c6f170eb2a6fce3f43e80d7ab094e5c06bc8a276505aa957d651920aeab0a2,2026-09-23T00:00:00+00:00,2026-09-24T00:00:00+00:00,B4,unavailable,,unknown,,,unknown,insufficient_evidence,,,proxy_complete,proxy_complete_no_claim,proxy_insufficient,scale_incompatible
396d6885f5faf13bfb94867919c4533fb66ab7de0448977327e46a718c89a6ba,phase4e_shadow_v1,2026-09-24,2026-09-24T19:02:39.570881+00:00,github-36045280392-1,80634446-9faf-4de8-bfa1-81ab2c7a0461,KEP,USD,60,2026-09-23,10.890000343322754,eligible,,phase4_confidence_research_v1,e5a1072ba3754f9a7e6d60fde5003b579f6a2f73c41b846532159559ad84eb77,c062e4ff2369a9c96f9a36410a4af8397add8c31d8525a020c815f9d51dcb1c2,b6de5899ef419c2be611fab48868833a32c6481f701a0eaf65525513b46754b2,7319e125278a62d9a9f9fad72f66df45ebb3fa8f553ff36ddf3a173e09eeebc2,d3c6f170eb2a6fce3f43e80d7ab094e5c06bc8a276505aa957d651920aeab0a2,2026-09-23T00:00:00+00:00,2026-09-24T00:00:00+00:00,B4,unavailable,,unknown,,,unknown,insufficient_evidence,,,proxy_complete,proxy_complete_no_claim,proxy_insufficient,scale_incompatible
f61584c46cf0dfa0e2c31d13c369952e703bfba57c93f4846370956411b9cdb0,phase4e_shadow_v1,2026-09-24,2026-09-24T19:02:39.570881+00:00,github-36045280392-1,80634446-9faf-4de8-bfa1-81ab2c7a0461,KLAC,,5,2026-09-23,187.8600006103516,eligible,,phase4_confidence_research_v1,e5a1072ba3754f9a7e6d60fde5003b579f6a2f73c41b846532159559ad84eb77,c062e4ff2369a9c96f9a36410a4af8397add8c31d8525a020c815f9d51dcb1c2,b6de5899ef419c2be611fab48868833a32c6481f701a0eaf65525513b46754b2,7319e125278a62d9a9f9fad72f66df45ebb3fa8f553ff36ddf3a173e09eeebc2,d3c6f170eb2a6fce3f43e80d7ab094e5c06bc8a276505aa957d651920aeab0a2,2026-09-23T00:00:00+00:00,2026-09-24T00:00:00+00:00,B2,directional_only,negative,unknown,,,middle,insufficient_evidence,,,proxy_complete,proxy_complete_no_claim,proxy_complete,scale_incompatible
7d7ec7a90a5c1c0bacaa5b8e791dc3130ada5f62b54b386c7dcfdb8acf814fe1,phase4e_shadow_v1,2026-09-24,2026-09-24T19:02:39.570881+00:00,github-36045280392-1,80634446-9faf-4de8-bfa1-81ab2c7a0461,KLAC,,20,2026-09-23,187.8600006103516,eligible,,phase4_confidence_research_v1,e5a1072ba3754f9a7e6d60fde5003b579f6a2f73c41b846532159559ad84eb77,c062e4ff2369a9c96f9a36410a4af8397add8c31d8525a020c815f9d51dcb1c2,b6de5899ef419c2be611fab48868833a32c6481f701a0eaf65525513b46754b2,7319e125278a62d9a9f9fad72f66df45ebb3fa8f553ff36ddf3a173e09eeebc2,d3c6f170eb2a6fce3f43e80d7ab094e5c06bc8a276505aa957d651920aeab0a2,2026-09-23T00:00:00+00:00,2026-09-24T00:00:00+00:00,B2,immature,,unknown,,,unknown,insufficient_evidence,,,proxy_complete,proxy_complete_no_claim,proxy_insufficient,scale_incompatible
52f9ef0fbb62d2954937ac0d8798833295f1dad4c3faa5af7d9c05034dcc086b,phase4e_shadow_v1,2026-09-24,2026-09-24T19:02:39.570881+00:00,github-36045280392-1,80634446-9faf-4de8-bfa1-81ab2c7a0461,KLAC,,40,2026-09-23,187.8600006103516,eligible,,phase4_confidence_research_v1,e5a1072ba3754f9a7e6d60fde5003b579f6a2f73c41b846532159559ad84eb77,c062e4ff2369a9c96f9a36410a4af8397add8c31d8525a020c815f9d51dcb1c2,b6de5899ef419c2be611fab48868833a32c6481f701a0eaf65525513b46754b2,7319e125278a62d9a9f9fad72f66df45ebb3fa8f553ff36ddf3a173e09eeebc2,d3c6f170eb2a6fce3f43e80d7ab094e5c06bc8a276505aa957d651920aeab0a2,2026-09-23T00:00:00+00:00,2026-09-24T00:00:00+00:00,B2,unavailable,,unknown,,,unknown,insufficient_evidence,,,proxy_complete,proxy_complete_no_claim,proxy_insufficient,scale_incompatible
8a15f0bc0c5b48f595e2a87ef1e048d16e94c4eed60554fcffd045f84f158ac0,phase4e_shadow_v1,2026-09-24,2026-09-24T19:02:39.570881+00:00,github-36045280392-1,80634446-9faf-4de8-bfa1-81ab2c7a0461,KLAC,,60,2026-09-23,187.8600006103516,eligible,,phase4_confidence_research_v1,e5a1072ba3754f9a7e6d60fde5003b579f6a2f73c41b846532159559ad84eb77,c062e4ff2369a9c96f9a36410a4af8397add8c31d8525a020c815f9d51dcb1c2,b6de5899ef419c2be611fab48868833a32c6481f701a0eaf65525513b46754b2,7319e125278a62d9a9f9fad72f66df45ebb3fa8f553ff36ddf3a173e09eeebc2,d3c6f170eb2a6fce3f43e80d7ab094e5c06bc8a276505aa957d651920aeab0a2,2026-09-23T00:00:00+00:00,2026-09-24T00:00:00+00:00,B2,unavailable,,unknown,,,unknown,insufficient_evidence,,,proxy_complete,proxy_complete_no_claim,proxy_insufficient,scale_incompatible
192ce4237a3195758926600b25f479771d913ffb6819fbf06598c6988f50f679,phase4e_shadow_v1,2026-09-24,2026-09-24T19:02:39.570881+00:00,github-36045280392-1,80634446-9faf-4de8-bfa1-81ab2c7a0461,KLAR,USD,5,2026-09-23,12.9399995803833,eligible,,phase4_confidence_research_v1,e5a1072ba3754f9a7e6d60fde5003b579f6a2f73c41b846532159559ad84eb77,c062e4ff2369a9c96f9a36410a4af8397add8c31d8525a020c815f9d51dcb1c2,b6de5899ef419c2be611fab48868833a32c6481f701a0eaf65525513b46754b2,7319e125278a62d9a9f9fad72f66df45ebb3fa8f553ff36ddf3a173e09eeebc2,d3c6f170eb2a6fce3f43e80d7ab094e5c06bc8a276505aa957d651920aeab0a2,2026-09-23T00:00:00+00:00,2026-09-24T00:00:00+00:00,B1,directional_only,negative,unknown,,,elevated,risk_only,,,proxy_complete,proxy_complete_no_claim,proxy_complete,scale_incompatible
a0a8e39dfefd8eda1357b10572fcd218f8f488070352a2c28e02683e9d692bf5,phase4e_shadow_v1,2026-09-24,2026-09-24T19:02:39.570881+00:00,github-36045280392-1,80634446-9faf-4de8-bfa1-81ab2c7a0461,KLAR,USD,20,2026-09-23,12.9399995803833,eligible,,phase4_confidence_research_v1,e5a1072ba3754f9a7e6d60fde5003b579f6a2f73c41b846532159559ad84eb77,c062e4ff2369a9c96f9a36410a4af8397add8c31d8525a020c815f9d51dcb1c2,b6de5899ef419c2be611fab48868833a32c6481f701a0eaf65525513b46754b2,7319e125278a62d9a9f9fad72f66df45ebb3fa8f553ff36ddf3a173e09eeebc2,d3c6f170eb2a6fce3f43e80d7ab094e5c06bc8a276505aa957d651920aeab0a2,2026-09-23T00:00:00+00:00,2026-09-24T00:00:00+00:00,B1,immature,,unknown,,,unknown,insufficient_evidence,,,proxy_complete,proxy_complete_no_claim,proxy_insufficient,scale_incompatible
cc8ca225e777a6ff391810e94c4f37d9cc598dffc2055142581c2fc5c7111430,phase4e_shadow_v1,2026-09-24,2026-09-24T19:02:39.570881+00:00,github-36045280392-1,80634446-9faf-4de8-bfa1-81ab2c7a0461,KLAR,USD,40,2026-09-23,12.9399995803833,eligible,,phase4_confidence_research_v1,e5a1072ba3754f9a7e6d60fde5003b579f6a2f73c41b846532159559ad84eb77,c062e4ff2369a9c96f9a36410a4af8397add8c31d8525a020c815f9d51dcb1c2,b6de5899ef419c2be611fab48868833a32c6481f701a0eaf65525513b46754b2,7319e125278a62d9a9f9fad72f66df45ebb3fa8f553ff36ddf3a173e09eeebc2,d3c6f170eb2a6fce3f43e80d7ab094e5c06bc8a276505aa957d651920aeab0a2,2026-09-23T00:00:00+00:00,2026-09-24T00:00:00+00:00,B1,unavailable,,unknown,,,unknown,insufficient_evidence,,,proxy_complete,proxy_complete_no_claim,proxy_insufficient,scale_incompatible
41013b40c13609ab8c53e1bf9a699df3f6807f81c274877c92561543f864823c,phase4e_shadow_v1,2026-09-24,2026-09-24T19:02:39.570881+00:00,github-36045280392-1,80634446-9faf-4de8-bfa1-81ab2c7a0461,KLAR,USD,60,2026-09-23,12.9399995803833,eligible,,phase4_confidence_research_v1,e5a1072ba3754f9a7e6d60fde5003b579f6a2f73c41b846532159559ad84eb77,c062e4ff2369a9c96f9a36410a4af8397add8c31d8525a020c815f9d51dcb1c2,b6de5899ef419c2be611fab48868833a32c6481f701a0eaf65525513b46754b2,7319e125278a62d9a9f9fad72f66df45ebb3fa8f553ff36ddf3a173e09eeebc2,d3c6f170eb2a6fce3f43e80d7ab094e5c06bc8a276505aa957d651920aeab0a2,2026-09-23T00:00:00+00:00,2026-09-24T00:00:00+00:00,B1,unavailable,,unknown,,,unknown,insufficient_evidence,,,proxy_complete,proxy_complete_no_claim,proxy_insufficient,scale_incompatible
fd02c2ad028990abcdb4830444891d9dfac90cb64a20df7778b34bf98efb84fc,phase4e_shadow_v1,2026-09-24,2026-09-24T19:02:39.570881+00:00,github-36045280392-1,80634446-9faf-4de8-bfa1-81ab2c7a0461,KO,USD,5,2026-09-23,88.08999633789062,eligible,,phase4_confidence_research_v1,e5a1072ba3754f9a7e6d60fde5003b579f6a2f73c41b846532159559ad84eb77,c062e4ff2369a9c96f9a36410a4af8397add8c31d8525a020c815f9d51dcb1c2,b6de5899ef419c2be611fab48868833a32c6481f701a0eaf65525513b46754b2,7319e125278a62d9a9f9fad72f66df45ebb3fa8f553ff36ddf3a173e09eeebc2,d3c6f170eb2a6fce3f43e80d7ab094e5c06bc8a276505aa957d651920aeab0a2,2026-09-23T00:00:00+00:00,2026-09-24T00:00:00+00:00,B5,robust,positive,unknown,,,low,single_model,,positive,proxy_complete,proxy_complete_no_claim,proxy_complete,scale_incompatible
76ec9f92193e1b1ee6b02eff815e1ec847a16953b2309d19bdb9f60b4958fe86,phase4e_shadow_v1,2026-09-24,2026-09-24T19:02:39.570881+00:00,github-36045280392-1,80634446-9faf-4de8-bfa1-81ab2c7a0461,KO,USD,20,2026-09-23,88.08999633789062,eligible,,phase4_confidence_research_v1,e5a1072ba3754f9a7e6d60fde5003b579f6a2f73c41b846532159559ad84eb77,c062e4ff2369a9c96f9a36410a4af8397add8c31d8525a020c815f9d51dcb1c2,b6de5899ef419c2be611fab48868833a32c6481f701a0eaf65525513b46754b2,7319e125278a62d9a9f9fad72f66df45ebb3fa8f553ff36ddf3a173e09eeebc2,d3c6f170eb2a6fce3f43e80d7ab094e5c06bc8a276505aa957d651920aeab0a2,2026-09-23T00:00:00+00:00,2026-09-24T00:00:00+00:00,B5,immature,,unknown,,,unknown,insufficient_evidence,,,proxy_complete,proxy_complete_no_claim,proxy_insufficient,scale_incompatible
57a6e100efc2056750d2efbe8f29e7a624d25b7b76152b8173897576f1a9047f,phase4e_shadow_v1,2026-09-24,2026-09-24T19:02:39.570881+00:00,github-36045280392-1,80634446-9faf-4de8-bfa1-81ab2c7a0461,KO,USD,40,2026-09-23,88.08999633789062,eligible,,phase4_confidence_research_v1,e5a1072ba3754f9a7e6d60fde5003b579f6a2f73c41b846532159559ad84eb77,c062e4ff2369a9c96f9a36410a4af8397add8c31d8525a020c815f9d51dcb1c2,b6de5899ef419c2be611fab48868833a32c6481f701a0eaf65525513b46754b2,7319e125278a62d9a9f9fad72f66df45ebb3fa8f553ff36ddf3a173e09eeebc2,d3c6f170eb2a6fce3f43e80d7ab094e5c06bc8a276505aa957d651920aeab0a2,2026-09-23T00:00:00+00:00,2026-09-24T00:00:00+00:00,B5,unavailable,,unknown,,,unknown,insufficient_evidence,,,proxy_complete,proxy_complete_no_claim,proxy_insufficient,scale_incompatible
eded248d66bc54ab4eb76322159a6f2cc2822fc6ab8ebafc68cf9d72efc5c2ac,phase4e_shadow_v1,2026-09-24,2026-09-24T19:02:39.570881+00:00,github-36045280392-1,80634446-9faf-4de8-bfa1-81ab2c7a0461,KO,USD,60,2026-09-23,88.08999633789062,eligible,,phase4_confidence_research_v1,e5a1072ba3754f9a7e6d60fde5003b579f6a2f73c41b846532159559ad84eb77,c062e4ff2369a9c96f9a36410a4af8397add8c31d8525a020c815f9d51dcb1c2,b6de5899ef419c2be611fab48868833a32c6481f701a0eaf65525513b46754b2,7319e125278a62d9a9f9fad72f66df45ebb3fa8f553ff36ddf3a173e09eeebc2,d3c6f170eb2a6fce3f43e80d7ab094e5c06bc8a276505aa957d651920aeab0a2,2026-09-23T00:00:00+00:00,2026-09-24T00:00:00+00:00,B5,unavailable,,unknown,,,unknown,insufficient_evidence,,,proxy_complete,proxy_complete_no_claim,proxy_insufficient,scale_incompatible
e23e97efae7bad52e5de97f103a8269b6a6b7f6a1c551d80787410ef0049c0b0,phase4e_shadow_v1,2026-09-24,2026-09-24T19:02:39.570881+00:00,github-36045280392-1,80634446-9faf-4de8-bfa1-81ab2c7a0461,LC0A.MU,USD,5,2026-09-23,29.600000381469727,eligible,,phase4_confidence_research_v1,e5a1072ba3754f9a7e6d60fde5003b579f6a2f73c41b846532159559ad84eb77,c062e4ff2369a9c96f9a36410a4af8397add8c31d8525a020c815f9d51dcb1c2,b6de5899ef419c2be611fab48868833a32c6481f701a0eaf65525513b46754b2,7319e125278a62d9a9f9fad72f66df45ebb3fa8f553ff36ddf3a173e09eeebc2,d3c6f170eb2a6fce3f43e80d7ab094e5c06bc8a276505aa957d651920aeab0a2,2026-09-23T00:00:00+00:00,2026-09-24T00:00:00+00:00,B4,directional_only,negative,unknown,,,middle,insufficient_evidence,,,proxy_complete,proxy_complete_no_claim,proxy_complete,scale_incompatible
cbc74c473f6db0d9d0849aca3113cee3ac070548925da783f392301d77f1d169,phase4e_shadow_v1,2026-09-24,2026-09-24T19:02:39.570881+00:00,github-36045280392-1,80634446-9faf-4de8-bfa1-81ab2c7a0461,LC0A.MU,USD,20,2026-09-23,29.600000381469727,eligible,,phase4_confidence_research_v1,e5a1072ba3754f9a7e6d60fde5003b579f6a2f73c41b846532159559ad84eb77,c062e4ff2369a9c96f9a36410a4af8397add8c31d8525a020c815f9d51dcb1c2,b6de5899ef419c2be611fab48868833a32c6481f701a0eaf65525513b46754b2,7319e125278a62d9a9f9fad72f66df45ebb3fa8f553ff36ddf3a173e09eeebc2,d3c6f170eb2a6fce3f43e80d7ab094e5c06bc8a276505aa957d651920aeab0a2,2026-09-23T00:00:00+00:00,2026-09-24T00:00:00+00:00,B4,immature,,unknown,,,unknown,insufficient_evidence,,,proxy_complete,proxy_complete_no_claim,proxy_insufficient,scale_incompatible
df0b26a1618403d6dadf9fd185eb41832b939661436ec1e8fcea5d05fccb2b3a,phase4e_shadow_v1,2026-09-24,2026-09-24T19:02:39.570881+00:00,github-36045280392-1,80634446-9faf-4de8-bfa1-81ab2c7a0461,LC0A.MU,USD,40,2026-09-23,29.600000381469727,eligible,,phase4_confidence_research_v1,e5a1072ba3754f9a7e6d60fde5003b579f6a2f73c41b846532159559ad84eb77,c062e4ff2369a9c96f9a36410a4af8397add8c31d8525a020c815f9d51dcb1c2,b6de5899ef419c2be611fab48868833a32c6481f701a0eaf65525513b46754b2,7319e125278a62d9a9f9fad72f66df45ebb3fa8f553ff36ddf3a173e09eeebc2,d3c6f170eb2a6fce3f43e80d7ab094e5c06bc8a276505aa957d651920aeab0a2,2026-09-23T00:00:00+00:00,2026-09-24T00:00:00+00:00,B4,unavailable,,unknown,,,unknown,insufficient_evidence,,,proxy_complete,proxy_complete_no_claim,proxy_insufficient,scale_incompatible
4b2d715ae4efb94f36e169fa8e1a10bcc04fe408834390fda6488d66bec92791,phase4e_shadow_v1,2026-09-24,2026-09-24T19:02:39.570881+00:00,github-36045280392-1,80634446-9faf-4de8-bfa1-81ab2c7a0461,LC0A.MU,USD,60,2026-09-23,29.600000381469727,eligible,,phase4_confidence_research_v1,e5a1072ba3754f9a7e6d60fde5003b579f6a2f73c41b846532159559ad84eb77,c062e4ff2369a9c96f9a36410a4af8397add8c31d8525a020c815f9d51dcb1c2,b6de5899ef419c2be611fab48868833a32c6481f701a0eaf65525513b46754b2,7319e125278a62d9a9f9fad72f66df45ebb3fa8f553ff36ddf3a173e09eeebc2,d3c6f170eb2a6fce3f43e80d7ab094e5c06bc8a276505aa957d651920aeab0a2,2026-09-23T00:00:00+00:00,2026-09-24T00:00:00+00:00,B4,unavailable,,unknown,,,unknown,insufficient_evidence,,,proxy_complete,proxy_complete_no_claim,proxy_insufficient,scale_incompatible
8c77deece7828f230ca448cc018064930bbd2e5f79f02b32fc01bc9c3152f31c,phase4e_shadow_v1,2026-09-24,2026-09-24T19:02:39.570881+00:00,github-36045280392-1,80634446-9faf-4de8-bfa1-81ab2c7a0461,LGO,USD,5,2026-09-23,0.7300000190734863,eligible,,phase4_confidence_research_v1,e5a1072ba3754f9a7e6d60fde5003b579f6a2f73c41b846532159559ad84eb77,c062e4ff2369a9c96f9a36410a4af8397add8c31d8525a020c815f9d51dcb1c2,b6de5899ef419c2be611fab48868833a32c6481f701a0eaf65525513b46754b2,7319e125278a62d9a9f9fad72f66df45ebb3fa8f553ff36ddf3a173e09eeebc2,d3c6f170eb2a6fce3f43e80d7ab094e5c06bc8a276505aa957d651920aeab0a2,2026-09-23T00:00:00+00:00,2026-09-24T00:00:00+00:00,B1,directional_only,negative,unknown,,,elevated,risk_only,,,proxy_complete,proxy_complete_no_claim,proxy_complete,scale_incompatible
e024a502453e96b8b18accc7e56630413ae9bbf8201346f23da378a896d02cef,phase4e_shadow_v1,2026-09-24,2026-09-24T19:02:39.570881+00:00,github-36045280392-1,80634446-9faf-4de8-bfa1-81ab2c7a0461,LGO,USD,20,2026-09-23,0.7300000190734863,eligible,,phase4_confidence_research_v1,e5a1072ba3754f9a7e6d60fde5003b579f6a2f73c41b846532159559ad84eb77,c062e4ff2369a9c96f9a36410a4af8397add8c31d8525a020c815f9d51dcb1c2,b6de5899ef419c2be611fab48868833a32c6481f701a0eaf65525513b46754b2,7319e125278a62d9a9f9fad72f66df45ebb3fa8f553ff36ddf3a173e09eeebc2,d3c6f170eb2a6fce3f43e80d7ab094e5c06bc8a276505aa957d651920aeab0a2,2026-09-23T00:00:00+00:00,2026-09-24T00:00:00+00:00,B1,immature,,unknown,,,unknown,insufficient_evidence,,,proxy_complete,proxy_complete_no_claim,proxy_insufficient,scale_incompatible
7eb170a61044ee194ee34ae97aa0b28c147a2a3b66511ae5fe0efb2edc2c45c9,phase4e_shadow_v1,2026-09-24,2026-09-24T19:02:39.570881+00:00,github-36045280392-1,80634446-9faf-4de8-bfa1-81ab2c7a0461,LGO,USD,40,2026-09-23,0.7300000190734863,eligible,,phase4_confidence_research_v1,e5a1072ba3754f9a7e6d60fde5003b579f6a2f73c41b846532159559ad84eb77,c062e4ff2369a9c96f9a36410a4af8397add8c31d8525a020c815f9d51dcb1c2,b6de5899ef419c2be611fab48868833a32c6481f701a0eaf65525513b46754b2,7319e125278a62d9a9f9fad72f66df45ebb3fa8f553ff36ddf3a173e09eeebc2,d3c6f170eb2a6fce3f43e80d7ab094e5c06bc8a276505aa957d651920aeab0a2,2026-09-23T00:00:00+00:00,2026-09-24T00:00:00+00:00,B1,unavailable,,unknown,,,unknown,insufficient_evidence,,,proxy_complete,proxy_complete_no_claim,proxy_insufficient,scale_incompatible
cbb1d0ee4d31b5e7ab6bd599fc649c71faf8678248b5939051ef72a2825d1dc6,phase4e_shadow_v1,2026-09-24,2026-09-24T19:02:39.570881+00:00,github-36045280392-1,80634446-9faf-4de8-bfa1-81ab2c7a0461,LGO,USD,60,2026-09-23,0.7300000190734863,eligible,,phase4_confidence_research_v1,e5a1072ba3754f9a7e6d60fde5003b579f6a2f73c41b846532159559ad84eb77,c062e4ff2369a9c96f9a36410a4af8397add8c31d8525a020c815f9d51dcb1c2,b6de5899ef419c2be611fab48868833a32c6481f701a0eaf65525513b46754b2,7319e125278a62d9a9f9fad72f66df45ebb3fa8f553ff36ddf3a173e09eeebc2,d3c6f170eb2a6fce3f43e80d7ab094e5c06bc8a276505aa957d651920aeab0a2,2026-09-23T00:00:00+00:00,2026-09-24T00:00:00+00:00,B1,unavailable,,unknown,,,unknown,insufficient_evidence,,,proxy_complete,proxy_complete_no_claim,proxy_insufficient,scale_incompatible
a3c59ba3cf7ccdcc37a85b6c62167af1a7a2dcf8d50cc745d298eb2b0f7c6551,phase4e_shadow_v1,2026-09-24,2026-09-24T19:02:39.570881+00:00,github-36045280392-1,80634446-9faf-4de8-bfa1-81ab2c7a0461,LIN,USD,5,2026-09-23,469.7200012207031,eligible,,phase4_confidence_research_v1,e5a1072ba3754f9a7e6d60fde5003b579f6a2f73c41b846532159559ad84eb77,c062e4ff2369a9c96f9a36410a4af8397add8c31d8525a020c815f9d51dcb1c2,b6de5899ef419c2be611fab48868833a32c6481f701a0eaf65525513b46754b2,7319e125278a62d9a9f9fad72f66df45ebb3fa8f553ff36ddf3a173e09eeebc2,d3c6f170eb2a6fce3f43e80d7ab094e5c06bc8a276505aa957d651920aeab0a2,2026-09-23T00:00:00+00:00,2026-09-24T00:00:00+00:00,B3,robust,positive,unknown,,,low,single_model,,positive,proxy_complete,proxy_complete_no_claim,proxy_complete,scale_incompatible
e28ec0148906e8b95c4f3bfd8e85372f30184280a1bdbe0408c97e3647191613,phase4e_shadow_v1,2026-09-24,2026-09-24T19:02:39.570881+00:00,github-36045280392-1,80634446-9faf-4de8-bfa1-81ab2c7a0461,LIN,USD,20,2026-09-23,469.7200012207031,eligible,,phase4_confidence_research_v1,e5a1072ba3754f9a7e6d60fde5003b579f6a2f73c41b846532159559ad84eb77,c062e4ff2369a9c96f9a36410a4af8397add8c31d8525a020c815f9d51dcb1c2,b6de5899ef419c2be611fab48868833a32c6481f701a0eaf65525513b46754b2,7319e125278a62d9a9f9fad72f66df45ebb3fa8f553ff36ddf3a173e09eeebc2,d3c6f170eb2a6fce3f43e80d7ab094e5c06bc8a276505aa957d651920aeab0a2,2026-09-23T00:00:00+00:00,2026-09-24T00:00:00+00:00,B3,immature,,unknown,,,unknown,insufficient_evidence,,,proxy_complete,proxy_complete_no_claim,proxy_insufficient,scale_incompatible
af61f17e6dc7a21eb6bf27c9ca6066b634f1982085eba0ce055364c8e6b27bb6,phase4e_shadow_v1,2026-09-24,2026-09-24T19:02:39.570881+00:00,github-36045280392-1,80634446-9faf-4de8-bfa1-81ab2c7a0461,LIN,USD,40,2026-09-23,469.7200012207031,eligible,,phase4_confidence_research_v1,e5a1072ba3754f9a7e6d60fde5003b579f6a2f73c41b846532159559ad84eb77,c062e4ff2369a9c96f9a36410a4af8397add8c31d8525a020c815f9d51dcb1c2,b6de5899ef419c2be611fab48868833a32c6481f701a0eaf65525513b46754b2,7319e125278a62d9a9f9fad72f66df45ebb3fa8f553ff36ddf3a173e09eeebc2,d3c6f170eb2a6fce3f43e80d7ab094e5c06bc8a276505aa957d651920aeab0a2,2026-09-23T00:00:00+00:00,2026-09-24T00:00:00+00:00,B3,unavailable,,unknown,,,unknown,insufficient_evidence,,,proxy_complete,proxy_complete_no_claim,proxy_insufficient,scale_incompatible
a2c313d5e3f0662cfdd371ca8904b7d1fe24f18487da84a352dac2fb685a429d,phase4e_shadow_v1,2026-09-24,2026-09-24T19:02:39.570881+00:00,github-36045280392-1,80634446-9faf-4de8-bfa1-81ab2c7a0461,LIN,USD,60,2026-09-23,469.7200012207031,eligible,,phase4_confidence_research_v1,e5a1072ba3754f9a7e6d60fde5003b579f6a2f73c41b846532159559ad84eb77,c062e4ff2369a9c96f9a36410a4af8397add8c31d8525a020c815f9d51dcb1c2,b6de5899ef419c2be611fab48868833a32c6481f701a0eaf65525513b46754b2,7319e125278a62d9a9f9fad72f66df45ebb3fa8f553ff36ddf3a173e09eeebc2,d3c6f170eb2a6fce3f43e80d7ab094e5c06bc8a276505aa957d651920aeab0a2,2026-09-23T00:00:00+00:00,2026-09-24T00:00:00+00:00,B3,unavailable,,unknown,,,unknown,insufficient_evidence,,,proxy_complete,proxy_complete_no_claim,proxy_insufficient,scale_incompatible
4630158a76f11159571cfe26d93f3383e810990e92e740d6d078858f524f9439,phase4e_shadow_v1,2026-09-24,2026-09-24T19:02:39.570881+00:00,github-36045280392-1,80634446-9faf-4de8-bfa1-81ab2c7a0461,LRCX,,5,2026-09-23,307.2799987792969,eligible,,phase4_confidence_research_v1,e5a1072ba3754f9a7e6d60fde5003b579f6a2f73c41b846532159559ad84eb77,c062e4ff2369a9c96f9a36410a4af8397add8c31d8525a020c815f9d51dcb1c2,b6de5899ef419c2be611fab48868833a32c6481f701a0eaf65525513b46754b2,7319e125278a62d9a9f9fad72f66df45ebb3fa8f553ff36ddf3a173e09eeebc2,d3c6f170eb2a6fce3f43e80d7ab094e5c06bc8a276505aa957d651920aeab0a2,2026-09-23T00:00:00+00:00,2026-09-24T00:00:00+00:00,B2,directional_only,negative,unknown,,,middle,insufficient_evidence,,,proxy_complete,proxy_complete_no_claim,proxy_complete,scale_incompatible
c55d35128d5f3d3e9357aef8de36a1a9a858c47db6176c9911334679b71a739a,phase4e_shadow_v1,2026-09-24,2026-09-24T19:02:39.570881+00:00,github-36045280392-1,80634446-9faf-4de8-bfa1-81ab2c7a0461,LRCX,,20,2026-09-23,307.2799987792969,eligible,,phase4_confidence_research_v1,e5a1072ba3754f9a7e6d60fde5003b579f6a2f73c41b846532159559ad84eb77,c062e4ff2369a9c96f9a36410a4af8397add8c31d8525a020c815f9d51dcb1c2,b6de5899ef419c2be611fab48868833a32c6481f701a0eaf65525513b46754b2,7319e125278a62d9a9f9fad72f66df45ebb3fa8f553ff36ddf3a173e09eeebc2,d3c6f170eb2a6fce3f43e80d7ab094e5c06bc8a276505aa957d651920aeab0a2,2026-09-23T00:00:00+00:00,2026-09-24T00:00:00+00:00,B2,immature,,unknown,,,unknown,insufficient_evidence,,,proxy_complete,proxy_complete_no_claim,proxy_insufficient,scale_incompatible
65a1a8e66631934d1b4b9f1255ee98a24f9276e43a8e57f6ba11ed32df8ccc0c,phase4e_shadow_v1,2026-09-24,2026-09-24T19:02:39.570881+00:00,github-36045280392-1,80634446-9faf-4de8-bfa1-81ab2c7a0461,LRCX,,40,2026-09-23,307.2799987792969,eligible,,phase4_confidence_research_v1,e5a1072ba3754f9a7e6d60fde5003b579f6a2f73c41b846532159559ad84eb77,c062e4ff2369a9c96f9a36410a4af8397add8c31d8525a020c815f9d51dcb1c2,b6de5899ef419c2be611fab48868833a32c6481f701a0eaf65525513b46754b2,7319e125278a62d9a9f9fad72f66df45ebb3fa8f553ff36ddf3a173e09eeebc2,d3c6f170eb2a6fce3f43e80d7ab094e5c06bc8a276505aa957d651920aeab0a2,2026-09-23T00:00:00+00:00,2026-09-24T00:00:00+00:00,B2,unavailable,,unknown,,,unknown,insufficient_evidence,,,proxy_complete,proxy_complete_no_claim,proxy_insufficient,scale_incompatible
e2a85dd0a7872310ec77caa0fbb04bfe603072dcd68e63d2bc0d35248a3f61d6,phase4e_shadow_v1,2026-09-24,2026-09-24T19:02:39.570881+00:00,github-36045280392-1,80634446-9faf-4de8-bfa1-81ab2c7a0461,LRCX,,60,2026-09-23,307.2799987792969,eligible,,phase4_confidence_research_v1,e5a1072ba3754f9a7e6d60fde5003b579f6a2f73c41b846532159559ad84eb77,c062e4ff2369a9c96f9a36410a4af8397add8c31d8525a020c815f9d51dcb1c2,b6de5899ef419c2be611fab48868833a32c6481f701a0eaf65525513b46754b2,7319e125278a62d9a9f9fad72f66df45ebb3fa8f553ff36ddf3a173e09eeebc2,d3c6f170eb2a6fce3f43e80d7ab094e5c06bc8a276505aa957d651920aeab0a2,2026-09-23T00:00:00+00:00,2026-09-24T00:00:00+00:00,B2,unavailable,,unknown,,,unknown,insufficient_evidence,,,proxy_complete,proxy_complete_no_claim,proxy_insufficient,scale_incompatible
2b1a3d5a8cc35281a6f813d1a3cae0f6f0b915e83e377d56dcda3d740724f5fe,phase4e_shadow_v1,2026-09-24,2026-09-24T19:02:39.570881+00:00,github-36045280392-1,80634446-9faf-4de8-bfa1-81ab2c7a0461,LUMN,USD,5,2026-09-23,6.130000114440918,eligible,,phase4_confidence_research_v1,e5a1072ba3754f9a7e6d60fde5003b579f6a2f73c41b846532159559ad84eb77,c062e4ff2369a9c96f9a36410a4af8397add8c31d8525a020c815f9d51dcb1c2,b6de5899ef419c2be611fab48868833a32c6481f701a0eaf65525513b46754b2,7319e125278a62d9a9f9fad72f66df45ebb3fa8f553ff36ddf3a173e09eeebc2,d3c6f170eb2a6fce3f43e80d7ab094e5c06bc8a276505aa957d651920aeab0a2,2026-09-23T00:00:00+00:00,2026-09-24T00:00:00+00:00,B1,directional_only,negative,unknown,,,middle,insufficient_evidence,,,proxy_complete,proxy_complete_no_claim,proxy_complete,scale_incompatible
97a2337fb5be105ba0d35d2af5a20e44099adac8764bfbcf4811cbfc3398badf,phase4e_shadow_v1,2026-09-24,2026-09-24T19:02:39.570881+00:00,github-36045280392-1,80634446-9faf-4de8-bfa1-81ab2c7a0461,LUMN,USD,20,2026-09-23,6.130000114440918,eligible,,phase4_confidence_research_v1,e5a1072ba3754f9a7e6d60fde5003b579f6a2f73c41b846532159559ad84eb77,c062e4ff2369a9c96f9a36410a4af8397add8c31d8525a020c815f9d51dcb1c2,b6de5899ef419c2be611fab48868833a32c6481f701a0eaf65525513b46754b2,7319e125278a62d9a9f9fad72f66df45ebb3fa8f553ff36ddf3a173e09eeebc2,d3c6f170eb2a6fce3f43e80d7ab094e5c06bc8a276505aa957d651920aeab0a2,2026-09-23T00:00:00+00:00,2026-09-24T00:00:00+00:00,B1,immature,,unknown,,,unknown,insufficient_evidence,,,proxy_complete,proxy_complete_no_claim,proxy_insufficient,scale_incompatible
42c85cdfb07dc4d51410293546102acac374cb245b363d1c3f89e4f9231a38f2,phase4e_shadow_v1,2026-09-24,2026-09-24T19:02:39.570881+00:00,github-36045280392-1,80634446-9faf-4de8-bfa1-81ab2c7a0461,LUMN,USD,40,2026-09-23,6.130000114440918,eligible,,phase4_confidence_research_v1,e5a1072ba3754f9a7e6d60fde5003b579f6a2f73c41b846532159559ad84eb77,c062e4ff2369a9c96f9a36410a4af8397add8c31d8525a020c815f9d51dcb1c2,b6de5899ef419c2be611fab48868833a32c6481f701a0eaf65525513b46754b2,7319e125278a62d9a9f9fad72f66df45ebb3fa8f553ff36ddf3a173e09eeebc2,d3c6f170eb2a6fce3f43e80d7ab094e5c06bc8a276505aa957d651920aeab0a2,2026-09-23T00:00:00+00:00,2026-09-24T00:00:00+00:00,B1,unavailable,,unknown,,,unknown,insufficient_evidence,,,proxy_complete,proxy_complete_no_claim,proxy_insufficient,scale_incompatible
5f45c777002bfc7d26b1ae2235487b38414f0e50064f6bffc16217eb065db118,phase4e_shadow_v1,2026-09-24,2026-09-24T19:02:39.570881+00:00,github-36045280392-1,80634446-9faf-4de8-bfa1-81ab2c7a0461,LUMN,USD,60,2026-09-23,6.130000114440918,eligible,,phase4_confidence_research_v1,e5a1072ba3754f9a7e6d60fde5003b579f6a2f73c41b846532159559ad84eb77,c062e4ff2369a9c96f9a36410a4af8397add8c31d8525a020c815f9d51dcb1c2,b6de5899ef419c2be611fab48868833a32c6481f701a0eaf65525513b46754b2,7319e125278a62d9a9f9fad72f66df45ebb3fa8f553ff36ddf3a173e09eeebc2,d3c6f170eb2a6fce3f43e80d7ab094e5c06bc8a276505aa957d651920aeab0a2,2026-09-23T00:00:00+00:00,2026-09-24T00:00:00+00:00,B1,unavailable,,unknown,,,unknown,insufficient_evidence,,,proxy_complete,proxy_complete_no_claim,proxy_insufficient,scale_incompatible
e5517e4ce100c7d3891846b157e8b0d572effc3d5f1cf2146cf2a7c5c6c5619a,phase4e_shadow_v1,2026-09-24,2026-09-24T19:02:39.570881+00:00,github-36045280392-1,80634446-9faf-4de8-bfa1-81ab2c7a0461,MA,USD,5,2026-09-23,559.9199829101562,eligible,,phase4_confidence_research_v1,e5a1072ba3754f9a7e6d60fde5003b579f6a2f73c41b846532159559ad84eb77,c062e4ff2369a9c96f9a36410a4af8397add8c31d8525a020c815f9d51dcb1c2,b6de5899ef419c2be611fab48868833a32c6481f701a0eaf65525513b46754b2,7319e125278a62d9a9f9fad72f66df45ebb3fa8f553ff36ddf3a173e09eeebc2,d3c6f170eb2a6fce3f43e80d7ab094e5c06bc8a276505aa957d651920aeab0a2,2026-09-23T00:00:00+00:00,2026-09-24T00:00:00+00:00,B5,robust,positive,unknown,,,low,single_model,,positive,proxy_complete,proxy_complete_no_claim,proxy_complete,scale_incompatible
927522d435df53e468f74f069232b2464f710368803209f4c84477c481429bba,phase4e_shadow_v1,2026-09-24,2026-09-24T19:02:39.570881+00:00,github-36045280392-1,80634446-9faf-4de8-bfa1-81ab2c7a0461,MA,USD,20,2026-09-23,559.9199829101562,eligible,,phase4_confidence_research_v1,e5a1072ba3754f9a7e6d60fde5003b579f6a2f73c41b846532159559ad84eb77,c062e4ff2369a9c96f9a36410a4af8397add8c31d8525a020c815f9d51dcb1c2,b6de5899ef419c2be611fab48868833a32c6481f701a0eaf65525513b46754b2,7319e125278a62d9a9f9fad72f66df45ebb3fa8f553ff36ddf3a173e09eeebc2,d3c6f170eb2a6fce3f43e80d7ab094e5c06bc8a276505aa957d651920aeab0a2,2026-09-23T00:00:00+00:00,2026-09-24T00:00:00+00:00,B5,immature,,unknown,,,unknown,insufficient_evidence,,,proxy_complete,proxy_complete_no_claim,proxy_insufficient,scale_incompatible
6151878d3dcca66281df49e4c36f627cb2c2f574b885065fd792009f7256c716,phase4e_shadow_v1,2026-09-24,2026-09-24T19:02:39.570881+00:00,github-36045280392-1,80634446-9faf-4de8-bfa1-81ab2c7a0461,MA,USD,40,2026-09-23,559.9199829101562,eligible,,phase4_confidence_research_v1,e5a1072ba3754f9a7e6d60fde5003b579f6a2f73c41b846532159559ad84eb77,c062e4ff2369a9c96f9a36410a4af8397add8c31d8525a020c815f9d51dcb1c2,b6de5899ef419c2be611fab48868833a32c6481f701a0eaf65525513b46754b2,7319e125278a62d9a9f9fad72f66df45ebb3fa8f553ff36ddf3a173e09eeebc2,d3c6f170eb2a6fce3f43e80d7ab094e5c06bc8a276505aa957d651920aeab0a2,2026-09-23T00:00:00+00:00,2026-09-24T00:00:00+00:00,B5,unavailable,,unknown,,,unknown,insufficient_evidence,,,proxy_complete,proxy_complete_no_claim,proxy_insufficient,scale_incompatible
5959723a3d191d04df127af39f36e285f5200a8bacd2b40acd93e32c10515f70,phase4e_shadow_v1,2026-09-24,2026-09-24T19:02:39.570881+00:00,github-36045280392-1,80634446-9faf-4de8-bfa1-81ab2c7a0461,MA,USD,60,2026-09-23,559.9199829101562,eligible,,phase4_confidence_research_v1,e5a1072ba3754f9a7e6d60fde5003b579f6a2f73c41b846532159559ad84eb77,c062e4ff2369a9c96f9a36410a4af8397add8c31d8525a020c815f9d51dcb1c2,b6de5899ef419c2be611fab48868833a32c6481f701a0eaf65525513b46754b2,7319e125278a62d9a9f9fad72f66df45ebb3fa8f553ff36ddf3a173e09eeebc2,d3c6f170eb2a6fce3f43e80d7ab094e5c06bc8a276505aa957d651920aeab0a2,2026-09-23T00:00:00+00:00,2026-09-24T00:00:00+00:00,B5,unavailable,,unknown,,,unknown,insufficient_evidence,,,proxy_complete,proxy_complete_no_claim,proxy_insufficient,scale_incompatible
30877ea72a40af55b20b44c4f698cb39f6becd5e5a2b4950919a1d10426461a2,phase4e_shadow_v1,2026-09-24,2026-09-24T19:02:39.570881+00:00,github-36045280392-1,80634446-9faf-4de8-bfa1-81ab2c7a0461,MBLY,USD,5,2026-09-23,7.610000133514404,eligible,,phase4_confidence_research_v1,e5a1072ba3754f9a7e6d60fde5003b579f6a2f73c41b846532159559ad84eb77,c062e4ff2369a9c96f9a36410a4af8397add8c31d8525a020c815f9d51dcb1c2,b6de5899ef419c2be611fab48868833a32c6481f701a0eaf65525513b46754b2,7319e125278a62d9a9f9fad72f66df45ebb3fa8f553ff36ddf3a173e09eeebc2,d3c6f170eb2a6fce3f43e80d7ab094e5c06bc8a276505aa957d651920aeab0a2,2026-09-23T00:00:00+00:00,2026-09-24T00:00:00+00:00,B1,directional_only,negative,unknown,,,elevated,risk_only,,,proxy_complete,proxy_complete_no_claim,proxy_complete,scale_incompatible
6994347642c33e1daf2bfe5f7a24884168f0f173c77e43558b9e05224a3204da,phase4e_shadow_v1,2026-09-24,2026-09-24T19:02:39.570881+00:00,github-36045280392-1,80634446-9faf-4de8-bfa1-81ab2c7a0461,MBLY,USD,20,2026-09-23,7.610000133514404,eligible,,phase4_confidence_research_v1,e5a1072ba3754f9a7e6d60fde5003b579f6a2f73c41b846532159559ad84eb77,c062e4ff2369a9c96f9a36410a4af8397add8c31d8525a020c815f9d51dcb1c2,b6de5899ef419c2be611fab48868833a32c6481f701a0eaf65525513b46754b2,7319e125278a62d9a9f9fad72f66df45ebb3fa8f553ff36ddf3a173e09eeebc2,d3c6f170eb2a6fce3f43e80d7ab094e5c06bc8a276505aa957d651920aeab0a2,2026-09-23T00:00:00+00:00,2026-09-24T00:00:00+00:00,B1,immature,,unknown,,,unknown,insufficient_evidence,,,proxy_complete,proxy_complete_no_claim,proxy_insufficient,scale_incompatible
6214e0a7ce0d44920969a89d28bb6faee95ad8968f667b893a9e67dfb6602979,phase4e_shadow_v1,2026-09-24,2026-09-24T19:02:39.570881+00:00,github-36045280392-1,80634446-9faf-4de8-bfa1-81ab2c7a0461,MBLY,USD,40,2026-09-23,7.610000133514404,eligible,,phase4_confidence_research_v1,e5a1072ba3754f9a7e6d60fde5003b579f6a2f73c41b846532159559ad84eb77,c062e4ff2369a9c96f9a36410a4af8397add8c31d8525a020c815f9d51dcb1c2,b6de5899ef419c2be611fab48868833a32c6481f701a0eaf65525513b46754b2,7319e125278a62d9a9f9fad72f66df45ebb3fa8f553ff36ddf3a173e09eeebc2,d3c6f170eb2a6fce3f43e80d7ab094e5c06bc8a276505aa957d651920aeab0a2,2026-09-23T00:00:00+00:00,2026-09-24T00:00:00+00:00,B1,unavailable,,unknown,,,unknown,insufficient_evidence,,,proxy_complete,proxy_complete_no_claim,proxy_insufficient,scale_incompatible
55560f6147632374b1731a4d20ce8f527266a2a36c6969fc0153514d2fa385c0,phase4e_shadow_v1,2026-09-24,2026-09-24T19:02:39.570881+00:00,github-36045280392-1,80634446-9faf-4de8-bfa1-81ab2c7a0461,MBLY,USD,60,2026-09-23,7.610000133514404,eligible,,phase4_confidence_research_v1,e5a1072ba3754f9a7e6d60fde5003b579f6a2f73c41b846532159559ad84eb77,c062e4ff2369a9c96f9a36410a4af8397add8c31d8525a020c815f9d51dcb1c2,b6de5899ef419c2be611fab48868833a32c6481f701a0eaf65525513b46754b2,7319e125278a62d9a9f9fad72f66df45ebb3fa8f553ff36ddf3a173e09eeebc2,d3c6f170eb2a6fce3f43e80d7ab094e5c06bc8a276505aa957d651920aeab0a2,2026-09-23T00:00:00+00:00,2026-09-24T00:00:00+00:00,B1,unavailable,,unknown,,,unknown,insufficient_evidence,,,proxy_complete,proxy_complete_no_claim,proxy_insufficient,scale_incompatible
1e596464f9efacfc53004c47d080a819dd7c9aff772bde8e12aa7b96c8f9ffa3,phase4e_shadow_v1,2026-09-24,2026-09-24T19:02:39.570881+00:00,github-36045280392-1,80634446-9faf-4de8-bfa1-81ab2c7a0461,MC.PA,EUR,5,2026-09-23,396.8999938964844,eligible,,phase4_confidence_research_v1,e5a1072ba3754f9a7e6d60fde5003b579f6a2f73c41b846532159559ad84eb77,c062e4ff2369a9c96f9a36410a4af8397add8c31d8525a020c815f9d51dcb1c2,b6de5899ef419c2be611fab48868833a32c6481f701a0eaf65525513b46754b2,7319e125278a62d9a9f9fad72f66df45ebb3fa8f553ff36ddf3a173e09eeebc2,d3c6f170eb2a6fce3f43e80d7ab094e5c06bc8a276505aa957d651920aeab0a2,2026-09-23T00:00:00+00:00,2026-09-24T00:00:00+00:00,B2,directional_only,negative,unknown,,,middle,insufficient_evidence,,,proxy_complete,proxy_complete_no_claim,proxy_complete,scale_incompatible
d520844742ac3d500b683ac05f45fc59a6fc051865ef22d8fb51a76251697693,phase4e_shadow_v1,2026-09-24,2026-09-24T19:02:39.570881+00:00,github-36045280392-1,80634446-9faf-4de8-bfa1-81ab2c7a0461,MC.PA,EUR,20,2026-09-23,396.8999938964844,eligible,,phase4_confidence_research_v1,e5a1072ba3754f9a7e6d60fde5003b579f6a2f73c41b846532159559ad84eb77,c062e4ff2369a9c96f9a36410a4af8397add8c31d8525a020c815f9d51dcb1c2,b6de5899ef419c2be611fab48868833a32c6481f701a0eaf65525513b46754b2,7319e125278a62d9a9f9fad72f66df45ebb3fa8f553ff36ddf3a173e09eeebc2,d3c6f170eb2a6fce3f43e80d7ab094e5c06bc8a276505aa957d651920aeab0a2,2026-09-23T00:00:00+00:00,2026-09-24T00:00:00+00:00,B2,immature,,unknown,,,unknown,insufficient_evidence,,,proxy_complete,proxy_complete_no_claim,proxy_insufficient,scale_incompatible
0ef9a45adb65b21bb2bcee3e0965b6dbe059f655b4ff9b1fdef9ca615bc2b2db,phase4e_shadow_v1,2026-09-24,2026-09-24T19:02:39.570881+00:00,github-36045280392-1,80634446-9faf-4de8-bfa1-81ab2c7a0461,MC.PA,EUR,40,2026-09-23,396.8999938964844,eligible,,phase4_confidence_research_v1,e5a1072ba3754f9a7e6d60fde5003b579f6a2f73c41b846532159559ad84eb77,c062e4ff2369a9c96f9a36410a4af8397add8c31d8525a020c815f9d51dcb1c2,b6de5899ef419c2be611fab48868833a32c6481f701a0eaf65525513b46754b2,7319e125278a62d9a9f9fad72f66df45ebb3fa8f553ff36ddf3a173e09eeebc2,d3c6f170eb2a6fce3f43e80d7ab094e5c06bc8a276505aa957d651920aeab0a2,2026-09-23T00:00:00+00:00,2026-09-24T00:00:00+00:00,B2,unavailable,,unknown,,,unknown,insufficient_evidence,,,proxy_complete,proxy_complete_no_claim,proxy_insufficient,scale_incompatible
d1fbcd3e55ffdba76309eea04a8f7cbb42f19dfe0e72ebce0b96da4caeaa4317,phase4e_shadow_v1,2026-09-24,2026-09-24T19:02:39.570881+00:00,github-36045280392-1,80634446-9faf-4de8-bfa1-81ab2c7a0461,MC.PA,EUR,60,2026-09-23,396.8999938964844,eligible,,phase4_confidence_research_v1,e5a1072ba3754f9a7e6d60fde5003b579f6a2f73c41b846532159559ad84eb77,c062e4ff2369a9c96f9a36410a4af8397add8c31d8525a020c815f9d51dcb1c2,b6de5899ef419c2be611fab48868833a32c6481f701a0eaf65525513b46754b2,7319e125278a62d9a9f9fad72f66df45ebb3fa8f553ff36ddf3a173e09eeebc2,d3c6f170eb2a6fce3f43e80d7ab094e5c06bc8a276505aa957d651920aeab0a2,2026-09-23T00:00:00+00:00,2026-09-24T00:00:00+00:00,B2,unavailable,,unknown,,,unknown,insufficient_evidence,,,proxy_complete,proxy_complete_no_claim,proxy_insufficient,scale_incompatible
7736ed21b8122fdc2e53502f14181cd1f9533b449f579eef072628f9b4e76bba,phase4e_shadow_v1,2026-09-24,2026-09-24T19:02:39.570881+00:00,github-36045280392-1,80634446-9faf-4de8-bfa1-81ab2c7a0461,MCD,USD,5,2026-09-23,238.32000732421875,eligible,,phase4_confidence_research_v1,e5a1072ba3754f9a7e6d60fde5003b579f6a2f73c41b846532159559ad84eb77,c062e4ff2369a9c96f9a36410a4af8397add8c31d8525a020c815f9d51dcb1c2,b6de5899ef419c2be611fab48868833a32c6481f701a0eaf65525513b46754b2,7319e125278a62d9a9f9fad72f66df45ebb3fa8f553ff36ddf3a173e09eeebc2,d3c6f170eb2a6fce3f43e80d7ab094e5c06bc8a276505aa957d651920aeab0a2,2026-09-23T00:00:00+00:00,2026-09-24T00:00:00+00:00,B3,robust,positive,unknown,,,middle,single_model,,positive,proxy_complete,proxy_complete_no_claim,proxy_complete,scale_incompatible
c4f8100a1f4e7ee6a0e30d226fdf9bf7ddfa2eb186af302f12c3b0da5544c551,phase4e_shadow_v1,2026-09-24,2026-09-24T19:02:39.570881+00:00,github-36045280392-1,80634446-9faf-4de8-bfa1-81ab2c7a0461,MCD,USD,20,2026-09-23,238.32000732421875,eligible,,phase4_confidence_research_v1,e5a1072ba3754f9a7e6d60fde5003b579f6a2f73c41b846532159559ad84eb77,c062e4ff2369a9c96f9a36410a4af8397add8c31d8525a020c815f9d51dcb1c2,b6de5899ef419c2be611fab48868833a32c6481f701a0eaf65525513b46754b2,7319e125278a62d9a9f9fad72f66df45ebb3fa8f553ff36ddf3a173e09eeebc2,d3c6f170eb2a6fce3f43e80d7ab094e5c06bc8a276505aa957d651920aeab0a2,2026-09-23T00:00:00+00:00,2026-09-24T00:00:00+00:00,B3,immature,,unknown,,,unknown,insufficient_evidence,,,proxy_complete,proxy_complete_no_claim,proxy_insufficient,scale_incompatible
4f27f09024e6edcb51d4a6a7ad4070743b0274fd5c67e5c6e3278ab766c2d0d5,phase4e_shadow_v1,2026-09-24,2026-09-24T19:02:39.570881+00:00,github-36045280392-1,80634446-9faf-4de8-bfa1-81ab2c7a0461,MCD,USD,40,2026-09-23,238.32000732421875,eligible,,phase4_confidence_research_v1,e5a1072ba3754f9a7e6d60fde5003b579f6a2f73c41b846532159559ad84eb77,c062e4ff2369a9c96f9a36410a4af8397add8c31d8525a020c815f9d51dcb1c2,b6de5899ef419c2be611fab48868833a32c6481f701a0eaf65525513b46754b2,7319e125278a62d9a9f9fad72f66df45ebb3fa8f553ff36ddf3a173e09eeebc2,d3c6f170eb2a6fce3f43e80d7ab094e5c06bc8a276505aa957d651920aeab0a2,2026-09-23T00:00:00+00:00,2026-09-24T00:00:00+00:00,B3,unavailable,,unknown,,,unknown,insufficient_evidence,,,proxy_complete,proxy_complete_no_claim,proxy_insufficient,scale_incompatible
cc882a021946a78f7647997a6136c506918ff76aac81d4b8a59f358cd3524438,phase4e_shadow_v1,2026-09-24,2026-09-24T19:02:39.570881+00:00,github-36045280392-1,80634446-9faf-4de8-bfa1-81ab2c7a0461,MCD,USD,60,2026-09-23,238.32000732421875,eligible,,phase4_confidence_research_v1,e5a1072ba3754f9a7e6d60fde5003b579f6a2f73c41b846532159559ad84eb77,c062e4ff2369a9c96f9a36410a4af8397add8c31d8525a020c815f9d51dcb1c2,b6de5899ef419c2be611fab48868833a32c6481f701a0eaf65525513b46754b2,7319e125278a62d9a9f9fad72f66df45ebb3fa8f553ff36ddf3a173e09eeebc2,d3c6f170eb2a6fce3f43e80d7ab094e5c06bc8a276505aa957d651920aeab0a2,2026-09-23T00:00:00+00:00,2026-09-24T00:00:00+00:00,B3,unavailable,,unknown,,,unknown,insufficient_evidence,,,proxy_complete,proxy_complete_no_claim,proxy_insufficient,scale_incompatible
2084e87521c5d4e46b9b0cbea71a973a77bb5d8c918ece6e4887adb872f93b7a,phase4e_shadow_v1,2026-09-24,2026-09-24T19:02:39.570881+00:00,github-36045280392-1,80634446-9faf-4de8-bfa1-81ab2c7a0461,MELI,USD,5,2026-09-23,1799.239990234375,eligible,,phase4_confidence_research_v1,e5a1072ba3754f9a7e6d60fde5003b579f6a2f73c41b846532159559ad84eb77,c062e4ff2369a9c96f9a36410a4af8397add8c31d8525a020c815f9d51dcb1c2,b6de5899ef419c2be611fab48868833a32c6481f701a0eaf65525513b46754b2,7319e125278a62d9a9f9fad72f66df45ebb3fa8f553ff36ddf3a173e09eeebc2,d3c6f170eb2a6fce3f43e80d7ab094e5c06bc8a276505aa957d651920aeab0a2,2026-09-23T00:00:00+00:00,2026-09-24T00:00:00+00:00,B4,directional_only,negative,unknown,,,middle,insufficient_evidence,,,proxy_complete,proxy_complete_no_claim,proxy_complete,scale_incompatible
33d12a046c31961df204485fe511773696ae95d7780f5d2e117b649328bb255f,phase4e_shadow_v1,2026-09-24,2026-09-24T19:02:39.570881+00:00,github-36045280392-1,80634446-9faf-4de8-bfa1-81ab2c7a0461,MELI,USD,20,2026-09-23,1799.239990234375,eligible,,phase4_confidence_research_v1,e5a1072ba3754f9a7e6d60fde5003b579f6a2f73c41b846532159559ad84eb77,c062e4ff2369a9c96f9a36410a4af8397add8c31d8525a020c815f9d51dcb1c2,b6de5899ef419c2be611fab48868833a32c6481f701a0eaf65525513b46754b2,7319e125278a62d9a9f9fad72f66df45ebb3fa8f553ff36ddf3a173e09eeebc2,d3c6f170eb2a6fce3f43e80d7ab094e5c06bc8a276505aa957d651920aeab0a2,2026-09-23T00:00:00+00:00,2026-09-24T00:00:00+00:00,B4,immature,,unknown,,,unknown,insufficient_evidence,,,proxy_complete,proxy_complete_no_claim,proxy_insufficient,scale_incompatible
cfc002b02998edd340d6582ac5f8ad7befbf7766d9a33780d828a461f1a0dde1,phase4e_shadow_v1,2026-09-24,2026-09-24T19:02:39.570881+00:00,github-36045280392-1,80634446-9faf-4de8-bfa1-81ab2c7a0461,MELI,USD,40,2026-09-23,1799.239990234375,eligible,,phase4_confidence_research_v1,e5a1072ba3754f9a7e6d60fde5003b579f6a2f73c41b846532159559ad84eb77,c062e4ff2369a9c96f9a36410a4af8397add8c31d8525a020c815f9d51dcb1c2,b6de5899ef419c2be611fab48868833a32c6481f701a0eaf65525513b46754b2,7319e125278a62d9a9f9fad72f66df45ebb3fa8f553ff36ddf3a173e09eeebc2,d3c6f170eb2a6fce3f43e80d7ab094e5c06bc8a276505aa957d651920aeab0a2,2026-09-23T00:00:00+00:00,2026-09-24T00:00:00+00:00,B4,unavailable,,unknown,,,unknown,insufficient_evidence,,,proxy_complete,proxy_complete_no_claim,proxy_insufficient,scale_incompatible
a8038c159b33346cb1a9e576d6af33a6f26739c281f49aa8becbe1611c9863d8,phase4e_shadow_v1,2026-09-24,2026-09-24T19:02:39.570881+00:00,github-36045280392-1,80634446-9faf-4de8-bfa1-81ab2c7a0461,MELI,USD,60,2026-09-23,1799.239990234375,eligible,,phase4_confidence_research_v1,e5a1072ba3754f9a7e6d60fde5003b579f6a2f73c41b846532159559ad84eb77,c062e4ff2369a9c96f9a36410a4af8397add8c31d8525a020c815f9d51dcb1c2,b6de5899ef419c2be611fab48868833a32c6481f701a0eaf65525513b46754b2,7319e125278a62d9a9f9fad72f66df45ebb3fa8f553ff36ddf3a173e09eeebc2,d3c6f170eb2a6fce3f43e80d7ab094e5c06bc8a276505aa957d651920aeab0a2,2026-09-23T00:00:00+00:00,2026-09-24T00:00:00+00:00,B4,unavailable,,unknown,,,unknown,insufficient_evidence,,,proxy_complete,proxy_complete_no_claim,proxy_insufficient,scale_incompatible
1211b751b91d32c63a660fb06096fada80ce5c6112a0a70824a4142427370ebf,phase4e_shadow_v1,2026-09-24,2026-09-24T19:02:39.570881+00:00,github-36045280392-1,80634446-9faf-4de8-bfa1-81ab2c7a0461,META,USD,5,2026-09-23,744.0999755859375,eligible,,phase4_confidence_research_v1,e5a1072ba3754f9a7e6d60fde5003b579f6a2f73c41b846532159559ad84eb77,c062e4ff2369a9c96f9a36410a4af8397add8c31d8525a020c815f9d51dcb1c2,b6de5899ef419c2be611fab48868833a32c6481f701a0eaf65525513b46754b2,7319e125278a62d9a9f9fad72f66df45ebb3fa8f553ff36ddf3a173e09eeebc2,d3c6f170eb2a6fce3f43e80d7ab094e5c06bc8a276505aa957d651920aeab0a2,2026-09-23T00:00:00+00:00,2026-09-24T00:00:00+00:00,B5,robust,positive,unknown,,,middle,single_model,,positive,proxy_complete,proxy_complete_no_claim,proxy_complete,scale_incompatible
ed5fbb17667e8ba8e1ad8aeac59a9d59eeb4761499973f853970b96ec979e960,phase4e_shadow_v1,2026-09-24,2026-09-24T19:02:39.570881+00:00,github-36045280392-1,80634446-9faf-4de8-bfa1-81ab2c7a0461,META,USD,20,2026-09-23,744.0999755859375,eligible,,phase4_confidence_research_v1,e5a1072ba3754f9a7e6d60fde5003b579f6a2f73c41b846532159559ad84eb77,c062e4ff2369a9c96f9a36410a4af8397add8c31d8525a020c815f9d51dcb1c2,b6de5899ef419c2be611fab48868833a32c6481f701a0eaf65525513b46754b2,7319e125278a62d9a9f9fad72f66df45ebb3fa8f553ff36ddf3a173e09eeebc2,d3c6f170eb2a6fce3f43e80d7ab094e5c06bc8a276505aa957d651920aeab0a2,2026-09-23T00:00:00+00:00,2026-09-24T00:00:00+00:00,B5,immature,,unknown,,,unknown,insufficient_evidence,,,proxy_complete,proxy_complete_no_claim,proxy_insufficient,scale_incompatible
3bdea77ca041c78212c70c44ecd48c1f3a22ef7b54942c0aa5671943b87ca022,phase4e_shadow_v1,2026-09-24,2026-09-24T19:02:39.570881+00:00,github-36045280392-1,80634446-9faf-4de8-bfa1-81ab2c7a0461,META,USD,40,2026-09-23,744.0999755859375,eligible,,phase4_confidence_research_v1,e5a1072ba3754f9a7e6d60fde5003b579f6a2f73c41b846532159559ad84eb77,c062e4ff2369a9c96f9a36410a4af8397add8c31d8525a020c815f9d51dcb1c2,b6de5899ef419c2be611fab48868833a32c6481f701a0eaf65525513b46754b2,7319e125278a62d9a9f9fad72f66df45ebb3fa8f553ff36ddf3a173e09eeebc2,d3c6f170eb2a6fce3f43e80d7ab094e5c06bc8a276505aa957d651920aeab0a2,2026-09-23T00:00:00+00:00,2026-09-24T00:00:00+00:00,B5,unavailable,,unknown,,,unknown,insufficient_evidence,,,proxy_complete,proxy_complete_no_claim,proxy_insufficient,scale_incompatible
f13a9ba6739a6f3e11ee1756c1e27b2d595ded1d25924796710cfe6cb2006888,phase4e_shadow_v1,2026-09-24,2026-09-24T19:02:39.570881+00:00,github-36045280392-1,80634446-9faf-4de8-bfa1-81ab2c7a0461,META,USD,60,2026-09-23,744.0999755859375,eligible,,phase4_confidence_research_v1,e5a1072ba3754f9a7e6d60fde5003b579f6a2f73c41b846532159559ad84eb77,c062e4ff2369a9c96f9a36410a4af8397add8c31d8525a020c815f9d51dcb1c2,b6de5899ef419c2be611fab48868833a32c6481f701a0eaf65525513b46754b2,7319e125278a62d9a9f9fad72f66df45ebb3fa8f553ff36ddf3a173e09eeebc2,d3c6f170eb2a6fce3f43e80d7ab094e5c06bc8a276505aa957d651920aeab0a2,2026-09-23T00:00:00+00:00,2026-09-24T00:00:00+00:00,B5,unavailable,,unknown,,,unknown,insufficient_evidence,,,proxy_complete,proxy_complete_no_claim,proxy_insufficient,scale_incompatible
aab42fe2a77904f83568d60e61e1da593b796b7f08c4ec3bb3288ceb95816528,phase4e_shadow_v1,2026-09-24,2026-09-24T19:02:39.570881+00:00,github-36045280392-1,80634446-9faf-4de8-bfa1-81ab2c7a0461,MGMA.V,CAD,5,2026-09-23,0.1400000005960464,eligible,,phase4_confidence_research_v1,e5a1072ba3754f9a7e6d60fde5003b579f6a2f73c41b846532159559ad84eb77,c062e4ff2369a9c96f9a36410a4af8397add8c31d8525a020c815f9d51dcb1c2,b6de5899ef419c2be611fab48868833a32c6481f701a0eaf65525513b46754b2,7319e125278a62d9a9f9fad72f66df45ebb3fa8f553ff36ddf3a173e09eeebc2,d3c6f170eb2a6fce3f43e80d7ab094e5c06bc8a276505aa957d651920aeab0a2,2026-09-23T00:00:00+00:00,2026-09-24T00:00:00+00:00,B1,directional_only,negative,unknown,,,elevated,risk_only,,,proxy_complete,proxy_complete_no_claim,proxy_complete,scale_incompatible
969707634ea68e011c0b5a1eb636516928508f8ec5006528b5deee3a7b2cce0c,phase4e_shadow_v1,2026-09-24,2026-09-24T19:02:39.570881+00:00,github-36045280392-1,80634446-9faf-4de8-bfa1-81ab2c7a0461,MGMA.V,CAD,20,2026-09-23,0.1400000005960464,eligible,,phase4_confidence_research_v1,e5a1072ba3754f9a7e6d60fde5003b579f6a2f73c41b846532159559ad84eb77,c062e4ff2369a9c96f9a36410a4af8397add8c31d8525a020c815f9d51dcb1c2,b6de5899ef419c2be611fab48868833a32c6481f701a0eaf65525513b46754b2,7319e125278a62d9a9f9fad72f66df45ebb3fa8f553ff36ddf3a173e09eeebc2,d3c6f170eb2a6fce3f43e80d7ab094e5c06bc8a276505aa957d651920aeab0a2,2026-09-23T00:00:00+00:00,2026-09-24T00:00:00+00:00,B1,immature,,unknown,,,unknown,insufficient_evidence,,,proxy_complete,proxy_complete_no_claim,proxy_insufficient,scale_incompatible
24982cea44eff04450786d92d00334e5978851f5020fd8727c064a6815af75f4,phase4e_shadow_v1,2026-09-24,2026-09-24T19:02:39.570881+00:00,github-36045280392-1,80634446-9faf-4de8-bfa1-81ab2c7a0461,MGMA.V,CAD,40,2026-09-23,0.1400000005960464,eligible,,phase4_confidence_research_v1,e5a1072ba3754f9a7e6d60fde5003b579f6a2f73c41b846532159559ad84eb77,c062e4ff2369a9c96f9a36410a4af8397add8c31d8525a020c815f9d51dcb1c2,b6de5899ef419c2be611fab48868833a32c6481f701a0eaf65525513b46754b2,7319e125278a62d9a9f9fad72f66df45ebb3fa8f553ff36ddf3a173e09eeebc2,d3c6f170eb2a6fce3f43e80d7ab094e5c06bc8a276505aa957d651920aeab0a2,2026-09-23T00:00:00+00:00,2026-09-24T00:00:00+00:00,B1,unavailable,,unknown,,,unknown,insufficient_evidence,,,proxy_complete,proxy_complete_no_claim,proxy_insufficient,scale_incompatible
3e5ad177ac0a2f5c08a5247a94a5636cd1e5aedb24b3d0813a9acb99515f9ab8,phase4e_shadow_v1,2026-09-24,2026-09-24T19:02:39.570881+00:00,github-36045280392-1,80634446-9faf-4de8-bfa1-81ab2c7a0461,MGMA.V,CAD,60,2026-09-23,0.1400000005960464,eligible,,phase4_confidence_research_v1,e5a1072ba3754f9a7e6d60fde5003b579f6a2f73c41b846532159559ad84eb77,c062e4ff2369a9c96f9a36410a4af8397add8c31d8525a020c815f9d51dcb1c2,b6de5899ef419c2be611fab48868833a32c6481f701a0eaf65525513b46754b2,7319e125278a62d9a9f9fad72f66df45ebb3fa8f553ff36ddf3a173e09eeebc2,d3c6f170eb2a6fce3f43e80d7ab094e5c06bc8a276505aa957d651920aeab0a2,2026-09-23T00:00:00+00:00,2026-09-24T00:00:00+00:00,B1,unavailable,,unknown,,,unknown,insufficient_evidence,,,proxy_complete,proxy_complete_no_claim,proxy_insufficient,scale_incompatible
594ba4caa7729d4a22ec07316c7544a6a0705da4a6adec5ebdad4d318496c1e2,phase4e_shadow_v1,2026-09-24,2026-09-24T19:02:39.570881+00:00,github-36045280392-1,80634446-9faf-4de8-bfa1-81ab2c7a0461,MNSO,USD,5,2026-09-23,8.979999542236328,eligible,,phase4_confidence_research_v1,e5a1072ba3754f9a7e6d60fde5003b579f6a2f73c41b846532159559ad84eb77,c062e4ff2369a9c96f9a36410a4af8397add8c31d8525a020c815f9d51dcb1c2,b6de5899ef419c2be611fab48868833a32c6481f701a0eaf65525513b46754b2,7319e125278a62d9a9f9fad72f66df45ebb3fa8f553ff36ddf3a173e09eeebc2,d3c6f170eb2a6fce3f43e80d7ab094e5c06bc8a276505aa957d651920aeab0a2,2026-09-23T00:00:00+00:00,2026-09-24T00:00:00+00:00,B2,directional_only,negative,unknown,,,elevated,risk_only,,,proxy_complete,proxy_complete_no_claim,proxy_complete,scale_incompatible
e6b09ee18cf8e0729714e186b09f260cb467b92e8d54664de0164a6a0bb2bb0e,phase4e_shadow_v1,2026-09-24,2026-09-24T19:02:39.570881+00:00,github-36045280392-1,80634446-9faf-4de8-bfa1-81ab2c7a0461,MNSO,USD,20,2026-09-23,8.979999542236328,eligible,,phase4_confidence_research_v1,e5a1072ba3754f9a7e6d60fde5003b579f6a2f73c41b846532159559ad84eb77,c062e4ff2369a9c96f9a36410a4af8397add8c31d8525a020c815f9d51dcb1c2,b6de5899ef419c2be611fab48868833a32c6481f701a0eaf65525513b46754b2,7319e125278a62d9a9f9fad72f66df45ebb3fa8f553ff36ddf3a173e09eeebc2,d3c6f170eb2a6fce3f43e80d7ab094e5c06bc8a276505aa957d651920aeab0a2,2026-09-23T00:00:00+00:00,2026-09-24T00:00:00+00:00,B2,immature,,unknown,,,unknown,insufficient_evidence,,,proxy_complete,proxy_complete_no_claim,proxy_insufficient,scale_incompatible
59591fc96c4b9c5b0375eee22ba5f9b940887fc60506fc5fe6f6f19f770a652f,phase4e_shadow_v1,2026-09-24,2026-09-24T19:02:39.570881+00:00,github-36045280392-1,80634446-9faf-4de8-bfa1-81ab2c7a0461,MNSO,USD,40,2026-09-23,8.979999542236328,eligible,,phase4_confidence_research_v1,e5a1072ba3754f9a7e6d60fde5003b579f6a2f73c41b846532159559ad84eb77,c062e4ff2369a9c96f9a36410a4af8397add8c31d8525a020c815f9d51dcb1c2,b6de5899ef419c2be611fab48868833a32c6481f701a0eaf65525513b46754b2,7319e125278a62d9a9f9fad72f66df45ebb3fa8f553ff36ddf3a173e09eeebc2,d3c6f170eb2a6fce3f43e80d7ab094e5c06bc8a276505aa957d651920aeab0a2,2026-09-23T00:00:00+00:00,2026-09-24T00:00:00+00:00,B2,unavailable,,unknown,,,unknown,insufficient_evidence,,,proxy_complete,proxy_complete_no_claim,proxy_insufficient,scale_incompatible
faaa50a59e1865129242693c1302c79f1f9b943b4cb41ee819f12b56b2332940,phase4e_shadow_v1,2026-09-24,2026-09-24T19:02:39.570881+00:00,github-36045280392-1,80634446-9faf-4de8-bfa1-81ab2c7a0461,MNSO,USD,60,2026-09-23,8.979999542236328,eligible,,phase4_confidence_research_v1,e5a1072ba3754f9a7e6d60fde5003b579f6a2f73c41b846532159559ad84eb77,c062e4ff2369a9c96f9a36410a4af8397add8c31d8525a020c815f9d51dcb1c2,b6de5899ef419c2be611fab48868833a32c6481f701a0eaf65525513b46754b2,7319e125278a62d9a9f9fad72f66df45ebb3fa8f553ff36ddf3a173e09eeebc2,d3c6f170eb2a6fce3f43e80d7ab094e5c06bc8a276505aa957d651920aeab0a2,2026-09-23T00:00:00+00:00,2026-09-24T00:00:00+00:00,B2,unavailable,,unknown,,,unknown,insufficient_evidence,,,proxy_complete,proxy_complete_no_claim,proxy_insufficient,scale_incompatible
808e2289e18f6104b072288720b0c2c53b56ca2dfa8551f44ad500432457cff3,phase4e_shadow_v1,2026-09-24,2026-09-24T19:02:39.570881+00:00,github-36045280392-1,80634446-9faf-4de8-bfa1-81ab2c7a0461,MP,USD,5,2026-09-23,48.88999938964844,eligible,,phase4_confidence_research_v1,e5a1072ba3754f9a7e6d60fde5003b579f6a2f73c41b846532159559ad84eb77,c062e4ff2369a9c96f9a36410a4af8397add8c31d8525a020c815f9d51dcb1c2,b6de5899ef419c2be611fab48868833a32c6481f701a0eaf65525513b46754b2,7319e125278a62d9a9f9fad72f66df45ebb3fa8f553ff36ddf3a173e09eeebc2,d3c6f170eb2a6fce3f43e80d7ab094e5c06bc8a276505aa957d651920aeab0a2,2026-09-23T00:00:00+00:00,2026-09-24T00:00:00+00:00,B2,directional_only,negative,unknown,,,elevated,risk_only,,,proxy_complete,proxy_complete_no_claim,proxy_complete,scale_incompatible
9a5397330c34e43959acd62de2016be387d9bea2550fb5a84758c400ba46506c,phase4e_shadow_v1,2026-09-24,2026-09-24T19:02:39.570881+00:00,github-36045280392-1,80634446-9faf-4de8-bfa1-81ab2c7a0461,MP,USD,20,2026-09-23,48.88999938964844,eligible,,phase4_confidence_research_v1,e5a1072ba3754f9a7e6d60fde5003b579f6a2f73c41b846532159559ad84eb77,c062e4ff2369a9c96f9a36410a4af8397add8c31d8525a020c815f9d51dcb1c2,b6de5899ef419c2be611fab48868833a32c6481f701a0eaf65525513b46754b2,7319e125278a62d9a9f9fad72f66df45ebb3fa8f553ff36ddf3a173e09eeebc2,d3c6f170eb2a6fce3f43e80d7ab094e5c06bc8a276505aa957d651920aeab0a2,2026-09-23T00:00:00+00:00,2026-09-24T00:00:00+00:00,B2,immature,,unknown,,,unknown,insufficient_evidence,,,proxy_complete,proxy_complete_no_claim,proxy_insufficient,scale_incompatible
51296be3f6038d656499402cf4e191b5581c96d9c4a4e27f447fd5cd08f38842,phase4e_shadow_v1,2026-09-24,2026-09-24T19:02:39.570881+00:00,github-36045280392-1,80634446-9faf-4de8-bfa1-81ab2c7a0461,MP,USD,40,2026-09-23,48.88999938964844,eligible,,phase4_confidence_research_v1,e5a1072ba3754f9a7e6d60fde5003b579f6a2f73c41b846532159559ad84eb77,c062e4ff2369a9c96f9a36410a4af8397add8c31d8525a020c815f9d51dcb1c2,b6de5899ef419c2be611fab48868833a32c6481f701a0eaf65525513b46754b2,7319e125278a62d9a9f9fad72f66df45ebb3fa8f553ff36ddf3a173e09eeebc2,d3c6f170eb2a6fce3f43e80d7ab094e5c06bc8a276505aa957d651920aeab0a2,2026-09-23T00:00:00+00:00,2026-09-24T00:00:00+00:00,B2,unavailable,,unknown,,,unknown,insufficient_evidence,,,proxy_complete,proxy_complete_no_claim,proxy_insufficient,scale_incompatible
60cae45677a07e61e658f9cd05d22f82719c743dabf50eafcba23e046a587127,phase4e_shadow_v1,2026-09-24,2026-09-24T19:02:39.570881+00:00,github-36045280392-1,80634446-9faf-4de8-bfa1-81ab2c7a0461,MP,USD,60,2026-09-23,48.88999938964844,eligible,,phase4_confidence_research_v1,e5a1072ba3754f9a7e6d60fde5003b579f6a2f73c41b846532159559ad84eb77,c062e4ff2369a9c96f9a36410a4af8397add8c31d8525a020c815f9d51dcb1c2,b6de5899ef419c2be611fab48868833a32c6481f701a0eaf65525513b46754b2,7319e125278a62d9a9f9fad72f66df45ebb3fa8f553ff36ddf3a173e09eeebc2,d3c6f170eb2a6fce3f43e80d7ab094e5c06bc8a276505aa957d651920aeab0a2,2026-09-23T00:00:00+00:00,2026-09-24T00:00:00+00:00,B2,unavailable,,unknown,,,unknown,insufficient_evidence,,,proxy_complete,proxy_complete_no_claim,proxy_insufficient,scale_incompatible
0c30badf6f75e67e8b649c4d40763f9b9575d9e29dd72fb2389e5f4811d781f9,phase4e_shadow_v1,2026-09-24,2026-09-24T19:02:39.570881+00:00,github-36045280392-1,80634446-9faf-4de8-bfa1-81ab2c7a0461,MRNA,USD,5,2026-09-23,182.1100006103516,eligible,,phase4_confidence_research_v1,e5a1072ba3754f9a7e6d60fde5003b579f6a2f73c41b846532159559ad84eb77,c062e4ff2369a9c96f9a36410a4af8397add8c31d8525a020c815f9d51dcb1c2,b6de5899ef419c2be611fab48868833a32c6481f701a0eaf65525513b46754b2,7319e125278a62d9a9f9fad72f66df45ebb3fa8f553ff36ddf3a173e09eeebc2,d3c6f170eb2a6fce3f43e80d7ab094e5c06bc8a276505aa957d651920aeab0a2,2026-09-23T00:00:00+00:00,2026-09-24T00:00:00+00:00,B3,robust,positive,unknown,,,middle,single_model,,positive,proxy_complete,proxy_partial_no_claim,proxy_complete,scale_incompatible
291d4862f8e7f287b65beba453d4db7fbaf7f1009277e70cb92a1ba59eba77cb,phase4e_shadow_v1,2026-09-24,2026-09-24T19:02:39.570881+00:00,github-36045280392-1,80634446-9faf-4de8-bfa1-81ab2c7a0461,MRNA,USD,20,2026-09-23,182.1100006103516,eligible,,phase4_confidence_research_v1,e5a1072ba3754f9a7e6d60fde5003b579f6a2f73c41b846532159559ad84eb77,c062e4ff2369a9c96f9a36410a4af8397add8c31d8525a020c815f9d51dcb1c2,b6de5899ef419c2be611fab48868833a32c6481f701a0eaf65525513b46754b2,7319e125278a62d9a9f9fad72f66df45ebb3fa8f553ff36ddf3a173e09eeebc2,d3c6f170eb2a6fce3f43e80d7ab094e5c06bc8a276505aa957d651920aeab0a2,2026-09-23T00:00:00+00:00,2026-09-24T00:00:00+00:00,B3,immature,,unknown,,,unknown,insufficient_evidence,,,proxy_complete,proxy_complete_no_claim,proxy_insufficient,scale_incompatible
9733edf4a278f913364bb34bbd58399c86a9dc5106cdf6c7f8b9004ab3b3104b,phase4e_shadow_v1,2026-09-24,2026-09-24T19:02:39.570881+00:00,github-36045280392-1,80634446-9faf-4de8-bfa1-81ab2c7a0461,MRNA,USD,40,2026-09-23,182.1100006103516,eligible,,phase4_confidence_research_v1,e5a1072ba3754f9a7e6d60fde5003b579f6a2f73c41b846532159559ad84eb77,c062e4ff2369a9c96f9a36410a4af8397add8c31d8525a020c815f9d51dcb1c2,b6de5899ef419c2be611fab48868833a32c6481f701a0eaf65525513b46754b2,7319e125278a62d9a9f9fad72f66df45ebb3fa8f553ff36ddf3a173e09eeebc2,d3c6f170eb2a6fce3f43e80d7ab094e5c06bc8a276505aa957d651920aeab0a2,2026-09-23T00:00:00+00:00,2026-09-24T00:00:00+00:00,B3,unavailable,,unknown,,,unknown,insufficient_evidence,,,proxy_complete,proxy_complete_no_claim,proxy_insufficient,scale_incompatible
376fca84e777331104a059863e365428b999785103bd6f938f52964c604c9017,phase4e_shadow_v1,2026-09-24,2026-09-24T19:02:39.570881+00:00,github-36045280392-1,80634446-9faf-4de8-bfa1-81ab2c7a0461,MRNA,USD,60,2026-09-23,182.1100006103516,eligible,,phase4_confidence_research_v1,e5a1072ba3754f9a7e6d60fde5003b579f6a2f73c41b846532159559ad84eb77,c062e4ff2369a9c96f9a36410a4af8397add8c31d8525a020c815f9d51dcb1c2,b6de5899ef419c2be611fab48868833a32c6481f701a0eaf65525513b46754b2,7319e125278a62d9a9f9fad72f66df45ebb3fa8f553ff36ddf3a173e09eeebc2,d3c6f170eb2a6fce3f43e80d7ab094e5c06bc8a276505aa957d651920aeab0a2,2026-09-23T00:00:00+00:00,2026-09-24T00:00:00+00:00,B3,unavailable,,unknown,,,unknown,insufficient_evidence,,,proxy_complete,proxy_complete_no_claim,proxy_insufficient,scale_incompatible
6a57e8ad6b7324cc8278d70ef55451b70313bce5910a740e88f597b1a2f2b693,phase4e_shadow_v1,2026-09-24,2026-09-24T19:02:39.570881+00:00,github-36045280392-1,80634446-9faf-4de8-bfa1-81ab2c7a0461,MSFT,USD,5,2026-09-23,500.5899963378906,eligible,,phase4_confidence_research_v1,e5a1072ba3754f9a7e6d60fde5003b579f6a2f73c41b846532159559ad84eb77,c062e4ff2369a9c96f9a36410a4af8397add8c31d8525a020c815f9d51dcb1c2,b6de5899ef419c2be611fab48868833a32c6481f701a0eaf65525513b46754b2,7319e125278a62d9a9f9fad72f66df45ebb3fa8f553ff36ddf3a173e09eeebc2,d3c6f170eb2a6fce3f43e80d7ab094e5c06bc8a276505aa957d651920aeab0a2,2026-09-23T00:00:00+00:00,2026-09-24T00:00:00+00:00,B5,robust,positive,unknown,,,middle,single_model,,positive,proxy_complete,proxy_complete_no_claim,proxy_complete,scale_incompatible
ed56b56e6e5b3e689071fcf1b95e27b5d4c31c1a9207327d36fe87ca98d96386,phase4e_shadow_v1,2026-09-24,2026-09-24T19:02:39.570881+00:00,github-36045280392-1,80634446-9faf-4de8-bfa1-81ab2c7a0461,MSFT,USD,20,2026-09-23,500.5899963378906,eligible,,phase4_confidence_research_v1,e5a1072ba3754f9a7e6d60fde5003b579f6a2f73c41b846532159559ad84eb77,c062e4ff2369a9c96f9a36410a4af8397add8c31d8525a020c815f9d51dcb1c2,b6de5899ef419c2be611fab48868833a32c6481f701a0eaf65525513b46754b2,7319e125278a62d9a9f9fad72f66df45ebb3fa8f553ff36ddf3a173e09eeebc2,d3c6f170eb2a6fce3f43e80d7ab094e5c06bc8a276505aa957d651920aeab0a2,2026-09-23T00:00:00+00:00,2026-09-24T00:00:00+00:00,B5,immature,,unknown,,,unknown,insufficient_evidence,,,proxy_complete,proxy_complete_no_claim,proxy_insufficient,scale_incompatible
9ec8cdf1d0450c582db0077030c976e40a26a5b5eef2b3584e5a5abd06340ac5,phase4e_shadow_v1,2026-09-24,2026-09-24T19:02:39.570881+00:00,github-36045280392-1,80634446-9faf-4de8-bfa1-81ab2c7a0461,MSFT,USD,40,2026-09-23,500.5899963378906,eligible,,phase4_confidence_research_v1,e5a1072ba3754f9a7e6d60fde5003b579f6a2f73c41b846532159559ad84eb77,c062e4ff2369a9c96f9a36410a4af8397add8c31d8525a020c815f9d51dcb1c2,b6de5899ef419c2be611fab48868833a32c6481f701a0eaf65525513b46754b2,7319e125278a62d9a9f9fad72f66df45ebb3fa8f553ff36ddf3a173e09eeebc2,d3c6f170eb2a6fce3f43e80d7ab094e5c06bc8a276505aa957d651920aeab0a2,2026-09-23T00:00:00+00:00,2026-09-24T00:00:00+00:00,B5,unavailable,,unknown,,,unknown,insufficient_evidence,,,proxy_complete,proxy_complete_no_claim,proxy_insufficient,scale_incompatible
406f93c52e2a7f43e891b11ee3f89e2ca1b074b6776140c230251c5a18830b47,phase4e_shadow_v1,2026-09-24,2026-09-24T19:02:39.570881+00:00,github-36045280392-1,80634446-9faf-4de8-bfa1-81ab2c7a0461,MSFT,USD,60,2026-09-23,500.5899963378906,eligible,,phase4_confidence_research_v1,e5a1072ba3754f9a7e6d60fde5003b579f6a2f73c41b846532159559ad84eb77,c062e4ff2369a9c96f9a36410a4af8397add8c31d8525a020c815f9d51dcb1c2,b6de5899ef419c2be611fab48868833a32c6481f701a0eaf65525513b46754b2,7319e125278a62d9a9f9fad72f66df45ebb3fa8f553ff36ddf3a173e09eeebc2,d3c6f170eb2a6fce3f43e80d7ab094e5c06bc8a276505aa957d651920aeab0a2,2026-09-23T00:00:00+00:00,2026-09-24T00:00:00+00:00,B5,unavailable,,unknown,,,unknown,insufficient_evidence,,,proxy_complete,proxy_complete_no_claim,proxy_insufficient,scale_incompatible
c0b517a502ad3ba9353307d87deabb5309387f8ac38de5516cb7980d37de845a,phase4e_shadow_v1,2026-09-24,2026-09-24T19:02:39.570881+00:00,github-36045280392-1,80634446-9faf-4de8-bfa1-81ab2c7a0461,MU,USD,5,2026-09-23,1071.8800048828125,eligible,,phase4_confidence_research_v1,e5a1072ba3754f9a7e6d60fde5003b579f6a2f73c41b846532159559ad84eb77,c062e4ff2369a9c96f9a36410a4af8397add8c31d8525a020c815f9d51dcb1c2,b6de5899ef419c2be611fab48868833a32c6481f701a0eaf65525513b46754b2,7319e125278a62d9a9f9fad72f66df45ebb3fa8f553ff36ddf3a173e09eeebc2,d3c6f170eb2a6fce3f43e80d7ab094e5c06bc8a276505aa957d651920aeab0a2,2026-09-23T00:00:00+00:00,2026-09-24T00:00:00+00:00,B5,robust,positive,unknown,,,middle,single_model,,positive,proxy_complete,proxy_complete_no_claim,proxy_complete,scale_incompatible
12ddeab5ceb2a63587cfe136716c7c8f898cfc04985aa963cde7df3b827dd6c1,phase4e_shadow_v1,2026-09-24,2026-09-24T19:02:39.570881+00:00,github-36045280392-1,80634446-9faf-4de8-bfa1-81ab2c7a0461,MU,USD,20,2026-09-23,1071.8800048828125,eligible,,phase4_confidence_research_v1,e5a1072ba3754f9a7e6d60fde5003b579f6a2f73c41b846532159559ad84eb77,c062e4ff2369a9c96f9a36410a4af8397add8c31d8525a020c815f9d51dcb1c2,b6de5899ef419c2be611fab48868833a32c6481f701a0eaf65525513b46754b2,7319e125278a62d9a9f9fad72f66df45ebb3fa8f553ff36ddf3a173e09eeebc2,d3c6f170eb2a6fce3f43e80d7ab094e5c06bc8a276505aa957d651920aeab0a2,2026-09-23T00:00:00+00:00,2026-09-24T00:00:00+00:00,B5,immature,,unknown,,,unknown,insufficient_evidence,,,proxy_complete,proxy_complete_no_claim,proxy_insufficient,scale_incompatible
82898e2fc701cdc4546bf0d1ae95c1dc3a404c1f37e6299ccfc3eb525361846e,phase4e_shadow_v1,2026-09-24,2026-09-24T19:02:39.570881+00:00,github-36045280392-1,80634446-9faf-4de8-bfa1-81ab2c7a0461,MU,USD,40,2026-09-23,1071.8800048828125,eligible,,phase4_confidence_research_v1,e5a1072ba3754f9a7e6d60fde5003b579f6a2f73c41b846532159559ad84eb77,c062e4ff2369a9c96f9a36410a4af8397add8c31d8525a020c815f9d51dcb1c2,b6de5899ef419c2be611fab48868833a32c6481f701a0eaf65525513b46754b2,7319e125278a62d9a9f9fad72f66df45ebb3fa8f553ff36ddf3a173e09eeebc2,d3c6f170eb2a6fce3f43e80d7ab094e5c06bc8a276505aa957d651920aeab0a2,2026-09-23T00:00:00+00:00,2026-09-24T00:00:00+00:00,B5,unavailable,,unknown,,,unknown,insufficient_evidence,,,proxy_complete,proxy_complete_no_claim,proxy_insufficient,scale_incompatible
7d3bae524774e43be858365cbf235fb9446a9bb01f154166b9a11ed4bfdd576b,phase4e_shadow_v1,2026-09-24,2026-09-24T19:02:39.570881+00:00,github-36045280392-1,80634446-9faf-4de8-bfa1-81ab2c7a0461,MU,USD,60,2026-09-23,1071.8800048828125,eligible,,phase4_confidence_research_v1,e5a1072ba3754f9a7e6d60fde5003b579f6a2f73c41b846532159559ad84eb77,c062e4ff2369a9c96f9a36410a4af8397add8c31d8525a020c815f9d51dcb1c2,b6de5899ef419c2be611fab48868833a32c6481f701a0eaf65525513b46754b2,7319e125278a62d9a9f9fad72f66df45ebb3fa8f553ff36ddf3a173e09eeebc2,d3c6f170eb2a6fce3f43e80d7ab094e5c06bc8a276505aa957d651920aeab0a2,2026-09-23T00:00:00+00:00,2026-09-24T00:00:00+00:00,B5,unavailable,,unknown,,,unknown,insufficient_evidence,,,proxy_complete,proxy_complete_no_claim,proxy_insufficient,scale_incompatible
da3c79aeb6e7ae6e611932f24512e5c7b4705cce8f80b63f252df83180b68776,phase4e_shadow_v1,2026-09-24,2026-09-24T19:02:39.570881+00:00,github-36045280392-1,80634446-9faf-4de8-bfa1-81ab2c7a0461,NBIS,USD,5,2026-09-23,226.6100006103516,eligible,,phase4_confidence_research_v1,e5a1072ba3754f9a7e6d60fde5003b579f6a2f73c41b846532159559ad84eb77,c062e4ff2369a9c96f9a36410a4af8397add8c31d8525a020c815f9d51dcb1c2,b6de5899ef419c2be611fab48868833a32c6481f701a0eaf65525513b46754b2,7319e125278a62d9a9f9fad72f66df45ebb3fa8f553ff36ddf3a173e09eeebc2,d3c6f170eb2a6fce3f43e80d7ab094e5c06bc8a276505aa957d651920aeab0a2,2026-09-23T00:00:00+00:00,2026-09-24T00:00:00+00:00,B3,robust,positive,unknown,,,middle,single_model,,positive,proxy_complete,proxy_complete_no_claim,proxy_complete,scale_incompatible
bb39460dfe2755eb724a0f2e61380fe91f371683ef671472719a97897176ea61,phase4e_shadow_v1,2026-09-24,2026-09-24T19:02:39.570881+00:00,github-36045280392-1,80634446-9faf-4de8-bfa1-81ab2c7a0461,NBIS,USD,20,2026-09-23,226.6100006103516,eligible,,phase4_confidence_research_v1,e5a1072ba3754f9a7e6d60fde5003b579f6a2f73c41b846532159559ad84eb77,c062e4ff2369a9c96f9a36410a4af8397add8c31d8525a020c815f9d51dcb1c2,b6de5899ef419c2be611fab48868833a32c6481f701a0eaf65525513b46754b2,7319e125278a62d9a9f9fad72f66df45ebb3fa8f553ff36ddf3a173e09eeebc2,d3c6f170eb2a6fce3f43e80d7ab094e5c06bc8a276505aa957d651920aeab0a2,2026-09-23T00:00:00+00:00,2026-09-24T00:00:00+00:00,B3,immature,,unknown,,,unknown,insufficient_evidence,,,proxy_complete,proxy_complete_no_claim,proxy_insufficient,scale_incompatible
f80c467aef1cd8c6e5ecc086ed09426e3157ec7754c3f7473d6fd4626ee3f664,phase4e_shadow_v1,2026-09-24,2026-09-24T19:02:39.570881+00:00,github-36045280392-1,80634446-9faf-4de8-bfa1-81ab2c7a0461,NBIS,USD,40,2026-09-23,226.6100006103516,eligible,,phase4_confidence_research_v1,e5a1072ba3754f9a7e6d60fde5003b579f6a2f73c41b846532159559ad84eb77,c062e4ff2369a9c96f9a36410a4af8397add8c31d8525a020c815f9d51dcb1c2,b6de5899ef419c2be611fab48868833a32c6481f701a0eaf65525513b46754b2,7319e125278a62d9a9f9fad72f66df45ebb3fa8f553ff36ddf3a173e09eeebc2,d3c6f170eb2a6fce3f43e80d7ab094e5c06bc8a276505aa957d651920aeab0a2,2026-09-23T00:00:00+00:00,2026-09-24T00:00:00+00:00,B3,unavailable,,unknown,,,unknown,insufficient_evidence,,,proxy_complete,proxy_complete_no_claim,proxy_insufficient,scale_incompatible
9005cb12777ad25e96a4a7bf9e7ed353a3fd9782c692b3f20cb8d0b454ed4cb5,phase4e_shadow_v1,2026-09-24,2026-09-24T19:02:39.570881+00:00,github-36045280392-1,80634446-9faf-4de8-bfa1-81ab2c7a0461,NBIS,USD,60,2026-09-23,226.6100006103516,eligible,,phase4_confidence_research_v1,e5a1072ba3754f9a7e6d60fde5003b579f6a2f73c41b846532159559ad84eb77,c062e4ff2369a9c96f9a36410a4af8397add8c31d8525a020c815f9d51dcb1c2,b6de5899ef419c2be611fab48868833a32c6481f701a0eaf65525513b46754b2,7319e125278a62d9a9f9fad72f66df45ebb3fa8f553ff36ddf3a173e09eeebc2,d3c6f170eb2a6fce3f43e80d7ab094e5c06bc8a276505aa957d651920aeab0a2,2026-09-23T00:00:00+00:00,2026-09-24T00:00:00+00:00,B3,unavailable,,unknown,,,unknown,insufficient_evidence,,,proxy_complete,proxy_complete_no_claim,proxy_insufficient,scale_incompatible
1f21ddf2d68f83d133ab9b48b95da99bf4a5ea53cc13bd0e2eb17bf9d59c3c2f,phase4e_shadow_v1,2026-09-24,2026-09-24T19:02:39.570881+00:00,github-36045280392-1,80634446-9faf-4de8-bfa1-81ab2c7a0461,NDA.DE,EUR,5,2026-09-23,168.0,eligible,,phase4_confidence_research_v1,e5a1072ba3754f9a7e6d60fde5003b579f6a2f73c41b846532159559ad84eb77,c062e4ff2369a9c96f9a36410a4af8397add8c31d8525a020c815f9d51dcb1c2,b6de5899ef419c2be611fab48868833a32c6481f701a0eaf65525513b46754b2,7319e125278a62d9a9f9fad72f66df45ebb3fa8f553ff36ddf3a173e09eeebc2,d3c6f170eb2a6fce3f43e80d7ab094e5c06bc8a276505aa957d651920aeab0a2,2026-09-23T00:00:00+00:00,2026-09-24T00:00:00+00:00,B3,robust,positive,unknown,,,middle,single_model,,positive,proxy_complete,proxy_complete_no_claim,proxy_complete,scale_incompatible
dd40416001483d9a2bb7fa1d6404f48d61bba35be6ef269e6a98381268d7ba58,phase4e_shadow_v1,2026-09-24,2026-09-24T19:02:39.570881+00:00,github-36045280392-1,80634446-9faf-4de8-bfa1-81ab2c7a0461,NDA.DE,EUR,20,2026-09-23,168.0,eligible,,phase4_confidence_research_v1,e5a1072ba3754f9a7e6d60fde5003b579f6a2f73c41b846532159559ad84eb77,c062e4ff2369a9c96f9a36410a4af8397add8c31d8525a020c815f9d51dcb1c2,b6de5899ef419c2be611fab48868833a32c6481f701a0eaf65525513b46754b2,7319e125278a62d9a9f9fad72f66df45ebb3fa8f553ff36ddf3a173e09eeebc2,d3c6f170eb2a6fce3f43e80d7ab094e5c06bc8a276505aa957d651920aeab0a2,2026-09-23T00:00:00+00:00,2026-09-24T00:00:00+00:00,B3,immature,,unknown,,,unknown,insufficient_evidence,,,proxy_complete,proxy_complete_no_claim,proxy_insufficient,scale_incompatible
92648ed315967e69654cdb40fa265609145af878402a1cfb3f05f0258a35e0f9,phase4e_shadow_v1,2026-09-24,2026-09-24T19:02:39.570881+00:00,github-36045280392-1,80634446-9faf-4de8-bfa1-81ab2c7a0461,NDA.DE,EUR,40,2026-09-23,168.0,eligible,,phase4_confidence_research_v1,e5a1072ba3754f9a7e6d60fde5003b579f6a2f73c41b846532159559ad84eb77,c062e4ff2369a9c96f9a36410a4af8397add8c31d8525a020c815f9d51dcb1c2,b6de5899ef419c2be611fab48868833a32c6481f701a0eaf65525513b46754b2,7319e125278a62d9a9f9fad72f66df45ebb3fa8f553ff36ddf3a173e09eeebc2,d3c6f170eb2a6fce3f43e80d7ab094e5c06bc8a276505aa957d651920aeab0a2,2026-09-23T00:00:00+00:00,2026-09-24T00:00:00+00:00,B3,unavailable,,unknown,,,unknown,insufficient_evidence,,,proxy_complete,proxy_complete_no_claim,proxy_insufficient,scale_incompatible
619a86ffe5f2f5e37109b573f49e5fce6d4befec5eec7256dccbe9ba42aa7e3f,phase4e_shadow_v1,2026-09-24,2026-09-24T19:02:39.570881+00:00,github-36045280392-1,80634446-9faf-4de8-bfa1-81ab2c7a0461,NDA.DE,EUR,60,2026-09-23,168.0,eligible,,phase4_confidence_research_v1,e5a1072ba3754f9a7e6d60fde5003b579f6a2f73c41b846532159559ad84eb77,c062e4ff2369a9c96f9a36410a4af8397add8c31d8525a020c815f9d51dcb1c2,b6de5899ef419c2be611fab48868833a32c6481f701a0eaf65525513b46754b2,7319e125278a62d9a9f9fad72f66df45ebb3fa8f553ff36ddf3a173e09eeebc2,d3c6f170eb2a6fce3f43e80d7ab094e5c06bc8a276505aa957d651920aeab0a2,2026-09-23T00:00:00+00:00,2026-09-24T00:00:00+00:00,B3,unavailable,,unknown,,,unknown,insufficient_evidence,,,proxy_complete,proxy_complete_no_claim,proxy_insufficient,scale_incompatible
63d7a8394873ded74fa01c4a479320c8c1a90fcadd83cbad8895ed2eb2eefd38,phase4e_shadow_v1,2026-09-24,2026-09-24T19:02:39.570881+00:00,github-36045280392-1,80634446-9faf-4de8-bfa1-81ab2c7a0461,NEE,USD,5,2026-09-23,77.0199966430664,eligible,,phase4_confidence_research_v1,e5a1072ba3754f9a7e6d60fde5003b579f6a2f73c41b846532159559ad84eb77,c062e4ff2369a9c96f9a36410a4af8397add8c31d8525a020c815f9d51dcb1c2,b6de5899ef419c2be611fab48868833a32c6481f701a0eaf65525513b46754b2,7319e125278a62d9a9f9fad72f66df45ebb3fa8f553ff36ddf3a173e09eeebc2,d3c6f170eb2a6fce3f43e80d7ab094e5c06bc8a276505aa957d651920aeab0a2,2026-09-23T00:00:00+00:00,2026-09-24T00:00:00+00:00,B3,robust,positive,unknown,,,low,single_model,,positive,proxy_complete,proxy_complete_no_claim,proxy_complete,scale_incompatible
97c3faac622395aa873b3d712bdb71e06cda11cbe5690e0fe6144aac533cb9f9,phase4e_shadow_v1,2026-09-24,2026-09-24T19:02:39.570881+00:00,github-36045280392-1,80634446-9faf-4de8-bfa1-81ab2c7a0461,NEE,USD,20,2026-09-23,77.0199966430664,eligible,,phase4_confidence_research_v1,e5a1072ba3754f9a7e6d60fde5003b579f6a2f73c41b846532159559ad84eb77,c062e4ff2369a9c96f9a36410a4af8397add8c31d8525a020c815f9d51dcb1c2,b6de5899ef419c2be611fab48868833a32c6481f701a0eaf65525513b46754b2,7319e125278a62d9a9f9fad72f66df45ebb3fa8f553ff36ddf3a173e09eeebc2,d3c6f170eb2a6fce3f43e80d7ab094e5c06bc8a276505aa957d651920aeab0a2,2026-09-23T00:00:00+00:00,2026-09-24T00:00:00+00:00,B3,immature,,unknown,,,unknown,insufficient_evidence,,,proxy_complete,proxy_complete_no_claim,proxy_insufficient,scale_incompatible
ce8aeafc8fa8e10c267bd8eb7e66fbc65d4b566e01ed52519717a45e1b86fdc0,phase4e_shadow_v1,2026-09-24,2026-09-24T19:02:39.570881+00:00,github-36045280392-1,80634446-9faf-4de8-bfa1-81ab2c7a0461,NEE,USD,40,2026-09-23,77.0199966430664,eligible,,phase4_confidence_research_v1,e5a1072ba3754f9a7e6d60fde5003b579f6a2f73c41b846532159559ad84eb77,c062e4ff2369a9c96f9a36410a4af8397add8c31d8525a020c815f9d51dcb1c2,b6de5899ef419c2be611fab48868833a32c6481f701a0eaf65525513b46754b2,7319e125278a62d9a9f9fad72f66df45ebb3fa8f553ff36ddf3a173e09eeebc2,d3c6f170eb2a6fce3f43e80d7ab094e5c06bc8a276505aa957d651920aeab0a2,2026-09-23T00:00:00+00:00,2026-09-24T00:00:00+00:00,B3,unavailable,,unknown,,,unknown,insufficient_evidence,,,proxy_complete,proxy_complete_no_claim,proxy_insufficient,scale_incompatible
0472dfb1e5039d7a11c72f12441680e2af49949f03d69a811aa91a15beab802f,phase4e_shadow_v1,2026-09-24,2026-09-24T19:02:39.570881+00:00,github-36045280392-1,80634446-9faf-4de8-bfa1-81ab2c7a0461,NEE,USD,60,2026-09-23,77.0199966430664,eligible,,phase4_confidence_research_v1,e5a1072ba3754f9a7e6d60fde5003b579f6a2f73c41b846532159559ad84eb77,c062e4ff2369a9c96f9a36410a4af8397add8c31d8525a020c815f9d51dcb1c2,b6de5899ef419c2be611fab48868833a32c6481f701a0eaf65525513b46754b2,7319e125278a62d9a9f9fad72f66df45ebb3fa8f553ff36ddf3a173e09eeebc2,d3c6f170eb2a6fce3f43e80d7ab094e5c06bc8a276505aa957d651920aeab0a2,2026-09-23T00:00:00+00:00,2026-09-24T00:00:00+00:00,B3,unavailable,,unknown,,,unknown,insufficient_evidence,,,proxy_complete,proxy_complete_no_claim,proxy_insufficient,scale_incompatible
56f828e1a12a0811f733cbe08990675f8bcb2920890e767de219d70fc1a4aa25,phase4e_shadow_v1,2026-09-24,2026-09-24T19:02:39.570881+00:00,github-36045280392-1,80634446-9faf-4de8-bfa1-81ab2c7a0461,NEM.AX,AUD,5,2026-09-23,177.02000427246094,eligible,,phase4_confidence_research_v1,e5a1072ba3754f9a7e6d60fde5003b579f6a2f73c41b846532159559ad84eb77,c062e4ff2369a9c96f9a36410a4af8397add8c31d8525a020c815f9d51dcb1c2,b6de5899ef419c2be611fab48868833a32c6481f701a0eaf65525513b46754b2,7319e125278a62d9a9f9fad72f66df45ebb3fa8f553ff36ddf3a173e09eeebc2,d3c6f170eb2a6fce3f43e80d7ab094e5c06bc8a276505aa957d651920aeab0a2,2026-09-23T00:00:00+00:00,2026-09-24T00:00:00+00:00,B5,robust,positive,unknown,,,middle,single_model,,positive,proxy_complete,proxy_complete_no_claim,proxy_complete,scale_incompatible
fc2e94cf30b10dfca67e6ecca97a85e4c039aeda44d981155b0eb7b5ee42ddd6,phase4e_shadow_v1,2026-09-24,2026-09-24T19:02:39.570881+00:00,github-36045280392-1,80634446-9faf-4de8-bfa1-81ab2c7a0461,NEM.AX,AUD,20,2026-09-23,177.02000427246094,eligible,,phase4_confidence_research_v1,e5a1072ba3754f9a7e6d60fde5003b579f6a2f73c41b846532159559ad84eb77,c062e4ff2369a9c96f9a36410a4af8397add8c31d8525a020c815f9d51dcb1c2,b6de5899ef419c2be611fab48868833a32c6481f701a0eaf65525513b46754b2,7319e125278a62d9a9f9fad72f66df45ebb3fa8f553ff36ddf3a173e09eeebc2,d3c6f170eb2a6fce3f43e80d7ab094e5c06bc8a276505aa957d651920aeab0a2,2026-09-23T00:00:00+00:00,2026-09-24T00:00:00+00:00,B5,immature,,unknown,,,unknown,insufficient_evidence,,,proxy_complete,proxy_complete_no_claim,proxy_insufficient,scale_incompatible
ff3f38791e271568ef0b4a66f330c2743d891e9993f13579ccf2d3796ae801f3,phase4e_shadow_v1,2026-09-24,2026-09-24T19:02:39.570881+00:00,github-36045280392-1,80634446-9faf-4de8-bfa1-81ab2c7a0461,NEM.AX,AUD,40,2026-09-23,177.02000427246094,eligible,,phase4_confidence_research_v1,e5a1072ba3754f9a7e6d60fde5003b579f6a2f73c41b846532159559ad84eb77,c062e4ff2369a9c96f9a36410a4af8397add8c31d8525a020c815f9d51dcb1c2,b6de5899ef419c2be611fab48868833a32c6481f701a0eaf65525513b46754b2,7319e125278a62d9a9f9fad72f66df45ebb3fa8f553ff36ddf3a173e09eeebc2,d3c6f170eb2a6fce3f43e80d7ab094e5c06bc8a276505aa957d651920aeab0a2,2026-09-23T00:00:00+00:00,2026-09-24T00:00:00+00:00,B5,unavailable,,unknown,,,unknown,insufficient_evidence,,,proxy_complete,proxy_complete_no_claim,proxy_insufficient,scale_incompatible
f1dfe97eb485ff266ad89825f69e961314485b2b7cb307295e3d2669d816c162,phase4e_shadow_v1,2026-09-24,2026-09-24T19:02:39.570881+00:00,github-36045280392-1,80634446-9faf-4de8-bfa1-81ab2c7a0461,NEM.AX,AUD,60,2026-09-23,177.02000427246094,eligible,,phase4_confidence_research_v1,e5a1072ba3754f9a7e6d60fde5003b579f6a2f73c41b846532159559ad84eb77,c062e4ff2369a9c96f9a36410a4af8397add8c31d8525a020c815f9d51dcb1c2,b6de5899ef419c2be611fab48868833a32c6481f701a0eaf65525513b46754b2,7319e125278a62d9a9f9fad72f66df45ebb3fa8f553ff36ddf3a173e09eeebc2,d3c6f170eb2a6fce3f43e80d7ab094e5c06bc8a276505aa957d651920aeab0a2,2026-09-23T00:00:00+00:00,2026-09-24T00:00:00+00:00,B5,unavailable,,unknown,,,unknown,insufficient_evidence,,,proxy_complete,proxy_complete_no_claim,proxy_insufficient,scale_incompatible
19a2b554eda8d2146afcc33d1889f028c8a8c4126ca7c97953785b299e6190ab,phase4e_shadow_v1,2026-09-24,2026-09-24T19:02:39.570881+00:00,github-36045280392-1,80634446-9faf-4de8-bfa1-81ab2c7a0461,NESN.SW,,5,2026-09-23,77.0999984741211,eligible,,phase4_confidence_research_v1,e5a1072ba3754f9a7e6d60fde5003b579f6a2f73c41b846532159559ad84eb77,c062e4ff2369a9c96f9a36410a4af8397add8c31d8525a020c815f9d51dcb1c2,b6de5899ef419c2be611fab48868833a32c6481f701a0eaf65525513b46754b2,7319e125278a62d9a9f9fad72f66df45ebb3fa8f553ff36ddf3a173e09eeebc2,d3c6f170eb2a6fce3f43e80d7ab094e5c06bc8a276505aa957d651920aeab0a2,2026-09-23T00:00:00+00:00,2026-09-24T00:00:00+00:00,B3,robust,positive,unknown,,,low,single_model,,positive,proxy_complete,proxy_complete_no_claim,proxy_complete,scale_incompatible
582c332df74326629f7c36f7d03e7e8a04ad50c0f24eb84e13da483953b29dcf,phase4e_shadow_v1,2026-09-24,2026-09-24T19:02:39.570881+00:00,github-36045280392-1,80634446-9faf-4de8-bfa1-81ab2c7a0461,NESN.SW,,20,2026-09-23,77.0999984741211,eligible,,phase4_confidence_research_v1,e5a1072ba3754f9a7e6d60fde5003b579f6a2f73c41b846532159559ad84eb77,c062e4ff2369a9c96f9a36410a4af8397add8c31d8525a020c815f9d51dcb1c2,b6de5899ef419c2be611fab48868833a32c6481f701a0eaf65525513b46754b2,7319e125278a62d9a9f9fad72f66df45ebb3fa8f553ff36ddf3a173e09eeebc2,d3c6f170eb2a6fce3f43e80d7ab094e5c06bc8a276505aa957d651920aeab0a2,2026-09-23T00:00:00+00:00,2026-09-24T00:00:00+00:00,B3,immature,,unknown,,,unknown,insufficient_evidence,,,proxy_complete,proxy_complete_no_claim,proxy_insufficient,scale_incompatible
58155967b2400d6d9e59855842e6951474b7f656983067432ceb8a9e2ae76155,phase4e_shadow_v1,2026-09-24,2026-09-24T19:02:39.570881+00:00,github-36045280392-1,80634446-9faf-4de8-bfa1-81ab2c7a0461,NESN.SW,,40,2026-09-23,77.0999984741211,eligible,,phase4_confidence_research_v1,e5a1072ba3754f9a7e6d60fde5003b579f6a2f73c41b846532159559ad84eb77,c062e4ff2369a9c96f9a36410a4af8397add8c31d8525a020c815f9d51dcb1c2,b6de5899ef419c2be611fab48868833a32c6481f701a0eaf65525513b46754b2,7319e125278a62d9a9f9fad72f66df45ebb3fa8f553ff36ddf3a173e09eeebc2,d3c6f170eb2a6fce3f43e80d7ab094e5c06bc8a276505aa957d651920aeab0a2,2026-09-23T00:00:00+00:00,2026-09-24T00:00:00+00:00,B3,unavailable,,unknown,,,unknown,insufficient_evidence,,,proxy_complete,proxy_complete_no_claim,proxy_insufficient,scale_incompatible
0eeb9933212b966b675fee424754c79272f93af539dd0ebc9735ae2b96e99331,phase4e_shadow_v1,2026-09-24,2026-09-24T19:02:39.570881+00:00,github-36045280392-1,80634446-9faf-4de8-bfa1-81ab2c7a0461,NESN.SW,,60,2026-09-23,77.0999984741211,eligible,,phase4_confidence_research_v1,e5a1072ba3754f9a7e6d60fde5003b579f6a2f73c41b846532159559ad84eb77,c062e4ff2369a9c96f9a36410a4af8397add8c31d8525a020c815f9d51dcb1c2,b6de5899ef419c2be611fab48868833a32c6481f701a0eaf65525513b46754b2,7319e125278a62d9a9f9fad72f66df45ebb3fa8f553ff36ddf3a173e09eeebc2,d3c6f170eb2a6fce3f43e80d7ab094e5c06bc8a276505aa957d651920aeab0a2,2026-09-23T00:00:00+00:00,2026-09-24T00:00:00+00:00,B3,unavailable,,unknown,,,unknown,insufficient_evidence,,,proxy_complete,proxy_complete_no_claim,proxy_insufficient,scale_incompatible
6ff61b4d290d5273985822c44e709928676db709c9fe1b6c857f4996a85773eb,phase4e_shadow_v1,2026-09-24,2026-09-24T19:02:39.570881+00:00,github-36045280392-1,80634446-9faf-4de8-bfa1-81ab2c7a0461,NFLX,USD,5,2026-09-23,71.36000061035156,eligible,,phase4_confidence_research_v1,e5a1072ba3754f9a7e6d60fde5003b579f6a2f73c41b846532159559ad84eb77,c062e4ff2369a9c96f9a36410a4af8397add8c31d8525a020c815f9d51dcb1c2,b6de5899ef419c2be611fab48868833a32c6481f701a0eaf65525513b46754b2,7319e125278a62d9a9f9fad72f66df45ebb3fa8f553ff36ddf3a173e09eeebc2,d3c6f170eb2a6fce3f43e80d7ab094e5c06bc8a276505aa957d651920aeab0a2,2026-09-23T00:00:00+00:00,2026-09-24T00:00:00+00:00,B3,robust,positive,unknown,,,middle,single_model,,positive,proxy_complete,proxy_complete_no_claim,proxy_complete,scale_incompatible
95a5d3a6db562d791097d93da660e632c2f19c1538a53a80385367cf2d0bba85,phase4e_shadow_v1,2026-09-24,2026-09-24T19:02:39.570881+00:00,github-36045280392-1,80634446-9faf-4de8-bfa1-81ab2c7a0461,NFLX,USD,20,2026-09-23,71.36000061035156,eligible,,phase4_confidence_research_v1,e5a1072ba3754f9a7e6d60fde5003b579f6a2f73c41b846532159559ad84eb77,c062e4ff2369a9c96f9a36410a4af8397add8c31d8525a020c815f9d51dcb1c2,b6de5899ef419c2be611fab48868833a32c6481f701a0eaf65525513b46754b2,7319e125278a62d9a9f9fad72f66df45ebb3fa8f553ff36ddf3a173e09eeebc2,d3c6f170eb2a6fce3f43e80d7ab094e5c06bc8a276505aa957d651920aeab0a2,2026-09-23T00:00:00+00:00,2026-09-24T00:00:00+00:00,B3,immature,,unknown,,,unknown,insufficient_evidence,,,proxy_complete,proxy_complete_no_claim,proxy_insufficient,scale_incompatible
d1840e845ab9fcd5301ef382314072b05f320cca7a4b23780c8569df5c92f21a,phase4e_shadow_v1,2026-09-24,2026-09-24T19:02:39.570881+00:00,github-36045280392-1,80634446-9faf-4de8-bfa1-81ab2c7a0461,NFLX,USD,40,2026-09-23,71.36000061035156,eligible,,phase4_confidence_research_v1,e5a1072ba3754f9a7e6d60fde5003b579f6a2f73c41b846532159559ad84eb77,c062e4ff2369a9c96f9a36410a4af8397add8c31d8525a020c815f9d51dcb1c2,b6de5899ef419c2be611fab48868833a32c6481f701a0eaf65525513b46754b2,7319e125278a62d9a9f9fad72f66df45ebb3fa8f553ff36ddf3a173e09eeebc2,d3c6f170eb2a6fce3f43e80d7ab094e5c06bc8a276505aa957d651920aeab0a2,2026-09-23T00:00:00+00:00,2026-09-24T00:00:00+00:00,B3,unavailable,,unknown,,,unknown,insufficient_evidence,,,proxy_complete,proxy_complete_no_claim,proxy_insufficient,scale_incompatible
0315d2b4a03703ef6f3a7e2e4d5afe196132da31562502ea7df1a7aee8cf5f25,phase4e_shadow_v1,2026-09-24,2026-09-24T19:02:39.570881+00:00,github-36045280392-1,80634446-9faf-4de8-bfa1-81ab2c7a0461,NFLX,USD,60,2026-09-23,71.36000061035156,eligible,,phase4_confidence_research_v1,e5a1072ba3754f9a7e6d60fde5003b579f6a2f73c41b846532159559ad84eb77,c062e4ff2369a9c96f9a36410a4af8397add8c31d8525a020c815f9d51dcb1c2,b6de5899ef419c2be611fab48868833a32c6481f701a0eaf65525513b46754b2,7319e125278a62d9a9f9fad72f66df45ebb3fa8f553ff36ddf3a173e09eeebc2,d3c6f170eb2a6fce3f43e80d7ab094e5c06bc8a276505aa957d651920aeab0a2,2026-09-23T00:00:00+00:00,2026-09-24T00:00:00+00:00,B3,unavailable,,unknown,,,unknown,insufficient_evidence,,,proxy_complete,proxy_complete_no_claim,proxy_insufficient,scale_incompatible
00db8f3955d5e468ff59fad26b0e1345009172631cf35d0c3142fb5ca4ddf66f,phase4e_shadow_v1,2026-09-24,2026-09-24T19:02:39.570881+00:00,github-36045280392-1,80634446-9faf-4de8-bfa1-81ab2c7a0461,NIO,USD,5,2026-09-23,3.670000076293945,eligible,,phase4_confidence_research_v1,e5a1072ba3754f9a7e6d60fde5003b579f6a2f73c41b846532159559ad84eb77,c062e4ff2369a9c96f9a36410a4af8397add8c31d8525a020c815f9d51dcb1c2,b6de5899ef419c2be611fab48868833a32c6481f701a0eaf65525513b46754b2,7319e125278a62d9a9f9fad72f66df45ebb3fa8f553ff36ddf3a173e09eeebc2,d3c6f170eb2a6fce3f43e80d7ab094e5c06bc8a276505aa957d651920aeab0a2,2026-09-23T00:00:00+00:00,2026-09-24T00:00:00+00:00,B2,directional_only,negative,unknown,,,middle,insufficient_evidence,,,proxy_complete,proxy_partial_no_claim,proxy_complete,scale_incompatible
7422113c28145bc29ae2407298d5817695cb3e4b6b3769b2f5487029b7f03175,phase4e_shadow_v1,2026-09-24,2026-09-24T19:02:39.570881+00:00,github-36045280392-1,80634446-9faf-4de8-bfa1-81ab2c7a0461,NIO,USD,20,2026-09-23,3.670000076293945,eligible,,phase4_confidence_research_v1,e5a1072ba3754f9a7e6d60fde5003b579f6a2f73c41b846532159559ad84eb77,c062e4ff2369a9c96f9a36410a4af8397add8c31d8525a020c815f9d51dcb1c2,b6de5899ef419c2be611fab48868833a32c6481f701a0eaf65525513b46754b2,7319e125278a62d9a9f9fad72f66df45ebb3fa8f553ff36ddf3a173e09eeebc2,d3c6f170eb2a6fce3f43e80d7ab094e5c06bc8a276505aa957d651920aeab0a2,2026-09-23T00:00:00+00:00,2026-09-24T00:00:00+00:00,B2,immature,,unknown,,,unknown,insufficient_evidence,,,proxy_complete,proxy_complete_no_claim,proxy_insufficient,scale_incompatible
ad38a17bbfc0fe0d011d58cff18e81e5b7adb86f8bdee00c81a1a9fa8ec9560d,phase4e_shadow_v1,2026-09-24,2026-09-24T19:02:39.570881+00:00,github-36045280392-1,80634446-9faf-4de8-bfa1-81ab2c7a0461,NIO,USD,40,2026-09-23,3.670000076293945,eligible,,phase4_confidence_research_v1,e5a1072ba3754f9a7e6d60fde5003b579f6a2f73c41b846532159559ad84eb77,c062e4ff2369a9c96f9a36410a4af8397add8c31d8525a020c815f9d51dcb1c2,b6de5899ef419c2be611fab48868833a32c6481f701a0eaf65525513b46754b2,7319e125278a62d9a9f9fad72f66df45ebb3fa8f553ff36ddf3a173e09eeebc2,d3c6f170eb2a6fce3f43e80d7ab094e5c06bc8a276505aa957d651920aeab0a2,2026-09-23T00:00:00+00:00,2026-09-24T00:00:00+00:00,B2,unavailable,,unknown,,,unknown,insufficient_evidence,,,proxy_complete,proxy_complete_no_claim,proxy_insufficient,scale_incompatible
d0ab937387d6baa3e10c3a67dcb34d0590c643b522b79139e6ea108b7c58d38c,phase4e_shadow_v1,2026-09-24,2026-09-24T19:02:39.570881+00:00,github-36045280392-1,80634446-9faf-4de8-bfa1-81ab2c7a0461,NIO,USD,60,2026-09-23,3.670000076293945,eligible,,phase4_confidence_research_v1,e5a1072ba3754f9a7e6d60fde5003b579f6a2f73c41b846532159559ad84eb77,c062e4ff2369a9c96f9a36410a4af8397add8c31d8525a020c815f9d51dcb1c2,b6de5899ef419c2be611fab48868833a32c6481f701a0eaf65525513b46754b2,7319e125278a62d9a9f9fad72f66df45ebb3fa8f553ff36ddf3a173e09eeebc2,d3c6f170eb2a6fce3f43e80d7ab094e5c06bc8a276505aa957d651920aeab0a2,2026-09-23T00:00:00+00:00,2026-09-24T00:00:00+00:00,B2,unavailable,,unknown,,,unknown,insufficient_evidence,,,proxy_complete,proxy_complete_no_claim,proxy_insufficient,scale_incompatible
9bbb7a8d73cf3bc396d55b65f1ddcc90c6304860b9ad9083d74fe41e41cb90dd,phase4e_shadow_v1,2026-09-24,2026-09-24T19:02:39.570881+00:00,github-36045280392-1,80634446-9faf-4de8-bfa1-81ab2c7a0461,NKE,USD,5,2026-09-23,36.04999923706055,eligible,,phase4_confidence_research_v1,e5a1072ba3754f9a7e6d60fde5003b579f6a2f73c41b846532159559ad84eb77,c062e4ff2369a9c96f9a36410a4af8397add8c31d8525a020c815f9d51dcb1c2,b6de5899ef419c2be611fab48868833a32c6481f701a0eaf65525513b46754b2,7319e125278a62d9a9f9fad72f66df45ebb3fa8f553ff36ddf3a173e09eeebc2,d3c6f170eb2a6fce3f43e80d7ab094e5c06bc8a276505aa957d651920aeab0a2,2026-09-23T00:00:00+00:00,2026-09-24T00:00:00+00:00,B2,directional_only,negative,robust_claim,positive,trend200_d10_down & trend200_d1_down & rs3m_d1_up,middle,single_model,,positive,proxy_complete,proxy_complete,proxy_complete,scale_incompatible
17d86858b506988ac9f14a369433ec61c5aae0ab0e27177310a3dd743be5b3e2,phase4e_shadow_v1,2026-09-24,2026-09-24T19:02:39.570881+00:00,github-36045280392-1,80634446-9faf-4de8-bfa1-81ab2c7a0461,NKE,USD,20,2026-09-23,36.04999923706055,eligible,,phase4_confidence_research_v1,e5a1072ba3754f9a7e6d60fde5003b579f6a2f73c41b846532159559ad84eb77,c062e4ff2369a9c96f9a36410a4af8397add8c31d8525a020c815f9d51dcb1c2,b6de5899ef419c2be611fab48868833a32c6481f701a0eaf65525513b46754b2,7319e125278a62d9a9f9fad72f66df45ebb3fa8f553ff36ddf3a173e09eeebc2,d3c6f170eb2a6fce3f43e80d7ab094e5c06bc8a276505aa957d651920aeab0a2,2026-09-23T00:00:00+00:00,2026-09-24T00:00:00+00:00,B2,immature,,unknown,,,unknown,insufficient_evidence,,,proxy_complete,proxy_complete_no_claim,proxy_insufficient,scale_incompatible
5a65a24dc96e3e485d6b71d019c0b370ca188288b8548aa29580f6a670a094fd,phase4e_shadow_v1,2026-09-24,2026-09-24T19:02:39.570881+00:00,github-36045280392-1,80634446-9faf-4de8-bfa1-81ab2c7a0461,NKE,USD,40,2026-09-23,36.04999923706055,eligible,,phase4_confidence_research_v1,e5a1072ba3754f9a7e6d60fde5003b579f6a2f73c41b846532159559ad84eb77,c062e4ff2369a9c96f9a36410a4af8397add8c31d8525a020c815f9d51dcb1c2,b6de5899ef419c2be611fab48868833a32c6481f701a0eaf65525513b46754b2,7319e125278a62d9a9f9fad72f66df45ebb3fa8f553ff36ddf3a173e09eeebc2,d3c6f170eb2a6fce3f43e80d7ab094e5c06bc8a276505aa957d651920aeab0a2,2026-09-23T00:00:00+00:00,2026-09-24T00:00:00+00:00,B2,unavailable,,unknown,,,unknown,insufficient_evidence,,,proxy_complete,proxy_complete_no_claim,proxy_insufficient,scale_incompatible
dd1cdb65150edb691c6e74c7f2127955c62be15da935f8683c631ffb22b0e45b,phase4e_shadow_v1,2026-09-24,2026-09-24T19:02:39.570881+00:00,github-36045280392-1,80634446-9faf-4de8-bfa1-81ab2c7a0461,NKE,USD,60,2026-09-23,36.04999923706055,eligible,,phase4_confidence_research_v1,e5a1072ba3754f9a7e6d60fde5003b579f6a2f73c41b846532159559ad84eb77,c062e4ff2369a9c96f9a36410a4af8397add8c31d8525a020c815f9d51dcb1c2,b6de5899ef419c2be611fab48868833a32c6481f701a0eaf65525513b46754b2,7319e125278a62d9a9f9fad72f66df45ebb3fa8f553ff36ddf3a173e09eeebc2,d3c6f170eb2a6fce3f43e80d7ab094e5c06bc8a276505aa957d651920aeab0a2,2026-09-23T00:00:00+00:00,2026-09-24T00:00:00+00:00,B2,unavailable,,unknown,,,unknown,insufficient_evidence,,,proxy_complete,proxy_complete_no_claim,proxy_insufficient,scale_incompatible
1762d253200550a6930c4d4f7a8ed4c61fe69c673ce5fe519f003650a2e46899,phase4e_shadow_v1,2026-09-24,2026-09-24T19:02:39.570881+00:00,github-36045280392-1,80634446-9faf-4de8-bfa1-81ab2c7a0461,NOVO-B.CO,DKK,5,2026-09-23,252.25,eligible,,phase4_confidence_research_v1,e5a1072ba3754f9a7e6d60fde5003b579f6a2f73c41b846532159559ad84eb77,c062e4ff2369a9c96f9a36410a4af8397add8c31d8525a020c815f9d51dcb1c2,b6de5899ef419c2be611fab48868833a32c6481f701a0eaf65525513b46754b2,7319e125278a62d9a9f9fad72f66df45ebb3fa8f553ff36ddf3a173e09eeebc2,d3c6f170eb2a6fce3f43e80d7ab094e5c06bc8a276505aa957d651920aeab0a2,2026-09-23T00:00:00+00:00,2026-09-24T00:00:00+00:00,B2,directional_only,negative,unknown,,,middle,insufficient_evidence,,,proxy_complete,proxy_complete_no_claim,proxy_complete,scale_incompatible
15e701456909610c47de8844deea42afecc17ebe5143f7e0924c5155e351da7e,phase4e_shadow_v1,2026-09-24,2026-09-24T19:02:39.570881+00:00,github-36045280392-1,80634446-9faf-4de8-bfa1-81ab2c7a0461,NOVO-B.CO,DKK,20,2026-09-23,252.25,eligible,,phase4_confidence_research_v1,e5a1072ba3754f9a7e6d60fde5003b579f6a2f73c41b846532159559ad84eb77,c062e4ff2369a9c96f9a36410a4af8397add8c31d8525a020c815f9d51dcb1c2,b6de5899ef419c2be611fab48868833a32c6481f701a0eaf65525513b46754b2,7319e125278a62d9a9f9fad72f66df45ebb3fa8f553ff36ddf3a173e09eeebc2,d3c6f170eb2a6fce3f43e80d7ab094e5c06bc8a276505aa957d651920aeab0a2,2026-09-23T00:00:00+00:00,2026-09-24T00:00:00+00:00,B2,immature,,unknown,,,unknown,insufficient_evidence,,,proxy_complete,proxy_complete_no_claim,proxy_insufficient,scale_incompatible
799cc0a0f7e25d71104d3b15e5af8c606df3e2d8b3659d18e526549f03789e56,phase4e_shadow_v1,2026-09-24,2026-09-24T19:02:39.570881+00:00,github-36045280392-1,80634446-9faf-4de8-bfa1-81ab2c7a0461,NOVO-B.CO,DKK,40,2026-09-23,252.25,eligible,,phase4_confidence_research_v1,e5a1072ba3754f9a7e6d60fde5003b579f6a2f73c41b846532159559ad84eb77,c062e4ff2369a9c96f9a36410a4af8397add8c31d8525a020c815f9d51dcb1c2,b6de5899ef419c2be611fab48868833a32c6481f701a0eaf65525513b46754b2,7319e125278a62d9a9f9fad72f66df45ebb3fa8f553ff36ddf3a173e09eeebc2,d3c6f170eb2a6fce3f43e80d7ab094e5c06bc8a276505aa957d651920aeab0a2,2026-09-23T00:00:00+00:00,2026-09-24T00:00:00+00:00,B2,unavailable,,unknown,,,unknown,insufficient_evidence,,,proxy_complete,proxy_complete_no_claim,proxy_insufficient,scale_incompatible
2170c0c523ed06a452d04f82c05ee26bf4cc35a8ab5723200eb220d2a36832b5,phase4e_shadow_v1,2026-09-24,2026-09-24T19:02:39.570881+00:00,github-36045280392-1,80634446-9faf-4de8-bfa1-81ab2c7a0461,NOVO-B.CO,DKK,60,2026-09-23,252.25,eligible,,phase4_confidence_research_v1,e5a1072ba3754f9a7e6d60fde5003b579f6a2f73c41b846532159559ad84eb77,c062e4ff2369a9c96f9a36410a4af8397add8c31d8525a020c815f9d51dcb1c2,b6de5899ef419c2be611fab48868833a32c6481f701a0eaf65525513b46754b2,7319e125278a62d9a9f9fad72f66df45ebb3fa8f553ff36ddf3a173e09eeebc2,d3c6f170eb2a6fce3f43e80d7ab094e5c06bc8a276505aa957d651920aeab0a2,2026-09-23T00:00:00+00:00,2026-09-24T00:00:00+00:00,B2,unavailable,,unknown,,,unknown,insufficient_evidence,,,proxy_complete,proxy_complete_no_claim,proxy_insufficient,scale_incompatible
bd2657d05d4997bb2dceb7266f30c3c692347339e91ade4695d374fd33dfb351,phase4e_shadow_v1,2026-09-24,2026-09-24T19:02:39.570881+00:00,github-36045280392-1,80634446-9faf-4de8-bfa1-81ab2c7a0461,NOW,USD,5,2026-09-23,140.77999877929688,eligible,,phase4_confidence_research_v1,e5a1072ba3754f9a7e6d60fde5003b579f6a2f73c41b846532159559ad84eb77,c062e4ff2369a9c96f9a36410a4af8397add8c31d8525a020c815f9d51dcb1c2,b6de5899ef419c2be611fab48868833a32c6481f701a0eaf65525513b46754b2,7319e125278a62d9a9f9fad72f66df45ebb3fa8f553ff36ddf3a173e09eeebc2,d3c6f170eb2a6fce3f43e80d7ab094e5c06bc8a276505aa957d651920aeab0a2,2026-09-23T00:00:00+00:00,2026-09-24T00:00:00+00:00,B3,robust,positive,unknown,,,elevated,conflict,positive_return_claim_vs_elevated_downside_risk,positive,proxy_complete,proxy_complete_no_claim,proxy_complete,scale_incompatible
588fdf572f91f0116f0cb22560f3b9e5aa580719339d56d99abe53bd828b1839,phase4e_shadow_v1,2026-09-24,2026-09-24T19:02:39.570881+00:00,github-36045280392-1,80634446-9faf-4de8-bfa1-81ab2c7a0461,NOW,USD,20,2026-09-23,140.77999877929688,eligible,,phase4_confidence_research_v1,e5a1072ba3754f9a7e6d60fde5003b579f6a2f73c41b846532159559ad84eb77,c062e4ff2369a9c96f9a36410a4af8397add8c31d8525a020c815f9d51dcb1c2,b6de5899ef419c2be611fab48868833a32c6481f701a0eaf65525513b46754b2,7319e125278a62d9a9f9fad72f66df45ebb3fa8f553ff36ddf3a173e09eeebc2,d3c6f170eb2a6fce3f43e80d7ab094e5c06bc8a276505aa957d651920aeab0a2,2026-09-23T00:00:00+00:00,2026-09-24T00:00:00+00:00,B3,immature,,unknown,,,unknown,insufficient_evidence,,,proxy_complete,proxy_complete_no_claim,proxy_insufficient,scale_incompatible
571d7b3482bb1b0f2c6a88315edd3ce0cd8c59041700b960d058e2981e48f846,phase4e_shadow_v1,2026-09-24,2026-09-24T19:02:39.570881+00:00,github-36045280392-1,80634446-9faf-4de8-bfa1-81ab2c7a0461,NOW,USD,40,2026-09-23,140.77999877929688,eligible,,phase4_confidence_research_v1,e5a1072ba3754f9a7e6d60fde5003b579f6a2f73c41b846532159559ad84eb77,c062e4ff2369a9c96f9a36410a4af8397add8c31d8525a020c815f9d51dcb1c2,b6de5899ef419c2be611fab48868833a32c6481f701a0eaf65525513b46754b2,7319e125278a62d9a9f9fad72f66df45ebb3fa8f553ff36ddf3a173e09eeebc2,d3c6f170eb2a6fce3f43e80d7ab094e5c06bc8a276505aa957d651920aeab0a2,2026-09-23T00:00:00+00:00,2026-09-24T00:00:00+00:00,B3,unavailable,,unknown,,,unknown,insufficient_evidence,,,proxy_complete,proxy_complete_no_claim,proxy_insufficient,scale_incompatible
f85eece35a1c37dd3781bbb02df1a8e93dbffec30fb92d48019e2a32ea5fa0bb,phase4e_shadow_v1,2026-09-24,2026-09-24T19:02:39.570881+00:00,github-36045280392-1,80634446-9faf-4de8-bfa1-81ab2c7a0461,NOW,USD,60,2026-09-23,140.77999877929688,eligible,,phase4_confidence_research_v1,e5a1072ba3754f9a7e6d60fde5003b579f6a2f73c41b846532159559ad84eb77,c062e4ff2369a9c96f9a36410a4af8397add8c31d8525a020c815f9d51dcb1c2,b6de5899ef419c2be611fab48868833a32c6481f701a0eaf65525513b46754b2,7319e125278a62d9a9f9fad72f66df45ebb3fa8f553ff36ddf3a173e09eeebc2,d3c6f170eb2a6fce3f43e80d7ab094e5c06bc8a276505aa957d651920aeab0a2,2026-09-23T00:00:00+00:00,2026-09-24T00:00:00+00:00,B3,unavailable,,unknown,,,unknown,insufficient_evidence,,,proxy_complete,proxy_complete_no_claim,proxy_insufficient,scale_incompatible
8f3c0b36837b53e4089522f7e6406f1d5378176eebf5a965a8606bd3b0fddcdd,phase4e_shadow_v1,2026-09-24,2026-09-24T19:02:39.570881+00:00,github-36045280392-1,80634446-9faf-4de8-bfa1-81ab2c7a0461,NPN.JO,ZAC,5,2026-09-22,74859.0,eligible,,phase4_confidence_research_v1,e5a1072ba3754f9a7e6d60fde5003b579f6a2f73c41b846532159559ad84eb77,c062e4ff2369a9c96f9a36410a4af8397add8c31d8525a020c815f9d51dcb1c2,b6de5899ef419c2be611fab48868833a32c6481f701a0eaf65525513b46754b2,7319e125278a62d9a9f9fad72f66df45ebb3fa8f553ff36ddf3a173e09eeebc2,d3c6f170eb2a6fce3f43e80d7ab094e5c06bc8a276505aa957d651920aeab0a2,2026-09-23T00:00:00+00:00,2026-09-24T00:00:00+00:00,B3,robust,positive,unknown,,,middle,single_model,,positive,proxy_complete,proxy_complete_no_claim,proxy_complete,scale_incompatible
98dfc0cf752420f44c5214a8697d70faea133a2fc1e7433deec6b6d5a89531b0,phase4e_shadow_v1,2026-09-24,2026-09-24T19:02:39.570881+00:00,github-36045280392-1,80634446-9faf-4de8-bfa1-81ab2c7a0461,NPN.JO,ZAC,20,2026-09-22,74859.0,eligible,,phase4_confidence_research_v1,e5a1072ba3754f9a7e6d60fde5003b579f6a2f73c41b846532159559ad84eb77,c062e4ff2369a9c96f9a36410a4af8397add8c31d8525a020c815f9d51dcb1c2,b6de5899ef419c2be611fab48868833a32c6481f701a0eaf65525513b46754b2,7319e125278a62d9a9f9fad72f66df45ebb3fa8f553ff36ddf3a173e09eeebc2,d3c6f170eb2a6fce3f43e80d7ab094e5c06bc8a276505aa957d651920aeab0a2,2026-09-23T00:00:00+00:00,2026-09-24T00:00:00+00:00,B3,immature,,unknown,,,unknown,insufficient_evidence,,,proxy_complete,proxy_complete_no_claim,proxy_insufficient,scale_incompatible
05341cf8164d2e66a3ef985be27469eaa35ecce931eb1065d18223c291e4040c,phase4e_shadow_v1,2026-09-24,2026-09-24T19:02:39.570881+00:00,github-36045280392-1,80634446-9faf-4de8-bfa1-81ab2c7a0461,NPN.JO,ZAC,40,2026-09-22,74859.0,eligible,,phase4_confidence_research_v1,e5a1072ba3754f9a7e6d60fde5003b579f6a2f73c41b846532159559ad84eb77,c062e4ff2369a9c96f9a36410a4af8397add8c31d8525a020c815f9d51dcb1c2,b6de5899ef419c2be611fab48868833a32c6481f701a0eaf65525513b46754b2,7319e125278a62d9a9f9fad72f66df45ebb3fa8f553ff36ddf3a173e09eeebc2,d3c6f170eb2a6fce3f43e80d7ab094e5c06bc8a276505aa957d651920aeab0a2,2026-09-23T00:00:00+00:00,2026-09-24T00:00:00+00:00,B3,unavailable,,unknown,,,unknown,insufficient_evidence,,,proxy_complete,proxy_complete_no_claim,proxy_insufficient,scale_incompatible
f7e9a447d4bb6ef854b689694786920bb8c36bacece3e9699380827beda88bba,phase4e_shadow_v1,2026-09-24,2026-09-24T19:02:39.570881+00:00,github-36045280392-1,80634446-9faf-4de8-bfa1-81ab2c7a0461,NPN.JO,ZAC,60,2026-09-22,74859.0,eligible,,phase4_confidence_research_v1,e5a1072ba3754f9a7e6d60fde5003b579f6a2f73c41b846532159559ad84eb77,c062e4ff2369a9c96f9a36410a4af8397add8c31d8525a020c815f9d51dcb1c2,b6de5899ef419c2be611fab48868833a32c6481f701a0eaf65525513b46754b2,7319e125278a62d9a9f9fad72f66df45ebb3fa8f553ff36ddf3a173e09eeebc2,d3c6f170eb2a6fce3f43e80d7ab094e5c06bc8a276505aa957d651920aeab0a2,2026-09-23T00:00:00+00:00,2026-09-24T00:00:00+00:00,B3,unavailable,,unknown,,,unknown,insufficient_evidence,,,proxy_complete,proxy_complete_no_claim,proxy_insufficient,scale_incompatible
4cbe2bd3b058beaeee78aeda6d15883d98da76700c13be6eb1ae2ec634722f18,phase4e_shadow_v1,2026-09-24,2026-09-24T19:02:39.570881+00:00,github-36045280392-1,80634446-9faf-4de8-bfa1-81ab2c7a0461,NRDS,USD,5,2026-09-23,8.100000381469727,eligible,,phase4_confidence_research_v1,e5a1072ba3754f9a7e6d60fde5003b579f6a2f73c41b846532159559ad84eb77,c062e4ff2369a9c96f9a36410a4af8397add8c31d8525a020c815f9d51dcb1c2,b6de5899ef419c2be611fab48868833a32c6481f701a0eaf65525513b46754b2,7319e125278a62d9a9f9fad72f66df45ebb3fa8f553ff36ddf3a173e09eeebc2,d3c6f170eb2a6fce3f43e80d7ab094e5c06bc8a276505aa957d651920aeab0a2,2026-09-23T00:00:00+00:00,2026-09-24T00:00:00+00:00,B2,directional_only,negative,unknown,,,middle,insufficient_evidence,,,proxy_complete,proxy_complete_no_claim,proxy_complete,scale_incompatible
6485f512a31179444f1de663eeca039ad19d351a31e6afe0d62caf8ea3b78e84,phase4e_shadow_v1,2026-09-24,2026-09-24T19:02:39.570881+00:00,github-36045280392-1,80634446-9faf-4de8-bfa1-81ab2c7a0461,NRDS,USD,20,2026-09-23,8.100000381469727,eligible,,phase4_confidence_research_v1,e5a1072ba3754f9a7e6d60fde5003b579f6a2f73c41b846532159559ad84eb77,c062e4ff2369a9c96f9a36410a4af8397add8c31d8525a020c815f9d51dcb1c2,b6de5899ef419c2be611fab48868833a32c6481f701a0eaf65525513b46754b2,7319e125278a62d9a9f9fad72f66df45ebb3fa8f553ff36ddf3a173e09eeebc2,d3c6f170eb2a6fce3f43e80d7ab094e5c06bc8a276505aa957d651920aeab0a2,2026-09-23T00:00:00+00:00,2026-09-24T00:00:00+00:00,B2,immature,,unknown,,,unknown,insufficient_evidence,,,proxy_complete,proxy_complete_no_claim,proxy_insufficient,scale_incompatible
da6baf29d73a3b735aba65c4f16d93e54d973c6481fe397d894de2c7a6040b3a,phase4e_shadow_v1,2026-09-24,2026-09-24T19:02:39.570881+00:00,github-36045280392-1,80634446-9faf-4de8-bfa1-81ab2c7a0461,NRDS,USD,40,2026-09-23,8.100000381469727,eligible,,phase4_confidence_research_v1,e5a1072ba3754f9a7e6d60fde5003b579f6a2f73c41b846532159559ad84eb77,c062e4ff2369a9c96f9a36410a4af8397add8c31d8525a020c815f9d51dcb1c2,b6de5899ef419c2be611fab48868833a32c6481f701a0eaf65525513b46754b2,7319e125278a62d9a9f9fad72f66df45ebb3fa8f553ff36ddf3a173e09eeebc2,d3c6f170eb2a6fce3f43e80d7ab094e5c06bc8a276505aa957d651920aeab0a2,2026-09-23T00:00:00+00:00,2026-09-24T00:00:00+00:00,B2,unavailable,,unknown,,,unknown,insufficient_evidence,,,proxy_complete,proxy_complete_no_claim,proxy_insufficient,scale_incompatible
79f9988c06751db40e8720c9228f9ff2aba48898513756cd79a728134d62ba04,phase4e_shadow_v1,2026-09-24,2026-09-24T19:02:39.570881+00:00,github-36045280392-1,80634446-9faf-4de8-bfa1-81ab2c7a0461,NRDS,USD,60,2026-09-23,8.100000381469727,eligible,,phase4_confidence_research_v1,e5a1072ba3754f9a7e6d60fde5003b579f6a2f73c41b846532159559ad84eb77,c062e4ff2369a9c96f9a36410a4af8397add8c31d8525a020c815f9d51dcb1c2,b6de5899ef419c2be611fab48868833a32c6481f701a0eaf65525513b46754b2,7319e125278a62d9a9f9fad72f66df45ebb3fa8f553ff36ddf3a173e09eeebc2,d3c6f170eb2a6fce3f43e80d7ab094e5c06bc8a276505aa957d651920aeab0a2,2026-09-23T00:00:00+00:00,2026-09-24T00:00:00+00:00,B2,unavailable,,unknown,,,unknown,insufficient_evidence,,,proxy_complete,proxy_complete_no_claim,proxy_insufficient,scale_incompatible
3fa86dcedf5f54572b75e0f05a3e35a6c514cad802bbe10a3772d8317e838950,phase4e_shadow_v1,2026-09-24,2026-09-24T19:02:39.570881+00:00,github-36045280392-1,80634446-9faf-4de8-bfa1-81ab2c7a0461,NVDA,USD,5,2026-09-23,225.50999450683597,eligible,,phase4_confidence_research_v1,e5a1072ba3754f9a7e6d60fde5003b579f6a2f73c41b846532159559ad84eb77,c062e4ff2369a9c96f9a36410a4af8397add8c31d8525a020c815f9d51dcb1c2,b6de5899ef419c2be611fab48868833a32c6481f701a0eaf65525513b46754b2,7319e125278a62d9a9f9fad72f66df45ebb3fa8f553ff36ddf3a173e09eeebc2,d3c6f170eb2a6fce3f43e80d7ab094e5c06bc8a276505aa957d651920aeab0a2,2026-09-23T00:00:00+00:00,2026-09-24T00:00:00+00:00,B5,robust,positive,unknown,,,low,single_model,,positive,proxy_complete,proxy_complete_no_claim,proxy_complete,scale_incompatible
c05c886be6d5a578f59c0842c516d9f705cf91c78d818155c544a5abab346401,phase4e_shadow_v1,2026-09-24,2026-09-24T19:02:39.570881+00:00,github-36045280392-1,80634446-9faf-4de8-bfa1-81ab2c7a0461,NVDA,USD,20,2026-09-23,225.50999450683597,eligible,,phase4_confidence_research_v1,e5a1072ba3754f9a7e6d60fde5003b579f6a2f73c41b846532159559ad84eb77,c062e4ff2369a9c96f9a36410a4af8397add8c31d8525a020c815f9d51dcb1c2,b6de5899ef419c2be611fab48868833a32c6481f701a0eaf65525513b46754b2,7319e125278a62d9a9f9fad72f66df45ebb3fa8f553ff36ddf3a173e09eeebc2,d3c6f170eb2a6fce3f43e80d7ab094e5c06bc8a276505aa957d651920aeab0a2,2026-09-23T00:00:00+00:00,2026-09-24T00:00:00+00:00,B5,immature,,unknown,,,unknown,insufficient_evidence,,,proxy_complete,proxy_complete_no_claim,proxy_insufficient,scale_incompatible
79b3e497b9a6d842f8d53d59397a5d389d1fba04f1bd4beea68b710cca50ebc9,phase4e_shadow_v1,2026-09-24,2026-09-24T19:02:39.570881+00:00,github-36045280392-1,80634446-9faf-4de8-bfa1-81ab2c7a0461,NVDA,USD,40,2026-09-23,225.50999450683597,eligible,,phase4_confidence_research_v1,e5a1072ba3754f9a7e6d60fde5003b579f6a2f73c41b846532159559ad84eb77,c062e4ff2369a9c96f9a36410a4af8397add8c31d8525a020c815f9d51dcb1c2,b6de5899ef419c2be611fab48868833a32c6481f701a0eaf65525513b46754b2,7319e125278a62d9a9f9fad72f66df45ebb3fa8f553ff36ddf3a173e09eeebc2,d3c6f170eb2a6fce3f43e80d7ab094e5c06bc8a276505aa957d651920aeab0a2,2026-09-23T00:00:00+00:00,2026-09-24T00:00:00+00:00,B5,unavailable,,unknown,,,unknown,insufficient_evidence,,,proxy_complete,proxy_complete_no_claim,proxy_insufficient,scale_incompatible
488dc94473211dc51b0eac5adf4e1f38cd722ea2525923cbd1e524e673f00a8f,phase4e_shadow_v1,2026-09-24,2026-09-24T19:02:39.570881+00:00,github-36045280392-1,80634446-9faf-4de8-bfa1-81ab2c7a0461,NVDA,USD,60,2026-09-23,225.50999450683597,eligible,,phase4_confidence_research_v1,e5a1072ba3754f9a7e6d60fde5003b579f6a2f73c41b846532159559ad84eb77,c062e4ff2369a9c96f9a36410a4af8397add8c31d8525a020c815f9d51dcb1c2,b6de5899ef419c2be611fab48868833a32c6481f701a0eaf65525513b46754b2,7319e125278a62d9a9f9fad72f66df45ebb3fa8f553ff36ddf3a173e09eeebc2,d3c6f170eb2a6fce3f43e80d7ab094e5c06bc8a276505aa957d651920aeab0a2,2026-09-23T00:00:00+00:00,2026-09-24T00:00:00+00:00,B5,unavailable,,unknown,,,unknown,insufficient_evidence,,,proxy_complete,proxy_complete_no_claim,proxy_insufficient,scale_incompatible
eabae2aa540c90e1d658506ab496cedb98c0f5d42a4c33e182eb193e302a8265,phase4e_shadow_v1,2026-09-24,2026-09-24T19:02:39.570881+00:00,github-36045280392-1,80634446-9faf-4de8-bfa1-81ab2c7a0461,NXP,USD,5,2026-09-23,13.18000030517578,eligible,,phase4_confidence_research_v1,e5a1072ba3754f9a7e6d60fde5003b579f6a2f73c41b846532159559ad84eb77,c062e4ff2369a9c96f9a36410a4af8397add8c31d8525a020c815f9d51dcb1c2,b6de5899ef419c2be611fab48868833a32c6481f701a0eaf65525513b46754b2,7319e125278a62d9a9f9fad72f66df45ebb3fa8f553ff36ddf3a173e09eeebc2,d3c6f170eb2a6fce3f43e80d7ab094e5c06bc8a276505aa957d651920aeab0a2,2026-09-23T00:00:00+00:00,2026-09-24T00:00:00+00:00,B3,robust,positive,unknown,,,low,single_model,,positive,proxy_complete,proxy_complete_no_claim,proxy_complete,scale_incompatible
888949025f9a31cbe6d425b6e892994ac5a8e6281d0208b5992a1b419dc1e631,phase4e_shadow_v1,2026-09-24,2026-09-24T19:02:39.570881+00:00,github-36045280392-1,80634446-9faf-4de8-bfa1-81ab2c7a0461,NXP,USD,20,2026-09-23,13.18000030517578,eligible,,phase4_confidence_research_v1,e5a1072ba3754f9a7e6d60fde5003b579f6a2f73c41b846532159559ad84eb77,c062e4ff2369a9c96f9a36410a4af8397add8c31d8525a020c815f9d51dcb1c2,b6de5899ef419c2be611fab48868833a32c6481f701a0eaf65525513b46754b2,7319e125278a62d9a9f9fad72f66df45ebb3fa8f553ff36ddf3a173e09eeebc2,d3c6f170eb2a6fce3f43e80d7ab094e5c06bc8a276505aa957d651920aeab0a2,2026-09-23T00:00:00+00:00,2026-09-24T00:00:00+00:00,B3,immature,,unknown,,,unknown,insufficient_evidence,,,proxy_complete,proxy_complete_no_claim,proxy_insufficient,scale_incompatible
334a50870164a4a22fee69a0cf9d4d0364236b49dcfb081597818d4fc8d57dbe,phase4e_shadow_v1,2026-09-24,2026-09-24T19:02:39.570881+00:00,github-36045280392-1,80634446-9faf-4de8-bfa1-81ab2c7a0461,NXP,USD,40,2026-09-23,13.18000030517578,eligible,,phase4_confidence_research_v1,e5a1072ba3754f9a7e6d60fde5003b579f6a2f73c41b846532159559ad84eb77,c062e4ff2369a9c96f9a36410a4af8397add8c31d8525a020c815f9d51dcb1c2,b6de5899ef419c2be611fab48868833a32c6481f701a0eaf65525513b46754b2,7319e125278a62d9a9f9fad72f66df45ebb3fa8f553ff36ddf3a173e09eeebc2,d3c6f170eb2a6fce3f43e80d7ab094e5c06bc8a276505aa957d651920aeab0a2,2026-09-23T00:00:00+00:00,2026-09-24T00:00:00+00:00,B3,unavailable,,unknown,,,unknown,insufficient_evidence,,,proxy_complete,proxy_complete_no_claim,proxy_insufficient,scale_incompatible
2115cf56ca96725ddfa8e37ebf530b23469896494fc716cbfdba7aeb34702356,phase4e_shadow_v1,2026-09-24,2026-09-24T19:02:39.570881+00:00,github-36045280392-1,80634446-9faf-4de8-bfa1-81ab2c7a0461,NXP,USD,60,2026-09-23,13.18000030517578,eligible,,phase4_confidence_research_v1,e5a1072ba3754f9a7e6d60fde5003b579f6a2f73c41b846532159559ad84eb77,c062e4ff2369a9c96f9a36410a4af8397add8c31d8525a020c815f9d51dcb1c2,b6de5899ef419c2be611fab48868833a32c6481f701a0eaf65525513b46754b2,7319e125278a62d9a9f9fad72f66df45ebb3fa8f553ff36ddf3a173e09eeebc2,d3c6f170eb2a6fce3f43e80d7ab094e5c06bc8a276505aa957d651920aeab0a2,2026-09-23T00:00:00+00:00,2026-09-24T00:00:00+00:00,B3,unavailable,,unknown,,,unknown,insufficient_evidence,,,proxy_complete,proxy_complete_no_claim,proxy_insufficient,scale_incompatible
0ecb30660879b24f4fd4dcd1d44c630fdb9b550c07223a6fed04b0be9320c79d,phase4e_shadow_v1,2026-09-24,2026-09-24T19:02:39.570881+00:00,github-36045280392-1,80634446-9faf-4de8-bfa1-81ab2c7a0461,OCGN,USD,5,2026-09-23,1.0,eligible,,phase4_confidence_research_v1,e5a1072ba3754f9a7e6d60fde5003b579f6a2f73c41b846532159559ad84eb77,c062e4ff2369a9c96f9a36410a4af8397add8c31d8525a020c815f9d51dcb1c2,b6de5899ef419c2be611fab48868833a32c6481f701a0eaf65525513b46754b2,7319e125278a62d9a9f9fad72f66df45ebb3fa8f553ff36ddf3a173e09eeebc2,d3c6f170eb2a6fce3f43e80d7ab094e5c06bc8a276505aa957d651920aeab0a2,2026-09-23T00:00:00+00:00,2026-09-24T00:00:00+00:00,B1,directional_only,negative,unknown,,,elevated,risk_only,,,proxy_complete,proxy_partial_no_claim,proxy_complete,scale_incompatible
0f9940b06442558db61c96c0ed0ac60e565e465e1655bbeeab8e2349c032a74f,phase4e_shadow_v1,2026-09-24,2026-09-24T19:02:39.570881+00:00,github-36045280392-1,80634446-9faf-4de8-bfa1-81ab2c7a0461,OCGN,USD,20,2026-09-23,1.0,eligible,,phase4_confidence_research_v1,e5a1072ba3754f9a7e6d60fde5003b579f6a2f73c41b846532159559ad84eb77,c062e4ff2369a9c96f9a36410a4af8397add8c31d8525a020c815f9d51dcb1c2,b6de5899ef419c2be611fab48868833a32c6481f701a0eaf65525513b46754b2,7319e125278a62d9a9f9fad72f66df45ebb3fa8f553ff36ddf3a173e09eeebc2,d3c6f170eb2a6fce3f43e80d7ab094e5c06bc8a276505aa957d651920aeab0a2,2026-09-23T00:00:00+00:00,2026-09-24T00:00:00+00:00,B1,immature,,unknown,,,unknown,insufficient_evidence,,,proxy_complete,proxy_complete_no_claim,proxy_insufficient,scale_incompatible
9e261c67db0cf5cc02b7f5acbe71a15bac76e6154567774e4395571eb62aad30,phase4e_shadow_v1,2026-09-24,2026-09-24T19:02:39.570881+00:00,github-36045280392-1,80634446-9faf-4de8-bfa1-81ab2c7a0461,OCGN,USD,40,2026-09-23,1.0,eligible,,phase4_confidence_research_v1,e5a1072ba3754f9a7e6d60fde5003b579f6a2f73c41b846532159559ad84eb77,c062e4ff2369a9c96f9a36410a4af8397add8c31d8525a020c815f9d51dcb1c2,b6de5899ef419c2be611fab48868833a32c6481f701a0eaf65525513b46754b2,7319e125278a62d9a9f9fad72f66df45ebb3fa8f553ff36ddf3a173e09eeebc2,d3c6f170eb2a6fce3f43e80d7ab094e5c06bc8a276505aa957d651920aeab0a2,2026-09-23T00:00:00+00:00,2026-09-24T00:00:00+00:00,B1,unavailable,,unknown,,,unknown,insufficient_evidence,,,proxy_complete,proxy_complete_no_claim,proxy_insufficient,scale_incompatible
7d7cf0b229a7ffa42435531bf00c6396b0e7500315744e88139d8163444ffc6f,phase4e_shadow_v1,2026-09-24,2026-09-24T19:02:39.570881+00:00,github-36045280392-1,80634446-9faf-4de8-bfa1-81ab2c7a0461,OCGN,USD,60,2026-09-23,1.0,eligible,,phase4_confidence_research_v1,e5a1072ba3754f9a7e6d60fde5003b579f6a2f73c41b846532159559ad84eb77,c062e4ff2369a9c96f9a36410a4af8397add8c31d8525a020c815f9d51dcb1c2,b6de5899ef419c2be611fab48868833a32c6481f701a0eaf65525513b46754b2,7319e125278a62d9a9f9fad72f66df45ebb3fa8f553ff36ddf3a173e09eeebc2,d3c6f170eb2a6fce3f43e80d7ab094e5c06bc8a276505aa957d651920aeab0a2,2026-09-23T00:00:00+00:00,2026-09-24T00:00:00+00:00,B1,unavailable,,unknown,,,unknown,insufficient_evidence,,,proxy_complete,proxy_complete_no_claim,proxy_insufficient,scale_incompatible
3dd02a25de8f648d94386ccf6a97984020c07de50e819efac7fcedaa215780ae,phase4e_shadow_v1,2026-09-24,2026-09-24T19:02:39.570881+00:00,github-36045280392-1,80634446-9faf-4de8-bfa1-81ab2c7a0461,OGN,USD,5,2026-09-23,13.729999542236328,eligible,,phase4_confidence_research_v1,e5a1072ba3754f9a7e6d60fde5003b579f6a2f73c41b846532159559ad84eb77,c062e4ff2369a9c96f9a36410a4af8397add8c31d8525a020c815f9d51dcb1c2,b6de5899ef419c2be611fab48868833a32c6481f701a0eaf65525513b46754b2,7319e125278a62d9a9f9fad72f66df45ebb3fa8f553ff36ddf3a173e09eeebc2,d3c6f170eb2a6fce3f43e80d7ab094e5c06bc8a276505aa957d651920aeab0a2,2026-09-23T00:00:00+00:00,2026-09-24T00:00:00+00:00,B2,directional_only,negative,robust_claim,positive,trend200_d10_down & trend200_d1_down & rs3m_d1_up,middle,single_model,,positive,proxy_complete,proxy_complete,proxy_complete,scale_incompatible
2d97d326f1d55e6abea2d750a31ea2a4c6b29fcdb312053ca60604dacfe5390a,phase4e_shadow_v1,2026-09-24,2026-09-24T19:02:39.570881+00:00,github-36045280392-1,80634446-9faf-4de8-bfa1-81ab2c7a0461,OGN,USD,20,2026-09-23,13.729999542236328,eligible,,phase4_confidence_research_v1,e5a1072ba3754f9a7e6d60fde5003b579f6a2f73c41b846532159559ad84eb77,c062e4ff2369a9c96f9a36410a4af8397add8c31d8525a020c815f9d51dcb1c2,b6de5899ef419c2be611fab48868833a32c6481f701a0eaf65525513b46754b2,7319e125278a62d9a9f9fad72f66df45ebb3fa8f553ff36ddf3a173e09eeebc2,d3c6f170eb2a6fce3f43e80d7ab094e5c06bc8a276505aa957d651920aeab0a2,2026-09-23T00:00:00+00:00,2026-09-24T00:00:00+00:00,B2,immature,,unknown,,,unknown,insufficient_evidence,,,proxy_complete,proxy_complete_no_claim,proxy_insufficient,scale_incompatible
3f0da76029481afc2d669eac58cd04f57740dccbe7344e6680c9efa4271cf76d,phase4e_shadow_v1,2026-09-24,2026-09-24T19:02:39.570881+00:00,github-36045280392-1,80634446-9faf-4de8-bfa1-81ab2c7a0461,OGN,USD,40,2026-09-23,13.729999542236328,eligible,,phase4_confidence_research_v1,e5a1072ba3754f9a7e6d60fde5003b579f6a2f73c41b846532159559ad84eb77,c062e4ff2369a9c96f9a36410a4af8397add8c31d8525a020c815f9d51dcb1c2,b6de5899ef419c2be611fab48868833a32c6481f701a0eaf65525513b46754b2,7319e125278a62d9a9f9fad72f66df45ebb3fa8f553ff36ddf3a173e09eeebc2,d3c6f170eb2a6fce3f43e80d7ab094e5c06bc8a276505aa957d651920aeab0a2,2026-09-23T00:00:00+00:00,2026-09-24T00:00:00+00:00,B2,unavailable,,unknown,,,unknown,insufficient_evidence,,,proxy_complete,proxy_complete_no_claim,proxy_insufficient,scale_incompatible
37b71ea004d86ddd0be33d80bcd02a3f5eb2332c02cdc570f1928690cd02431f,phase4e_shadow_v1,2026-09-24,2026-09-24T19:02:39.570881+00:00,github-36045280392-1,80634446-9faf-4de8-bfa1-81ab2c7a0461,OGN,USD,60,2026-09-23,13.729999542236328,eligible,,phase4_confidence_research_v1,e5a1072ba3754f9a7e6d60fde5003b579f6a2f73c41b846532159559ad84eb77,c062e4ff2369a9c96f9a36410a4af8397add8c31d8525a020c815f9d51dcb1c2,b6de5899ef419c2be611fab48868833a32c6481f701a0eaf65525513b46754b2,7319e125278a62d9a9f9fad72f66df45ebb3fa8f553ff36ddf3a173e09eeebc2,d3c6f170eb2a6fce3f43e80d7ab094e5c06bc8a276505aa957d651920aeab0a2,2026-09-23T00:00:00+00:00,2026-09-24T00:00:00+00:00,B2,unavailable,,unknown,,,unknown,insufficient_evidence,,,proxy_complete,proxy_complete_no_claim,proxy_insufficient,scale_incompatible
ef010e2d8f4c5ee35cb6fd5fa4041210f4bd308e12eb06a1565edac4330a9fc9,phase4e_shadow_v1,2026-09-24,2026-09-24T19:02:39.570881+00:00,github-36045280392-1,80634446-9faf-4de8-bfa1-81ab2c7a0461,ON,USD,5,2026-09-23,74.0999984741211,eligible,,phase4_confidence_research_v1,e5a1072ba3754f9a7e6d60fde5003b579f6a2f73c41b846532159559ad84eb77,c062e4ff2369a9c96f9a36410a4af8397add8c31d8525a020c815f9d51dcb1c2,b6de5899ef419c2be611fab48868833a32c6481f701a0eaf65525513b46754b2,7319e125278a62d9a9f9fad72f66df45ebb3fa8f553ff36ddf3a173e09eeebc2,d3c6f170eb2a6fce3f43e80d7ab094e5c06bc8a276505aa957d651920aeab0a2,2026-09-23T00:00:00+00:00,2026-09-24T00:00:00+00:00,B1,directional_only,negative,unknown,,,middle,insufficient_evidence,,,proxy_complete,proxy_complete_no_claim,proxy_complete,scale_incompatible
425df324114d4f6ead0da54b241d29abe14e936e40f43ec8bd76fb92ff7c3aad,phase4e_shadow_v1,2026-09-24,2026-09-24T19:02:39.570881+00:00,github-36045280392-1,80634446-9faf-4de8-bfa1-81ab2c7a0461,ON,USD,20,2026-09-23,74.0999984741211,eligible,,phase4_confidence_research_v1,e5a1072ba3754f9a7e6d60fde5003b579f6a2f73c41b846532159559ad84eb77,c062e4ff2369a9c96f9a36410a4af8397add8c31d8525a020c815f9d51dcb1c2,b6de5899ef419c2be611fab48868833a32c6481f701a0eaf65525513b46754b2,7319e125278a62d9a9f9fad72f66df45ebb3fa8f553ff36ddf3a173e09eeebc2,d3c6f170eb2a6fce3f43e80d7ab094e5c06bc8a276505aa957d651920aeab0a2,2026-09-23T00:00:00+00:00,2026-09-24T00:00:00+00:00,B1,immature,,unknown,,,unknown,insufficient_evidence,,,proxy_complete,proxy_complete_no_claim,proxy_insufficient,scale_incompatible
19618b661a890a7882a4e268d9409530d4d85f9942ae799597f60db20bb9fb7e,phase4e_shadow_v1,2026-09-24,2026-09-24T19:02:39.570881+00:00,github-36045280392-1,80634446-9faf-4de8-bfa1-81ab2c7a0461,ON,USD,40,2026-09-23,74.0999984741211,eligible,,phase4_confidence_research_v1,e5a1072ba3754f9a7e6d60fde5003b579f6a2f73c41b846532159559ad84eb77,c062e4ff2369a9c96f9a36410a4af8397add8c31d8525a020c815f9d51dcb1c2,b6de5899ef419c2be611fab48868833a32c6481f701a0eaf65525513b46754b2,7319e125278a62d9a9f9fad72f66df45ebb3fa8f553ff36ddf3a173e09eeebc2,d3c6f170eb2a6fce3f43e80d7ab094e5c06bc8a276505aa957d651920aeab0a2,2026-09-23T00:00:00+00:00,2026-09-24T00:00:00+00:00,B1,unavailable,,unknown,,,unknown,insufficient_evidence,,,proxy_complete,proxy_complete_no_claim,proxy_insufficient,scale_incompatible
aea2e4c8acaba189abaf6db0c589868da91554f8b0b5826c12405dc989c6ed0d,phase4e_shadow_v1,2026-09-24,2026-09-24T19:02:39.570881+00:00,github-36045280392-1,80634446-9faf-4de8-bfa1-81ab2c7a0461,ON,USD,60,2026-09-23,74.0999984741211,eligible,,phase4_confidence_research_v1,e5a1072ba3754f9a7e6d60fde5003b579f6a2f73c41b846532159559ad84eb77,c062e4ff2369a9c96f9a36410a4af8397add8c31d8525a020c815f9d51dcb1c2,b6de5899ef419c2be611fab48868833a32c6481f701a0eaf65525513b46754b2,7319e125278a62d9a9f9fad72f66df45ebb3fa8f553ff36ddf3a173e09eeebc2,d3c6f170eb2a6fce3f43e80d7ab094e5c06bc8a276505aa957d651920aeab0a2,2026-09-23T00:00:00+00:00,2026-09-24T00:00:00+00:00,B1,unavailable,,unknown,,,unknown,insufficient_evidence,,,proxy_complete,proxy_complete_no_claim,proxy_insufficient,scale_incompatible
38092bb2091fba0fb57f8c7a959e181a3a3f40a5bcd1487f6635bba6183c73f7,phase4e_shadow_v1,2026-09-24,2026-09-24T19:02:39.570881+00:00,github-36045280392-1,80634446-9faf-4de8-bfa1-81ab2c7a0461,ORCL,USD,5,2026-09-23,144.55999755859375,eligible,,phase4_confidence_research_v1,e5a1072ba3754f9a7e6d60fde5003b579f6a2f73c41b846532159559ad84eb77,c062e4ff2369a9c96f9a36410a4af8397add8c31d8525a020c815f9d51dcb1c2,b6de5899ef419c2be611fab48868833a32c6481f701a0eaf65525513b46754b2,7319e125278a62d9a9f9fad72f66df45ebb3fa8f553ff36ddf3a173e09eeebc2,d3c6f170eb2a6fce3f43e80d7ab094e5c06bc8a276505aa957d651920aeab0a2,2026-09-23T00:00:00+00:00,2026-09-24T00:00:00+00:00,B3,robust,positive,unknown,,,elevated,conflict,positive_return_claim_vs_elevated_downside_risk,positive,proxy_complete,proxy_complete_no_claim,proxy_complete,scale_incompatible
e5f73daed5c8515399c44b99864416c9997cd7ff31d55f1ea5deac1565b46586,phase4e_shadow_v1,2026-09-24,2026-09-24T19:02:39.570881+00:00,github-36045280392-1,80634446-9faf-4de8-bfa1-81ab2c7a0461,ORCL,USD,20,2026-09-23,144.55999755859375,eligible,,phase4_confidence_research_v1,e5a1072ba3754f9a7e6d60fde5003b579f6a2f73c41b846532159559ad84eb77,c062e4ff2369a9c96f9a36410a4af8397add8c31d8525a020c815f9d51dcb1c2,b6de5899ef419c2be611fab48868833a32c6481f701a0eaf65525513b46754b2,7319e125278a62d9a9f9fad72f66df45ebb3fa8f553ff36ddf3a173e09eeebc2,d3c6f170eb2a6fce3f43e80d7ab094e5c06bc8a276505aa957d651920aeab0a2,2026-09-23T00:00:00+00:00,2026-09-24T00:00:00+00:00,B3,immature,,unknown,,,unknown,insufficient_evidence,,,proxy_complete,proxy_complete_no_claim,proxy_insufficient,scale_incompatible
34c81c98b99ed95209d89a3ba5ef007e6c7d15510159c0bf110db290a14020d5,phase4e_shadow_v1,2026-09-24,2026-09-24T19:02:39.570881+00:00,github-36045280392-1,80634446-9faf-4de8-bfa1-81ab2c7a0461,ORCL,USD,40,2026-09-23,144.55999755859375,eligible,,phase4_confidence_research_v1,e5a1072ba3754f9a7e6d60fde5003b579f6a2f73c41b846532159559ad84eb77,c062e4ff2369a9c96f9a36410a4af8397add8c31d8525a020c815f9d51dcb1c2,b6de5899ef419c2be611fab48868833a32c6481f701a0eaf65525513b46754b2,7319e125278a62d9a9f9fad72f66df45ebb3fa8f553ff36ddf3a173e09eeebc2,d3c6f170eb2a6fce3f43e80d7ab094e5c06bc8a276505aa957d651920aeab0a2,2026-09-23T00:00:00+00:00,2026-09-24T00:00:00+00:00,B3,unavailable,,unknown,,,unknown,insufficient_evidence,,,proxy_complete,proxy_complete_no_claim,proxy_insufficient,scale_incompatible
1e2c3a0d67ef4416e3f88762c41c142068a77e65392c3061e0fd2a90c6939d69,phase4e_shadow_v1,2026-09-24,2026-09-24T19:02:39.570881+00:00,github-36045280392-1,80634446-9faf-4de8-bfa1-81ab2c7a0461,ORCL,USD,60,2026-09-23,144.55999755859375,eligible,,phase4_confidence_research_v1,e5a1072ba3754f9a7e6d60fde5003b579f6a2f73c41b846532159559ad84eb77,c062e4ff2369a9c96f9a36410a4af8397add8c31d8525a020c815f9d51dcb1c2,b6de5899ef419c2be611fab48868833a32c6481f701a0eaf65525513b46754b2,7319e125278a62d9a9f9fad72f66df45ebb3fa8f553ff36ddf3a173e09eeebc2,d3c6f170eb2a6fce3f43e80d7ab094e5c06bc8a276505aa957d651920aeab0a2,2026-09-23T00:00:00+00:00,2026-09-24T00:00:00+00:00,B3,unavailable,,unknown,,,unknown,insufficient_evidence,,,proxy_complete,proxy_complete_no_claim,proxy_insufficient,scale_incompatible
b5ef692e7ecac28ab404963e1dfad91a552aa2a909af1131de0c8df907b37921,phase4e_shadow_v1,2026-09-24,2026-09-24T19:02:39.570881+00:00,github-36045280392-1,80634446-9faf-4de8-bfa1-81ab2c7a0461,OXY,USD,5,2026-09-23,57.36000061035156,eligible,,phase4_confidence_research_v1,e5a1072ba3754f9a7e6d60fde5003b579f6a2f73c41b846532159559ad84eb77,c062e4ff2369a9c96f9a36410a4af8397add8c31d8525a020c815f9d51dcb1c2,b6de5899ef419c2be611fab48868833a32c6481f701a0eaf65525513b46754b2,7319e125278a62d9a9f9fad72f66df45ebb3fa8f553ff36ddf3a173e09eeebc2,d3c6f170eb2a6fce3f43e80d7ab094e5c06bc8a276505aa957d651920aeab0a2,2026-09-23T00:00:00+00:00,2026-09-24T00:00:00+00:00,B2,directional_only,negative,unknown,,,middle,insufficient_evidence,,,proxy_complete,proxy_complete_no_claim,proxy_complete,scale_incompatible
136a53e276548f0f12d8e10e866866f3643a30f42ad59e51737d81b55a1b6baa,phase4e_shadow_v1,2026-09-24,2026-09-24T19:02:39.570881+00:00,github-36045280392-1,80634446-9faf-4de8-bfa1-81ab2c7a0461,OXY,USD,20,2026-09-23,57.36000061035156,eligible,,phase4_confidence_research_v1,e5a1072ba3754f9a7e6d60fde5003b579f6a2f73c41b846532159559ad84eb77,c062e4ff2369a9c96f9a36410a4af8397add8c31d8525a020c815f9d51dcb1c2,b6de5899ef419c2be611fab48868833a32c6481f701a0eaf65525513b46754b2,7319e125278a62d9a9f9fad72f66df45ebb3fa8f553ff36ddf3a173e09eeebc2,d3c6f170eb2a6fce3f43e80d7ab094e5c06bc8a276505aa957d651920aeab0a2,2026-09-23T00:00:00+00:00,2026-09-24T00:00:00+00:00,B2,immature,,unknown,,,unknown,insufficient_evidence,,,proxy_complete,proxy_complete_no_claim,proxy_insufficient,scale_incompatible
35a30d24252cb7df513015b918120dccd2da5b3a8388c94661b2972fd3224e24,phase4e_shadow_v1,2026-09-24,2026-09-24T19:02:39.570881+00:00,github-36045280392-1,80634446-9faf-4de8-bfa1-81ab2c7a0461,OXY,USD,40,2026-09-23,57.36000061035156,eligible,,phase4_confidence_research_v1,e5a1072ba3754f9a7e6d60fde5003b579f6a2f73c41b846532159559ad84eb77,c062e4ff2369a9c96f9a36410a4af8397add8c31d8525a020c815f9d51dcb1c2,b6de5899ef419c2be611fab48868833a32c6481f701a0eaf65525513b46754b2,7319e125278a62d9a9f9fad72f66df45ebb3fa8f553ff36ddf3a173e09eeebc2,d3c6f170eb2a6fce3f43e80d7ab094e5c06bc8a276505aa957d651920aeab0a2,2026-09-23T00:00:00+00:00,2026-09-24T00:00:00+00:00,B2,unavailable,,unknown,,,unknown,insufficient_evidence,,,proxy_complete,proxy_complete_no_claim,proxy_insufficient,scale_incompatible
821e6d869f070d69eeb42d6bec32eb79db70325ae1fc6f965f795352a7e35237,phase4e_shadow_v1,2026-09-24,2026-09-24T19:02:39.570881+00:00,github-36045280392-1,80634446-9faf-4de8-bfa1-81ab2c7a0461,OXY,USD,60,2026-09-23,57.36000061035156,eligible,,phase4_confidence_research_v1,e5a1072ba3754f9a7e6d60fde5003b579f6a2f73c41b846532159559ad84eb77,c062e4ff2369a9c96f9a36410a4af8397add8c31d8525a020c815f9d51dcb1c2,b6de5899ef419c2be611fab48868833a32c6481f701a0eaf65525513b46754b2,7319e125278a62d9a9f9fad72f66df45ebb3fa8f553ff36ddf3a173e09eeebc2,d3c6f170eb2a6fce3f43e80d7ab094e5c06bc8a276505aa957d651920aeab0a2,2026-09-23T00:00:00+00:00,2026-09-24T00:00:00+00:00,B2,unavailable,,unknown,,,unknown,insufficient_evidence,,,proxy_complete,proxy_complete_no_claim,proxy_insufficient,scale_incompatible
fb3845f19d52be60c5f6fb3e6f71c508be3898e1683c7c75971945c42cd4d96c,phase4e_shadow_v1,2026-09-24,2026-09-24T19:02:39.570881+00:00,github-36045280392-1,80634446-9faf-4de8-bfa1-81ab2c7a0461,PAAS.TO,CAD,5,2026-09-23,67.77999877929688,eligible,,phase4_confidence_research_v1,e5a1072ba3754f9a7e6d60fde5003b579f6a2f73c41b846532159559ad84eb77,c062e4ff2369a9c96f9a36410a4af8397add8c31d8525a020c815f9d51dcb1c2,b6de5899ef419c2be611fab48868833a32c6481f701a0eaf65525513b46754b2,7319e125278a62d9a9f9fad72f66df45ebb3fa8f553ff36ddf3a173e09eeebc2,d3c6f170eb2a6fce3f43e80d7ab094e5c06bc8a276505aa957d651920aeab0a2,2026-09-23T00:00:00+00:00,2026-09-24T00:00:00+00:00,B3,robust,positive,robust_claim,positive,trend200_d10_down & trend200_d1_down & rs3m_d1_up,middle,compatible,,positive,proxy_complete,proxy_complete,proxy_complete,scale_incompatible
ca5351ac4e4c2a57760309540e55c858705496b9ddcbcf18c219bbe946ce3364,phase4e_shadow_v1,2026-09-24,2026-09-24T19:02:39.570881+00:00,github-36045280392-1,80634446-9faf-4de8-bfa1-81ab2c7a0461,PAAS.TO,CAD,20,2026-09-23,67.77999877929688,eligible,,phase4_confidence_research_v1,e5a1072ba3754f9a7e6d60fde5003b579f6a2f73c41b846532159559ad84eb77,c062e4ff2369a9c96f9a36410a4af8397add8c31d8525a020c815f9d51dcb1c2,b6de5899ef419c2be611fab48868833a32c6481f701a0eaf65525513b46754b2,7319e125278a62d9a9f9fad72f66df45ebb3fa8f553ff36ddf3a173e09eeebc2,d3c6f170eb2a6fce3f43e80d7ab094e5c06bc8a276505aa957d651920aeab0a2,2026-09-23T00:00:00+00:00,2026-09-24T00:00:00+00:00,B3,immature,,unknown,,,unknown,insufficient_evidence,,,proxy_complete,proxy_complete_no_claim,proxy_insufficient,scale_incompatible
6fa3e3f4b52cd25ec37bd76cd5c327c24b826d8d43416950b041074ea4d92e1c,phase4e_shadow_v1,2026-09-24,2026-09-24T19:02:39.570881+00:00,github-36045280392-1,80634446-9faf-4de8-bfa1-81ab2c7a0461,PAAS.TO,CAD,40,2026-09-23,67.77999877929688,eligible,,phase4_confidence_research_v1,e5a1072ba3754f9a7e6d60fde5003b579f6a2f73c41b846532159559ad84eb77,c062e4ff2369a9c96f9a36410a4af8397add8c31d8525a020c815f9d51dcb1c2,b6de5899ef419c2be611fab48868833a32c6481f701a0eaf65525513b46754b2,7319e125278a62d9a9f9fad72f66df45ebb3fa8f553ff36ddf3a173e09eeebc2,d3c6f170eb2a6fce3f43e80d7ab094e5c06bc8a276505aa957d651920aeab0a2,2026-09-23T00:00:00+00:00,2026-09-24T00:00:00+00:00,B3,unavailable,,unknown,,,unknown,insufficient_evidence,,,proxy_complete,proxy_complete_no_claim,proxy_insufficient,scale_incompatible
17c760b3ca99684b632ad39b15052b85b76a3ed62caf20d59e4544b70a8751fa,phase4e_shadow_v1,2026-09-24,2026-09-24T19:02:39.570881+00:00,github-36045280392-1,80634446-9faf-4de8-bfa1-81ab2c7a0461,PAAS.TO,CAD,60,2026-09-23,67.77999877929688,eligible,,phase4_confidence_research_v1,e5a1072ba3754f9a7e6d60fde5003b579f6a2f73c41b846532159559ad84eb77,c062e4ff2369a9c96f9a36410a4af8397add8c31d8525a020c815f9d51dcb1c2,b6de5899ef419c2be611fab48868833a32c6481f701a0eaf65525513b46754b2,7319e125278a62d9a9f9fad72f66df45ebb3fa8f553ff36ddf3a173e09eeebc2,d3c6f170eb2a6fce3f43e80d7ab094e5c06bc8a276505aa957d651920aeab0a2,2026-09-23T00:00:00+00:00,2026-09-24T00:00:00+00:00,B3,unavailable,,unknown,,,unknown,insufficient_evidence,,,proxy_complete,proxy_complete_no_claim,proxy_insufficient,scale_incompatible
d932c30020d746ef315159b8c07f4dd82af9426fd390739ab73b6768281b496f,phase4e_shadow_v1,2026-09-24,2026-09-24T19:02:39.570881+00:00,github-36045280392-1,80634446-9faf-4de8-bfa1-81ab2c7a0461,PATH,USD,5,2026-09-23,13.039999961853027,eligible,,phase4_confidence_research_v1,e5a1072ba3754f9a7e6d60fde5003b579f6a2f73c41b846532159559ad84eb77,c062e4ff2369a9c96f9a36410a4af8397add8c31d8525a020c815f9d51dcb1c2,b6de5899ef419c2be611fab48868833a32c6481f701a0eaf65525513b46754b2,7319e125278a62d9a9f9fad72f66df45ebb3fa8f553ff36ddf3a173e09eeebc2,d3c6f170eb2a6fce3f43e80d7ab094e5c06bc8a276505aa957d651920aeab0a2,2026-09-23T00:00:00+00:00,2026-09-24T00:00:00+00:00,B3,robust,positive,unknown,,,middle,single_model,,positive,proxy_complete,proxy_complete_no_claim,proxy_complete,scale_incompatible
d8814f9dda48b76ab0983615ee622b9b07739d028ea85c42d3f4b7e9f8d3d88c,phase4e_shadow_v1,2026-09-24,2026-09-24T19:02:39.570881+00:00,github-36045280392-1,80634446-9faf-4de8-bfa1-81ab2c7a0461,PATH,USD,20,2026-09-23,13.039999961853027,eligible,,phase4_confidence_research_v1,e5a1072ba3754f9a7e6d60fde5003b579f6a2f73c41b846532159559ad84eb77,c062e4ff2369a9c96f9a36410a4af8397add8c31d8525a020c815f9d51dcb1c2,b6de5899ef419c2be611fab48868833a32c6481f701a0eaf65525513b46754b2,7319e125278a62d9a9f9fad72f66df45ebb3fa8f553ff36ddf3a173e09eeebc2,d3c6f170eb2a6fce3f43e80d7ab094e5c06bc8a276505aa957d651920aeab0a2,2026-09-23T00:00:00+00:00,2026-09-24T00:00:00+00:00,B3,immature,,unknown,,,unknown,insufficient_evidence,,,proxy_complete,proxy_complete_no_claim,proxy_insufficient,scale_incompatible
f4057e84ebc6742e2490abe58a71b80456fcea5d9658d303bbc11519c39bb014,phase4e_shadow_v1,2026-09-24,2026-09-24T19:02:39.570881+00:00,github-36045280392-1,80634446-9faf-4de8-bfa1-81ab2c7a0461,PATH,USD,40,2026-09-23,13.039999961853027,eligible,,phase4_confidence_research_v1,e5a1072ba3754f9a7e6d60fde5003b579f6a2f73c41b846532159559ad84eb77,c062e4ff2369a9c96f9a36410a4af8397add8c31d8525a020c815f9d51dcb1c2,b6de5899ef419c2be611fab48868833a32c6481f701a0eaf65525513b46754b2,7319e125278a62d9a9f9fad72f66df45ebb3fa8f553ff36ddf3a173e09eeebc2,d3c6f170eb2a6fce3f43e80d7ab094e5c06bc8a276505aa957d651920aeab0a2,2026-09-23T00:00:00+00:00,2026-09-24T00:00:00+00:00,B3,unavailable,,unknown,,,unknown,insufficient_evidence,,,proxy_complete,proxy_complete_no_claim,proxy_insufficient,scale_incompatible
aa48b6968519b12dae84a3d0c39d47f39cef73bae94fda934a829a6f4d3f5b25,phase4e_shadow_v1,2026-09-24,2026-09-24T19:02:39.570881+00:00,github-36045280392-1,80634446-9faf-4de8-bfa1-81ab2c7a0461,PATH,USD,60,2026-09-23,13.039999961853027,eligible,,phase4_confidence_research_v1,e5a1072ba3754f9a7e6d60fde5003b579f6a2f73c41b846532159559ad84eb77,c062e4ff2369a9c96f9a36410a4af8397add8c31d8525a020c815f9d51dcb1c2,b6de5899ef419c2be611fab48868833a32c6481f701a0eaf65525513b46754b2,7319e125278a62d9a9f9fad72f66df45ebb3fa8f553ff36ddf3a173e09eeebc2,d3c6f170eb2a6fce3f43e80d7ab094e5c06bc8a276505aa957d651920aeab0a2,2026-09-23T00:00:00+00:00,2026-09-24T00:00:00+00:00,B3,unavailable,,unknown,,,unknown,insufficient_evidence,,,proxy_complete,proxy_complete_no_claim,proxy_insufficient,scale_incompatible
a6cc46c7a9891e25710c6fce958f635efc83809783404a0672d74a106a4d9d33,phase4e_shadow_v1,2026-09-24,2026-09-24T19:02:39.570881+00:00,github-36045280392-1,80634446-9faf-4de8-bfa1-81ab2c7a0461,PEP,USD,5,2026-09-23,130.17999267578125,eligible,,phase4_confidence_research_v1,e5a1072ba3754f9a7e6d60fde5003b579f6a2f73c41b846532159559ad84eb77,c062e4ff2369a9c96f9a36410a4af8397add8c31d8525a020c815f9d51dcb1c2,b6de5899ef419c2be611fab48868833a32c6481f701a0eaf65525513b46754b2,7319e125278a62d9a9f9fad72f66df45ebb3fa8f553ff36ddf3a173e09eeebc2,d3c6f170eb2a6fce3f43e80d7ab094e5c06bc8a276505aa957d651920aeab0a2,2026-09-23T00:00:00+00:00,2026-09-24T00:00:00+00:00,B4,directional_only,negative,robust_claim,positive,trend200_d10_down & trend200_d1_down & rs3m_d1_up,low,single_model,,positive,proxy_complete,proxy_complete,proxy_complete,scale_incompatible
611c71c6f095288590284b0fc97aea03bba0a9945d4a2304233cc0ad60e6ca79,phase4e_shadow_v1,2026-09-24,2026-09-24T19:02:39.570881+00:00,github-36045280392-1,80634446-9faf-4de8-bfa1-81ab2c7a0461,PEP,USD,20,2026-09-23,130.17999267578125,eligible,,phase4_confidence_research_v1,e5a1072ba3754f9a7e6d60fde5003b579f6a2f73c41b846532159559ad84eb77,c062e4ff2369a9c96f9a36410a4af8397add8c31d8525a020c815f9d51dcb1c2,b6de5899ef419c2be611fab48868833a32c6481f701a0eaf65525513b46754b2,7319e125278a62d9a9f9fad72f66df45ebb3fa8f553ff36ddf3a173e09eeebc2,d3c6f170eb2a6fce3f43e80d7ab094e5c06bc8a276505aa957d651920aeab0a2,2026-09-23T00:00:00+00:00,2026-09-24T00:00:00+00:00,B4,immature,,unknown,,,unknown,insufficient_evidence,,,proxy_complete,proxy_complete_no_claim,proxy_insufficient,scale_incompatible
41fba9841e2660486f48de58bf5f1dfb62fa73a7cab9ab0a58d548825c2f6c26,phase4e_shadow_v1,2026-09-24,2026-09-24T19:02:39.570881+00:00,github-36045280392-1,80634446-9faf-4de8-bfa1-81ab2c7a0461,PEP,USD,40,2026-09-23,130.17999267578125,eligible,,phase4_confidence_research_v1,e5a1072ba3754f9a7e6d60fde5003b579f6a2f73c41b846532159559ad84eb77,c062e4ff2369a9c96f9a36410a4af8397add8c31d8525a020c815f9d51dcb1c2,b6de5899ef419c2be611fab48868833a32c6481f701a0eaf65525513b46754b2,7319e125278a62d9a9f9fad72f66df45ebb3fa8f553ff36ddf3a173e09eeebc2,d3c6f170eb2a6fce3f43e80d7ab094e5c06bc8a276505aa957d651920aeab0a2,2026-09-23T00:00:00+00:00,2026-09-24T00:00:00+00:00,B4,unavailable,,unknown,,,unknown,insufficient_evidence,,,proxy_complete,proxy_complete_no_claim,proxy_insufficient,scale_incompatible
5e1ccb9dc2bc90b71302cb13e79d0652ecd217a687aed85ae72205b88edf5424,phase4e_shadow_v1,2026-09-24,2026-09-24T19:02:39.570881+00:00,github-36045280392-1,80634446-9faf-4de8-bfa1-81ab2c7a0461,PEP,USD,60,2026-09-23,130.17999267578125,eligible,,phase4_confidence_research_v1,e5a1072ba3754f9a7e6d60fde5003b579f6a2f73c41b846532159559ad84eb77,c062e4ff2369a9c96f9a36410a4af8397add8c31d8525a020c815f9d51dcb1c2,b6de5899ef419c2be611fab48868833a32c6481f701a0eaf65525513b46754b2,7319e125278a62d9a9f9fad72f66df45ebb3fa8f553ff36ddf3a173e09eeebc2,d3c6f170eb2a6fce3f43e80d7ab094e5c06bc8a276505aa957d651920aeab0a2,2026-09-23T00:00:00+00:00,2026-09-24T00:00:00+00:00,B4,unavailable,,unknown,,,unknown,insufficient_evidence,,,proxy_complete,proxy_complete_no_claim,proxy_insufficient,scale_incompatible
78fd4f204529724f9bc5b1285f500f9c13842bd6210552d2501166ef77aae0c5,phase4e_shadow_v1,2026-09-24,2026-09-24T19:02:39.570881+00:00,github-36045280392-1,80634446-9faf-4de8-bfa1-81ab2c7a0461,PFE,USD,5,2026-09-23,28.18000030517578,eligible,,phase4_confidence_research_v1,e5a1072ba3754f9a7e6d60fde5003b579f6a2f73c41b846532159559ad84eb77,c062e4ff2369a9c96f9a36410a4af8397add8c31d8525a020c815f9d51dcb1c2,b6de5899ef419c2be611fab48868833a32c6481f701a0eaf65525513b46754b2,7319e125278a62d9a9f9fad72f66df45ebb3fa8f553ff36ddf3a173e09eeebc2,d3c6f170eb2a6fce3f43e80d7ab094e5c06bc8a276505aa957d651920aeab0a2,2026-09-23T00:00:00+00:00,2026-09-24T00:00:00+00:00,B3,robust,positive,unknown,,,low,single_model,,positive,proxy_complete,proxy_complete_no_claim,proxy_complete,scale_incompatible
062f73af5d84780d65fc8353c236a96aa33f07b95a81a9b10d4f3ffbda7e4266,phase4e_shadow_v1,2026-09-24,2026-09-24T19:02:39.570881+00:00,github-36045280392-1,80634446-9faf-4de8-bfa1-81ab2c7a0461,PFE,USD,20,2026-09-23,28.18000030517578,eligible,,phase4_confidence_research_v1,e5a1072ba3754f9a7e6d60fde5003b579f6a2f73c41b846532159559ad84eb77,c062e4ff2369a9c96f9a36410a4af8397add8c31d8525a020c815f9d51dcb1c2,b6de5899ef419c2be611fab48868833a32c6481f701a0eaf65525513b46754b2,7319e125278a62d9a9f9fad72f66df45ebb3fa8f553ff36ddf3a173e09eeebc2,d3c6f170eb2a6fce3f43e80d7ab094e5c06bc8a276505aa957d651920aeab0a2,2026-09-23T00:00:00+00:00,2026-09-24T00:00:00+00:00,B3,immature,,unknown,,,unknown,insufficient_evidence,,,proxy_complete,proxy_complete_no_claim,proxy_insufficient,scale_incompatible
30418b73133ed65dde976c1869273a1b6dffa4abbc5b08ebdcad2a5da741d3f1,phase4e_shadow_v1,2026-09-24,2026-09-24T19:02:39.570881+00:00,github-36045280392-1,80634446-9faf-4de8-bfa1-81ab2c7a0461,PFE,USD,40,2026-09-23,28.18000030517578,eligible,,phase4_confidence_research_v1,e5a1072ba3754f9a7e6d60fde5003b579f6a2f73c41b846532159559ad84eb77,c062e4ff2369a9c96f9a36410a4af8397add8c31d8525a020c815f9d51dcb1c2,b6de5899ef419c2be611fab48868833a32c6481f701a0eaf65525513b46754b2,7319e125278a62d9a9f9fad72f66df45ebb3fa8f553ff36ddf3a173e09eeebc2,d3c6f170eb2a6fce3f43e80d7ab094e5c06bc8a276505aa957d651920aeab0a2,2026-09-23T00:00:00+00:00,2026-09-24T00:00:00+00:00,B3,unavailable,,unknown,,,unknown,insufficient_evidence,,,proxy_complete,proxy_complete_no_claim,proxy_insufficient,scale_incompatible
2acd5ce543f31161b31e429abac2ada481ff2a72cfa0ca3a16e035e6fd12050f,phase4e_shadow_v1,2026-09-24,2026-09-24T19:02:39.570881+00:00,github-36045280392-1,80634446-9faf-4de8-bfa1-81ab2c7a0461,PFE,USD,60,2026-09-23,28.18000030517578,eligible,,phase4_confidence_research_v1,e5a1072ba3754f9a7e6d60fde5003b579f6a2f73c41b846532159559ad84eb77,c062e4ff2369a9c96f9a36410a4af8397add8c31d8525a020c815f9d51dcb1c2,b6de5899ef419c2be611fab48868833a32c6481f701a0eaf65525513b46754b2,7319e125278a62d9a9f9fad72f66df45ebb3fa8f553ff36ddf3a173e09eeebc2,d3c6f170eb2a6fce3f43e80d7ab094e5c06bc8a276505aa957d651920aeab0a2,2026-09-23T00:00:00+00:00,2026-09-24T00:00:00+00:00,B3,unavailable,,unknown,,,unknown,insufficient_evidence,,,proxy_complete,proxy_complete_no_claim,proxy_insufficient,scale_incompatible
08a53d6cb9562bc1b8ac04389900b9bc89d540272cbb28a7dfc9b29a82069301,phase4e_shadow_v1,2026-09-24,2026-09-24T19:02:39.570881+00:00,github-36045280392-1,80634446-9faf-4de8-bfa1-81ab2c7a0461,PG,USD,5,2026-09-23,147.38999938964844,eligible,,phase4_confidence_research_v1,e5a1072ba3754f9a7e6d60fde5003b579f6a2f73c41b846532159559ad84eb77,c062e4ff2369a9c96f9a36410a4af8397add8c31d8525a020c815f9d51dcb1c2,b6de5899ef419c2be611fab48868833a32c6481f701a0eaf65525513b46754b2,7319e125278a62d9a9f9fad72f66df45ebb3fa8f553ff36ddf3a173e09eeebc2,d3c6f170eb2a6fce3f43e80d7ab094e5c06bc8a276505aa957d651920aeab0a2,2026-09-23T00:00:00+00:00,2026-09-24T00:00:00+00:00,B4,directional_only,negative,unknown,,,low,insufficient_evidence,,,proxy_complete,proxy_complete_no_claim,proxy_complete,scale_incompatible
65eb9e25e3386fee69c63603d216468406030920be79ae69731d5979ed706c0a,phase4e_shadow_v1,2026-09-24,2026-09-24T19:02:39.570881+00:00,github-36045280392-1,80634446-9faf-4de8-bfa1-81ab2c7a0461,PG,USD,20,2026-09-23,147.38999938964844,eligible,,phase4_confidence_research_v1,e5a1072ba3754f9a7e6d60fde5003b579f6a2f73c41b846532159559ad84eb77,c062e4ff2369a9c96f9a36410a4af8397add8c31d8525a020c815f9d51dcb1c2,b6de5899ef419c2be611fab48868833a32c6481f701a0eaf65525513b46754b2,7319e125278a62d9a9f9fad72f66df45ebb3fa8f553ff36ddf3a173e09eeebc2,d3c6f170eb2a6fce3f43e80d7ab094e5c06bc8a276505aa957d651920aeab0a2,2026-09-23T00:00:00+00:00,2026-09-24T00:00:00+00:00,B4,immature,,unknown,,,unknown,insufficient_evidence,,,proxy_complete,proxy_complete_no_claim,proxy_insufficient,scale_incompatible
2afaa491103a8d00e50a905907b0f2b635eddad2237db3442b3ea4ccb1f78244,phase4e_shadow_v1,2026-09-24,2026-09-24T19:02:39.570881+00:00,github-36045280392-1,80634446-9faf-4de8-bfa1-81ab2c7a0461,PG,USD,40,2026-09-23,147.38999938964844,eligible,,phase4_confidence_research_v1,e5a1072ba3754f9a7e6d60fde5003b579f6a2f73c41b846532159559ad84eb77,c062e4ff2369a9c96f9a36410a4af8397add8c31d8525a020c815f9d51dcb1c2,b6de5899ef419c2be611fab48868833a32c6481f701a0eaf65525513b46754b2,7319e125278a62d9a9f9fad72f66df45ebb3fa8f553ff36ddf3a173e09eeebc2,d3c6f170eb2a6fce3f43e80d7ab094e5c06bc8a276505aa957d651920aeab0a2,2026-09-23T00:00:00+00:00,2026-09-24T00:00:00+00:00,B4,unavailable,,unknown,,,unknown,insufficient_evidence,,,proxy_complete,proxy_complete_no_claim,proxy_insufficient,scale_incompatible
a882008a09592228d5411621c720d4ef265e79f4f58f151105059e4bdb38d301,phase4e_shadow_v1,2026-09-24,2026-09-24T19:02:39.570881+00:00,github-36045280392-1,80634446-9faf-4de8-bfa1-81ab2c7a0461,PG,USD,60,2026-09-23,147.38999938964844,eligible,,phase4_confidence_research_v1,e5a1072ba3754f9a7e6d60fde5003b579f6a2f73c41b846532159559ad84eb77,c062e4ff2369a9c96f9a36410a4af8397add8c31d8525a020c815f9d51dcb1c2,b6de5899ef419c2be611fab48868833a32c6481f701a0eaf65525513b46754b2,7319e125278a62d9a9f9fad72f66df45ebb3fa8f553ff36ddf3a173e09eeebc2,d3c6f170eb2a6fce3f43e80d7ab094e5c06bc8a276505aa957d651920aeab0a2,2026-09-23T00:00:00+00:00,2026-09-24T00:00:00+00:00,B4,unavailable,,unknown,,,unknown,insufficient_evidence,,,proxy_complete,proxy_complete_no_claim,proxy_insufficient,scale_incompatible
038bf9ae496e33ddfc24ae2e92dbaabcf15bf7b2da9553401b13c54d883e917a,phase4e_shadow_v1,2026-09-24,2026-09-24T19:02:39.570881+00:00,github-36045280392-1,80634446-9faf-4de8-bfa1-81ab2c7a0461,PGY,USD,5,2026-09-23,18.71999931335449,eligible,,phase4_confidence_research_v1,e5a1072ba3754f9a7e6d60fde5003b579f6a2f73c41b846532159559ad84eb77,c062e4ff2369a9c96f9a36410a4af8397add8c31d8525a020c815f9d51dcb1c2,b6de5899ef419c2be611fab48868833a32c6481f701a0eaf65525513b46754b2,7319e125278a62d9a9f9fad72f66df45ebb3fa8f553ff36ddf3a173e09eeebc2,d3c6f170eb2a6fce3f43e80d7ab094e5c06bc8a276505aa957d651920aeab0a2,2026-09-23T00:00:00+00:00,2026-09-24T00:00:00+00:00,B2,directional_only,negative,unknown,,,elevated,risk_only,,,proxy_complete,proxy_complete_no_claim,proxy_complete,scale_incompatible
41340175844b92c294cb0186b5954bd5b22e92631997c37584e8b43c51103488,phase4e_shadow_v1,2026-09-24,2026-09-24T19:02:39.570881+00:00,github-36045280392-1,80634446-9faf-4de8-bfa1-81ab2c7a0461,PGY,USD,20,2026-09-23,18.71999931335449,eligible,,phase4_confidence_research_v1,e5a1072ba3754f9a7e6d60fde5003b579f6a2f73c41b846532159559ad84eb77,c062e4ff2369a9c96f9a36410a4af8397add8c31d8525a020c815f9d51dcb1c2,b6de5899ef419c2be611fab48868833a32c6481f701a0eaf65525513b46754b2,7319e125278a62d9a9f9fad72f66df45ebb3fa8f553ff36ddf3a173e09eeebc2,d3c6f170eb2a6fce3f43e80d7ab094e5c06bc8a276505aa957d651920aeab0a2,2026-09-23T00:00:00+00:00,2026-09-24T00:00:00+00:00,B2,immature,,unknown,,,unknown,insufficient_evidence,,,proxy_complete,proxy_complete_no_claim,proxy_insufficient,scale_incompatible
d31a6d03d95d11c055a19d30fe40f440dfde422f9d51b5f967193917131ff8bc,phase4e_shadow_v1,2026-09-24,2026-09-24T19:02:39.570881+00:00,github-36045280392-1,80634446-9faf-4de8-bfa1-81ab2c7a0461,PGY,USD,40,2026-09-23,18.71999931335449,eligible,,phase4_confidence_research_v1,e5a1072ba3754f9a7e6d60fde5003b579f6a2f73c41b846532159559ad84eb77,c062e4ff2369a9c96f9a36410a4af8397add8c31d8525a020c815f9d51dcb1c2,b6de5899ef419c2be611fab48868833a32c6481f701a0eaf65525513b46754b2,7319e125278a62d9a9f9fad72f66df45ebb3fa8f553ff36ddf3a173e09eeebc2,d3c6f170eb2a6fce3f43e80d7ab094e5c06bc8a276505aa957d651920aeab0a2,2026-09-23T00:00:00+00:00,2026-09-24T00:00:00+00:00,B2,unavailable,,unknown,,,unknown,insufficient_evidence,,,proxy_complete,proxy_complete_no_claim,proxy_insufficient,scale_incompatible
3eaceb1e51f7c2dfd9cbd8e4cb34152baae237710db1c97c51baf412828839d7,phase4e_shadow_v1,2026-09-24,2026-09-24T19:02:39.570881+00:00,github-36045280392-1,80634446-9faf-4de8-bfa1-81ab2c7a0461,PGY,USD,60,2026-09-23,18.71999931335449,eligible,,phase4_confidence_research_v1,e5a1072ba3754f9a7e6d60fde5003b579f6a2f73c41b846532159559ad84eb77,c062e4ff2369a9c96f9a36410a4af8397add8c31d8525a020c815f9d51dcb1c2,b6de5899ef419c2be611fab48868833a32c6481f701a0eaf65525513b46754b2,7319e125278a62d9a9f9fad72f66df45ebb3fa8f553ff36ddf3a173e09eeebc2,d3c6f170eb2a6fce3f43e80d7ab094e5c06bc8a276505aa957d651920aeab0a2,2026-09-23T00:00:00+00:00,2026-09-24T00:00:00+00:00,B2,unavailable,,unknown,,,unknown,insufficient_evidence,,,proxy_complete,proxy_complete_no_claim,proxy_insufficient,scale_incompatible
ccabfba4e9df25ad955c9b89046d998ae309a8392c8eb19564a27849ac590dcb,phase4e_shadow_v1,2026-09-24,2026-09-24T19:02:39.570881+00:00,github-36045280392-1,80634446-9faf-4de8-bfa1-81ab2c7a0461,PKX,USD,5,2026-09-23,56.27000045776367,eligible,,phase4_confidence_research_v1,e5a1072ba3754f9a7e6d60fde5003b579f6a2f73c41b846532159559ad84eb77,c062e4ff2369a9c96f9a36410a4af8397add8c31d8525a020c815f9d51dcb1c2,b6de5899ef419c2be611fab48868833a32c6481f701a0eaf65525513b46754b2,7319e125278a62d9a9f9fad72f66df45ebb3fa8f553ff36ddf3a173e09eeebc2,d3c6f170eb2a6fce3f43e80d7ab094e5c06bc8a276505aa957d651920aeab0a2,2026-09-23T00:00:00+00:00,2026-09-24T00:00:00+00:00,B3,robust,positive,robust_claim,positive,trend200_d10_down & trend200_d1_down & rs3m_d1_up,middle,compatible,,positive,proxy_complete,proxy_complete,proxy_complete,scale_incompatible
88fad771a9bf61f431d34ab75f3227071c08bf45ef26912032ad1337cc6844f3,phase4e_shadow_v1,2026-09-24,2026-09-24T19:02:39.570881+00:00,github-36045280392-1,80634446-9faf-4de8-bfa1-81ab2c7a0461,PKX,USD,20,2026-09-23,56.27000045776367,eligible,,phase4_confidence_research_v1,e5a1072ba3754f9a7e6d60fde5003b579f6a2f73c41b846532159559ad84eb77,c062e4ff2369a9c96f9a36410a4af8397add8c31d8525a020c815f9d51dcb1c2,b6de5899ef419c2be611fab48868833a32c6481f701a0eaf65525513b46754b2,7319e125278a62d9a9f9fad72f66df45ebb3fa8f553ff36ddf3a173e09eeebc2,d3c6f170eb2a6fce3f43e80d7ab094e5c06bc8a276505aa957d651920aeab0a2,2026-09-23T00:00:00+00:00,2026-09-24T00:00:00+00:00,B3,immature,,unknown,,,unknown,insufficient_evidence,,,proxy_complete,proxy_complete_no_claim,proxy_insufficient,scale_incompatible
93d9cf54b81b2c4fb053881a11956013b40754a76f6e4e4692fbb4de6cfb0e78,phase4e_shadow_v1,2026-09-24,2026-09-24T19:02:39.570881+00:00,github-36045280392-1,80634446-9faf-4de8-bfa1-81ab2c7a0461,PKX,USD,40,2026-09-23,56.27000045776367,eligible,,phase4_confidence_research_v1,e5a1072ba3754f9a7e6d60fde5003b579f6a2f73c41b846532159559ad84eb77,c062e4ff2369a9c96f9a36410a4af8397add8c31d8525a020c815f9d51dcb1c2,b6de5899ef419c2be611fab48868833a32c6481f701a0eaf65525513b46754b2,7319e125278a62d9a9f9fad72f66df45ebb3fa8f553ff36ddf3a173e09eeebc2,d3c6f170eb2a6fce3f43e80d7ab094e5c06bc8a276505aa957d651920aeab0a2,2026-09-23T00:00:00+00:00,2026-09-24T00:00:00+00:00,B3,unavailable,,unknown,,,unknown,insufficient_evidence,,,proxy_complete,proxy_complete_no_claim,proxy_insufficient,scale_incompatible
f2977d0e87367ca31e2d08f1b3e5f5bf84edd4bd23210230d1d5e4c94985d651,phase4e_shadow_v1,2026-09-24,2026-09-24T19:02:39.570881+00:00,github-36045280392-1,80634446-9faf-4de8-bfa1-81ab2c7a0461,PKX,USD,60,2026-09-23,56.27000045776367,eligible,,phase4_confidence_research_v1,e5a1072ba3754f9a7e6d60fde5003b579f6a2f73c41b846532159559ad84eb77,c062e4ff2369a9c96f9a36410a4af8397add8c31d8525a020c815f9d51dcb1c2,b6de5899ef419c2be611fab48868833a32c6481f701a0eaf65525513b46754b2,7319e125278a62d9a9f9fad72f66df45ebb3fa8f553ff36ddf3a173e09eeebc2,d3c6f170eb2a6fce3f43e80d7ab094e5c06bc8a276505aa957d651920aeab0a2,2026-09-23T00:00:00+00:00,2026-09-24T00:00:00+00:00,B3,unavailable,,unknown,,,unknown,insufficient_evidence,,,proxy_complete,proxy_complete_no_claim,proxy_insufficient,scale_incompatible
b7b622001b25219a5d0edbe0edb19c298b4a02fc20ce1e6e26fc3bd40ad3fb21,phase4e_shadow_v1,2026-09-24,2026-09-24T19:02:39.570881+00:00,github-36045280392-1,80634446-9faf-4de8-bfa1-81ab2c7a0461,PL,,5,2026-09-23,16.3799991607666,eligible,,phase4_confidence_research_v1,e5a1072ba3754f9a7e6d60fde5003b579f6a2f73c41b846532159559ad84eb77,c062e4ff2369a9c96f9a36410a4af8397add8c31d8525a020c815f9d51dcb1c2,b6de5899ef419c2be611fab48868833a32c6481f701a0eaf65525513b46754b2,7319e125278a62d9a9f9fad72f66df45ebb3fa8f553ff36ddf3a173e09eeebc2,d3c6f170eb2a6fce3f43e80d7ab094e5c06bc8a276505aa957d651920aeab0a2,2026-09-23T00:00:00+00:00,2026-09-24T00:00:00+00:00,B1,directional_only,negative,unknown,,,elevated,risk_only,,,proxy_complete,proxy_complete_no_claim,proxy_complete,scale_incompatible
e06f8bcb13095270b203d7e3f601e5f01308ad4a1b228e678208e190ce18c4bd,phase4e_shadow_v1,2026-09-24,2026-09-24T19:02:39.570881+00:00,github-36045280392-1,80634446-9faf-4de8-bfa1-81ab2c7a0461,PL,,20,2026-09-23,16.3799991607666,eligible,,phase4_confidence_research_v1,e5a1072ba3754f9a7e6d60fde5003b579f6a2f73c41b846532159559ad84eb77,c062e4ff2369a9c96f9a36410a4af8397add8c31d8525a020c815f9d51dcb1c2,b6de5899ef419c2be611fab48868833a32c6481f701a0eaf65525513b46754b2,7319e125278a62d9a9f9fad72f66df45ebb3fa8f553ff36ddf3a173e09eeebc2,d3c6f170eb2a6fce3f43e80d7ab094e5c06bc8a276505aa957d651920aeab0a2,2026-09-23T00:00:00+00:00,2026-09-24T00:00:00+00:00,B1,immature,,unknown,,,unknown,insufficient_evidence,,,proxy_complete,proxy_complete_no_claim,proxy_insufficient,scale_incompatible
e930ac08e7a19cb4e3b91fe5d0dc2b87c9c18324b1edf00fb2e1214547259d99,phase4e_shadow_v1,2026-09-24,2026-09-24T19:02:39.570881+00:00,github-36045280392-1,80634446-9faf-4de8-bfa1-81ab2c7a0461,PL,,40,2026-09-23,16.3799991607666,eligible,,phase4_confidence_research_v1,e5a1072ba3754f9a7e6d60fde5003b579f6a2f73c41b846532159559ad84eb77,c062e4ff2369a9c96f9a36410a4af8397add8c31d8525a020c815f9d51dcb1c2,b6de5899ef419c2be611fab48868833a32c6481f701a0eaf65525513b46754b2,7319e125278a62d9a9f9fad72f66df45ebb3fa8f553ff36ddf3a173e09eeebc2,d3c6f170eb2a6fce3f43e80d7ab094e5c06bc8a276505aa957d651920aeab0a2,2026-09-23T00:00:00+00:00,2026-09-24T00:00:00+00:00,B1,unavailable,,unknown,,,unknown,insufficient_evidence,,,proxy_complete,proxy_complete_no_claim,proxy_insufficient,scale_incompatible
a9f33c677f0661cf0005130f9ac16812251beccce13bc5cc4d619f6312a43a05,phase4e_shadow_v1,2026-09-24,2026-09-24T19:02:39.570881+00:00,github-36045280392-1,80634446-9faf-4de8-bfa1-81ab2c7a0461,PL,,60,2026-09-23,16.3799991607666,eligible,,phase4_confidence_research_v1,e5a1072ba3754f9a7e6d60fde5003b579f6a2f73c41b846532159559ad84eb77,c062e4ff2369a9c96f9a36410a4af8397add8c31d8525a020c815f9d51dcb1c2,b6de5899ef419c2be611fab48868833a32c6481f701a0eaf65525513b46754b2,7319e125278a62d9a9f9fad72f66df45ebb3fa8f553ff36ddf3a173e09eeebc2,d3c6f170eb2a6fce3f43e80d7ab094e5c06bc8a276505aa957d651920aeab0a2,2026-09-23T00:00:00+00:00,2026-09-24T00:00:00+00:00,B1,unavailable,,unknown,,,unknown,insufficient_evidence,,,proxy_complete,proxy_complete_no_claim,proxy_insufficient,scale_incompatible
09f8f20b7922d68f018a439938fac4183e2c32b2edbf9f5f2ec19245f20a65e6,phase4e_shadow_v1,2026-09-24,2026-09-24T19:02:39.570881+00:00,github-36045280392-1,80634446-9faf-4de8-bfa1-81ab2c7a0461,PLTR,USD,5,2026-09-23,191.7899932861328,eligible,,phase4_confidence_research_v1,e5a1072ba3754f9a7e6d60fde5003b579f6a2f73c41b846532159559ad84eb77,c062e4ff2369a9c96f9a36410a4af8397add8c31d8525a020c815f9d51dcb1c2,b6de5899ef419c2be611fab48868833a32c6481f701a0eaf65525513b46754b2,7319e125278a62d9a9f9fad72f66df45ebb3fa8f553ff36ddf3a173e09eeebc2,d3c6f170eb2a6fce3f43e80d7ab094e5c06bc8a276505aa957d651920aeab0a2,2026-09-23T00:00:00+00:00,2026-09-24T00:00:00+00:00,B5,robust,positive,unknown,,,middle,single_model,,positive,proxy_complete,proxy_complete_no_claim,proxy_complete,scale_incompatible
cbf9d696118b6593a4712c920a3a04176b773f9424ed915fe98c615ff5bf5028,phase4e_shadow_v1,2026-09-24,2026-09-24T19:02:39.570881+00:00,github-36045280392-1,80634446-9faf-4de8-bfa1-81ab2c7a0461,PLTR,USD,20,2026-09-23,191.7899932861328,eligible,,phase4_confidence_research_v1,e5a1072ba3754f9a7e6d60fde5003b579f6a2f73c41b846532159559ad84eb77,c062e4ff2369a9c96f9a36410a4af8397add8c31d8525a020c815f9d51dcb1c2,b6de5899ef419c2be611fab48868833a32c6481f701a0eaf65525513b46754b2,7319e125278a62d9a9f9fad72f66df45ebb3fa8f553ff36ddf3a173e09eeebc2,d3c6f170eb2a6fce3f43e80d7ab094e5c06bc8a276505aa957d651920aeab0a2,2026-09-23T00:00:00+00:00,2026-09-24T00:00:00+00:00,B5,immature,,unknown,,,unknown,insufficient_evidence,,,proxy_complete,proxy_complete_no_claim,proxy_insufficient,scale_incompatible
1c0b767f9cedaacad912976f7953f76cff7b41ee3fb98119c5f7117a1ceca091,phase4e_shadow_v1,2026-09-24,2026-09-24T19:02:39.570881+00:00,github-36045280392-1,80634446-9faf-4de8-bfa1-81ab2c7a0461,PLTR,USD,40,2026-09-23,191.7899932861328,eligible,,phase4_confidence_research_v1,e5a1072ba3754f9a7e6d60fde5003b579f6a2f73c41b846532159559ad84eb77,c062e4ff2369a9c96f9a36410a4af8397add8c31d8525a020c815f9d51dcb1c2,b6de5899ef419c2be611fab48868833a32c6481f701a0eaf65525513b46754b2,7319e125278a62d9a9f9fad72f66df45ebb3fa8f553ff36ddf3a173e09eeebc2,d3c6f170eb2a6fce3f43e80d7ab094e5c06bc8a276505aa957d651920aeab0a2,2026-09-23T00:00:00+00:00,2026-09-24T00:00:00+00:00,B5,unavailable,,unknown,,,unknown,insufficient_evidence,,,proxy_complete,proxy_complete_no_claim,proxy_insufficient,scale_incompatible
778f76a85310fe0fbd179fc44e2bcc10c0629dd59cac2c6ca7a45da8bb43d43e,phase4e_shadow_v1,2026-09-24,2026-09-24T19:02:39.570881+00:00,github-36045280392-1,80634446-9faf-4de8-bfa1-81ab2c7a0461,PLTR,USD,60,2026-09-23,191.7899932861328,eligible,,phase4_confidence_research_v1,e5a1072ba3754f9a7e6d60fde5003b579f6a2f73c41b846532159559ad84eb77,c062e4ff2369a9c96f9a36410a4af8397add8c31d8525a020c815f9d51dcb1c2,b6de5899ef419c2be611fab48868833a32c6481f701a0eaf65525513b46754b2,7319e125278a62d9a9f9fad72f66df45ebb3fa8f553ff36ddf3a173e09eeebc2,d3c6f170eb2a6fce3f43e80d7ab094e5c06bc8a276505aa957d651920aeab0a2,2026-09-23T00:00:00+00:00,2026-09-24T00:00:00+00:00,B5,unavailable,,unknown,,,unknown,insufficient_evidence,,,proxy_complete,proxy_complete_no_claim,proxy_insufficient,scale_incompatible
0c930f839977a635725e6871ce52b373375ea3a2d3d76409c7ac34a75338a24b,phase4e_shadow_v1,2026-09-24,2026-09-24T19:02:39.570881+00:00,github-36045280392-1,80634446-9faf-4de8-bfa1-81ab2c7a0461,PM,USD,5,2026-09-23,190.83999633789065,eligible,,phase4_confidence_research_v1,e5a1072ba3754f9a7e6d60fde5003b579f6a2f73c41b846532159559ad84eb77,c062e4ff2369a9c96f9a36410a4af8397add8c31d8525a020c815f9d51dcb1c2,b6de5899ef419c2be611fab48868833a32c6481f701a0eaf65525513b46754b2,7319e125278a62d9a9f9fad72f66df45ebb3fa8f553ff36ddf3a173e09eeebc2,d3c6f170eb2a6fce3f43e80d7ab094e5c06bc8a276505aa957d651920aeab0a2,2026-09-23T00:00:00+00:00,2026-09-24T00:00:00+00:00,B4,directional_only,negative,unknown,,,low,insufficient_evidence,,,proxy_complete,proxy_complete_no_claim,proxy_complete,scale_incompatible
d963e783bdd70b3be706a1202eb2108016d072eb4353d4dcd046875a4c174eaf,phase4e_shadow_v1,2026-09-24,2026-09-24T19:02:39.570881+00:00,github-36045280392-1,80634446-9faf-4de8-bfa1-81ab2c7a0461,PM,USD,20,2026-09-23,190.83999633789065,eligible,,phase4_confidence_research_v1,e5a1072ba3754f9a7e6d60fde5003b579f6a2f73c41b846532159559ad84eb77,c062e4ff2369a9c96f9a36410a4af8397add8c31d8525a020c815f9d51dcb1c2,b6de5899ef419c2be611fab48868833a32c6481f701a0eaf65525513b46754b2,7319e125278a62d9a9f9fad72f66df45ebb3fa8f553ff36ddf3a173e09eeebc2,d3c6f170eb2a6fce3f43e80d7ab094e5c06bc8a276505aa957d651920aeab0a2,2026-09-23T00:00:00+00:00,2026-09-24T00:00:00+00:00,B4,immature,,unknown,,,unknown,insufficient_evidence,,,proxy_complete,proxy_complete_no_claim,proxy_insufficient,scale_incompatible
47983426bcdbd4df77b01b394c3f590560e8a5bcb939a3209425f39a38db600f,phase4e_shadow_v1,2026-09-24,2026-09-24T19:02:39.570881+00:00,github-36045280392-1,80634446-9faf-4de8-bfa1-81ab2c7a0461,PM,USD,40,2026-09-23,190.83999633789065,eligible,,phase4_confidence_research_v1,e5a1072ba3754f9a7e6d60fde5003b579f6a2f73c41b846532159559ad84eb77,c062e4ff2369a9c96f9a36410a4af8397add8c31d8525a020c815f9d51dcb1c2,b6de5899ef419c2be611fab48868833a32c6481f701a0eaf65525513b46754b2,7319e125278a62d9a9f9fad72f66df45ebb3fa8f553ff36ddf3a173e09eeebc2,d3c6f170eb2a6fce3f43e80d7ab094e5c06bc8a276505aa957d651920aeab0a2,2026-09-23T00:00:00+00:00,2026-09-24T00:00:00+00:00,B4,unavailable,,unknown,,,unknown,insufficient_evidence,,,proxy_complete,proxy_complete_no_claim,proxy_insufficient,scale_incompatible
c8d60897667108ecee38c05ee03bc9d67af5c357e024139f4d8833c5110e1506,phase4e_shadow_v1,2026-09-24,2026-09-24T19:02:39.570881+00:00,github-36045280392-1,80634446-9faf-4de8-bfa1-81ab2c7a0461,PM,USD,60,2026-09-23,190.83999633789065,eligible,,phase4_confidence_research_v1,e5a1072ba3754f9a7e6d60fde5003b579f6a2f73c41b846532159559ad84eb77,c062e4ff2369a9c96f9a36410a4af8397add8c31d8525a020c815f9d51dcb1c2,b6de5899ef419c2be611fab48868833a32c6481f701a0eaf65525513b46754b2,7319e125278a62d9a9f9fad72f66df45ebb3fa8f553ff36ddf3a173e09eeebc2,d3c6f170eb2a6fce3f43e80d7ab094e5c06bc8a276505aa957d651920aeab0a2,2026-09-23T00:00:00+00:00,2026-09-24T00:00:00+00:00,B4,unavailable,,unknown,,,unknown,insufficient_evidence,,,proxy_complete,proxy_complete_no_claim,proxy_insufficient,scale_incompatible
d02127f104271d3774f41a9896da6620f5c8e58c1a91fadc546ac76636dc37e3,phase4e_shadow_v1,2026-09-24,2026-09-24T19:02:39.570881+00:00,github-36045280392-1,80634446-9faf-4de8-bfa1-81ab2c7a0461,PPTA,USD,5,2026-09-23,23.31999969482422,eligible,,phase4_confidence_research_v1,e5a1072ba3754f9a7e6d60fde5003b579f6a2f73c41b846532159559ad84eb77,c062e4ff2369a9c96f9a36410a4af8397add8c31d8525a020c815f9d51dcb1c2,b6de5899ef419c2be611fab48868833a32c6481f701a0eaf65525513b46754b2,7319e125278a62d9a9f9fad72f66df45ebb3fa8f553ff36ddf3a173e09eeebc2,d3c6f170eb2a6fce3f43e80d7ab094e5c06bc8a276505aa957d651920aeab0a2,2026-09-23T00:00:00+00:00,2026-09-24T00:00:00+00:00,B1,directional_only,negative,unknown,,,middle,insufficient_evidence,,,proxy_complete,proxy_complete_no_claim,proxy_complete,scale_incompatible
ce9b1762322ed2faddf440fa8dcf95cddc80e1367afd063b02739aea1ad8723f,phase4e_shadow_v1,2026-09-24,2026-09-24T19:02:39.570881+00:00,github-36045280392-1,80634446-9faf-4de8-bfa1-81ab2c7a0461,PPTA,USD,20,2026-09-23,23.31999969482422,eligible,,phase4_confidence_research_v1,e5a1072ba3754f9a7e6d60fde5003b579f6a2f73c41b846532159559ad84eb77,c062e4ff2369a9c96f9a36410a4af8397add8c31d8525a020c815f9d51dcb1c2,b6de5899ef419c2be611fab48868833a32c6481f701a0eaf65525513b46754b2,7319e125278a62d9a9f9fad72f66df45ebb3fa8f553ff36ddf3a173e09eeebc2,d3c6f170eb2a6fce3f43e80d7ab094e5c06bc8a276505aa957d651920aeab0a2,2026-09-23T00:00:00+00:00,2026-09-24T00:00:00+00:00,B1,immature,,unknown,,,unknown,insufficient_evidence,,,proxy_complete,proxy_complete_no_claim,proxy_insufficient,scale_incompatible
2852f7721a6c9e7e1af9d3a76e41c8d16b717f5d31730d486539a28214168f6c,phase4e_shadow_v1,2026-09-24,2026-09-24T19:02:39.570881+00:00,github-36045280392-1,80634446-9faf-4de8-bfa1-81ab2c7a0461,PPTA,USD,40,2026-09-23,23.31999969482422,eligible,,phase4_confidence_research_v1,e5a1072ba3754f9a7e6d60fde5003b579f6a2f73c41b846532159559ad84eb77,c062e4ff2369a9c96f9a36410a4af8397add8c31d8525a020c815f9d51dcb1c2,b6de5899ef419c2be611fab48868833a32c6481f701a0eaf65525513b46754b2,7319e125278a62d9a9f9fad72f66df45ebb3fa8f553ff36ddf3a173e09eeebc2,d3c6f170eb2a6fce3f43e80d7ab094e5c06bc8a276505aa957d651920aeab0a2,2026-09-23T00:00:00+00:00,2026-09-24T00:00:00+00:00,B1,unavailable,,unknown,,,unknown,insufficient_evidence,,,proxy_complete,proxy_complete_no_claim,proxy_insufficient,scale_incompatible
3badbd8b8633ffdfea8134ccee48cff11aef2695d4e93b7a957782cc69268fc5,phase4e_shadow_v1,2026-09-24,2026-09-24T19:02:39.570881+00:00,github-36045280392-1,80634446-9faf-4de8-bfa1-81ab2c7a0461,PPTA,USD,60,2026-09-23,23.31999969482422,eligible,,phase4_confidence_research_v1,e5a1072ba3754f9a7e6d60fde5003b579f6a2f73c41b846532159559ad84eb77,c062e4ff2369a9c96f9a36410a4af8397add8c31d8525a020c815f9d51dcb1c2,b6de5899ef419c2be611fab48868833a32c6481f701a0eaf65525513b46754b2,7319e125278a62d9a9f9fad72f66df45ebb3fa8f553ff36ddf3a173e09eeebc2,d3c6f170eb2a6fce3f43e80d7ab094e5c06bc8a276505aa957d651920aeab0a2,2026-09-23T00:00:00+00:00,2026-09-24T00:00:00+00:00,B1,unavailable,,unknown,,,unknown,insufficient_evidence,,,proxy_complete,proxy_complete_no_claim,proxy_insufficient,scale_incompatible
e1d02bd78fd3dcfe9d39c54815e88b5edfc0967ff0387be1373f6e6f74391acc,phase4e_shadow_v1,2026-09-24,2026-09-24T19:02:39.570881+00:00,github-36045280392-1,80634446-9faf-4de8-bfa1-81ab2c7a0461,PYPL,USD,5,2026-09-23,52.5099983215332,eligible,,phase4_confidence_research_v1,e5a1072ba3754f9a7e6d60fde5003b579f6a2f73c41b846532159559ad84eb77,c062e4ff2369a9c96f9a36410a4af8397add8c31d8525a020c815f9d51dcb1c2,b6de5899ef419c2be611fab48868833a32c6481f701a0eaf65525513b46754b2,7319e125278a62d9a9f9fad72f66df45ebb3fa8f553ff36ddf3a173e09eeebc2,d3c6f170eb2a6fce3f43e80d7ab094e5c06bc8a276505aa957d651920aeab0a2,2026-09-23T00:00:00+00:00,2026-09-24T00:00:00+00:00,B3,robust,positive,unknown,,,middle,single_model,,positive,proxy_complete,proxy_complete_no_claim,proxy_complete,scale_incompatible
ffb28c8494a9f51178688281adac16f001ee922b9bb058ba414eefe7f41aa2d2,phase4e_shadow_v1,2026-09-24,2026-09-24T19:02:39.570881+00:00,github-36045280392-1,80634446-9faf-4de8-bfa1-81ab2c7a0461,PYPL,USD,20,2026-09-23,52.5099983215332,eligible,,phase4_confidence_research_v1,e5a1072ba3754f9a7e6d60fde5003b579f6a2f73c41b846532159559ad84eb77,c062e4ff2369a9c96f9a36410a4af8397add8c31d8525a020c815f9d51dcb1c2,b6de5899ef419c2be611fab48868833a32c6481f701a0eaf65525513b46754b2,7319e125278a62d9a9f9fad72f66df45ebb3fa8f553ff36ddf3a173e09eeebc2,d3c6f170eb2a6fce3f43e80d7ab094e5c06bc8a276505aa957d651920aeab0a2,2026-09-23T00:00:00+00:00,2026-09-24T00:00:00+00:00,B3,immature,,unknown,,,unknown,insufficient_evidence,,,proxy_complete,proxy_complete_no_claim,proxy_insufficient,scale_incompatible
ad467c4210bb17017ed212dd6906595d51efe24274db9a54ff674c252213b055,phase4e_shadow_v1,2026-09-24,2026-09-24T19:02:39.570881+00:00,github-36045280392-1,80634446-9faf-4de8-bfa1-81ab2c7a0461,PYPL,USD,40,2026-09-23,52.5099983215332,eligible,,phase4_confidence_research_v1,e5a1072ba3754f9a7e6d60fde5003b579f6a2f73c41b846532159559ad84eb77,c062e4ff2369a9c96f9a36410a4af8397add8c31d8525a020c815f9d51dcb1c2,b6de5899ef419c2be611fab48868833a32c6481f701a0eaf65525513b46754b2,7319e125278a62d9a9f9fad72f66df45ebb3fa8f553ff36ddf3a173e09eeebc2,d3c6f170eb2a6fce3f43e80d7ab094e5c06bc8a276505aa957d651920aeab0a2,2026-09-23T00:00:00+00:00,2026-09-24T00:00:00+00:00,B3,unavailable,,unknown,,,unknown,insufficient_evidence,,,proxy_complete,proxy_complete_no_claim,proxy_insufficient,scale_incompatible
ba8a4dc38a0f94439b1cf7ad1e0c203651b698a40eab7abc167e6c4a88d4b229,phase4e_shadow_v1,2026-09-24,2026-09-24T19:02:39.570881+00:00,github-36045280392-1,80634446-9faf-4de8-bfa1-81ab2c7a0461,PYPL,USD,60,2026-09-23,52.5099983215332,eligible,,phase4_confidence_research_v1,e5a1072ba3754f9a7e6d60fde5003b579f6a2f73c41b846532159559ad84eb77,c062e4ff2369a9c96f9a36410a4af8397add8c31d8525a020c815f9d51dcb1c2,b6de5899ef419c2be611fab48868833a32c6481f701a0eaf65525513b46754b2,7319e125278a62d9a9f9fad72f66df45ebb3fa8f553ff36ddf3a173e09eeebc2,d3c6f170eb2a6fce3f43e80d7ab094e5c06bc8a276505aa957d651920aeab0a2,2026-09-23T00:00:00+00:00,2026-09-24T00:00:00+00:00,B3,unavailable,,unknown,,,unknown,insufficient_evidence,,,proxy_complete,proxy_complete_no_claim,proxy_insufficient,scale_incompatible
f7da42184f1e35085e736bf9d706c2ca0bf356927bc22c4f13402516264a69b6,phase4e_shadow_v1,2026-09-24,2026-09-24T19:02:39.570881+00:00,github-36045280392-1,80634446-9faf-4de8-bfa1-81ab2c7a0461,QBTS,,5,2026-09-23,16.809999465942383,eligible,,phase4_confidence_research_v1,e5a1072ba3754f9a7e6d60fde5003b579f6a2f73c41b846532159559ad84eb77,c062e4ff2369a9c96f9a36410a4af8397add8c31d8525a020c815f9d51dcb1c2,b6de5899ef419c2be611fab48868833a32c6481f701a0eaf65525513b46754b2,7319e125278a62d9a9f9fad72f66df45ebb3fa8f553ff36ddf3a173e09eeebc2,d3c6f170eb2a6fce3f43e80d7ab094e5c06bc8a276505aa957d651920aeab0a2,2026-09-23T00:00:00+00:00,2026-09-24T00:00:00+00:00,B1,directional_only,negative,unknown,,,elevated,risk_only,,,proxy_complete,proxy_complete_no_claim,proxy_complete,scale_incompatible
dd42dd88791efd17308ab98c910420f6c294fd06e93ad8a5310eb3d20ce42f09,phase4e_shadow_v1,2026-09-24,2026-09-24T19:02:39.570881+00:00,github-36045280392-1,80634446-9faf-4de8-bfa1-81ab2c7a0461,QBTS,,20,2026-09-23,16.809999465942383,eligible,,phase4_confidence_research_v1,e5a1072ba3754f9a7e6d60fde5003b579f6a2f73c41b846532159559ad84eb77,c062e4ff2369a9c96f9a36410a4af8397add8c31d8525a020c815f9d51dcb1c2,b6de5899ef419c2be611fab48868833a32c6481f701a0eaf65525513b46754b2,7319e125278a62d9a9f9fad72f66df45ebb3fa8f553ff36ddf3a173e09eeebc2,d3c6f170eb2a6fce3f43e80d7ab094e5c06bc8a276505aa957d651920aeab0a2,2026-09-23T00:00:00+00:00,2026-09-24T00:00:00+00:00,B1,immature,,unknown,,,unknown,insufficient_evidence,,,proxy_complete,proxy_complete_no_claim,proxy_insufficient,scale_incompatible
8b204e121fc2472c0709f86c367e6842bfeb28ad2a0badb34bad768488d2cc31,phase4e_shadow_v1,2026-09-24,2026-09-24T19:02:39.570881+00:00,github-36045280392-1,80634446-9faf-4de8-bfa1-81ab2c7a0461,QBTS,,40,2026-09-23,16.809999465942383,eligible,,phase4_confidence_research_v1,e5a1072ba3754f9a7e6d60fde5003b579f6a2f73c41b846532159559ad84eb77,c062e4ff2369a9c96f9a36410a4af8397add8c31d8525a020c815f9d51dcb1c2,b6de5899ef419c2be611fab48868833a32c6481f701a0eaf65525513b46754b2,7319e125278a62d9a9f9fad72f66df45ebb3fa8f553ff36ddf3a173e09eeebc2,d3c6f170eb2a6fce3f43e80d7ab094e5c06bc8a276505aa957d651920aeab0a2,2026-09-23T00:00:00+00:00,2026-09-24T00:00:00+00:00,B1,unavailable,,unknown,,,unknown,insufficient_evidence,,,proxy_complete,proxy_complete_no_claim,proxy_insufficient,scale_incompatible
b27bc2a8c6192c1fa944afa5ad7618c4f98b08f0412affa2b37b899735eba62a,phase4e_shadow_v1,2026-09-24,2026-09-24T19:02:39.570881+00:00,github-36045280392-1,80634446-9faf-4de8-bfa1-81ab2c7a0461,QBTS,,60,2026-09-23,16.809999465942383,eligible,,phase4_confidence_research_v1,e5a1072ba3754f9a7e6d60fde5003b579f6a2f73c41b846532159559ad84eb77,c062e4ff2369a9c96f9a36410a4af8397add8c31d8525a020c815f9d51dcb1c2,b6de5899ef419c2be611fab48868833a32c6481f701a0eaf65525513b46754b2,7319e125278a62d9a9f9fad72f66df45ebb3fa8f553ff36ddf3a173e09eeebc2,d3c6f170eb2a6fce3f43e80d7ab094e5c06bc8a276505aa957d651920aeab0a2,2026-09-23T00:00:00+00:00,2026-09-24T00:00:00+00:00,B1,unavailable,,unknown,,,unknown,insufficient_evidence,,,proxy_complete,proxy_complete_no_claim,proxy_insufficient,scale_incompatible
b5a53ec984423f82e45a317bfee94b6e5fd76fdb34facf90c70c3cbec4f5329d,phase4e_shadow_v1,2026-09-24,2026-09-24T19:02:39.570881+00:00,github-36045280392-1,80634446-9faf-4de8-bfa1-81ab2c7a0461,QS,USD,5,2026-09-23,4.909999847412109,eligible,,phase4_confidence_research_v1,e5a1072ba3754f9a7e6d60fde5003b579f6a2f73c41b846532159559ad84eb77,c062e4ff2369a9c96f9a36410a4af8397add8c31d8525a020c815f9d51dcb1c2,b6de5899ef419c2be611fab48868833a32c6481f701a0eaf65525513b46754b2,7319e125278a62d9a9f9fad72f66df45ebb3fa8f553ff36ddf3a173e09eeebc2,d3c6f170eb2a6fce3f43e80d7ab094e5c06bc8a276505aa957d651920aeab0a2,2026-09-23T00:00:00+00:00,2026-09-24T00:00:00+00:00,B1,directional_only,negative,unknown,,,elevated,risk_only,,,proxy_complete,proxy_complete_no_claim,proxy_complete,scale_incompatible
70f3cd589ff29505edab71ce8c6a8b2f69e9608839e63afda9688215b17b163a,phase4e_shadow_v1,2026-09-24,2026-09-24T19:02:39.570881+00:00,github-36045280392-1,80634446-9faf-4de8-bfa1-81ab2c7a0461,QS,USD,20,2026-09-23,4.909999847412109,eligible,,phase4_confidence_research_v1,e5a1072ba3754f9a7e6d60fde5003b579f6a2f73c41b846532159559ad84eb77,c062e4ff2369a9c96f9a36410a4af8397add8c31d8525a020c815f9d51dcb1c2,b6de5899ef419c2be611fab48868833a32c6481f701a0eaf65525513b46754b2,7319e125278a62d9a9f9fad72f66df45ebb3fa8f553ff36ddf3a173e09eeebc2,d3c6f170eb2a6fce3f43e80d7ab094e5c06bc8a276505aa957d651920aeab0a2,2026-09-23T00:00:00+00:00,2026-09-24T00:00:00+00:00,B1,immature,,unknown,,,unknown,insufficient_evidence,,,proxy_complete,proxy_complete_no_claim,proxy_insufficient,scale_incompatible
4bde2dceef1281992e6c43d5610357d17aae71fb31a51e835a1faabdbd119c60,phase4e_shadow_v1,2026-09-24,2026-09-24T19:02:39.570881+00:00,github-36045280392-1,80634446-9faf-4de8-bfa1-81ab2c7a0461,QS,USD,40,2026-09-23,4.909999847412109,eligible,,phase4_confidence_research_v1,e5a1072ba3754f9a7e6d60fde5003b579f6a2f73c41b846532159559ad84eb77,c062e4ff2369a9c96f9a36410a4af8397add8c31d8525a020c815f9d51dcb1c2,b6de5899ef419c2be611fab48868833a32c6481f701a0eaf65525513b46754b2,7319e125278a62d9a9f9fad72f66df45ebb3fa8f553ff36ddf3a173e09eeebc2,d3c6f170eb2a6fce3f43e80d7ab094e5c06bc8a276505aa957d651920aeab0a2,2026-09-23T00:00:00+00:00,2026-09-24T00:00:00+00:00,B1,unavailable,,unknown,,,unknown,insufficient_evidence,,,proxy_complete,proxy_complete_no_claim,proxy_insufficient,scale_incompatible
cd08de6ff0bc8cad38237dc33d128d57925af79110223d0f1ffe23a35248571f,phase4e_shadow_v1,2026-09-24,2026-09-24T19:02:39.570881+00:00,github-36045280392-1,80634446-9faf-4de8-bfa1-81ab2c7a0461,QS,USD,60,2026-09-23,4.909999847412109,eligible,,phase4_confidence_research_v1,e5a1072ba3754f9a7e6d60fde5003b579f6a2f73c41b846532159559ad84eb77,c062e4ff2369a9c96f9a36410a4af8397add8c31d8525a020c815f9d51dcb1c2,b6de5899ef419c2be611fab48868833a32c6481f701a0eaf65525513b46754b2,7319e125278a62d9a9f9fad72f66df45ebb3fa8f553ff36ddf3a173e09eeebc2,d3c6f170eb2a6fce3f43e80d7ab094e5c06bc8a276505aa957d651920aeab0a2,2026-09-23T00:00:00+00:00,2026-09-24T00:00:00+00:00,B1,unavailable,,unknown,,,unknown,insufficient_evidence,,,proxy_complete,proxy_complete_no_claim,proxy_insufficient,scale_incompatible
7f7e1dc5496e44754bd9c0da5ef1e09340e1eb2a1e7979eee48fb8fa9fccb462,phase4e_shadow_v1,2026-09-24,2026-09-24T19:02:39.570881+00:00,github-36045280392-1,80634446-9faf-4de8-bfa1-81ab2c7a0461,RACE,USD,5,2026-09-23,413.0499877929688,eligible,,phase4_confidence_research_v1,e5a1072ba3754f9a7e6d60fde5003b579f6a2f73c41b846532159559ad84eb77,c062e4ff2369a9c96f9a36410a4af8397add8c31d8525a020c815f9d51dcb1c2,b6de5899ef419c2be611fab48868833a32c6481f701a0eaf65525513b46754b2,7319e125278a62d9a9f9fad72f66df45ebb3fa8f553ff36ddf3a173e09eeebc2,d3c6f170eb2a6fce3f43e80d7ab094e5c06bc8a276505aa957d651920aeab0a2,2026-09-23T00:00:00+00:00,2026-09-24T00:00:00+00:00,B3,robust,positive,unknown,,,middle,single_model,,positive,proxy_complete,proxy_complete_no_claim,proxy_complete,scale_incompatible
325300178e9a284c8631f4696c73452e48894942e23f84d4e99f3bee1745e29a,phase4e_shadow_v1,2026-09-24,2026-09-24T19:02:39.570881+00:00,github-36045280392-1,80634446-9faf-4de8-bfa1-81ab2c7a0461,RACE,USD,20,2026-09-23,413.0499877929688,eligible,,phase4_confidence_research_v1,e5a1072ba3754f9a7e6d60fde5003b579f6a2f73c41b846532159559ad84eb77,c062e4ff2369a9c96f9a36410a4af8397add8c31d8525a020c815f9d51dcb1c2,b6de5899ef419c2be611fab48868833a32c6481f701a0eaf65525513b46754b2,7319e125278a62d9a9f9fad72f66df45ebb3fa8f553ff36ddf3a173e09eeebc2,d3c6f170eb2a6fce3f43e80d7ab094e5c06bc8a276505aa957d651920aeab0a2,2026-09-23T00:00:00+00:00,2026-09-24T00:00:00+00:00,B3,immature,,unknown,,,unknown,insufficient_evidence,,,proxy_complete,proxy_complete_no_claim,proxy_insufficient,scale_incompatible
4f29afe118960a5eb36dbbb2bfe9e24610fc596a1c6669c35f5c8b1e671ec6a9,phase4e_shadow_v1,2026-09-24,2026-09-24T19:02:39.570881+00:00,github-36045280392-1,80634446-9faf-4de8-bfa1-81ab2c7a0461,RACE,USD,40,2026-09-23,413.0499877929688,eligible,,phase4_confidence_research_v1,e5a1072ba3754f9a7e6d60fde5003b579f6a2f73c41b846532159559ad84eb77,c062e4ff2369a9c96f9a36410a4af8397add8c31d8525a020c815f9d51dcb1c2,b6de5899ef419c2be611fab48868833a32c6481f701a0eaf65525513b46754b2,7319e125278a62d9a9f9fad72f66df45ebb3fa8f553ff36ddf3a173e09eeebc2,d3c6f170eb2a6fce3f43e80d7ab094e5c06bc8a276505aa957d651920aeab0a2,2026-09-23T00:00:00+00:00,2026-09-24T00:00:00+00:00,B3,unavailable,,unknown,,,unknown,insufficient_evidence,,,proxy_complete,proxy_complete_no_claim,proxy_insufficient,scale_incompatible
7302d74ee23968434063f3fbbbe9ea647118d01fd63e467069ff3aed1f64ba0e,phase4e_shadow_v1,2026-09-24,2026-09-24T19:02:39.570881+00:00,github-36045280392-1,80634446-9faf-4de8-bfa1-81ab2c7a0461,RACE,USD,60,2026-09-23,413.0499877929688,eligible,,phase4_confidence_research_v1,e5a1072ba3754f9a7e6d60fde5003b579f6a2f73c41b846532159559ad84eb77,c062e4ff2369a9c96f9a36410a4af8397add8c31d8525a020c815f9d51dcb1c2,b6de5899ef419c2be611fab48868833a32c6481f701a0eaf65525513b46754b2,7319e125278a62d9a9f9fad72f66df45ebb3fa8f553ff36ddf3a173e09eeebc2,d3c6f170eb2a6fce3f43e80d7ab094e5c06bc8a276505aa957d651920aeab0a2,2026-09-23T00:00:00+00:00,2026-09-24T00:00:00+00:00,B3,unavailable,,unknown,,,unknown,insufficient_evidence,,,proxy_complete,proxy_complete_no_claim,proxy_insufficient,scale_incompatible
39e475716e7c3c61bcf81ba8d09b0401706e5d9d9d7630773395e309820548e5,phase4e_shadow_v1,2026-09-24,2026-09-24T19:02:39.570881+00:00,github-36045280392-1,80634446-9faf-4de8-bfa1-81ab2c7a0461,RCAT,USD,5,2026-09-23,6.590000152587891,eligible,,phase4_confidence_research_v1,e5a1072ba3754f9a7e6d60fde5003b579f6a2f73c41b846532159559ad84eb77,c062e4ff2369a9c96f9a36410a4af8397add8c31d8525a020c815f9d51dcb1c2,b6de5899ef419c2be611fab48868833a32c6481f701a0eaf65525513b46754b2,7319e125278a62d9a9f9fad72f66df45ebb3fa8f553ff36ddf3a173e09eeebc2,d3c6f170eb2a6fce3f43e80d7ab094e5c06bc8a276505aa957d651920aeab0a2,2026-09-23T00:00:00+00:00,2026-09-24T00:00:00+00:00,B1,directional_only,negative,unknown,,,elevated,risk_only,,,proxy_complete,proxy_complete_no_claim,proxy_complete,scale_incompatible
4fd82ec30c03ce0a56923b664b5836ef46487cb305104b88468edab6ee1917eb,phase4e_shadow_v1,2026-09-24,2026-09-24T19:02:39.570881+00:00,github-36045280392-1,80634446-9faf-4de8-bfa1-81ab2c7a0461,RCAT,USD,20,2026-09-23,6.590000152587891,eligible,,phase4_confidence_research_v1,e5a1072ba3754f9a7e6d60fde5003b579f6a2f73c41b846532159559ad84eb77,c062e4ff2369a9c96f9a36410a4af8397add8c31d8525a020c815f9d51dcb1c2,b6de5899ef419c2be611fab48868833a32c6481f701a0eaf65525513b46754b2,7319e125278a62d9a9f9fad72f66df45ebb3fa8f553ff36ddf3a173e09eeebc2,d3c6f170eb2a6fce3f43e80d7ab094e5c06bc8a276505aa957d651920aeab0a2,2026-09-23T00:00:00+00:00,2026-09-24T00:00:00+00:00,B1,immature,,unknown,,,unknown,insufficient_evidence,,,proxy_complete,proxy_complete_no_claim,proxy_insufficient,scale_incompatible
c7acd32e7e03a91a3257cd9d42465403719202cb782cf9635252359ee3630a67,phase4e_shadow_v1,2026-09-24,2026-09-24T19:02:39.570881+00:00,github-36045280392-1,80634446-9faf-4de8-bfa1-81ab2c7a0461,RCAT,USD,40,2026-09-23,6.590000152587891,eligible,,phase4_confidence_research_v1,e5a1072ba3754f9a7e6d60fde5003b579f6a2f73c41b846532159559ad84eb77,c062e4ff2369a9c96f9a36410a4af8397add8c31d8525a020c815f9d51dcb1c2,b6de5899ef419c2be611fab48868833a32c6481f701a0eaf65525513b46754b2,7319e125278a62d9a9f9fad72f66df45ebb3fa8f553ff36ddf3a173e09eeebc2,d3c6f170eb2a6fce3f43e80d7ab094e5c06bc8a276505aa957d651920aeab0a2,2026-09-23T00:00:00+00:00,2026-09-24T00:00:00+00:00,B1,unavailable,,unknown,,,unknown,insufficient_evidence,,,proxy_complete,proxy_complete_no_claim,proxy_insufficient,scale_incompatible
c31b8082e42ac8664c8d107a226619d32bb2532621ddaf752ca2f26df6e89f1d,phase4e_shadow_v1,2026-09-24,2026-09-24T19:02:39.570881+00:00,github-36045280392-1,80634446-9faf-4de8-bfa1-81ab2c7a0461,RCAT,USD,60,2026-09-23,6.590000152587891,eligible,,phase4_confidence_research_v1,e5a1072ba3754f9a7e6d60fde5003b579f6a2f73c41b846532159559ad84eb77,c062e4ff2369a9c96f9a36410a4af8397add8c31d8525a020c815f9d51dcb1c2,b6de5899ef419c2be611fab48868833a32c6481f701a0eaf65525513b46754b2,7319e125278a62d9a9f9fad72f66df45ebb3fa8f553ff36ddf3a173e09eeebc2,d3c6f170eb2a6fce3f43e80d7ab094e5c06bc8a276505aa957d651920aeab0a2,2026-09-23T00:00:00+00:00,2026-09-24T00:00:00+00:00,B1,unavailable,,unknown,,,unknown,insufficient_evidence,,,proxy_complete,proxy_complete_no_claim,proxy_insufficient,scale_incompatible
b53d425a33e0a78a3f455c4e4b9682a3e6d439ae6c5331e07238663cb994f9ed,phase4e_shadow_v1,2026-09-24,2026-09-24T19:02:39.570881+00:00,github-36045280392-1,80634446-9faf-4de8-bfa1-81ab2c7a0461,RGTI,,5,2026-09-23,16.0049991607666,eligible,,phase4_confidence_research_v1,e5a1072ba3754f9a7e6d60fde5003b579f6a2f73c41b846532159559ad84eb77,c062e4ff2369a9c96f9a36410a4af8397add8c31d8525a020c815f9d51dcb1c2,b6de5899ef419c2be611fab48868833a32c6481f701a0eaf65525513b46754b2,7319e125278a62d9a9f9fad72f66df45ebb3fa8f553ff36ddf3a173e09eeebc2,d3c6f170eb2a6fce3f43e80d7ab094e5c06bc8a276505aa957d651920aeab0a2,2026-09-23T00:00:00+00:00,2026-09-24T00:00:00+00:00,B1,directional_only,negative,unknown,,,elevated,risk_only,,,proxy_complete,proxy_complete_no_claim,proxy_complete,scale_incompatible
581161e5c7eeaafa21b89e5573519775e5de037454f0e9d757bde785b8b96e72,phase4e_shadow_v1,2026-09-24,2026-09-24T19:02:39.570881+00:00,github-36045280392-1,80634446-9faf-4de8-bfa1-81ab2c7a0461,RGTI,,20,2026-09-23,16.0049991607666,eligible,,phase4_confidence_research_v1,e5a1072ba3754f9a7e6d60fde5003b579f6a2f73c41b846532159559ad84eb77,c062e4ff2369a9c96f9a36410a4af8397add8c31d8525a020c815f9d51dcb1c2,b6de5899ef419c2be611fab48868833a32c6481f701a0eaf65525513b46754b2,7319e125278a62d9a9f9fad72f66df45ebb3fa8f553ff36ddf3a173e09eeebc2,d3c6f170eb2a6fce3f43e80d7ab094e5c06bc8a276505aa957d651920aeab0a2,2026-09-23T00:00:00+00:00,2026-09-24T00:00:00+00:00,B1,immature,,unknown,,,unknown,insufficient_evidence,,,proxy_complete,proxy_complete_no_claim,proxy_insufficient,scale_incompatible
07a99563488bbe1201d06274a9cd3310394d7f9d19f9125a11483370e6135ca2,phase4e_shadow_v1,2026-09-24,2026-09-24T19:02:39.570881+00:00,github-36045280392-1,80634446-9faf-4de8-bfa1-81ab2c7a0461,RGTI,,40,2026-09-23,16.0049991607666,eligible,,phase4_confidence_research_v1,e5a1072ba3754f9a7e6d60fde5003b579f6a2f73c41b846532159559ad84eb77,c062e4ff2369a9c96f9a36410a4af8397add8c31d8525a020c815f9d51dcb1c2,b6de5899ef419c2be611fab48868833a32c6481f701a0eaf65525513b46754b2,7319e125278a62d9a9f9fad72f66df45ebb3fa8f553ff36ddf3a173e09eeebc2,d3c6f170eb2a6fce3f43e80d7ab094e5c06bc8a276505aa957d651920aeab0a2,2026-09-23T00:00:00+00:00,2026-09-24T00:00:00+00:00,B1,unavailable,,unknown,,,unknown,insufficient_evidence,,,proxy_complete,proxy_complete_no_claim,proxy_insufficient,scale_incompatible
f0d7864abffbadbe6077a4a2001b0961237428e4714361d25cd099bce0cf04f1,phase4e_shadow_v1,2026-09-24,2026-09-24T19:02:39.570881+00:00,github-36045280392-1,80634446-9faf-4de8-bfa1-81ab2c7a0461,RGTI,,60,2026-09-23,16.0049991607666,eligible,,phase4_confidence_research_v1,e5a1072ba3754f9a7e6d60fde5003b579f6a2f73c41b846532159559ad84eb77,c062e4ff2369a9c96f9a36410a4af8397add8c31d8525a020c815f9d51dcb1c2,b6de5899ef419c2be611fab48868833a32c6481f701a0eaf65525513b46754b2,7319e125278a62d9a9f9fad72f66df45ebb3fa8f553ff36ddf3a173e09eeebc2,d3c6f170eb2a6fce3f43e80d7ab094e5c06bc8a276505aa957d651920aeab0a2,2026-09-23T00:00:00+00:00,2026-09-24T00:00:00+00:00,B1,unavailable,,unknown,,,unknown,insufficient_evidence,,,proxy_complete,proxy_complete_no_claim,proxy_insufficient,scale_incompatible
351b81033e305b033ba69fcafe2392936e676dfc5b1330ff48855e55e7fcd0b9,phase4e_shadow_v1,2026-09-24,2026-09-24T19:02:39.570881+00:00,github-36045280392-1,80634446-9faf-4de8-bfa1-81ab2c7a0461,RHM.DE,EUR,5,2026-09-23,1025.0,eligible,,phase4_confidence_research_v1,e5a1072ba3754f9a7e6d60fde5003b579f6a2f73c41b846532159559ad84eb77,c062e4ff2369a9c96f9a36410a4af8397add8c31d8525a020c815f9d51dcb1c2,b6de5899ef419c2be611fab48868833a32c6481f701a0eaf65525513b46754b2,7319e125278a62d9a9f9fad72f66df45ebb3fa8f553ff36ddf3a173e09eeebc2,d3c6f170eb2a6fce3f43e80d7ab094e5c06bc8a276505aa957d651920aeab0a2,2026-09-23T00:00:00+00:00,2026-09-24T00:00:00+00:00,B5,robust,positive,unknown,,,middle,single_model,,positive,proxy_complete,proxy_complete_no_claim,proxy_complete,scale_incompatible
8b8bff20fcc495f86b3f738377e3db03962425975018f3b4c3326ce2d49d272f,phase4e_shadow_v1,2026-09-24,2026-09-24T19:02:39.570881+00:00,github-36045280392-1,80634446-9faf-4de8-bfa1-81ab2c7a0461,RHM.DE,EUR,20,2026-09-23,1025.0,eligible,,phase4_confidence_research_v1,e5a1072ba3754f9a7e6d60fde5003b579f6a2f73c41b846532159559ad84eb77,c062e4ff2369a9c96f9a36410a4af8397add8c31d8525a020c815f9d51dcb1c2,b6de5899ef419c2be611fab48868833a32c6481f701a0eaf65525513b46754b2,7319e125278a62d9a9f9fad72f66df45ebb3fa8f553ff36ddf3a173e09eeebc2,d3c6f170eb2a6fce3f43e80d7ab094e5c06bc8a276505aa957d651920aeab0a2,2026-09-23T00:00:00+00:00,2026-09-24T00:00:00+00:00,B5,immature,,unknown,,,unknown,insufficient_evidence,,,proxy_complete,proxy_complete_no_claim,proxy_insufficient,scale_incompatible
31244f96999536a354b71a078c44c1bb27a0cdc064441a978ba123c6ea549531,phase4e_shadow_v1,2026-09-24,2026-09-24T19:02:39.570881+00:00,github-36045280392-1,80634446-9faf-4de8-bfa1-81ab2c7a0461,RHM.DE,EUR,40,2026-09-23,1025.0,eligible,,phase4_confidence_research_v1,e5a1072ba3754f9a7e6d60fde5003b579f6a2f73c41b846532159559ad84eb77,c062e4ff2369a9c96f9a36410a4af8397add8c31d8525a020c815f9d51dcb1c2,b6de5899ef419c2be611fab48868833a32c6481f701a0eaf65525513b46754b2,7319e125278a62d9a9f9fad72f66df45ebb3fa8f553ff36ddf3a173e09eeebc2,d3c6f170eb2a6fce3f43e80d7ab094e5c06bc8a276505aa957d651920aeab0a2,2026-09-23T00:00:00+00:00,2026-09-24T00:00:00+00:00,B5,unavailable,,unknown,,,unknown,insufficient_evidence,,,proxy_complete,proxy_complete_no_claim,proxy_insufficient,scale_incompatible
dd69d653a8bca0b641ae6b6315530818db6498e594ad27cd5845079b83e9ce82,phase4e_shadow_v1,2026-09-24,2026-09-24T19:02:39.570881+00:00,github-36045280392-1,80634446-9faf-4de8-bfa1-81ab2c7a0461,RHM.DE,EUR,60,2026-09-23,1025.0,eligible,,phase4_confidence_research_v1,e5a1072ba3754f9a7e6d60fde5003b579f6a2f73c41b846532159559ad84eb77,c062e4ff2369a9c96f9a36410a4af8397add8c31d8525a020c815f9d51dcb1c2,b6de5899ef419c2be611fab48868833a32c6481f701a0eaf65525513b46754b2,7319e125278a62d9a9f9fad72f66df45ebb3fa8f553ff36ddf3a173e09eeebc2,d3c6f170eb2a6fce3f43e80d7ab094e5c06bc8a276505aa957d651920aeab0a2,2026-09-23T00:00:00+00:00,2026-09-24T00:00:00+00:00,B5,unavailable,,unknown,,,unknown,insufficient_evidence,,,proxy_complete,proxy_complete_no_claim,proxy_insufficient,scale_incompatible
b86d08b37c986b19d5b9afbb2c093e11640ca05041052c309a2c8968a019d20f,phase4e_shadow_v1,2026-09-24,2026-09-24T19:02:39.570881+00:00,github-36045280392-1,80634446-9faf-4de8-bfa1-81ab2c7a0461,RI.PA,EUR,5,2026-09-23,59.59999847412109,eligible,,phase4_confidence_research_v1,e5a1072ba3754f9a7e6d60fde5003b579f6a2f73c41b846532159559ad84eb77,c062e4ff2369a9c96f9a36410a4af8397add8c31d8525a020c815f9d51dcb1c2,b6de5899ef419c2be611fab48868833a32c6481f701a0eaf65525513b46754b2,7319e125278a62d9a9f9fad72f66df45ebb3fa8f553ff36ddf3a173e09eeebc2,d3c6f170eb2a6fce3f43e80d7ab094e5c06bc8a276505aa957d651920aeab0a2,2026-09-23T00:00:00+00:00,2026-09-24T00:00:00+00:00,B2,directional_only,negative,unknown,,,middle,insufficient_evidence,,,proxy_complete,proxy_complete_no_claim,proxy_complete,scale_incompatible
bcea8ed002cd13c0a83c2a70b1c2db97a31f8d62e95f4862b2423d4fb17bf610,phase4e_shadow_v1,2026-09-24,2026-09-24T19:02:39.570881+00:00,github-36045280392-1,80634446-9faf-4de8-bfa1-81ab2c7a0461,RI.PA,EUR,20,2026-09-23,59.59999847412109,eligible,,phase4_confidence_research_v1,e5a1072ba3754f9a7e6d60fde5003b579f6a2f73c41b846532159559ad84eb77,c062e4ff2369a9c96f9a36410a4af8397add8c31d8525a020c815f9d51dcb1c2,b6de5899ef419c2be611fab48868833a32c6481f701a0eaf65525513b46754b2,7319e125278a62d9a9f9fad72f66df45ebb3fa8f553ff36ddf3a173e09eeebc2,d3c6f170eb2a6fce3f43e80d7ab094e5c06bc8a276505aa957d651920aeab0a2,2026-09-23T00:00:00+00:00,2026-09-24T00:00:00+00:00,B2,immature,,unknown,,,unknown,insufficient_evidence,,,proxy_complete,proxy_complete_no_claim,proxy_insufficient,scale_incompatible
b778b4cf1d3ee7a8fc41a698a504708c89c7233a00dcd68bf0ae385e616f3d32,phase4e_shadow_v1,2026-09-24,2026-09-24T19:02:39.570881+00:00,github-36045280392-1,80634446-9faf-4de8-bfa1-81ab2c7a0461,RI.PA,EUR,40,2026-09-23,59.59999847412109,eligible,,phase4_confidence_research_v1,e5a1072ba3754f9a7e6d60fde5003b579f6a2f73c41b846532159559ad84eb77,c062e4ff2369a9c96f9a36410a4af8397add8c31d8525a020c815f9d51dcb1c2,b6de5899ef419c2be611fab48868833a32c6481f701a0eaf65525513b46754b2,7319e125278a62d9a9f9fad72f66df45ebb3fa8f553ff36ddf3a173e09eeebc2,d3c6f170eb2a6fce3f43e80d7ab094e5c06bc8a276505aa957d651920aeab0a2,2026-09-23T00:00:00+00:00,2026-09-24T00:00:00+00:00,B2,unavailable,,unknown,,,unknown,insufficient_evidence,,,proxy_complete,proxy_complete_no_claim,proxy_insufficient,scale_incompatible
0ab63c558bcdf58acb2d60270f07de215553acbd027c94b39b467e2b57de5f9b,phase4e_shadow_v1,2026-09-24,2026-09-24T19:02:39.570881+00:00,github-36045280392-1,80634446-9faf-4de8-bfa1-81ab2c7a0461,RI.PA,EUR,60,2026-09-23,59.59999847412109,eligible,,phase4_confidence_research_v1,e5a1072ba3754f9a7e6d60fde5003b579f6a2f73c41b846532159559ad84eb77,c062e4ff2369a9c96f9a36410a4af8397add8c31d8525a020c815f9d51dcb1c2,b6de5899ef419c2be611fab48868833a32c6481f701a0eaf65525513b46754b2,7319e125278a62d9a9f9fad72f66df45ebb3fa8f553ff36ddf3a173e09eeebc2,d3c6f170eb2a6fce3f43e80d7ab094e5c06bc8a276505aa957d651920aeab0a2,2026-09-23T00:00:00+00:00,2026-09-24T00:00:00+00:00,B2,unavailable,,unknown,,,unknown,insufficient_evidence,,,proxy_complete,proxy_complete_no_claim,proxy_insufficient,scale_incompatible
1d703ee6fd32019d19ae10129fd2936264ae84f381d0f65a58fbc37690695d4e,phase4e_shadow_v1,2026-09-24,2026-09-24T19:02:39.570881+00:00,github-36045280392-1,80634446-9faf-4de8-bfa1-81ab2c7a0461,RIGD.IL,USD,5,2026-09-23,51.29999923706055,eligible,,phase4_confidence_research_v1,e5a1072ba3754f9a7e6d60fde5003b579f6a2f73c41b846532159559ad84eb77,c062e4ff2369a9c96f9a36410a4af8397add8c31d8525a020c815f9d51dcb1c2,b6de5899ef419c2be611fab48868833a32c6481f701a0eaf65525513b46754b2,7319e125278a62d9a9f9fad72f66df45ebb3fa8f553ff36ddf3a173e09eeebc2,d3c6f170eb2a6fce3f43e80d7ab094e5c06bc8a276505aa957d651920aeab0a2,2026-09-23T00:00:00+00:00,2026-09-24T00:00:00+00:00,B2,directional_only,negative,unknown,,,middle,insufficient_evidence,,,proxy_complete,proxy_complete_no_claim,proxy_complete,scale_incompatible
d05d49e61eaa03291435ee01359bcb5eedd0caa022ca30ad2ab54c682dbea031,phase4e_shadow_v1,2026-09-24,2026-09-24T19:02:39.570881+00:00,github-36045280392-1,80634446-9faf-4de8-bfa1-81ab2c7a0461,RIGD.IL,USD,20,2026-09-23,51.29999923706055,eligible,,phase4_confidence_research_v1,e5a1072ba3754f9a7e6d60fde5003b579f6a2f73c41b846532159559ad84eb77,c062e4ff2369a9c96f9a36410a4af8397add8c31d8525a020c815f9d51dcb1c2,b6de5899ef419c2be611fab48868833a32c6481f701a0eaf65525513b46754b2,7319e125278a62d9a9f9fad72f66df45ebb3fa8f553ff36ddf3a173e09eeebc2,d3c6f170eb2a6fce3f43e80d7ab094e5c06bc8a276505aa957d651920aeab0a2,2026-09-23T00:00:00+00:00,2026-09-24T00:00:00+00:00,B2,immature,,unknown,,,unknown,insufficient_evidence,,,proxy_complete,proxy_complete_no_claim,proxy_insufficient,scale_incompatible
857d210c8839704417392f4aa145e9cfc6d9f07d62448145f4fbc84a641bcd53,phase4e_shadow_v1,2026-09-24,2026-09-24T19:02:39.570881+00:00,github-36045280392-1,80634446-9faf-4de8-bfa1-81ab2c7a0461,RIGD.IL,USD,40,2026-09-23,51.29999923706055,eligible,,phase4_confidence_research_v1,e5a1072ba3754f9a7e6d60fde5003b579f6a2f73c41b846532159559ad84eb77,c062e4ff2369a9c96f9a36410a4af8397add8c31d8525a020c815f9d51dcb1c2,b6de5899ef419c2be611fab48868833a32c6481f701a0eaf65525513b46754b2,7319e125278a62d9a9f9fad72f66df45ebb3fa8f553ff36ddf3a173e09eeebc2,d3c6f170eb2a6fce3f43e80d7ab094e5c06bc8a276505aa957d651920aeab0a2,2026-09-23T00:00:00+00:00,2026-09-24T00:00:00+00:00,B2,unavailable,,unknown,,,unknown,insufficient_evidence,,,proxy_complete,proxy_complete_no_claim,proxy_insufficient,scale_incompatible
991220d3139c5a6036016f5a885ba778e32269dfbb4e6341e5036ddf7e4a348c,phase4e_shadow_v1,2026-09-24,2026-09-24T19:02:39.570881+00:00,github-36045280392-1,80634446-9faf-4de8-bfa1-81ab2c7a0461,RIGD.IL,USD,60,2026-09-23,51.29999923706055,eligible,,phase4_confidence_research_v1,e5a1072ba3754f9a7e6d60fde5003b579f6a2f73c41b846532159559ad84eb77,c062e4ff2369a9c96f9a36410a4af8397add8c31d8525a020c815f9d51dcb1c2,b6de5899ef419c2be611fab48868833a32c6481f701a0eaf65525513b46754b2,7319e125278a62d9a9f9fad72f66df45ebb3fa8f553ff36ddf3a173e09eeebc2,d3c6f170eb2a6fce3f43e80d7ab094e5c06bc8a276505aa957d651920aeab0a2,2026-09-23T00:00:00+00:00,2026-09-24T00:00:00+00:00,B2,unavailable,,unknown,,,unknown,insufficient_evidence,,,proxy_complete,proxy_complete_no_claim,proxy_insufficient,scale_incompatible
27fc65b5dd9366ec5a65000390488e5bf22a6c5d9c0e9d6a449053ed5f05ca85,phase4e_shadow_v1,2026-09-24,2026-09-24T19:02:39.570881+00:00,github-36045280392-1,80634446-9faf-4de8-bfa1-81ab2c7a0461,RKLB,,5,2026-09-23,70.30999755859375,eligible,,phase4_confidence_research_v1,e5a1072ba3754f9a7e6d60fde5003b579f6a2f73c41b846532159559ad84eb77,c062e4ff2369a9c96f9a36410a4af8397add8c31d8525a020c815f9d51dcb1c2,b6de5899ef419c2be611fab48868833a32c6481f701a0eaf65525513b46754b2,7319e125278a62d9a9f9fad72f66df45ebb3fa8f553ff36ddf3a173e09eeebc2,d3c6f170eb2a6fce3f43e80d7ab094e5c06bc8a276505aa957d651920aeab0a2,2026-09-23T00:00:00+00:00,2026-09-24T00:00:00+00:00,B2,directional_only,negative,unknown,,,elevated,risk_only,,,proxy_complete,proxy_complete_no_claim,proxy_complete,scale_incompatible
e2adbf00a83888dcff9d9b28e5308182e223c71f1b6dd333a8b91babf68148ea,phase4e_shadow_v1,2026-09-24,2026-09-24T19:02:39.570881+00:00,github-36045280392-1,80634446-9faf-4de8-bfa1-81ab2c7a0461,RKLB,,20,2026-09-23,70.30999755859375,eligible,,phase4_confidence_research_v1,e5a1072ba3754f9a7e6d60fde5003b579f6a2f73c41b846532159559ad84eb77,c062e4ff2369a9c96f9a36410a4af8397add8c31d8525a020c815f9d51dcb1c2,b6de5899ef419c2be611fab48868833a32c6481f701a0eaf65525513b46754b2,7319e125278a62d9a9f9fad72f66df45ebb3fa8f553ff36ddf3a173e09eeebc2,d3c6f170eb2a6fce3f43e80d7ab094e5c06bc8a276505aa957d651920aeab0a2,2026-09-23T00:00:00+00:00,2026-09-24T00:00:00+00:00,B2,immature,,unknown,,,unknown,insufficient_evidence,,,proxy_complete,proxy_complete_no_claim,proxy_insufficient,scale_incompatible
cea82d587a16f5a4789a85033306ca9f7235715f4b952dc063d94d6e6478b314,phase4e_shadow_v1,2026-09-24,2026-09-24T19:02:39.570881+00:00,github-36045280392-1,80634446-9faf-4de8-bfa1-81ab2c7a0461,RKLB,,40,2026-09-23,70.30999755859375,eligible,,phase4_confidence_research_v1,e5a1072ba3754f9a7e6d60fde5003b579f6a2f73c41b846532159559ad84eb77,c062e4ff2369a9c96f9a36410a4af8397add8c31d8525a020c815f9d51dcb1c2,b6de5899ef419c2be611fab48868833a32c6481f701a0eaf65525513b46754b2,7319e125278a62d9a9f9fad72f66df45ebb3fa8f553ff36ddf3a173e09eeebc2,d3c6f170eb2a6fce3f43e80d7ab094e5c06bc8a276505aa957d651920aeab0a2,2026-09-23T00:00:00+00:00,2026-09-24T00:00:00+00:00,B2,unavailable,,unknown,,,unknown,insufficient_evidence,,,proxy_complete,proxy_complete_no_claim,proxy_insufficient,scale_incompatible
0d463137d7ef3849672663f272c05b146719fc0f568cef3d369a2d3210e45a69,phase4e_shadow_v1,2026-09-24,2026-09-24T19:02:39.570881+00:00,github-36045280392-1,80634446-9faf-4de8-bfa1-81ab2c7a0461,RKLB,,60,2026-09-23,70.30999755859375,eligible,,phase4_confidence_research_v1,e5a1072ba3754f9a7e6d60fde5003b579f6a2f73c41b846532159559ad84eb77,c062e4ff2369a9c96f9a36410a4af8397add8c31d8525a020c815f9d51dcb1c2,b6de5899ef419c2be611fab48868833a32c6481f701a0eaf65525513b46754b2,7319e125278a62d9a9f9fad72f66df45ebb3fa8f553ff36ddf3a173e09eeebc2,d3c6f170eb2a6fce3f43e80d7ab094e5c06bc8a276505aa957d651920aeab0a2,2026-09-23T00:00:00+00:00,2026-09-24T00:00:00+00:00,B2,unavailable,,unknown,,,unknown,insufficient_evidence,,,proxy_complete,proxy_complete_no_claim,proxy_insufficient,scale_incompatible
0e67f2468d49e36786e12f67cb091d3353289fde69a501227639062a6d6a9fab,phase4e_shadow_v1,2026-09-24,2026-09-24T19:02:39.570881+00:00,github-36045280392-1,80634446-9faf-4de8-bfa1-81ab2c7a0461,ROK,USD,5,2026-09-23,432.8900146484375,eligible,,phase4_confidence_research_v1,e5a1072ba3754f9a7e6d60fde5003b579f6a2f73c41b846532159559ad84eb77,c062e4ff2369a9c96f9a36410a4af8397add8c31d8525a020c815f9d51dcb1c2,b6de5899ef419c2be611fab48868833a32c6481f701a0eaf65525513b46754b2,7319e125278a62d9a9f9fad72f66df45ebb3fa8f553ff36ddf3a173e09eeebc2,d3c6f170eb2a6fce3f43e80d7ab094e5c06bc8a276505aa957d651920aeab0a2,2026-09-23T00:00:00+00:00,2026-09-24T00:00:00+00:00,B4,directional_only,negative,unknown,,,low,insufficient_evidence,,,proxy_complete,proxy_complete_no_claim,proxy_complete,scale_incompatible
369c0442da9b0b5d9e100d095938d4ae5b70924ec63ae334a575b3da5ba53f36,phase4e_shadow_v1,2026-09-24,2026-09-24T19:02:39.570881+00:00,github-36045280392-1,80634446-9faf-4de8-bfa1-81ab2c7a0461,ROK,USD,20,2026-09-23,432.8900146484375,eligible,,phase4_confidence_research_v1,e5a1072ba3754f9a7e6d60fde5003b579f6a2f73c41b846532159559ad84eb77,c062e4ff2369a9c96f9a36410a4af8397add8c31d8525a020c815f9d51dcb1c2,b6de5899ef419c2be611fab48868833a32c6481f701a0eaf65525513b46754b2,7319e125278a62d9a9f9fad72f66df45ebb3fa8f553ff36ddf3a173e09eeebc2,d3c6f170eb2a6fce3f43e80d7ab094e5c06bc8a276505aa957d651920aeab0a2,2026-09-23T00:00:00+00:00,2026-09-24T00:00:00+00:00,B4,immature,,unknown,,,unknown,insufficient_evidence,,,proxy_complete,proxy_complete_no_claim,proxy_insufficient,scale_incompatible
0a2f87d80953579e6f17289d89b8b8d907e2d3982af2d74c87680a4158f83c84,phase4e_shadow_v1,2026-09-24,2026-09-24T19:02:39.570881+00:00,github-36045280392-1,80634446-9faf-4de8-bfa1-81ab2c7a0461,ROK,USD,40,2026-09-23,432.8900146484375,eligible,,phase4_confidence_research_v1,e5a1072ba3754f9a7e6d60fde5003b579f6a2f73c41b846532159559ad84eb77,c062e4ff2369a9c96f9a36410a4af8397add8c31d8525a020c815f9d51dcb1c2,b6de5899ef419c2be611fab48868833a32c6481f701a0eaf65525513b46754b2,7319e125278a62d9a9f9fad72f66df45ebb3fa8f553ff36ddf3a173e09eeebc2,d3c6f170eb2a6fce3f43e80d7ab094e5c06bc8a276505aa957d651920aeab0a2,2026-09-23T00:00:00+00:00,2026-09-24T00:00:00+00:00,B4,unavailable,,unknown,,,unknown,insufficient_evidence,,,proxy_complete,proxy_complete_no_claim,proxy_insufficient,scale_incompatible
c839b56d1813c8ce846b2754960d3f755ecaaad619308418e821fb0b00b1cf5d,phase4e_shadow_v1,2026-09-24,2026-09-24T19:02:39.570881+00:00,github-36045280392-1,80634446-9faf-4de8-bfa1-81ab2c7a0461,ROK,USD,60,2026-09-23,432.8900146484375,eligible,,phase4_confidence_research_v1,e5a1072ba3754f9a7e6d60fde5003b579f6a2f73c41b846532159559ad84eb77,c062e4ff2369a9c96f9a36410a4af8397add8c31d8525a020c815f9d51dcb1c2,b6de5899ef419c2be611fab48868833a32c6481f701a0eaf65525513b46754b2,7319e125278a62d9a9f9fad72f66df45ebb3fa8f553ff36ddf3a173e09eeebc2,d3c6f170eb2a6fce3f43e80d7ab094e5c06bc8a276505aa957d651920aeab0a2,2026-09-23T00:00:00+00:00,2026-09-24T00:00:00+00:00,B4,unavailable,,unknown,,,unknown,insufficient_evidence,,,proxy_complete,proxy_complete_no_claim,proxy_insufficient,scale_incompatible
5ef8db756adc93c0aa0fddc06692ea9a6839db2098aec25f9b54b5540b1083fc,phase4e_shadow_v1,2026-09-24,2026-09-24T19:02:39.570881+00:00,github-36045280392-1,80634446-9faf-4de8-bfa1-81ab2c7a0461,ROL,USD,5,2026-09-23,32.4900016784668,eligible,,phase4_confidence_research_v1,e5a1072ba3754f9a7e6d60fde5003b579f6a2f73c41b846532159559ad84eb77,c062e4ff2369a9c96f9a36410a4af8397add8c31d8525a020c815f9d51dcb1c2,b6de5899ef419c2be611fab48868833a32c6481f701a0eaf65525513b46754b2,7319e125278a62d9a9f9fad72f66df45ebb3fa8f553ff36ddf3a173e09eeebc2,d3c6f170eb2a6fce3f43e80d7ab094e5c06bc8a276505aa957d651920aeab0a2,2026-09-23T00:00:00+00:00,2026-09-24T00:00:00+00:00,B2,directional_only,negative,unknown,,,middle,insufficient_evidence,,,proxy_complete,proxy_complete_no_claim,proxy_complete,scale_incompatible
17b2732d6b92b69c5eb2b4138ac1beb7b27d9a1a32796e62ea77b80766d84982,phase4e_shadow_v1,2026-09-24,2026-09-24T19:02:39.570881+00:00,github-36045280392-1,80634446-9faf-4de8-bfa1-81ab2c7a0461,ROL,USD,20,2026-09-23,32.4900016784668,eligible,,phase4_confidence_research_v1,e5a1072ba3754f9a7e6d60fde5003b579f6a2f73c41b846532159559ad84eb77,c062e4ff2369a9c96f9a36410a4af8397add8c31d8525a020c815f9d51dcb1c2,b6de5899ef419c2be611fab48868833a32c6481f701a0eaf65525513b46754b2,7319e125278a62d9a9f9fad72f66df45ebb3fa8f553ff36ddf3a173e09eeebc2,d3c6f170eb2a6fce3f43e80d7ab094e5c06bc8a276505aa957d651920aeab0a2,2026-09-23T00:00:00+00:00,2026-09-24T00:00:00+00:00,B2,immature,,unknown,,,unknown,insufficient_evidence,,,proxy_complete,proxy_complete_no_claim,proxy_insufficient,scale_incompatible
682064eef632055e332828dea72b7d6c7b047a23c6630d316bd4368175d54707,phase4e_shadow_v1,2026-09-24,2026-09-24T19:02:39.570881+00:00,github-36045280392-1,80634446-9faf-4de8-bfa1-81ab2c7a0461,ROL,USD,40,2026-09-23,32.4900016784668,eligible,,phase4_confidence_research_v1,e5a1072ba3754f9a7e6d60fde5003b579f6a2f73c41b846532159559ad84eb77,c062e4ff2369a9c96f9a36410a4af8397add8c31d8525a020c815f9d51dcb1c2,b6de5899ef419c2be611fab48868833a32c6481f701a0eaf65525513b46754b2,7319e125278a62d9a9f9fad72f66df45ebb3fa8f553ff36ddf3a173e09eeebc2,d3c6f170eb2a6fce3f43e80d7ab094e5c06bc8a276505aa957d651920aeab0a2,2026-09-23T00:00:00+00:00,2026-09-24T00:00:00+00:00,B2,unavailable,,unknown,,,unknown,insufficient_evidence,,,proxy_complete,proxy_complete_no_claim,proxy_insufficient,scale_incompatible
eea674dd456eb753e55188d9dea13a84d087b30c281f8f2c2e6b28c1e8d8e29f,phase4e_shadow_v1,2026-09-24,2026-09-24T19:02:39.570881+00:00,github-36045280392-1,80634446-9faf-4de8-bfa1-81ab2c7a0461,ROL,USD,60,2026-09-23,32.4900016784668,eligible,,phase4_confidence_research_v1,e5a1072ba3754f9a7e6d60fde5003b579f6a2f73c41b846532159559ad84eb77,c062e4ff2369a9c96f9a36410a4af8397add8c31d8525a020c815f9d51dcb1c2,b6de5899ef419c2be611fab48868833a32c6481f701a0eaf65525513b46754b2,7319e125278a62d9a9f9fad72f66df45ebb3fa8f553ff36ddf3a173e09eeebc2,d3c6f170eb2a6fce3f43e80d7ab094e5c06bc8a276505aa957d651920aeab0a2,2026-09-23T00:00:00+00:00,2026-09-24T00:00:00+00:00,B2,unavailable,,unknown,,,unknown,insufficient_evidence,,,proxy_complete,proxy_complete_no_claim,proxy_insufficient,scale_incompatible
a6c276535ed815ebbe28743946d8b03dd13733540734569ec8c92eb6a812516d,phase4e_shadow_v1,2026-09-24,2026-09-24T19:02:39.570881+00:00,github-36045280392-1,80634446-9faf-4de8-bfa1-81ab2c7a0461,RR.L,GBP,5,2026-09-23,1503.199951171875,eligible,,phase4_confidence_research_v1,e5a1072ba3754f9a7e6d60fde5003b579f6a2f73c41b846532159559ad84eb77,c062e4ff2369a9c96f9a36410a4af8397add8c31d8525a020c815f9d51dcb1c2,b6de5899ef419c2be611fab48868833a32c6481f701a0eaf65525513b46754b2,7319e125278a62d9a9f9fad72f66df45ebb3fa8f553ff36ddf3a173e09eeebc2,d3c6f170eb2a6fce3f43e80d7ab094e5c06bc8a276505aa957d651920aeab0a2,2026-09-23T00:00:00+00:00,2026-09-24T00:00:00+00:00,B4,directional_only,negative,unknown,,,low,insufficient_evidence,,,proxy_complete,proxy_complete_no_claim,proxy_complete,scale_incompatible
92638f9ab65feb6352dfffc4559a8857d2f44d1babcca1379cb24d7e79ff6f74,phase4e_shadow_v1,2026-09-24,2026-09-24T19:02:39.570881+00:00,github-36045280392-1,80634446-9faf-4de8-bfa1-81ab2c7a0461,RR.L,GBP,20,2026-09-23,1503.199951171875,eligible,,phase4_confidence_research_v1,e5a1072ba3754f9a7e6d60fde5003b579f6a2f73c41b846532159559ad84eb77,c062e4ff2369a9c96f9a36410a4af8397add8c31d8525a020c815f9d51dcb1c2,b6de5899ef419c2be611fab48868833a32c6481f701a0eaf65525513b46754b2,7319e125278a62d9a9f9fad72f66df45ebb3fa8f553ff36ddf3a173e09eeebc2,d3c6f170eb2a6fce3f43e80d7ab094e5c06bc8a276505aa957d651920aeab0a2,2026-09-23T00:00:00+00:00,2026-09-24T00:00:00+00:00,B4,immature,,unknown,,,unknown,insufficient_evidence,,,proxy_complete,proxy_complete_no_claim,proxy_insufficient,scale_incompatible
b45566ec5fd067614d8b57bc33724e47f0e924943f39de8fd5a9c4af0b1b26fc,phase4e_shadow_v1,2026-09-24,2026-09-24T19:02:39.570881+00:00,github-36045280392-1,80634446-9faf-4de8-bfa1-81ab2c7a0461,RR.L,GBP,40,2026-09-23,1503.199951171875,eligible,,phase4_confidence_research_v1,e5a1072ba3754f9a7e6d60fde5003b579f6a2f73c41b846532159559ad84eb77,c062e4ff2369a9c96f9a36410a4af8397add8c31d8525a020c815f9d51dcb1c2,b6de5899ef419c2be611fab48868833a32c6481f701a0eaf65525513b46754b2,7319e125278a62d9a9f9fad72f66df45ebb3fa8f553ff36ddf3a173e09eeebc2,d3c6f170eb2a6fce3f43e80d7ab094e5c06bc8a276505aa957d651920aeab0a2,2026-09-23T00:00:00+00:00,2026-09-24T00:00:00+00:00,B4,unavailable,,unknown,,,unknown,insufficient_evidence,,,proxy_complete,proxy_complete_no_claim,proxy_insufficient,scale_incompatible
e97efaef664ca6bfc6a42a938b04eaaf53bd8fcec1caeab47467b647f12be6fa,phase4e_shadow_v1,2026-09-24,2026-09-24T19:02:39.570881+00:00,github-36045280392-1,80634446-9faf-4de8-bfa1-81ab2c7a0461,RR.L,GBP,60,2026-09-23,1503.199951171875,eligible,,phase4_confidence_research_v1,e5a1072ba3754f9a7e6d60fde5003b579f6a2f73c41b846532159559ad84eb77,c062e4ff2369a9c96f9a36410a4af8397add8c31d8525a020c815f9d51dcb1c2,b6de5899ef419c2be611fab48868833a32c6481f701a0eaf65525513b46754b2,7319e125278a62d9a9f9fad72f66df45ebb3fa8f553ff36ddf3a173e09eeebc2,d3c6f170eb2a6fce3f43e80d7ab094e5c06bc8a276505aa957d651920aeab0a2,2026-09-23T00:00:00+00:00,2026-09-24T00:00:00+00:00,B4,unavailable,,unknown,,,unknown,insufficient_evidence,,,proxy_complete,proxy_complete_no_claim,proxy_insufficient,scale_incompatible
a032b9e4e721c435551eb163d1256adbfdadef16058b734c87c4fa3abe0d2caa,phase4e_shadow_v1,2026-09-24,2026-09-24T19:02:39.570881+00:00,github-36045280392-1,80634446-9faf-4de8-bfa1-81ab2c7a0461,SAP.DE,EUR,5,2026-09-23,186.4600067138672,eligible,,phase4_confidence_research_v1,e5a1072ba3754f9a7e6d60fde5003b579f6a2f73c41b846532159559ad84eb77,c062e4ff2369a9c96f9a36410a4af8397add8c31d8525a020c815f9d51dcb1c2,b6de5899ef419c2be611fab48868833a32c6481f701a0eaf65525513b46754b2,7319e125278a62d9a9f9fad72f66df45ebb3fa8f553ff36ddf3a173e09eeebc2,d3c6f170eb2a6fce3f43e80d7ab094e5c06bc8a276505aa957d651920aeab0a2,2026-09-23T00:00:00+00:00,2026-09-24T00:00:00+00:00,B3,robust,positive,unknown,,,middle,single_model,,positive,proxy_complete,proxy_complete_no_claim,proxy_complete,scale_incompatible
7e07218f86fd778d0ad9f4df8c97c827157a808ef3e04f287490617669321c68,phase4e_shadow_v1,2026-09-24,2026-09-24T19:02:39.570881+00:00,github-36045280392-1,80634446-9faf-4de8-bfa1-81ab2c7a0461,SAP.DE,EUR,20,2026-09-23,186.4600067138672,eligible,,phase4_confidence_research_v1,e5a1072ba3754f9a7e6d60fde5003b579f6a2f73c41b846532159559ad84eb77,c062e4ff2369a9c96f9a36410a4af8397add8c31d8525a020c815f9d51dcb1c2,b6de5899ef419c2be611fab48868833a32c6481f701a0eaf65525513b46754b2,7319e125278a62d9a9f9fad72f66df45ebb3fa8f553ff36ddf3a173e09eeebc2,d3c6f170eb2a6fce3f43e80d7ab094e5c06bc8a276505aa957d651920aeab0a2,2026-09-23T00:00:00+00:00,2026-09-24T00:00:00+00:00,B3,immature,,unknown,,,unknown,insufficient_evidence,,,proxy_complete,proxy_complete_no_claim,proxy_insufficient,scale_incompatible
a263f79dad33fff7b4b5fa78aa6b207b4cb942b042a28b757626a54b465b8959,phase4e_shadow_v1,2026-09-24,2026-09-24T19:02:39.570881+00:00,github-36045280392-1,80634446-9faf-4de8-bfa1-81ab2c7a0461,SAP.DE,EUR,40,2026-09-23,186.4600067138672,eligible,,phase4_confidence_research_v1,e5a1072ba3754f9a7e6d60fde5003b579f6a2f73c41b846532159559ad84eb77,c062e4ff2369a9c96f9a36410a4af8397add8c31d8525a020c815f9d51dcb1c2,b6de5899ef419c2be611fab48868833a32c6481f701a0eaf65525513b46754b2,7319e125278a62d9a9f9fad72f66df45ebb3fa8f553ff36ddf3a173e09eeebc2,d3c6f170eb2a6fce3f43e80d7ab094e5c06bc8a276505aa957d651920aeab0a2,2026-09-23T00:00:00+00:00,2026-09-24T00:00:00+00:00,B3,unavailable,,unknown,,,unknown,insufficient_evidence,,,proxy_complete,proxy_complete_no_claim,proxy_insufficient,scale_incompatible
6d4c0408dd37f0b288d1c43491cf8fd5d94b48a990843d309eb08d5e97b3384c,phase4e_shadow_v1,2026-09-24,2026-09-24T19:02:39.570881+00:00,github-36045280392-1,80634446-9faf-4de8-bfa1-81ab2c7a0461,SAP.DE,EUR,60,2026-09-23,186.4600067138672,eligible,,phase4_confidence_research_v1,e5a1072ba3754f9a7e6d60fde5003b579f6a2f73c41b846532159559ad84eb77,c062e4ff2369a9c96f9a36410a4af8397add8c31d8525a020c815f9d51dcb1c2,b6de5899ef419c2be611fab48868833a32c6481f701a0eaf65525513b46754b2,7319e125278a62d9a9f9fad72f66df45ebb3fa8f553ff36ddf3a173e09eeebc2,d3c6f170eb2a6fce3f43e80d7ab094e5c06bc8a276505aa957d651920aeab0a2,2026-09-23T00:00:00+00:00,2026-09-24T00:00:00+00:00,B3,unavailable,,unknown,,,unknown,insufficient_evidence,,,proxy_complete,proxy_complete_no_claim,proxy_insufficient,scale_incompatible
f340ae6febbe7fb248d08ee99e9369e026c44c507c13c423ce1407b7f4308740,phase4e_shadow_v1,2026-09-24,2026-09-24T19:02:39.570881+00:00,github-36045280392-1,80634446-9faf-4de8-bfa1-81ab2c7a0461,SE,USD,5,2026-09-23,103.29000091552734,eligible,,phase4_confidence_research_v1,e5a1072ba3754f9a7e6d60fde5003b579f6a2f73c41b846532159559ad84eb77,c062e4ff2369a9c96f9a36410a4af8397add8c31d8525a020c815f9d51dcb1c2,b6de5899ef419c2be611fab48868833a32c6481f701a0eaf65525513b46754b2,7319e125278a62d9a9f9fad72f66df45ebb3fa8f553ff36ddf3a173e09eeebc2,d3c6f170eb2a6fce3f43e80d7ab094e5c06bc8a276505aa957d651920aeab0a2,2026-09-23T00:00:00+00:00,2026-09-24T00:00:00+00:00,B3,robust,positive,robust_claim,positive,trend200_d10_down & trend200_d1_down & rs3m_d1_up,elevated,conflict,positive_return_claim_vs_elevated_downside_risk,positive,proxy_complete,proxy_complete,proxy_complete,scale_incompatible
d6aa531d57e92ef1c4a6891a68a9f5052f870a2ca13891394f4796312e3841ee,phase4e_shadow_v1,2026-09-24,2026-09-24T19:02:39.570881+00:00,github-36045280392-1,80634446-9faf-4de8-bfa1-81ab2c7a0461,SE,USD,20,2026-09-23,103.29000091552734,eligible,,phase4_confidence_research_v1,e5a1072ba3754f9a7e6d60fde5003b579f6a2f73c41b846532159559ad84eb77,c062e4ff2369a9c96f9a36410a4af8397add8c31d8525a020c815f9d51dcb1c2,b6de5899ef419c2be611fab48868833a32c6481f701a0eaf65525513b46754b2,7319e125278a62d9a9f9fad72f66df45ebb3fa8f553ff36ddf3a173e09eeebc2,d3c6f170eb2a6fce3f43e80d7ab094e5c06bc8a276505aa957d651920aeab0a2,2026-09-23T00:00:00+00:00,2026-09-24T00:00:00+00:00,B3,immature,,unknown,,,unknown,insufficient_evidence,,,proxy_complete,proxy_complete_no_claim,proxy_insufficient,scale_incompatible
2eef182bbd8d3fb44c4af85f25b279a436cec1a58bf7b205729ad23f2a71d302,phase4e_shadow_v1,2026-09-24,2026-09-24T19:02:39.570881+00:00,github-36045280392-1,80634446-9faf-4de8-bfa1-81ab2c7a0461,SE,USD,40,2026-09-23,103.29000091552734,eligible,,phase4_confidence_research_v1,e5a1072ba3754f9a7e6d60fde5003b579f6a2f73c41b846532159559ad84eb77,c062e4ff2369a9c96f9a36410a4af8397add8c31d8525a020c815f9d51dcb1c2,b6de5899ef419c2be611fab48868833a32c6481f701a0eaf65525513b46754b2,7319e125278a62d9a9f9fad72f66df45ebb3fa8f553ff36ddf3a173e09eeebc2,d3c6f170eb2a6fce3f43e80d7ab094e5c06bc8a276505aa957d651920aeab0a2,2026-09-23T00:00:00+00:00,2026-09-24T00:00:00+00:00,B3,unavailable,,unknown,,,unknown,insufficient_evidence,,,proxy_complete,proxy_complete_no_claim,proxy_insufficient,scale_incompatible
3d414f587f6e55b1a942e01ee31fc22b722a5b639e5a0ef98b6f789dfa608a4a,phase4e_shadow_v1,2026-09-24,2026-09-24T19:02:39.570881+00:00,github-36045280392-1,80634446-9faf-4de8-bfa1-81ab2c7a0461,SE,USD,60,2026-09-23,103.29000091552734,eligible,,phase4_confidence_research_v1,e5a1072ba3754f9a7e6d60fde5003b579f6a2f73c41b846532159559ad84eb77,c062e4ff2369a9c96f9a36410a4af8397add8c31d8525a020c815f9d51dcb1c2,b6de5899ef419c2be611fab48868833a32c6481f701a0eaf65525513b46754b2,7319e125278a62d9a9f9fad72f66df45ebb3fa8f553ff36ddf3a173e09eeebc2,d3c6f170eb2a6fce3f43e80d7ab094e5c06bc8a276505aa957d651920aeab0a2,2026-09-23T00:00:00+00:00,2026-09-24T00:00:00+00:00,B3,unavailable,,unknown,,,unknown,insufficient_evidence,,,proxy_complete,proxy_complete_no_claim,proxy_insufficient,scale_incompatible
bbbe6153fad96c806ffe9a2cc2d50cdc477ee045336e07cc0ec608c9a53777c1,phase4e_shadow_v1,2026-09-24,2026-09-24T19:02:39.570881+00:00,github-36045280392-1,80634446-9faf-4de8-bfa1-81ab2c7a0461,SGM.AX,AUD,5,2026-09-23,24.51000022888184,eligible,,phase4_confidence_research_v1,e5a1072ba3754f9a7e6d60fde5003b579f6a2f73c41b846532159559ad84eb77,c062e4ff2369a9c96f9a36410a4af8397add8c31d8525a020c815f9d51dcb1c2,b6de5899ef419c2be611fab48868833a32c6481f701a0eaf65525513b46754b2,7319e125278a62d9a9f9fad72f66df45ebb3fa8f553ff36ddf3a173e09eeebc2,d3c6f170eb2a6fce3f43e80d7ab094e5c06bc8a276505aa957d651920aeab0a2,2026-09-23T00:00:00+00:00,2026-09-24T00:00:00+00:00,B3,robust,positive,unknown,,,middle,single_model,,positive,proxy_complete,proxy_complete_no_claim,proxy_complete,scale_incompatible
2aca7ccbee50648a54a0e310ac57a59580c65ebe51d7e6d1e4e38471935280ea,phase4e_shadow_v1,2026-09-24,2026-09-24T19:02:39.570881+00:00,github-36045280392-1,80634446-9faf-4de8-bfa1-81ab2c7a0461,SGM.AX,AUD,20,2026-09-23,24.51000022888184,eligible,,phase4_confidence_research_v1,e5a1072ba3754f9a7e6d60fde5003b579f6a2f73c41b846532159559ad84eb77,c062e4ff2369a9c96f9a36410a4af8397add8c31d8525a020c815f9d51dcb1c2,b6de5899ef419c2be611fab48868833a32c6481f701a0eaf65525513b46754b2,7319e125278a62d9a9f9fad72f66df45ebb3fa8f553ff36ddf3a173e09eeebc2,d3c6f170eb2a6fce3f43e80d7ab094e5c06bc8a276505aa957d651920aeab0a2,2026-09-23T00:00:00+00:00,2026-09-24T00:00:00+00:00,B3,immature,,unknown,,,unknown,insufficient_evidence,,,proxy_complete,proxy_complete_no_claim,proxy_insufficient,scale_incompatible
0eaf3d011afe4b3a105f4b5483603d6de1012af2043ff56eab0388685ab1e72c,phase4e_shadow_v1,2026-09-24,2026-09-24T19:02:39.570881+00:00,github-36045280392-1,80634446-9faf-4de8-bfa1-81ab2c7a0461,SGM.AX,AUD,40,2026-09-23,24.51000022888184,eligible,,phase4_confidence_research_v1,e5a1072ba3754f9a7e6d60fde5003b579f6a2f73c41b846532159559ad84eb77,c062e4ff2369a9c96f9a36410a4af8397add8c31d8525a020c815f9d51dcb1c2,b6de5899ef419c2be611fab48868833a32c6481f701a0eaf65525513b46754b2,7319e125278a62d9a9f9fad72f66df45ebb3fa8f553ff36ddf3a173e09eeebc2,d3c6f170eb2a6fce3f43e80d7ab094e5c06bc8a276505aa957d651920aeab0a2,2026-09-23T00:00:00+00:00,2026-09-24T00:00:00+00:00,B3,unavailable,,unknown,,,unknown,insufficient_evidence,,,proxy_complete,proxy_complete_no_claim,proxy_insufficient,scale_incompatible
3b176e3120e5384b8251b75b3f5dc4acebf489b0232778506bc9c523207d462d,phase4e_shadow_v1,2026-09-24,2026-09-24T19:02:39.570881+00:00,github-36045280392-1,80634446-9faf-4de8-bfa1-81ab2c7a0461,SGM.AX,AUD,60,2026-09-23,24.51000022888184,eligible,,phase4_confidence_research_v1,e5a1072ba3754f9a7e6d60fde5003b579f6a2f73c41b846532159559ad84eb77,c062e4ff2369a9c96f9a36410a4af8397add8c31d8525a020c815f9d51dcb1c2,b6de5899ef419c2be611fab48868833a32c6481f701a0eaf65525513b46754b2,7319e125278a62d9a9f9fad72f66df45ebb3fa8f553ff36ddf3a173e09eeebc2,d3c6f170eb2a6fce3f43e80d7ab094e5c06bc8a276505aa957d651920aeab0a2,2026-09-23T00:00:00+00:00,2026-09-24T00:00:00+00:00,B3,unavailable,,unknown,,,unknown,insufficient_evidence,,,proxy_complete,proxy_complete_no_claim,proxy_insufficient,scale_incompatible
d61be13ff334da291ccd5d7a11adc29fba2beb3466fe0f804b97393a4c172030,phase4e_shadow_v1,2026-09-24,2026-09-24T19:02:39.570881+00:00,github-36045280392-1,80634446-9faf-4de8-bfa1-81ab2c7a0461,SHOP,USD,5,2026-09-23,142.33999633789062,eligible,,phase4_confidence_research_v1,e5a1072ba3754f9a7e6d60fde5003b579f6a2f73c41b846532159559ad84eb77,c062e4ff2369a9c96f9a36410a4af8397add8c31d8525a020c815f9d51dcb1c2,b6de5899ef419c2be611fab48868833a32c6481f701a0eaf65525513b46754b2,7319e125278a62d9a9f9fad72f66df45ebb3fa8f553ff36ddf3a173e09eeebc2,d3c6f170eb2a6fce3f43e80d7ab094e5c06bc8a276505aa957d651920aeab0a2,2026-09-23T00:00:00+00:00,2026-09-24T00:00:00+00:00,B3,robust,positive,unknown,,,middle,single_model,,positive,proxy_complete,proxy_complete_no_claim,proxy_complete,scale_incompatible
176959372cfb00d6e8b25c8c4f13ab63bb24d7c84c1241d58c02e140ebb0b097,phase4e_shadow_v1,2026-09-24,2026-09-24T19:02:39.570881+00:00,github-36045280392-1,80634446-9faf-4de8-bfa1-81ab2c7a0461,SHOP,USD,20,2026-09-23,142.33999633789062,eligible,,phase4_confidence_research_v1,e5a1072ba3754f9a7e6d60fde5003b579f6a2f73c41b846532159559ad84eb77,c062e4ff2369a9c96f9a36410a4af8397add8c31d8525a020c815f9d51dcb1c2,b6de5899ef419c2be611fab48868833a32c6481f701a0eaf65525513b46754b2,7319e125278a62d9a9f9fad72f66df45ebb3fa8f553ff36ddf3a173e09eeebc2,d3c6f170eb2a6fce3f43e80d7ab094e5c06bc8a276505aa957d651920aeab0a2,2026-09-23T00:00:00+00:00,2026-09-24T00:00:00+00:00,B3,immature,,unknown,,,unknown,insufficient_evidence,,,proxy_complete,proxy_complete_no_claim,proxy_insufficient,scale_incompatible
26efb6a9ae3e43e58a1beb7eebfe975c0174f3acd2b621b7a021c7b4181cdbf8,phase4e_shadow_v1,2026-09-24,2026-09-24T19:02:39.570881+00:00,github-36045280392-1,80634446-9faf-4de8-bfa1-81ab2c7a0461,SHOP,USD,40,2026-09-23,142.33999633789062,eligible,,phase4_confidence_research_v1,e5a1072ba3754f9a7e6d60fde5003b579f6a2f73c41b846532159559ad84eb77,c062e4ff2369a9c96f9a36410a4af8397add8c31d8525a020c815f9d51dcb1c2,b6de5899ef419c2be611fab48868833a32c6481f701a0eaf65525513b46754b2,7319e125278a62d9a9f9fad72f66df45ebb3fa8f553ff36ddf3a173e09eeebc2,d3c6f170eb2a6fce3f43e80d7ab094e5c06bc8a276505aa957d651920aeab0a2,2026-09-23T00:00:00+00:00,2026-09-24T00:00:00+00:00,B3,unavailable,,unknown,,,unknown,insufficient_evidence,,,proxy_complete,proxy_complete_no_claim,proxy_insufficient,scale_incompatible
cf20a7bac0e6ad2611e6f5ff612bcd2d2e9d7e7b6e2a6799460969020c10d349,phase4e_shadow_v1,2026-09-24,2026-09-24T19:02:39.570881+00:00,github-36045280392-1,80634446-9faf-4de8-bfa1-81ab2c7a0461,SHOP,USD,60,2026-09-23,142.33999633789062,eligible,,phase4_confidence_research_v1,e5a1072ba3754f9a7e6d60fde5003b579f6a2f73c41b846532159559ad84eb77,c062e4ff2369a9c96f9a36410a4af8397add8c31d8525a020c815f9d51dcb1c2,b6de5899ef419c2be611fab48868833a32c6481f701a0eaf65525513b46754b2,7319e125278a62d9a9f9fad72f66df45ebb3fa8f553ff36ddf3a173e09eeebc2,d3c6f170eb2a6fce3f43e80d7ab094e5c06bc8a276505aa957d651920aeab0a2,2026-09-23T00:00:00+00:00,2026-09-24T00:00:00+00:00,B3,unavailable,,unknown,,,unknown,insufficient_evidence,,,proxy_complete,proxy_complete_no_claim,proxy_insufficient,scale_incompatible
75b408bb4e865e83a83442b7cab8a91d76d8d1d3c7a19d0a406f2805b8a43e15,phase4e_shadow_v1,2026-09-24,2026-09-24T19:02:39.570881+00:00,github-36045280392-1,80634446-9faf-4de8-bfa1-81ab2c7a0461,SLVR.V,CAD,5,,,unevaluable,claim_time_price_history_missing,phase4_confidence_research_v1,e5a1072ba3754f9a7e6d60fde5003b579f6a2f73c41b846532159559ad84eb77,c062e4ff2369a9c96f9a36410a4af8397add8c31d8525a020c815f9d51dcb1c2,b6de5899ef419c2be611fab48868833a32c6481f701a0eaf65525513b46754b2,7319e125278a62d9a9f9fad72f66df45ebb3fa8f553ff36ddf3a173e09eeebc2,d3c6f170eb2a6fce3f43e80d7ab094e5c06bc8a276505aa957d651920aeab0a2,2026-09-23T00:00:00+00:00,2026-09-24T00:00:00+00:00,B1,directional_only,negative,unknown,,,middle,insufficient_evidence,,,proxy_complete,proxy_complete_no_claim,proxy_complete,scale_incompatible
9e6ca392122a674f09dc3ef03c93172131239ec01cd82d6ba61b8b23adb7b778,phase4e_shadow_v1,2026-09-24,2026-09-24T19:02:39.570881+00:00,github-36045280392-1,80634446-9faf-4de8-bfa1-81ab2c7a0461,SLVR.V,CAD,20,,,unevaluable,claim_time_price_history_missing,phase4_confidence_research_v1,e5a1072ba3754f9a7e6d60fde5003b579f6a2f73c41b846532159559ad84eb77,c062e4ff2369a9c96f9a36410a4af8397add8c31d8525a020c815f9d51dcb1c2,b6de5899ef419c2be611fab48868833a32c6481f701a0eaf65525513b46754b2,7319e125278a62d9a9f9fad72f66df45ebb3fa8f553ff36ddf3a173e09eeebc2,d3c6f170eb2a6fce3f43e80d7ab094e5c06bc8a276505aa957d651920aeab0a2,2026-09-23T00:00:00+00:00,2026-09-24T00:00:00+00:00,B1,immature,,unknown,,,unknown,insufficient_evidence,,,proxy_complete,proxy_complete_no_claim,proxy_insufficient,scale_incompatible
07308fdbf8d582032d097278f91abfd51273cb8f7a975ca3e30b72655e918f4b,phase4e_shadow_v1,2026-09-24,2026-09-24T19:02:39.570881+00:00,github-36045280392-1,80634446-9faf-4de8-bfa1-81ab2c7a0461,SLVR.V,CAD,40,,,unevaluable,claim_time_price_history_missing,phase4_confidence_research_v1,e5a1072ba3754f9a7e6d60fde5003b579f6a2f73c41b846532159559ad84eb77,c062e4ff2369a9c96f9a36410a4af8397add8c31d8525a020c815f9d51dcb1c2,b6de5899ef419c2be611fab48868833a32c6481f701a0eaf65525513b46754b2,7319e125278a62d9a9f9fad72f66df45ebb3fa8f553ff36ddf3a173e09eeebc2,d3c6f170eb2a6fce3f43e80d7ab094e5c06bc8a276505aa957d651920aeab0a2,2026-09-23T00:00:00+00:00,2026-09-24T00:00:00+00:00,B1,unavailable,,unknown,,,unknown,insufficient_evidence,,,proxy_complete,proxy_complete_no_claim,proxy_insufficient,scale_incompatible
f6fccb09ef6c16834772958c90df77a025796e92d6f0a28776a3cbaf31bddfc1,phase4e_shadow_v1,2026-09-24,2026-09-24T19:02:39.570881+00:00,github-36045280392-1,80634446-9faf-4de8-bfa1-81ab2c7a0461,SLVR.V,CAD,60,,,unevaluable,claim_time_price_history_missing,phase4_confidence_research_v1,e5a1072ba3754f9a7e6d60fde5003b579f6a2f73c41b846532159559ad84eb77,c062e4ff2369a9c96f9a36410a4af8397add8c31d8525a020c815f9d51dcb1c2,b6de5899ef419c2be611fab48868833a32c6481f701a0eaf65525513b46754b2,7319e125278a62d9a9f9fad72f66df45ebb3fa8f553ff36ddf3a173e09eeebc2,d3c6f170eb2a6fce3f43e80d7ab094e5c06bc8a276505aa957d651920aeab0a2,2026-09-23T00:00:00+00:00,2026-09-24T00:00:00+00:00,B1,unavailable,,unknown,,,unknown,insufficient_evidence,,,proxy_complete,proxy_complete_no_claim,proxy_insufficient,scale_incompatible
704bf010faed6c4a1da00012225449d96e1655fb143f9e6ad87e33c75ace3cff,phase4e_shadow_v1,2026-09-24,2026-09-24T19:02:39.570881+00:00,github-36045280392-1,80634446-9faf-4de8-bfa1-81ab2c7a0461,SMX,USD,5,2026-09-23,9.640000343322754,eligible,,phase4_confidence_research_v1,e5a1072ba3754f9a7e6d60fde5003b579f6a2f73c41b846532159559ad84eb77,c062e4ff2369a9c96f9a36410a4af8397add8c31d8525a020c815f9d51dcb1c2,b6de5899ef419c2be611fab48868833a32c6481f701a0eaf65525513b46754b2,7319e125278a62d9a9f9fad72f66df45ebb3fa8f553ff36ddf3a173e09eeebc2,d3c6f170eb2a6fce3f43e80d7ab094e5c06bc8a276505aa957d651920aeab0a2,2026-09-23T00:00:00+00:00,2026-09-24T00:00:00+00:00,B0_score0,directional_only,positive,unknown,,,elevated,risk_only,,,proxy_complete,proxy_complete_no_claim,proxy_complete,scale_incompatible
6cc6652b886277cd35853b189d24033ce94c7f1a3ea86141e39f18f77412c4cf,phase4e_shadow_v1,2026-09-24,2026-09-24T19:02:39.570881+00:00,github-36045280392-1,80634446-9faf-4de8-bfa1-81ab2c7a0461,SMX,USD,20,2026-09-23,9.640000343322754,eligible,,phase4_confidence_research_v1,e5a1072ba3754f9a7e6d60fde5003b579f6a2f73c41b846532159559ad84eb77,c062e4ff2369a9c96f9a36410a4af8397add8c31d8525a020c815f9d51dcb1c2,b6de5899ef419c2be611fab48868833a32c6481f701a0eaf65525513b46754b2,7319e125278a62d9a9f9fad72f66df45ebb3fa8f553ff36ddf3a173e09eeebc2,d3c6f170eb2a6fce3f43e80d7ab094e5c06bc8a276505aa957d651920aeab0a2,2026-09-23T00:00:00+00:00,2026-09-24T00:00:00+00:00,B0_score0,immature,,unknown,,,unknown,insufficient_evidence,,,proxy_complete,proxy_complete_no_claim,proxy_insufficient,scale_incompatible
f3c7b891de83d57f3cc730c7d015650bc0608a4b63b828b3bc00e00642e286a7,phase4e_shadow_v1,2026-09-24,2026-09-24T19:02:39.570881+00:00,github-36045280392-1,80634446-9faf-4de8-bfa1-81ab2c7a0461,SMX,USD,40,2026-09-23,9.640000343322754,eligible,,phase4_confidence_research_v1,e5a1072ba3754f9a7e6d60fde5003b579f6a2f73c41b846532159559ad84eb77,c062e4ff2369a9c96f9a36410a4af8397add8c31d8525a020c815f9d51dcb1c2,b6de5899ef419c2be611fab48868833a32c6481f701a0eaf65525513b46754b2,7319e125278a62d9a9f9fad72f66df45ebb3fa8f553ff36ddf3a173e09eeebc2,d3c6f170eb2a6fce3f43e80d7ab094e5c06bc8a276505aa957d651920aeab0a2,2026-09-23T00:00:00+00:00,2026-09-24T00:00:00+00:00,B0_score0,unavailable,,unknown,,,unknown,insufficient_evidence,,,proxy_complete,proxy_complete_no_claim,proxy_insufficient,scale_incompatible
dbf9590967f7bb0cbb18c3b4d9c8bde16af652733b0c14da8584b2693503f1e3,phase4e_shadow_v1,2026-09-24,2026-09-24T19:02:39.570881+00:00,github-36045280392-1,80634446-9faf-4de8-bfa1-81ab2c7a0461,SMX,USD,60,2026-09-23,9.640000343322754,eligible,,phase4_confidence_research_v1,e5a1072ba3754f9a7e6d60fde5003b579f6a2f73c41b846532159559ad84eb77,c062e4ff2369a9c96f9a36410a4af8397add8c31d8525a020c815f9d51dcb1c2,b6de5899ef419c2be611fab48868833a32c6481f701a0eaf65525513b46754b2,7319e125278a62d9a9f9fad72f66df45ebb3fa8f553ff36ddf3a173e09eeebc2,d3c6f170eb2a6fce3f43e80d7ab094e5c06bc8a276505aa957d651920aeab0a2,2026-09-23T00:00:00+00:00,2026-09-24T00:00:00+00:00,B0_score0,unavailable,,unknown,,,unknown,insufficient_evidence,,,proxy_complete,proxy_complete_no_claim,proxy_insufficient,scale_incompatible
7fba4a19ecd0cffe5b3c6a12422098afae91094524d1174a8483421629c81f6a,phase4e_shadow_v1,2026-09-24,2026-09-24T19:02:39.570881+00:00,github-36045280392-1,80634446-9faf-4de8-bfa1-81ab2c7a0461,SN.L,GBP,5,2026-09-23,1007.5,eligible,,phase4_confidence_research_v1,e5a1072ba3754f9a7e6d60fde5003b579f6a2f73c41b846532159559ad84eb77,c062e4ff2369a9c96f9a36410a4af8397add8c31d8525a020c815f9d51dcb1c2,b6de5899ef419c2be611fab48868833a32c6481f701a0eaf65525513b46754b2,7319e125278a62d9a9f9fad72f66df45ebb3fa8f553ff36ddf3a173e09eeebc2,d3c6f170eb2a6fce3f43e80d7ab094e5c06bc8a276505aa957d651920aeab0a2,2026-09-23T00:00:00+00:00,2026-09-24T00:00:00+00:00,B3,robust,positive,unknown,,,middle,single_model,,positive,proxy_complete,proxy_complete_no_claim,proxy_complete,scale_incompatible
b87666dceadf6d8f4baa2ecf26d475325eb09d3f537dd9dc0b4235d30874990b,phase4e_shadow_v1,2026-09-24,2026-09-24T19:02:39.570881+00:00,github-36045280392-1,80634446-9faf-4de8-bfa1-81ab2c7a0461,SN.L,GBP,20,2026-09-23,1007.5,eligible,,phase4_confidence_research_v1,e5a1072ba3754f9a7e6d60fde5003b579f6a2f73c41b846532159559ad84eb77,c062e4ff2369a9c96f9a36410a4af8397add8c31d8525a020c815f9d51dcb1c2,b6de5899ef419c2be611fab48868833a32c6481f701a0eaf65525513b46754b2,7319e125278a62d9a9f9fad72f66df45ebb3fa8f553ff36ddf3a173e09eeebc2,d3c6f170eb2a6fce3f43e80d7ab094e5c06bc8a276505aa957d651920aeab0a2,2026-09-23T00:00:00+00:00,2026-09-24T00:00:00+00:00,B3,immature,,unknown,,,unknown,insufficient_evidence,,,proxy_complete,proxy_complete_no_claim,proxy_insufficient,scale_incompatible
2224d2ce6a07b5c7ed7838ddc7a317ec902e276a2d1c46cc675ee67f82205353,phase4e_shadow_v1,2026-09-24,2026-09-24T19:02:39.570881+00:00,github-36045280392-1,80634446-9faf-4de8-bfa1-81ab2c7a0461,SN.L,GBP,40,2026-09-23,1007.5,eligible,,phase4_confidence_research_v1,e5a1072ba3754f9a7e6d60fde5003b579f6a2f73c41b846532159559ad84eb77,c062e4ff2369a9c96f9a36410a4af8397add8c31d8525a020c815f9d51dcb1c2,b6de5899ef419c2be611fab48868833a32c6481f701a0eaf65525513b46754b2,7319e125278a62d9a9f9fad72f66df45ebb3fa8f553ff36ddf3a173e09eeebc2,d3c6f170eb2a6fce3f43e80d7ab094e5c06bc8a276505aa957d651920aeab0a2,2026-09-23T00:00:00+00:00,2026-09-24T00:00:00+00:00,B3,unavailable,,unknown,,,unknown,insufficient_evidence,,,proxy_complete,proxy_complete_no_claim,proxy_insufficient,scale_incompatible
502cfd90beafbc099d4f7213a51bdb07c5efe55ce0bfe9355b135baa7d9cabe0,phase4e_shadow_v1,2026-09-24,2026-09-24T19:02:39.570881+00:00,github-36045280392-1,80634446-9faf-4de8-bfa1-81ab2c7a0461,SN.L,GBP,60,2026-09-23,1007.5,eligible,,phase4_confidence_research_v1,e5a1072ba3754f9a7e6d60fde5003b579f6a2f73c41b846532159559ad84eb77,c062e4ff2369a9c96f9a36410a4af8397add8c31d8525a020c815f9d51dcb1c2,b6de5899ef419c2be611fab48868833a32c6481f701a0eaf65525513b46754b2,7319e125278a62d9a9f9fad72f66df45ebb3fa8f553ff36ddf3a173e09eeebc2,d3c6f170eb2a6fce3f43e80d7ab094e5c06bc8a276505aa957d651920aeab0a2,2026-09-23T00:00:00+00:00,2026-09-24T00:00:00+00:00,B3,unavailable,,unknown,,,unknown,insufficient_evidence,,,proxy_complete,proxy_complete_no_claim,proxy_insufficient,scale_incompatible
14b99b685eb746b927c9e029be5e79da551d4f33a36ebe2a108875966304f6b8,phase4e_shadow_v1,2026-09-24,2026-09-24T19:02:39.570881+00:00,github-36045280392-1,80634446-9faf-4de8-bfa1-81ab2c7a0461,SNN,USD,5,2026-09-23,26.81999969482422,eligible,,phase4_confidence_research_v1,e5a1072ba3754f9a7e6d60fde5003b579f6a2f73c41b846532159559ad84eb77,c062e4ff2369a9c96f9a36410a4af8397add8c31d8525a020c815f9d51dcb1c2,b6de5899ef419c2be611fab48868833a32c6481f701a0eaf65525513b46754b2,7319e125278a62d9a9f9fad72f66df45ebb3fa8f553ff36ddf3a173e09eeebc2,d3c6f170eb2a6fce3f43e80d7ab094e5c06bc8a276505aa957d651920aeab0a2,2026-09-23T00:00:00+00:00,2026-09-24T00:00:00+00:00,B3,robust,positive,robust_claim,positive,trend200_d10_down & trend200_d1_down & rs3m_d1_up,middle,compatible,,positive,proxy_complete,proxy_complete,proxy_complete,scale_incompatible
85776c2a55600983113640cb18c385fb379476450ed15273195b1fe693a27a58,phase4e_shadow_v1,2026-09-24,2026-09-24T19:02:39.570881+00:00,github-36045280392-1,80634446-9faf-4de8-bfa1-81ab2c7a0461,SNN,USD,20,2026-09-23,26.81999969482422,eligible,,phase4_confidence_research_v1,e5a1072ba3754f9a7e6d60fde5003b579f6a2f73c41b846532159559ad84eb77,c062e4ff2369a9c96f9a36410a4af8397add8c31d8525a020c815f9d51dcb1c2,b6de5899ef419c2be611fab48868833a32c6481f701a0eaf65525513b46754b2,7319e125278a62d9a9f9fad72f66df45ebb3fa8f553ff36ddf3a173e09eeebc2,d3c6f170eb2a6fce3f43e80d7ab094e5c06bc8a276505aa957d651920aeab0a2,2026-09-23T00:00:00+00:00,2026-09-24T00:00:00+00:00,B3,immature,,unknown,,,unknown,insufficient_evidence,,,proxy_complete,proxy_complete_no_claim,proxy_insufficient,scale_incompatible
525d4b9153889b3df20637c92c1a9af5d8f17198b6466fb86ed30fecbb6513be,phase4e_shadow_v1,2026-09-24,2026-09-24T19:02:39.570881+00:00,github-36045280392-1,80634446-9faf-4de8-bfa1-81ab2c7a0461,SNN,USD,40,2026-09-23,26.81999969482422,eligible,,phase4_confidence_research_v1,e5a1072ba3754f9a7e6d60fde5003b579f6a2f73c41b846532159559ad84eb77,c062e4ff2369a9c96f9a36410a4af8397add8c31d8525a020c815f9d51dcb1c2,b6de5899ef419c2be611fab48868833a32c6481f701a0eaf65525513b46754b2,7319e125278a62d9a9f9fad72f66df45ebb3fa8f553ff36ddf3a173e09eeebc2,d3c6f170eb2a6fce3f43e80d7ab094e5c06bc8a276505aa957d651920aeab0a2,2026-09-23T00:00:00+00:00,2026-09-24T00:00:00+00:00,B3,unavailable,,unknown,,,unknown,insufficient_evidence,,,proxy_complete,proxy_complete_no_claim,proxy_insufficient,scale_incompatible
6ab1c8b776404dfe8719143a209cb3c82414a0fa0439d17e7664f991e5d032f4,phase4e_shadow_v1,2026-09-24,2026-09-24T19:02:39.570881+00:00,github-36045280392-1,80634446-9faf-4de8-bfa1-81ab2c7a0461,SNN,USD,60,2026-09-23,26.81999969482422,eligible,,phase4_confidence_research_v1,e5a1072ba3754f9a7e6d60fde5003b579f6a2f73c41b846532159559ad84eb77,c062e4ff2369a9c96f9a36410a4af8397add8c31d8525a020c815f9d51dcb1c2,b6de5899ef419c2be611fab48868833a32c6481f701a0eaf65525513b46754b2,7319e125278a62d9a9f9fad72f66df45ebb3fa8f553ff36ddf3a173e09eeebc2,d3c6f170eb2a6fce3f43e80d7ab094e5c06bc8a276505aa957d651920aeab0a2,2026-09-23T00:00:00+00:00,2026-09-24T00:00:00+00:00,B3,unavailable,,unknown,,,unknown,insufficient_evidence,,,proxy_complete,proxy_complete_no_claim,proxy_insufficient,scale_incompatible
6e215c07b171b95d58cc3c07433e10a6dd1bbdb736d96a83ba1810fef44acb46,phase4e_shadow_v1,2026-09-24,2026-09-24T19:02:39.570881+00:00,github-36045280392-1,80634446-9faf-4de8-bfa1-81ab2c7a0461,SNOW,USD,5,2026-09-23,334.8099975585937,eligible,,phase4_confidence_research_v1,e5a1072ba3754f9a7e6d60fde5003b579f6a2f73c41b846532159559ad84eb77,c062e4ff2369a9c96f9a36410a4af8397add8c31d8525a020c815f9d51dcb1c2,b6de5899ef419c2be611fab48868833a32c6481f701a0eaf65525513b46754b2,7319e125278a62d9a9f9fad72f66df45ebb3fa8f553ff36ddf3a173e09eeebc2,d3c6f170eb2a6fce3f43e80d7ab094e5c06bc8a276505aa957d651920aeab0a2,2026-09-23T00:00:00+00:00,2026-09-24T00:00:00+00:00,B2,directional_only,negative,unknown,,,elevated,risk_only,,,proxy_complete,proxy_complete_no_claim,proxy_complete,scale_incompatible
10c143008868db415baf3514b5cdcceb251f716e0381696a58b37beb17cf47b8,phase4e_shadow_v1,2026-09-24,2026-09-24T19:02:39.570881+00:00,github-36045280392-1,80634446-9faf-4de8-bfa1-81ab2c7a0461,SNOW,USD,20,2026-09-23,334.8099975585937,eligible,,phase4_confidence_research_v1,e5a1072ba3754f9a7e6d60fde5003b579f6a2f73c41b846532159559ad84eb77,c062e4ff2369a9c96f9a36410a4af8397add8c31d8525a020c815f9d51dcb1c2,b6de5899ef419c2be611fab48868833a32c6481f701a0eaf65525513b46754b2,7319e125278a62d9a9f9fad72f66df45ebb3fa8f553ff36ddf3a173e09eeebc2,d3c6f170eb2a6fce3f43e80d7ab094e5c06bc8a276505aa957d651920aeab0a2,2026-09-23T00:00:00+00:00,2026-09-24T00:00:00+00:00,B2,immature,,unknown,,,unknown,insufficient_evidence,,,proxy_complete,proxy_complete_no_claim,proxy_insufficient,scale_incompatible
6f770bf2295f9625814e9da70a0d67d541fdb1c3c27fb1ef6cf93a64718a8b19,phase4e_shadow_v1,2026-09-24,2026-09-24T19:02:39.570881+00:00,github-36045280392-1,80634446-9faf-4de8-bfa1-81ab2c7a0461,SNOW,USD,40,2026-09-23,334.8099975585937,eligible,,phase4_confidence_research_v1,e5a1072ba3754f9a7e6d60fde5003b579f6a2f73c41b846532159559ad84eb77,c062e4ff2369a9c96f9a36410a4af8397add8c31d8525a020c815f9d51dcb1c2,b6de5899ef419c2be611fab48868833a32c6481f701a0eaf65525513b46754b2,7319e125278a62d9a9f9fad72f66df45ebb3fa8f553ff36ddf3a173e09eeebc2,d3c6f170eb2a6fce3f43e80d7ab094e5c06bc8a276505aa957d651920aeab0a2,2026-09-23T00:00:00+00:00,2026-09-24T00:00:00+00:00,B2,unavailable,,unknown,,,unknown,insufficient_evidence,,,proxy_complete,proxy_complete_no_claim,proxy_insufficient,scale_incompatible
6b1730b7d619037c3744b98858b888dcccdbd6734f60286291dd5fbb4e93f7c4,phase4e_shadow_v1,2026-09-24,2026-09-24T19:02:39.570881+00:00,github-36045280392-1,80634446-9faf-4de8-bfa1-81ab2c7a0461,SNOW,USD,60,2026-09-23,334.8099975585937,eligible,,phase4_confidence_research_v1,e5a1072ba3754f9a7e6d60fde5003b579f6a2f73c41b846532159559ad84eb77,c062e4ff2369a9c96f9a36410a4af8397add8c31d8525a020c815f9d51dcb1c2,b6de5899ef419c2be611fab48868833a32c6481f701a0eaf65525513b46754b2,7319e125278a62d9a9f9fad72f66df45ebb3fa8f553ff36ddf3a173e09eeebc2,d3c6f170eb2a6fce3f43e80d7ab094e5c06bc8a276505aa957d651920aeab0a2,2026-09-23T00:00:00+00:00,2026-09-24T00:00:00+00:00,B2,unavailable,,unknown,,,unknown,insufficient_evidence,,,proxy_complete,proxy_complete_no_claim,proxy_insufficient,scale_incompatible
61c5dc46abc358c6ec9b137a9346893211864c6de8aca7f20400bde707bb4599,phase4e_shadow_v1,2026-09-24,2026-09-24T19:02:39.570881+00:00,github-36045280392-1,80634446-9faf-4de8-bfa1-81ab2c7a0461,SOLB.BR,EUR,5,2026-09-23,25.479999542236328,eligible,,phase4_confidence_research_v1,e5a1072ba3754f9a7e6d60fde5003b579f6a2f73c41b846532159559ad84eb77,c062e4ff2369a9c96f9a36410a4af8397add8c31d8525a020c815f9d51dcb1c2,b6de5899ef419c2be611fab48868833a32c6481f701a0eaf65525513b46754b2,7319e125278a62d9a9f9fad72f66df45ebb3fa8f553ff36ddf3a173e09eeebc2,d3c6f170eb2a6fce3f43e80d7ab094e5c06bc8a276505aa957d651920aeab0a2,2026-09-23T00:00:00+00:00,2026-09-24T00:00:00+00:00,B2,directional_only,negative,unknown,,,low,insufficient_evidence,,,proxy_complete,proxy_complete_no_claim,proxy_complete,scale_incompatible
e3e645b3861f23fb2708eb37687cdd153149ed927a502902849f535b98ae6c6e,phase4e_shadow_v1,2026-09-24,2026-09-24T19:02:39.570881+00:00,github-36045280392-1,80634446-9faf-4de8-bfa1-81ab2c7a0461,SOLB.BR,EUR,20,2026-09-23,25.479999542236328,eligible,,phase4_confidence_research_v1,e5a1072ba3754f9a7e6d60fde5003b579f6a2f73c41b846532159559ad84eb77,c062e4ff2369a9c96f9a36410a4af8397add8c31d8525a020c815f9d51dcb1c2,b6de5899ef419c2be611fab48868833a32c6481f701a0eaf65525513b46754b2,7319e125278a62d9a9f9fad72f66df45ebb3fa8f553ff36ddf3a173e09eeebc2,d3c6f170eb2a6fce3f43e80d7ab094e5c06bc8a276505aa957d651920aeab0a2,2026-09-23T00:00:00+00:00,2026-09-24T00:00:00+00:00,B2,immature,,unknown,,,unknown,insufficient_evidence,,,proxy_complete,proxy_complete_no_claim,proxy_insufficient,scale_incompatible
c225ad993608a1f1350812ea306c2cb1a1f7270dfa0ddb5876f56e96c69d3680,phase4e_shadow_v1,2026-09-24,2026-09-24T19:02:39.570881+00:00,github-36045280392-1,80634446-9faf-4de8-bfa1-81ab2c7a0461,SOLB.BR,EUR,40,2026-09-23,25.479999542236328,eligible,,phase4_confidence_research_v1,e5a1072ba3754f9a7e6d60fde5003b579f6a2f73c41b846532159559ad84eb77,c062e4ff2369a9c96f9a36410a4af8397add8c31d8525a020c815f9d51dcb1c2,b6de5899ef419c2be611fab48868833a32c6481f701a0eaf65525513b46754b2,7319e125278a62d9a9f9fad72f66df45ebb3fa8f553ff36ddf3a173e09eeebc2,d3c6f170eb2a6fce3f43e80d7ab094e5c06bc8a276505aa957d651920aeab0a2,2026-09-23T00:00:00+00:00,2026-09-24T00:00:00+00:00,B2,unavailable,,unknown,,,unknown,insufficient_evidence,,,proxy_complete,proxy_complete_no_claim,proxy_insufficient,scale_incompatible
970688e78ef50c585357415696d860104a5c74fa2cdfe12b51f2a15f17f77097,phase4e_shadow_v1,2026-09-24,2026-09-24T19:02:39.570881+00:00,github-36045280392-1,80634446-9faf-4de8-bfa1-81ab2c7a0461,SOLB.BR,EUR,60,2026-09-23,25.479999542236328,eligible,,phase4_confidence_research_v1,e5a1072ba3754f9a7e6d60fde5003b579f6a2f73c41b846532159559ad84eb77,c062e4ff2369a9c96f9a36410a4af8397add8c31d8525a020c815f9d51dcb1c2,b6de5899ef419c2be611fab48868833a32c6481f701a0eaf65525513b46754b2,7319e125278a62d9a9f9fad72f66df45ebb3fa8f553ff36ddf3a173e09eeebc2,d3c6f170eb2a6fce3f43e80d7ab094e5c06bc8a276505aa957d651920aeab0a2,2026-09-23T00:00:00+00:00,2026-09-24T00:00:00+00:00,B2,unavailable,,unknown,,,unknown,insufficient_evidence,,,proxy_complete,proxy_complete_no_claim,proxy_insufficient,scale_incompatible
4e7e8273aac6bf07e44ed5a72f4ad46d4eebd700d002cf400de2b3ba9d3a530b,phase4e_shadow_v1,2026-09-24,2026-09-24T19:02:39.570881+00:00,github-36045280392-1,80634446-9faf-4de8-bfa1-81ab2c7a0461,SPCX,USD,5,2026-09-23,148.36000061035156,eligible,,phase4_confidence_research_v1,e5a1072ba3754f9a7e6d60fde5003b579f6a2f73c41b846532159559ad84eb77,c062e4ff2369a9c96f9a36410a4af8397add8c31d8525a020c815f9d51dcb1c2,b6de5899ef419c2be611fab48868833a32c6481f701a0eaf65525513b46754b2,7319e125278a62d9a9f9fad72f66df45ebb3fa8f553ff36ddf3a173e09eeebc2,d3c6f170eb2a6fce3f43e80d7ab094e5c06bc8a276505aa957d651920aeab0a2,2026-09-23T00:00:00+00:00,2026-09-24T00:00:00+00:00,B2,directional_only,negative,unknown,,,middle,insufficient_evidence,,,proxy_complete,proxy_partial_no_claim,proxy_complete,scale_incompatible
d69576ee212c4cffc2de6c4e78c8c9282efc7581e291f68915008b273e981668,phase4e_shadow_v1,2026-09-24,2026-09-24T19:02:39.570881+00:00,github-36045280392-1,80634446-9faf-4de8-bfa1-81ab2c7a0461,SPCX,USD,20,2026-09-23,148.36000061035156,eligible,,phase4_confidence_research_v1,e5a1072ba3754f9a7e6d60fde5003b579f6a2f73c41b846532159559ad84eb77,c062e4ff2369a9c96f9a36410a4af8397add8c31d8525a020c815f9d51dcb1c2,b6de5899ef419c2be611fab48868833a32c6481f701a0eaf65525513b46754b2,7319e125278a62d9a9f9fad72f66df45ebb3fa8f553ff36ddf3a173e09eeebc2,d3c6f170eb2a6fce3f43e80d7ab094e5c06bc8a276505aa957d651920aeab0a2,2026-09-23T00:00:00+00:00,2026-09-24T00:00:00+00:00,B2,immature,,unknown,,,unknown,insufficient_evidence,,,proxy_complete,proxy_complete_no_claim,proxy_insufficient,scale_incompatible
eb2e171d5466ebae2c74ce60f6b58c04c52c74b268220dd47dca718c2e3a00bb,phase4e_shadow_v1,2026-09-24,2026-09-24T19:02:39.570881+00:00,github-36045280392-1,80634446-9faf-4de8-bfa1-81ab2c7a0461,SPCX,USD,40,2026-09-23,148.36000061035156,eligible,,phase4_confidence_research_v1,e5a1072ba3754f9a7e6d60fde5003b579f6a2f73c41b846532159559ad84eb77,c062e4ff2369a9c96f9a36410a4af8397add8c31d8525a020c815f9d51dcb1c2,b6de5899ef419c2be611fab48868833a32c6481f701a0eaf65525513b46754b2,7319e125278a62d9a9f9fad72f66df45ebb3fa8f553ff36ddf3a173e09eeebc2,d3c6f170eb2a6fce3f43e80d7ab094e5c06bc8a276505aa957d651920aeab0a2,2026-09-23T00:00:00+00:00,2026-09-24T00:00:00+00:00,B2,unavailable,,unknown,,,unknown,insufficient_evidence,,,proxy_complete,proxy_complete_no_claim,proxy_insufficient,scale_incompatible
5616c6723544ab7c6b3c390c881090bae8c1c8407816f16b9d04a3717ac78093,phase4e_shadow_v1,2026-09-24,2026-09-24T19:02:39.570881+00:00,github-36045280392-1,80634446-9faf-4de8-bfa1-81ab2c7a0461,SPCX,USD,60,2026-09-23,148.36000061035156,eligible,,phase4_confidence_research_v1,e5a1072ba3754f9a7e6d60fde5003b579f6a2f73c41b846532159559ad84eb77,c062e4ff2369a9c96f9a36410a4af8397add8c31d8525a020c815f9d51dcb1c2,b6de5899ef419c2be611fab48868833a32c6481f701a0eaf65525513b46754b2,7319e125278a62d9a9f9fad72f66df45ebb3fa8f553ff36ddf3a173e09eeebc2,d3c6f170eb2a6fce3f43e80d7ab094e5c06bc8a276505aa957d651920aeab0a2,2026-09-23T00:00:00+00:00,2026-09-24T00:00:00+00:00,B2,unavailable,,unknown,,,unknown,insufficient_evidence,,,proxy_complete,proxy_complete_no_claim,proxy_insufficient,scale_incompatible
218f744f59fdc92525c00eeff61c196c15457694571a22d1547acdf2e4640b92,phase4e_shadow_v1,2026-09-24,2026-09-24T19:02:39.570881+00:00,github-36045280392-1,80634446-9faf-4de8-bfa1-81ab2c7a0461,SPOT,USD,5,2026-09-23,510.3999938964844,eligible,,phase4_confidence_research_v1,e5a1072ba3754f9a7e6d60fde5003b579f6a2f73c41b846532159559ad84eb77,c062e4ff2369a9c96f9a36410a4af8397add8c31d8525a020c815f9d51dcb1c2,b6de5899ef419c2be611fab48868833a32c6481f701a0eaf65525513b46754b2,7319e125278a62d9a9f9fad72f66df45ebb3fa8f553ff36ddf3a173e09eeebc2,d3c6f170eb2a6fce3f43e80d7ab094e5c06bc8a276505aa957d651920aeab0a2,2026-09-23T00:00:00+00:00,2026-09-24T00:00:00+00:00,B3,robust,positive,unknown,,,middle,single_model,,positive,proxy_complete,proxy_complete_no_claim,proxy_complete,scale_incompatible
689d6482839faf7ecfe98a538968d3bb823d1998dc85f2234a9e523fb7386967,phase4e_shadow_v1,2026-09-24,2026-09-24T19:02:39.570881+00:00,github-36045280392-1,80634446-9faf-4de8-bfa1-81ab2c7a0461,SPOT,USD,20,2026-09-23,510.3999938964844,eligible,,phase4_confidence_research_v1,e5a1072ba3754f9a7e6d60fde5003b579f6a2f73c41b846532159559ad84eb77,c062e4ff2369a9c96f9a36410a4af8397add8c31d8525a020c815f9d51dcb1c2,b6de5899ef419c2be611fab48868833a32c6481f701a0eaf65525513b46754b2,7319e125278a62d9a9f9fad72f66df45ebb3fa8f553ff36ddf3a173e09eeebc2,d3c6f170eb2a6fce3f43e80d7ab094e5c06bc8a276505aa957d651920aeab0a2,2026-09-23T00:00:00+00:00,2026-09-24T00:00:00+00:00,B3,immature,,unknown,,,unknown,insufficient_evidence,,,proxy_complete,proxy_complete_no_claim,proxy_insufficient,scale_incompatible
d108c7b993488ad056299dec8a231b0671097bcb46b4f618525a45ae766427f8,phase4e_shadow_v1,2026-09-24,2026-09-24T19:02:39.570881+00:00,github-36045280392-1,80634446-9faf-4de8-bfa1-81ab2c7a0461,SPOT,USD,40,2026-09-23,510.3999938964844,eligible,,phase4_confidence_research_v1,e5a1072ba3754f9a7e6d60fde5003b579f6a2f73c41b846532159559ad84eb77,c062e4ff2369a9c96f9a36410a4af8397add8c31d8525a020c815f9d51dcb1c2,b6de5899ef419c2be611fab48868833a32c6481f701a0eaf65525513b46754b2,7319e125278a62d9a9f9fad72f66df45ebb3fa8f553ff36ddf3a173e09eeebc2,d3c6f170eb2a6fce3f43e80d7ab094e5c06bc8a276505aa957d651920aeab0a2,2026-09-23T00:00:00+00:00,2026-09-24T00:00:00+00:00,B3,unavailable,,unknown,,,unknown,insufficient_evidence,,,proxy_complete,proxy_complete_no_claim,proxy_insufficient,scale_incompatible
9d8721fa3b4884a66464919734959206b0ba68dc9cc70d476dfeb53b88e38749,phase4e_shadow_v1,2026-09-24,2026-09-24T19:02:39.570881+00:00,github-36045280392-1,80634446-9faf-4de8-bfa1-81ab2c7a0461,SPOT,USD,60,2026-09-23,510.3999938964844,eligible,,phase4_confidence_research_v1,e5a1072ba3754f9a7e6d60fde5003b579f6a2f73c41b846532159559ad84eb77,c062e4ff2369a9c96f9a36410a4af8397add8c31d8525a020c815f9d51dcb1c2,b6de5899ef419c2be611fab48868833a32c6481f701a0eaf65525513b46754b2,7319e125278a62d9a9f9fad72f66df45ebb3fa8f553ff36ddf3a173e09eeebc2,d3c6f170eb2a6fce3f43e80d7ab094e5c06bc8a276505aa957d651920aeab0a2,2026-09-23T00:00:00+00:00,2026-09-24T00:00:00+00:00,B3,unavailable,,unknown,,,unknown,insufficient_evidence,,,proxy_complete,proxy_complete_no_claim,proxy_insufficient,scale_incompatible
9970b02574f2c75ed439f266b9af9e2072238423c4173a8808a15e2234a0fec8,phase4e_shadow_v1,2026-09-24,2026-09-24T19:02:39.570881+00:00,github-36045280392-1,80634446-9faf-4de8-bfa1-81ab2c7a0461,STLA,USD,5,2026-09-23,4.619999885559082,eligible,,phase4_confidence_research_v1,e5a1072ba3754f9a7e6d60fde5003b579f6a2f73c41b846532159559ad84eb77,c062e4ff2369a9c96f9a36410a4af8397add8c31d8525a020c815f9d51dcb1c2,b6de5899ef419c2be611fab48868833a32c6481f701a0eaf65525513b46754b2,7319e125278a62d9a9f9fad72f66df45ebb3fa8f553ff36ddf3a173e09eeebc2,d3c6f170eb2a6fce3f43e80d7ab094e5c06bc8a276505aa957d651920aeab0a2,2026-09-23T00:00:00+00:00,2026-09-24T00:00:00+00:00,B1,directional_only,negative,unknown,,,elevated,risk_only,,,proxy_complete,proxy_complete_no_claim,proxy_complete,scale_incompatible
87604504eeef815b1613c744e754ba2f6c819774e4660de0b268387782139ad6,phase4e_shadow_v1,2026-09-24,2026-09-24T19:02:39.570881+00:00,github-36045280392-1,80634446-9faf-4de8-bfa1-81ab2c7a0461,STLA,USD,20,2026-09-23,4.619999885559082,eligible,,phase4_confidence_research_v1,e5a1072ba3754f9a7e6d60fde5003b579f6a2f73c41b846532159559ad84eb77,c062e4ff2369a9c96f9a36410a4af8397add8c31d8525a020c815f9d51dcb1c2,b6de5899ef419c2be611fab48868833a32c6481f701a0eaf65525513b46754b2,7319e125278a62d9a9f9fad72f66df45ebb3fa8f553ff36ddf3a173e09eeebc2,d3c6f170eb2a6fce3f43e80d7ab094e5c06bc8a276505aa957d651920aeab0a2,2026-09-23T00:00:00+00:00,2026-09-24T00:00:00+00:00,B1,immature,,unknown,,,unknown,insufficient_evidence,,,proxy_complete,proxy_complete_no_claim,proxy_insufficient,scale_incompatible
e2f5a0454093cd6e804bcac8023cf3979e9c245c82f5dc029c6fcc862c04bebd,phase4e_shadow_v1,2026-09-24,2026-09-24T19:02:39.570881+00:00,github-36045280392-1,80634446-9faf-4de8-bfa1-81ab2c7a0461,STLA,USD,40,2026-09-23,4.619999885559082,eligible,,phase4_confidence_research_v1,e5a1072ba3754f9a7e6d60fde5003b579f6a2f73c41b846532159559ad84eb77,c062e4ff2369a9c96f9a36410a4af8397add8c31d8525a020c815f9d51dcb1c2,b6de5899ef419c2be611fab48868833a32c6481f701a0eaf65525513b46754b2,7319e125278a62d9a9f9fad72f66df45ebb3fa8f553ff36ddf3a173e09eeebc2,d3c6f170eb2a6fce3f43e80d7ab094e5c06bc8a276505aa957d651920aeab0a2,2026-09-23T00:00:00+00:00,2026-09-24T00:00:00+00:00,B1,unavailable,,unknown,,,unknown,insufficient_evidence,,,proxy_complete,proxy_complete_no_claim,proxy_insufficient,scale_incompatible
bda8f77c05e2bbca65f63dd70527f69c1c2b0b19e0c9d58bd20a3f2a17b10c59,phase4e_shadow_v1,2026-09-24,2026-09-24T19:02:39.570881+00:00,github-36045280392-1,80634446-9faf-4de8-bfa1-81ab2c7a0461,STLA,USD,60,2026-09-23,4.619999885559082,eligible,,phase4_confidence_research_v1,e5a1072ba3754f9a7e6d60fde5003b579f6a2f73c41b846532159559ad84eb77,c062e4ff2369a9c96f9a36410a4af8397add8c31d8525a020c815f9d51dcb1c2,b6de5899ef419c2be611fab48868833a32c6481f701a0eaf65525513b46754b2,7319e125278a62d9a9f9fad72f66df45ebb3fa8f553ff36ddf3a173e09eeebc2,d3c6f170eb2a6fce3f43e80d7ab094e5c06bc8a276505aa957d651920aeab0a2,2026-09-23T00:00:00+00:00,2026-09-24T00:00:00+00:00,B1,unavailable,,unknown,,,unknown,insufficient_evidence,,,proxy_complete,proxy_complete_no_claim,proxy_insufficient,scale_incompatible
27d5be10523f696ca49fa0d8ab97562bf32e6eda98152a656870d5dcdc6f5204,phase4e_shadow_v1,2026-09-24,2026-09-24T19:02:39.570881+00:00,github-36045280392-1,80634446-9faf-4de8-bfa1-81ab2c7a0461,SU.PA,EUR,5,2026-09-23,293.3500061035156,eligible,,phase4_confidence_research_v1,e5a1072ba3754f9a7e6d60fde5003b579f6a2f73c41b846532159559ad84eb77,c062e4ff2369a9c96f9a36410a4af8397add8c31d8525a020c815f9d51dcb1c2,b6de5899ef419c2be611fab48868833a32c6481f701a0eaf65525513b46754b2,7319e125278a62d9a9f9fad72f66df45ebb3fa8f553ff36ddf3a173e09eeebc2,d3c6f170eb2a6fce3f43e80d7ab094e5c06bc8a276505aa957d651920aeab0a2,2026-09-23T00:00:00+00:00,2026-09-24T00:00:00+00:00,B3,robust,positive,unknown,,,low,single_model,,positive,proxy_complete,proxy_complete_no_claim,proxy_complete,scale_incompatible
9c655b155f05274766e67b18dab3d4a78c47ac5956d9c2effd92f020454524cd,phase4e_shadow_v1,2026-09-24,2026-09-24T19:02:39.570881+00:00,github-36045280392-1,80634446-9faf-4de8-bfa1-81ab2c7a0461,SU.PA,EUR,20,2026-09-23,293.3500061035156,eligible,,phase4_confidence_research_v1,e5a1072ba3754f9a7e6d60fde5003b579f6a2f73c41b846532159559ad84eb77,c062e4ff2369a9c96f9a36410a4af8397add8c31d8525a020c815f9d51dcb1c2,b6de5899ef419c2be611fab48868833a32c6481f701a0eaf65525513b46754b2,7319e125278a62d9a9f9fad72f66df45ebb3fa8f553ff36ddf3a173e09eeebc2,d3c6f170eb2a6fce3f43e80d7ab094e5c06bc8a276505aa957d651920aeab0a2,2026-09-23T00:00:00+00:00,2026-09-24T00:00:00+00:00,B3,immature,,unknown,,,unknown,insufficient_evidence,,,proxy_complete,proxy_complete_no_claim,proxy_insufficient,scale_incompatible
12b92d15b3513e502f330988afcd936ef613c5d9fcdfdd3fd96554aa4dbd9c1e,phase4e_shadow_v1,2026-09-24,2026-09-24T19:02:39.570881+00:00,github-36045280392-1,80634446-9faf-4de8-bfa1-81ab2c7a0461,SU.PA,EUR,40,2026-09-23,293.3500061035156,eligible,,phase4_confidence_research_v1,e5a1072ba3754f9a7e6d60fde5003b579f6a2f73c41b846532159559ad84eb77,c062e4ff2369a9c96f9a36410a4af8397add8c31d8525a020c815f9d51dcb1c2,b6de5899ef419c2be611fab48868833a32c6481f701a0eaf65525513b46754b2,7319e125278a62d9a9f9fad72f66df45ebb3fa8f553ff36ddf3a173e09eeebc2,d3c6f170eb2a6fce3f43e80d7ab094e5c06bc8a276505aa957d651920aeab0a2,2026-09-23T00:00:00+00:00,2026-09-24T00:00:00+00:00,B3,unavailable,,unknown,,,unknown,insufficient_evidence,,,proxy_complete,proxy_complete_no_claim,proxy_insufficient,scale_incompatible
793b5bcf7a950f5e6205ffb6862755434711d4a7270d754907151490b6e1f975,phase4e_shadow_v1,2026-09-24,2026-09-24T19:02:39.570881+00:00,github-36045280392-1,80634446-9faf-4de8-bfa1-81ab2c7a0461,SU.PA,EUR,60,2026-09-23,293.3500061035156,eligible,,phase4_confidence_research_v1,e5a1072ba3754f9a7e6d60fde5003b579f6a2f73c41b846532159559ad84eb77,c062e4ff2369a9c96f9a36410a4af8397add8c31d8525a020c815f9d51dcb1c2,b6de5899ef419c2be611fab48868833a32c6481f701a0eaf65525513b46754b2,7319e125278a62d9a9f9fad72f66df45ebb3fa8f553ff36ddf3a173e09eeebc2,d3c6f170eb2a6fce3f43e80d7ab094e5c06bc8a276505aa957d651920aeab0a2,2026-09-23T00:00:00+00:00,2026-09-24T00:00:00+00:00,B3,unavailable,,unknown,,,unknown,insufficient_evidence,,,proxy_complete,proxy_complete_no_claim,proxy_insufficient,scale_incompatible
55c4d74560eae42e7dd0e6360fd28ecd0f0f1df6adfa0398fe6bd44820faaa3e,phase4e_shadow_v1,2026-09-24,2026-09-24T19:02:39.570881+00:00,github-36045280392-1,80634446-9faf-4de8-bfa1-81ab2c7a0461,SYK,USD,5,2026-09-23,273.3999938964844,eligible,,phase4_confidence_research_v1,e5a1072ba3754f9a7e6d60fde5003b579f6a2f73c41b846532159559ad84eb77,c062e4ff2369a9c96f9a36410a4af8397add8c31d8525a020c815f9d51dcb1c2,b6de5899ef419c2be611fab48868833a32c6481f701a0eaf65525513b46754b2,7319e125278a62d9a9f9fad72f66df45ebb3fa8f553ff36ddf3a173e09eeebc2,d3c6f170eb2a6fce3f43e80d7ab094e5c06bc8a276505aa957d651920aeab0a2,2026-09-23T00:00:00+00:00,2026-09-24T00:00:00+00:00,B3,robust,positive,unknown,,,middle,single_model,,positive,proxy_complete,proxy_complete_no_claim,proxy_complete,scale_incompatible
cfe2a4a873c9430d8fa0bf8cc3d4da9f7a92c28325c0584004fdd7d2936e1103,phase4e_shadow_v1,2026-09-24,2026-09-24T19:02:39.570881+00:00,github-36045280392-1,80634446-9faf-4de8-bfa1-81ab2c7a0461,SYK,USD,20,2026-09-23,273.3999938964844,eligible,,phase4_confidence_research_v1,e5a1072ba3754f9a7e6d60fde5003b579f6a2f73c41b846532159559ad84eb77,c062e4ff2369a9c96f9a36410a4af8397add8c31d8525a020c815f9d51dcb1c2,b6de5899ef419c2be611fab48868833a32c6481f701a0eaf65525513b46754b2,7319e125278a62d9a9f9fad72f66df45ebb3fa8f553ff36ddf3a173e09eeebc2,d3c6f170eb2a6fce3f43e80d7ab094e5c06bc8a276505aa957d651920aeab0a2,2026-09-23T00:00:00+00:00,2026-09-24T00:00:00+00:00,B3,immature,,unknown,,,unknown,insufficient_evidence,,,proxy_complete,proxy_complete_no_claim,proxy_insufficient,scale_incompatible
c656dabbd3e00c697974e25c37257455077d92c4274b9341a189fa1eb9412c36,phase4e_shadow_v1,2026-09-24,2026-09-24T19:02:39.570881+00:00,github-36045280392-1,80634446-9faf-4de8-bfa1-81ab2c7a0461,SYK,USD,40,2026-09-23,273.3999938964844,eligible,,phase4_confidence_research_v1,e5a1072ba3754f9a7e6d60fde5003b579f6a2f73c41b846532159559ad84eb77,c062e4ff2369a9c96f9a36410a4af8397add8c31d8525a020c815f9d51dcb1c2,b6de5899ef419c2be611fab48868833a32c6481f701a0eaf65525513b46754b2,7319e125278a62d9a9f9fad72f66df45ebb3fa8f553ff36ddf3a173e09eeebc2,d3c6f170eb2a6fce3f43e80d7ab094e5c06bc8a276505aa957d651920aeab0a2,2026-09-23T00:00:00+00:00,2026-09-24T00:00:00+00:00,B3,unavailable,,unknown,,,unknown,insufficient_evidence,,,proxy_complete,proxy_complete_no_claim,proxy_insufficient,scale_incompatible
ef358bd39dc878c061ebb216936c0b641b31c5a4baad439f00403af878e9198c,phase4e_shadow_v1,2026-09-24,2026-09-24T19:02:39.570881+00:00,github-36045280392-1,80634446-9faf-4de8-bfa1-81ab2c7a0461,SYK,USD,60,2026-09-23,273.3999938964844,eligible,,phase4_confidence_research_v1,e5a1072ba3754f9a7e6d60fde5003b579f6a2f73c41b846532159559ad84eb77,c062e4ff2369a9c96f9a36410a4af8397add8c31d8525a020c815f9d51dcb1c2,b6de5899ef419c2be611fab48868833a32c6481f701a0eaf65525513b46754b2,7319e125278a62d9a9f9fad72f66df45ebb3fa8f553ff36ddf3a173e09eeebc2,d3c6f170eb2a6fce3f43e80d7ab094e5c06bc8a276505aa957d651920aeab0a2,2026-09-23T00:00:00+00:00,2026-09-24T00:00:00+00:00,B3,unavailable,,unknown,,,unknown,insufficient_evidence,,,proxy_complete,proxy_complete_no_claim,proxy_insufficient,scale_incompatible
fde1a673a8e0308fae6dad8d3b1ff90a91a9ccc26f1bc2bb4e210df8da1c28b3,phase4e_shadow_v1,2026-09-24,2026-09-24T19:02:39.570881+00:00,github-36045280392-1,80634446-9faf-4de8-bfa1-81ab2c7a0461,SYM,,5,2026-09-23,43.68999862670898,eligible,,phase4_confidence_research_v1,e5a1072ba3754f9a7e6d60fde5003b579f6a2f73c41b846532159559ad84eb77,c062e4ff2369a9c96f9a36410a4af8397add8c31d8525a020c815f9d51dcb1c2,b6de5899ef419c2be611fab48868833a32c6481f701a0eaf65525513b46754b2,7319e125278a62d9a9f9fad72f66df45ebb3fa8f553ff36ddf3a173e09eeebc2,d3c6f170eb2a6fce3f43e80d7ab094e5c06bc8a276505aa957d651920aeab0a2,2026-09-23T00:00:00+00:00,2026-09-24T00:00:00+00:00,B2,directional_only,negative,unknown,,,elevated,risk_only,,,proxy_complete,proxy_complete_no_claim,proxy_complete,scale_incompatible
6cb60c18b48ce6d0479c0889a7f87facd8e193f26b6fb8e70ae508c0d5d27e00,phase4e_shadow_v1,2026-09-24,2026-09-24T19:02:39.570881+00:00,github-36045280392-1,80634446-9faf-4de8-bfa1-81ab2c7a0461,SYM,,20,2026-09-23,43.68999862670898,eligible,,phase4_confidence_research_v1,e5a1072ba3754f9a7e6d60fde5003b579f6a2f73c41b846532159559ad84eb77,c062e4ff2369a9c96f9a36410a4af8397add8c31d8525a020c815f9d51dcb1c2,b6de5899ef419c2be611fab48868833a32c6481f701a0eaf65525513b46754b2,7319e125278a62d9a9f9fad72f66df45ebb3fa8f553ff36ddf3a173e09eeebc2,d3c6f170eb2a6fce3f43e80d7ab094e5c06bc8a276505aa957d651920aeab0a2,2026-09-23T00:00:00+00:00,2026-09-24T00:00:00+00:00,B2,immature,,unknown,,,unknown,insufficient_evidence,,,proxy_complete,proxy_complete_no_claim,proxy_insufficient,scale_incompatible
1574682c7e2bb2ebe8f6e6aea346dcd9f5a2015bc84bc8b2c0b4ac99960e7bca,phase4e_shadow_v1,2026-09-24,2026-09-24T19:02:39.570881+00:00,github-36045280392-1,80634446-9faf-4de8-bfa1-81ab2c7a0461,SYM,,40,2026-09-23,43.68999862670898,eligible,,phase4_confidence_research_v1,e5a1072ba3754f9a7e6d60fde5003b579f6a2f73c41b846532159559ad84eb77,c062e4ff2369a9c96f9a36410a4af8397add8c31d8525a020c815f9d51dcb1c2,b6de5899ef419c2be611fab48868833a32c6481f701a0eaf65525513b46754b2,7319e125278a62d9a9f9fad72f66df45ebb3fa8f553ff36ddf3a173e09eeebc2,d3c6f170eb2a6fce3f43e80d7ab094e5c06bc8a276505aa957d651920aeab0a2,2026-09-23T00:00:00+00:00,2026-09-24T00:00:00+00:00,B2,unavailable,,unknown,,,unknown,insufficient_evidence,,,proxy_complete,proxy_complete_no_claim,proxy_insufficient,scale_incompatible
a7c980d42de3dfef0bd786ba0b2c31de7a4b11406f792e52420dc7e7c1f95cb3,phase4e_shadow_v1,2026-09-24,2026-09-24T19:02:39.570881+00:00,github-36045280392-1,80634446-9faf-4de8-bfa1-81ab2c7a0461,SYM,,60,2026-09-23,43.68999862670898,eligible,,phase4_confidence_research_v1,e5a1072ba3754f9a7e6d60fde5003b579f6a2f73c41b846532159559ad84eb77,c062e4ff2369a9c96f9a36410a4af8397add8c31d8525a020c815f9d51dcb1c2,b6de5899ef419c2be611fab48868833a32c6481f701a0eaf65525513b46754b2,7319e125278a62d9a9f9fad72f66df45ebb3fa8f553ff36ddf3a173e09eeebc2,d3c6f170eb2a6fce3f43e80d7ab094e5c06bc8a276505aa957d651920aeab0a2,2026-09-23T00:00:00+00:00,2026-09-24T00:00:00+00:00,B2,unavailable,,unknown,,,unknown,insufficient_evidence,,,proxy_complete,proxy_complete_no_claim,proxy_insufficient,scale_incompatible
8e1c6da3606299a893f87df20f04ac6cb8eb6321461ceb4d416f5fb1a6d5e1b0,phase4e_shadow_v1,2026-09-24,2026-09-24T19:02:39.570881+00:00,github-36045280392-1,80634446-9faf-4de8-bfa1-81ab2c7a0461,TE,USD,5,2026-09-23,4.039999961853027,eligible,,phase4_confidence_research_v1,e5a1072ba3754f9a7e6d60fde5003b579f6a2f73c41b846532159559ad84eb77,c062e4ff2369a9c96f9a36410a4af8397add8c31d8525a020c815f9d51dcb1c2,b6de5899ef419c2be611fab48868833a32c6481f701a0eaf65525513b46754b2,7319e125278a62d9a9f9fad72f66df45ebb3fa8f553ff36ddf3a173e09eeebc2,d3c6f170eb2a6fce3f43e80d7ab094e5c06bc8a276505aa957d651920aeab0a2,2026-09-23T00:00:00+00:00,2026-09-24T00:00:00+00:00,B1,directional_only,negative,unknown,,,elevated,risk_only,,,proxy_complete,proxy_complete_no_claim,proxy_complete,scale_incompatible
a42266be17b4a25625cb7867e76b62caceff8bae5515c78390335ec182dc1972,phase4e_shadow_v1,2026-09-24,2026-09-24T19:02:39.570881+00:00,github-36045280392-1,80634446-9faf-4de8-bfa1-81ab2c7a0461,TE,USD,20,2026-09-23,4.039999961853027,eligible,,phase4_confidence_research_v1,e5a1072ba3754f9a7e6d60fde5003b579f6a2f73c41b846532159559ad84eb77,c062e4ff2369a9c96f9a36410a4af8397add8c31d8525a020c815f9d51dcb1c2,b6de5899ef419c2be611fab48868833a32c6481f701a0eaf65525513b46754b2,7319e125278a62d9a9f9fad72f66df45ebb3fa8f553ff36ddf3a173e09eeebc2,d3c6f170eb2a6fce3f43e80d7ab094e5c06bc8a276505aa957d651920aeab0a2,2026-09-23T00:00:00+00:00,2026-09-24T00:00:00+00:00,B1,immature,,unknown,,,unknown,insufficient_evidence,,,proxy_complete,proxy_complete_no_claim,proxy_insufficient,scale_incompatible
1fd9c6b43387a1cc5d7ad1c355018761e91730d3032f4fe984af145d6d2b0572,phase4e_shadow_v1,2026-09-24,2026-09-24T19:02:39.570881+00:00,github-36045280392-1,80634446-9faf-4de8-bfa1-81ab2c7a0461,TE,USD,40,2026-09-23,4.039999961853027,eligible,,phase4_confidence_research_v1,e5a1072ba3754f9a7e6d60fde5003b579f6a2f73c41b846532159559ad84eb77,c062e4ff2369a9c96f9a36410a4af8397add8c31d8525a020c815f9d51dcb1c2,b6de5899ef419c2be611fab48868833a32c6481f701a0eaf65525513b46754b2,7319e125278a62d9a9f9fad72f66df45ebb3fa8f553ff36ddf3a173e09eeebc2,d3c6f170eb2a6fce3f43e80d7ab094e5c06bc8a276505aa957d651920aeab0a2,2026-09-23T00:00:00+00:00,2026-09-24T00:00:00+00:00,B1,unavailable,,unknown,,,unknown,insufficient_evidence,,,proxy_complete,proxy_complete_no_claim,proxy_insufficient,scale_incompatible
35948945122a052a852ecf9999b44b5aa3a48bad1cb4c5d86db7bca06cd7e5e0,phase4e_shadow_v1,2026-09-24,2026-09-24T19:02:39.570881+00:00,github-36045280392-1,80634446-9faf-4de8-bfa1-81ab2c7a0461,TE,USD,60,2026-09-23,4.039999961853027,eligible,,phase4_confidence_research_v1,e5a1072ba3754f9a7e6d60fde5003b579f6a2f73c41b846532159559ad84eb77,c062e4ff2369a9c96f9a36410a4af8397add8c31d8525a020c815f9d51dcb1c2,b6de5899ef419c2be611fab48868833a32c6481f701a0eaf65525513b46754b2,7319e125278a62d9a9f9fad72f66df45ebb3fa8f553ff36ddf3a173e09eeebc2,d3c6f170eb2a6fce3f43e80d7ab094e5c06bc8a276505aa957d651920aeab0a2,2026-09-23T00:00:00+00:00,2026-09-24T00:00:00+00:00,B1,unavailable,,unknown,,,unknown,insufficient_evidence,,,proxy_complete,proxy_complete_no_claim,proxy_insufficient,scale_incompatible
27451fe13a5594e4a692fbdadc04b7da1dd0535677c3e91743bcd3bbaa408b21,phase4e_shadow_v1,2026-09-24,2026-09-24T19:02:39.570881+00:00,github-36045280392-1,80634446-9faf-4de8-bfa1-81ab2c7a0461,TEAM,USD,5,2026-09-23,195.0800018310547,eligible,,phase4_confidence_research_v1,e5a1072ba3754f9a7e6d60fde5003b579f6a2f73c41b846532159559ad84eb77,c062e4ff2369a9c96f9a36410a4af8397add8c31d8525a020c815f9d51dcb1c2,b6de5899ef419c2be611fab48868833a32c6481f701a0eaf65525513b46754b2,7319e125278a62d9a9f9fad72f66df45ebb3fa8f553ff36ddf3a173e09eeebc2,d3c6f170eb2a6fce3f43e80d7ab094e5c06bc8a276505aa957d651920aeab0a2,2026-09-23T00:00:00+00:00,2026-09-24T00:00:00+00:00,B3,robust,positive,unknown,,,elevated,conflict,positive_return_claim_vs_elevated_downside_risk,positive,proxy_complete,proxy_complete_no_claim,proxy_complete,scale_incompatible
a79f010a4f005e8736aa6d567faabd6c16dd9d6390f7c2fa21811d19764523af,phase4e_shadow_v1,2026-09-24,2026-09-24T19:02:39.570881+00:00,github-36045280392-1,80634446-9faf-4de8-bfa1-81ab2c7a0461,TEAM,USD,20,2026-09-23,195.0800018310547,eligible,,phase4_confidence_research_v1,e5a1072ba3754f9a7e6d60fde5003b579f6a2f73c41b846532159559ad84eb77,c062e4ff2369a9c96f9a36410a4af8397add8c31d8525a020c815f9d51dcb1c2,b6de5899ef419c2be611fab48868833a32c6481f701a0eaf65525513b46754b2,7319e125278a62d9a9f9fad72f66df45ebb3fa8f553ff36ddf3a173e09eeebc2,d3c6f170eb2a6fce3f43e80d7ab094e5c06bc8a276505aa957d651920aeab0a2,2026-09-23T00:00:00+00:00,2026-09-24T00:00:00+00:00,B3,immature,,unknown,,,unknown,insufficient_evidence,,,proxy_complete,proxy_complete_no_claim,proxy_insufficient,scale_incompatible
fbb5465d3604525f434f787cce28b210186d3529df2237038a36ee113eb76ae1,phase4e_shadow_v1,2026-09-24,2026-09-24T19:02:39.570881+00:00,github-36045280392-1,80634446-9faf-4de8-bfa1-81ab2c7a0461,TEAM,USD,40,2026-09-23,195.0800018310547,eligible,,phase4_confidence_research_v1,e5a1072ba3754f9a7e6d60fde5003b579f6a2f73c41b846532159559ad84eb77,c062e4ff2369a9c96f9a36410a4af8397add8c31d8525a020c815f9d51dcb1c2,b6de5899ef419c2be611fab48868833a32c6481f701a0eaf65525513b46754b2,7319e125278a62d9a9f9fad72f66df45ebb3fa8f553ff36ddf3a173e09eeebc2,d3c6f170eb2a6fce3f43e80d7ab094e5c06bc8a276505aa957d651920aeab0a2,2026-09-23T00:00:00+00:00,2026-09-24T00:00:00+00:00,B3,unavailable,,unknown,,,unknown,insufficient_evidence,,,proxy_complete,proxy_complete_no_claim,proxy_insufficient,scale_incompatible
7df3a02a88ae03797a65b8e1cb73a2a482b2f4b2bce9bcb44e9c4487b18547af,phase4e_shadow_v1,2026-09-24,2026-09-24T19:02:39.570881+00:00,github-36045280392-1,80634446-9faf-4de8-bfa1-81ab2c7a0461,TEAM,USD,60,2026-09-23,195.0800018310547,eligible,,phase4_confidence_research_v1,e5a1072ba3754f9a7e6d60fde5003b579f6a2f73c41b846532159559ad84eb77,c062e4ff2369a9c96f9a36410a4af8397add8c31d8525a020c815f9d51dcb1c2,b6de5899ef419c2be611fab48868833a32c6481f701a0eaf65525513b46754b2,7319e125278a62d9a9f9fad72f66df45ebb3fa8f553ff36ddf3a173e09eeebc2,d3c6f170eb2a6fce3f43e80d7ab094e5c06bc8a276505aa957d651920aeab0a2,2026-09-23T00:00:00+00:00,2026-09-24T00:00:00+00:00,B3,unavailable,,unknown,,,unknown,insufficient_evidence,,,proxy_complete,proxy_complete_no_claim,proxy_insufficient,scale_incompatible
213b342844ace009c1f8e8523ec753ea7ea4cde86ecb7dcdb0837c46ceac6b2f,phase4e_shadow_v1,2026-09-24,2026-09-24T19:02:39.570881+00:00,github-36045280392-1,80634446-9faf-4de8-bfa1-81ab2c7a0461,TEM,USD,5,2026-09-23,76.58999633789062,eligible,,phase4_confidence_research_v1,e5a1072ba3754f9a7e6d60fde5003b579f6a2f73c41b846532159559ad84eb77,c062e4ff2369a9c96f9a36410a4af8397add8c31d8525a020c815f9d51dcb1c2,b6de5899ef419c2be611fab48868833a32c6481f701a0eaf65525513b46754b2,7319e125278a62d9a9f9fad72f66df45ebb3fa8f553ff36ddf3a173e09eeebc2,d3c6f170eb2a6fce3f43e80d7ab094e5c06bc8a276505aa957d651920aeab0a2,2026-09-23T00:00:00+00:00,2026-09-24T00:00:00+00:00,B2,directional_only,negative,unknown,,,elevated,risk_only,,,proxy_complete,proxy_complete_no_claim,proxy_complete,scale_incompatible
0854c3a155941790bf4826a91545afcebae417515c6ba27e402b0c80ec0314fe,phase4e_shadow_v1,2026-09-24,2026-09-24T19:02:39.570881+00:00,github-36045280392-1,80634446-9faf-4de8-bfa1-81ab2c7a0461,TEM,USD,20,2026-09-23,76.58999633789062,eligible,,phase4_confidence_research_v1,e5a1072ba3754f9a7e6d60fde5003b579f6a2f73c41b846532159559ad84eb77,c062e4ff2369a9c96f9a36410a4af8397add8c31d8525a020c815f9d51dcb1c2,b6de5899ef419c2be611fab48868833a32c6481f701a0eaf65525513b46754b2,7319e125278a62d9a9f9fad72f66df45ebb3fa8f553ff36ddf3a173e09eeebc2,d3c6f170eb2a6fce3f43e80d7ab094e5c06bc8a276505aa957d651920aeab0a2,2026-09-23T00:00:00+00:00,2026-09-24T00:00:00+00:00,B2,immature,,unknown,,,unknown,insufficient_evidence,,,proxy_complete,proxy_complete_no_claim,proxy_insufficient,scale_incompatible
ba9ffab4d780323b5ae1a53e8869f138c0a11bdbfe87118ef5658b91c689a536,phase4e_shadow_v1,2026-09-24,2026-09-24T19:02:39.570881+00:00,github-36045280392-1,80634446-9faf-4de8-bfa1-81ab2c7a0461,TEM,USD,40,2026-09-23,76.58999633789062,eligible,,phase4_confidence_research_v1,e5a1072ba3754f9a7e6d60fde5003b579f6a2f73c41b846532159559ad84eb77,c062e4ff2369a9c96f9a36410a4af8397add8c31d8525a020c815f9d51dcb1c2,b6de5899ef419c2be611fab48868833a32c6481f701a0eaf65525513b46754b2,7319e125278a62d9a9f9fad72f66df45ebb3fa8f553ff36ddf3a173e09eeebc2,d3c6f170eb2a6fce3f43e80d7ab094e5c06bc8a276505aa957d651920aeab0a2,2026-09-23T00:00:00+00:00,2026-09-24T00:00:00+00:00,B2,unavailable,,unknown,,,unknown,insufficient_evidence,,,proxy_complete,proxy_complete_no_claim,proxy_insufficient,scale_incompatible
b007fc14d606b3de66d4cd2ac620c15dea2075ca2e34b532f81548dd1290e71b,phase4e_shadow_v1,2026-09-24,2026-09-24T19:02:39.570881+00:00,github-36045280392-1,80634446-9faf-4de8-bfa1-81ab2c7a0461,TEM,USD,60,2026-09-23,76.58999633789062,eligible,,phase4_confidence_research_v1,e5a1072ba3754f9a7e6d60fde5003b579f6a2f73c41b846532159559ad84eb77,c062e4ff2369a9c96f9a36410a4af8397add8c31d8525a020c815f9d51dcb1c2,b6de5899ef419c2be611fab48868833a32c6481f701a0eaf65525513b46754b2,7319e125278a62d9a9f9fad72f66df45ebb3fa8f553ff36ddf3a173e09eeebc2,d3c6f170eb2a6fce3f43e80d7ab094e5c06bc8a276505aa957d651920aeab0a2,2026-09-23T00:00:00+00:00,2026-09-24T00:00:00+00:00,B2,unavailable,,unknown,,,unknown,insufficient_evidence,,,proxy_complete,proxy_complete_no_claim,proxy_insufficient,scale_incompatible
3334db53657d95f924689b9103848d4483fbb513faeb36612f2c4b28af8cc334,phase4e_shadow_v1,2026-09-24,2026-09-24T19:02:39.570881+00:00,github-36045280392-1,80634446-9faf-4de8-bfa1-81ab2c7a0461,TER,USD,5,2026-09-23,389.1400146484375,eligible,,phase4_confidence_research_v1,e5a1072ba3754f9a7e6d60fde5003b579f6a2f73c41b846532159559ad84eb77,c062e4ff2369a9c96f9a36410a4af8397add8c31d8525a020c815f9d51dcb1c2,b6de5899ef419c2be611fab48868833a32c6481f701a0eaf65525513b46754b2,7319e125278a62d9a9f9fad72f66df45ebb3fa8f553ff36ddf3a173e09eeebc2,d3c6f170eb2a6fce3f43e80d7ab094e5c06bc8a276505aa957d651920aeab0a2,2026-09-23T00:00:00+00:00,2026-09-24T00:00:00+00:00,B4,directional_only,negative,unknown,,,middle,insufficient_evidence,,,proxy_complete,proxy_complete_no_claim,proxy_complete,scale_incompatible
978224b0ce270005b8da5cf308deb348c9b6e2b017a0a1b2de25974a61673dc2,phase4e_shadow_v1,2026-09-24,2026-09-24T19:02:39.570881+00:00,github-36045280392-1,80634446-9faf-4de8-bfa1-81ab2c7a0461,TER,USD,20,2026-09-23,389.1400146484375,eligible,,phase4_confidence_research_v1,e5a1072ba3754f9a7e6d60fde5003b579f6a2f73c41b846532159559ad84eb77,c062e4ff2369a9c96f9a36410a4af8397add8c31d8525a020c815f9d51dcb1c2,b6de5899ef419c2be611fab48868833a32c6481f701a0eaf65525513b46754b2,7319e125278a62d9a9f9fad72f66df45ebb3fa8f553ff36ddf3a173e09eeebc2,d3c6f170eb2a6fce3f43e80d7ab094e5c06bc8a276505aa957d651920aeab0a2,2026-09-23T00:00:00+00:00,2026-09-24T00:00:00+00:00,B4,immature,,unknown,,,unknown,insufficient_evidence,,,proxy_complete,proxy_complete_no_claim,proxy_insufficient,scale_incompatible
ef470f9f70992130c4a82269de7100adec99b6c3ea0f11d249a17c0592fa9aef,phase4e_shadow_v1,2026-09-24,2026-09-24T19:02:39.570881+00:00,github-36045280392-1,80634446-9faf-4de8-bfa1-81ab2c7a0461,TER,USD,40,2026-09-23,389.1400146484375,eligible,,phase4_confidence_research_v1,e5a1072ba3754f9a7e6d60fde5003b579f6a2f73c41b846532159559ad84eb77,c062e4ff2369a9c96f9a36410a4af8397add8c31d8525a020c815f9d51dcb1c2,b6de5899ef419c2be611fab48868833a32c6481f701a0eaf65525513b46754b2,7319e125278a62d9a9f9fad72f66df45ebb3fa8f553ff36ddf3a173e09eeebc2,d3c6f170eb2a6fce3f43e80d7ab094e5c06bc8a276505aa957d651920aeab0a2,2026-09-23T00:00:00+00:00,2026-09-24T00:00:00+00:00,B4,unavailable,,unknown,,,unknown,insufficient_evidence,,,proxy_complete,proxy_complete_no_claim,proxy_insufficient,scale_incompatible
0292d0c4e7d657d1c28d896541c5cf7b1628b8ea674159abdddb2ff6c4849690,phase4e_shadow_v1,2026-09-24,2026-09-24T19:02:39.570881+00:00,github-36045280392-1,80634446-9faf-4de8-bfa1-81ab2c7a0461,TER,USD,60,2026-09-23,389.1400146484375,eligible,,phase4_confidence_research_v1,e5a1072ba3754f9a7e6d60fde5003b579f6a2f73c41b846532159559ad84eb77,c062e4ff2369a9c96f9a36410a4af8397add8c31d8525a020c815f9d51dcb1c2,b6de5899ef419c2be611fab48868833a32c6481f701a0eaf65525513b46754b2,7319e125278a62d9a9f9fad72f66df45ebb3fa8f553ff36ddf3a173e09eeebc2,d3c6f170eb2a6fce3f43e80d7ab094e5c06bc8a276505aa957d651920aeab0a2,2026-09-23T00:00:00+00:00,2026-09-24T00:00:00+00:00,B4,unavailable,,unknown,,,unknown,insufficient_evidence,,,proxy_complete,proxy_complete_no_claim,proxy_insufficient,scale_incompatible
cb4198bfcbe794a047c8f7e8583c7e25bd49a8d81ac58b8fb45ab85635e6d73b,phase4e_shadow_v1,2026-09-24,2026-09-24T19:02:39.570881+00:00,github-36045280392-1,80634446-9faf-4de8-bfa1-81ab2c7a0461,TME,USD,5,2026-09-23,8.220000267028809,eligible,,phase4_confidence_research_v1,e5a1072ba3754f9a7e6d60fde5003b579f6a2f73c41b846532159559ad84eb77,c062e4ff2369a9c96f9a36410a4af8397add8c31d8525a020c815f9d51dcb1c2,b6de5899ef419c2be611fab48868833a32c6481f701a0eaf65525513b46754b2,7319e125278a62d9a9f9fad72f66df45ebb3fa8f553ff36ddf3a173e09eeebc2,d3c6f170eb2a6fce3f43e80d7ab094e5c06bc8a276505aa957d651920aeab0a2,2026-09-23T00:00:00+00:00,2026-09-24T00:00:00+00:00,B3,robust,positive,unknown,,,elevated,conflict,positive_return_claim_vs_elevated_downside_risk,positive,proxy_complete,proxy_complete_no_claim,proxy_complete,scale_incompatible
67d74b65c93babb3e131ea6ba2002593c1685f9457fdc3e9572930a4d6fb97b0,phase4e_shadow_v1,2026-09-24,2026-09-24T19:02:39.570881+00:00,github-36045280392-1,80634446-9faf-4de8-bfa1-81ab2c7a0461,TME,USD,20,2026-09-23,8.220000267028809,eligible,,phase4_confidence_research_v1,e5a1072ba3754f9a7e6d60fde5003b579f6a2f73c41b846532159559ad84eb77,c062e4ff2369a9c96f9a36410a4af8397add8c31d8525a020c815f9d51dcb1c2,b6de5899ef419c2be611fab48868833a32c6481f701a0eaf65525513b46754b2,7319e125278a62d9a9f9fad72f66df45ebb3fa8f553ff36ddf3a173e09eeebc2,d3c6f170eb2a6fce3f43e80d7ab094e5c06bc8a276505aa957d651920aeab0a2,2026-09-23T00:00:00+00:00,2026-09-24T00:00:00+00:00,B3,immature,,unknown,,,unknown,insufficient_evidence,,,proxy_complete,proxy_complete_no_claim,proxy_insufficient,scale_incompatible
c7c8f8c0e46e3d472f2d1e48662daa328b209d479966da36dac6038b3aa19f2e,phase4e_shadow_v1,2026-09-24,2026-09-24T19:02:39.570881+00:00,github-36045280392-1,80634446-9faf-4de8-bfa1-81ab2c7a0461,TME,USD,40,2026-09-23,8.220000267028809,eligible,,phase4_confidence_research_v1,e5a1072ba3754f9a7e6d60fde5003b579f6a2f73c41b846532159559ad84eb77,c062e4ff2369a9c96f9a36410a4af8397add8c31d8525a020c815f9d51dcb1c2,b6de5899ef419c2be611fab48868833a32c6481f701a0eaf65525513b46754b2,7319e125278a62d9a9f9fad72f66df45ebb3fa8f553ff36ddf3a173e09eeebc2,d3c6f170eb2a6fce3f43e80d7ab094e5c06bc8a276505aa957d651920aeab0a2,2026-09-23T00:00:00+00:00,2026-09-24T00:00:00+00:00,B3,unavailable,,unknown,,,unknown,insufficient_evidence,,,proxy_complete,proxy_complete_no_claim,proxy_insufficient,scale_incompatible
e3006d9e6fff2f7a3d0df0c2d8920ee3019310d91961713dbce925f775c52b75,phase4e_shadow_v1,2026-09-24,2026-09-24T19:02:39.570881+00:00,github-36045280392-1,80634446-9faf-4de8-bfa1-81ab2c7a0461,TME,USD,60,2026-09-23,8.220000267028809,eligible,,phase4_confidence_research_v1,e5a1072ba3754f9a7e6d60fde5003b579f6a2f73c41b846532159559ad84eb77,c062e4ff2369a9c96f9a36410a4af8397add8c31d8525a020c815f9d51dcb1c2,b6de5899ef419c2be611fab48868833a32c6481f701a0eaf65525513b46754b2,7319e125278a62d9a9f9fad72f66df45ebb3fa8f553ff36ddf3a173e09eeebc2,d3c6f170eb2a6fce3f43e80d7ab094e5c06bc8a276505aa957d651920aeab0a2,2026-09-23T00:00:00+00:00,2026-09-24T00:00:00+00:00,B3,unavailable,,unknown,,,unknown,insufficient_evidence,,,proxy_complete,proxy_complete_no_claim,proxy_insufficient,scale_incompatible
cc2c2b0dab8d6d23bb34175ea88c4f14ad94cc71d2ff332631a5544731bada16,phase4e_shadow_v1,2026-09-24,2026-09-24T19:02:39.570881+00:00,github-36045280392-1,80634446-9faf-4de8-bfa1-81ab2c7a0461,TOM.OL,NOK,5,2026-09-23,90.9499969482422,eligible,,phase4_confidence_research_v1,e5a1072ba3754f9a7e6d60fde5003b579f6a2f73c41b846532159559ad84eb77,c062e4ff2369a9c96f9a36410a4af8397add8c31d8525a020c815f9d51dcb1c2,b6de5899ef419c2be611fab48868833a32c6481f701a0eaf65525513b46754b2,7319e125278a62d9a9f9fad72f66df45ebb3fa8f553ff36ddf3a173e09eeebc2,d3c6f170eb2a6fce3f43e80d7ab094e5c06bc8a276505aa957d651920aeab0a2,2026-09-23T00:00:00+00:00,2026-09-24T00:00:00+00:00,B2,directional_only,negative,unknown,,,middle,insufficient_evidence,,,proxy_complete,proxy_complete_no_claim,proxy_complete,scale_incompatible
d58c7ff3bd62d1f84aa0e7919e1b68b3ddecc0ff83047c1516174cdc9a729596,phase4e_shadow_v1,2026-09-24,2026-09-24T19:02:39.570881+00:00,github-36045280392-1,80634446-9faf-4de8-bfa1-81ab2c7a0461,TOM.OL,NOK,20,2026-09-23,90.9499969482422,eligible,,phase4_confidence_research_v1,e5a1072ba3754f9a7e6d60fde5003b579f6a2f73c41b846532159559ad84eb77,c062e4ff2369a9c96f9a36410a4af8397add8c31d8525a020c815f9d51dcb1c2,b6de5899ef419c2be611fab48868833a32c6481f701a0eaf65525513b46754b2,7319e125278a62d9a9f9fad72f66df45ebb3fa8f553ff36ddf3a173e09eeebc2,d3c6f170eb2a6fce3f43e80d7ab094e5c06bc8a276505aa957d651920aeab0a2,2026-09-23T00:00:00+00:00,2026-09-24T00:00:00+00:00,B2,immature,,unknown,,,unknown,insufficient_evidence,,,proxy_complete,proxy_complete_no_claim,proxy_insufficient,scale_incompatible
5b0788dea209e4d315f9e68c47217c495f0d38841e5cd25b2b03ca9ccb535c97,phase4e_shadow_v1,2026-09-24,2026-09-24T19:02:39.570881+00:00,github-36045280392-1,80634446-9faf-4de8-bfa1-81ab2c7a0461,TOM.OL,NOK,40,2026-09-23,90.9499969482422,eligible,,phase4_confidence_research_v1,e5a1072ba3754f9a7e6d60fde5003b579f6a2f73c41b846532159559ad84eb77,c062e4ff2369a9c96f9a36410a4af8397add8c31d8525a020c815f9d51dcb1c2,b6de5899ef419c2be611fab48868833a32c6481f701a0eaf65525513b46754b2,7319e125278a62d9a9f9fad72f66df45ebb3fa8f553ff36ddf3a173e09eeebc2,d3c6f170eb2a6fce3f43e80d7ab094e5c06bc8a276505aa957d651920aeab0a2,2026-09-23T00:00:00+00:00,2026-09-24T00:00:00+00:00,B2,unavailable,,unknown,,,unknown,insufficient_evidence,,,proxy_complete,proxy_complete_no_claim,proxy_insufficient,scale_incompatible
d75476ed6738e79b336b5b17cf931a593213bd46a3c1f47007fe19f42405b7fc,phase4e_shadow_v1,2026-09-24,2026-09-24T19:02:39.570881+00:00,github-36045280392-1,80634446-9faf-4de8-bfa1-81ab2c7a0461,TOM.OL,NOK,60,2026-09-23,90.9499969482422,eligible,,phase4_confidence_research_v1,e5a1072ba3754f9a7e6d60fde5003b579f6a2f73c41b846532159559ad84eb77,c062e4ff2369a9c96f9a36410a4af8397add8c31d8525a020c815f9d51dcb1c2,b6de5899ef419c2be611fab48868833a32c6481f701a0eaf65525513b46754b2,7319e125278a62d9a9f9fad72f66df45ebb3fa8f553ff36ddf3a173e09eeebc2,d3c6f170eb2a6fce3f43e80d7ab094e5c06bc8a276505aa957d651920aeab0a2,2026-09-23T00:00:00+00:00,2026-09-24T00:00:00+00:00,B2,unavailable,,unknown,,,unknown,insufficient_evidence,,,proxy_complete,proxy_complete_no_claim,proxy_insufficient,scale_incompatible
6872ae3008f756f737e46f5939d394e9e5ceac45be525454476734ae3e6c7381,phase4e_shadow_v1,2026-09-24,2026-09-24T19:02:39.570881+00:00,github-36045280392-1,80634446-9faf-4de8-bfa1-81ab2c7a0461,TSLA,USD,5,2026-09-23,380.1199951171875,eligible,,phase4_confidence_research_v1,e5a1072ba3754f9a7e6d60fde5003b579f6a2f73c41b846532159559ad84eb77,c062e4ff2369a9c96f9a36410a4af8397add8c31d8525a020c815f9d51dcb1c2,b6de5899ef419c2be611fab48868833a32c6481f701a0eaf65525513b46754b2,7319e125278a62d9a9f9fad72f66df45ebb3fa8f553ff36ddf3a173e09eeebc2,d3c6f170eb2a6fce3f43e80d7ab094e5c06bc8a276505aa957d651920aeab0a2,2026-09-23T00:00:00+00:00,2026-09-24T00:00:00+00:00,B2,directional_only,negative,unknown,,,middle,insufficient_evidence,,,proxy_complete,proxy_complete_no_claim,proxy_complete,scale_incompatible
7547c56b589bfbce4cc8f4e1f1f697b6c3b6aa7f4a1a28fd201a9df00241d6bc,phase4e_shadow_v1,2026-09-24,2026-09-24T19:02:39.570881+00:00,github-36045280392-1,80634446-9faf-4de8-bfa1-81ab2c7a0461,TSLA,USD,20,2026-09-23,380.1199951171875,eligible,,phase4_confidence_research_v1,e5a1072ba3754f9a7e6d60fde5003b579f6a2f73c41b846532159559ad84eb77,c062e4ff2369a9c96f9a36410a4af8397add8c31d8525a020c815f9d51dcb1c2,b6de5899ef419c2be611fab48868833a32c6481f701a0eaf65525513b46754b2,7319e125278a62d9a9f9fad72f66df45ebb3fa8f553ff36ddf3a173e09eeebc2,d3c6f170eb2a6fce3f43e80d7ab094e5c06bc8a276505aa957d651920aeab0a2,2026-09-23T00:00:00+00:00,2026-09-24T00:00:00+00:00,B2,immature,,unknown,,,unknown,insufficient_evidence,,,proxy_complete,proxy_complete_no_claim,proxy_insufficient,scale_incompatible
b05d589d64ec253d6d889b3ee44ccbcb8fb8425f12829e9b75cfffc8d654abfc,phase4e_shadow_v1,2026-09-24,2026-09-24T19:02:39.570881+00:00,github-36045280392-1,80634446-9faf-4de8-bfa1-81ab2c7a0461,TSLA,USD,40,2026-09-23,380.1199951171875,eligible,,phase4_confidence_research_v1,e5a1072ba3754f9a7e6d60fde5003b579f6a2f73c41b846532159559ad84eb77,c062e4ff2369a9c96f9a36410a4af8397add8c31d8525a020c815f9d51dcb1c2,b6de5899ef419c2be611fab48868833a32c6481f701a0eaf65525513b46754b2,7319e125278a62d9a9f9fad72f66df45ebb3fa8f553ff36ddf3a173e09eeebc2,d3c6f170eb2a6fce3f43e80d7ab094e5c06bc8a276505aa957d651920aeab0a2,2026-09-23T00:00:00+00:00,2026-09-24T00:00:00+00:00,B2,unavailable,,unknown,,,unknown,insufficient_evidence,,,proxy_complete,proxy_complete_no_claim,proxy_insufficient,scale_incompatible
e5f1bce18a0106e89655b14c0915168c85e67c7171fc26da78d296231f3b33b1,phase4e_shadow_v1,2026-09-24,2026-09-24T19:02:39.570881+00:00,github-36045280392-1,80634446-9faf-4de8-bfa1-81ab2c7a0461,TSLA,USD,60,2026-09-23,380.1199951171875,eligible,,phase4_confidence_research_v1,e5a1072ba3754f9a7e6d60fde5003b579f6a2f73c41b846532159559ad84eb77,c062e4ff2369a9c96f9a36410a4af8397add8c31d8525a020c815f9d51dcb1c2,b6de5899ef419c2be611fab48868833a32c6481f701a0eaf65525513b46754b2,7319e125278a62d9a9f9fad72f66df45ebb3fa8f553ff36ddf3a173e09eeebc2,d3c6f170eb2a6fce3f43e80d7ab094e5c06bc8a276505aa957d651920aeab0a2,2026-09-23T00:00:00+00:00,2026-09-24T00:00:00+00:00,B2,unavailable,,unknown,,,unknown,insufficient_evidence,,,proxy_complete,proxy_complete_no_claim,proxy_insufficient,scale_incompatible
fb41274c48550df374a7b5b5a40c7d97328d4ec95a541693f6c6a5b5089c06e1,phase4e_shadow_v1,2026-09-24,2026-09-24T19:02:39.570881+00:00,github-36045280392-1,80634446-9faf-4de8-bfa1-81ab2c7a0461,TSMN.MX,MXN,5,2026-09-23,7842.75,eligible,,phase4_confidence_research_v1,e5a1072ba3754f9a7e6d60fde5003b579f6a2f73c41b846532159559ad84eb77,c062e4ff2369a9c96f9a36410a4af8397add8c31d8525a020c815f9d51dcb1c2,b6de5899ef419c2be611fab48868833a32c6481f701a0eaf65525513b46754b2,7319e125278a62d9a9f9fad72f66df45ebb3fa8f553ff36ddf3a173e09eeebc2,d3c6f170eb2a6fce3f43e80d7ab094e5c06bc8a276505aa957d651920aeab0a2,2026-09-23T00:00:00+00:00,2026-09-24T00:00:00+00:00,B5,robust,positive,unknown,,,low,single_model,,positive,proxy_complete,proxy_complete_no_claim,proxy_complete,scale_incompatible
89c910c83c8e219b3f771ac9eecd136bf2d7acbd21ac053de9660c2f3db174af,phase4e_shadow_v1,2026-09-24,2026-09-24T19:02:39.570881+00:00,github-36045280392-1,80634446-9faf-4de8-bfa1-81ab2c7a0461,TSMN.MX,MXN,20,2026-09-23,7842.75,eligible,,phase4_confidence_research_v1,e5a1072ba3754f9a7e6d60fde5003b579f6a2f73c41b846532159559ad84eb77,c062e4ff2369a9c96f9a36410a4af8397add8c31d8525a020c815f9d51dcb1c2,b6de5899ef419c2be611fab48868833a32c6481f701a0eaf65525513b46754b2,7319e125278a62d9a9f9fad72f66df45ebb3fa8f553ff36ddf3a173e09eeebc2,d3c6f170eb2a6fce3f43e80d7ab094e5c06bc8a276505aa957d651920aeab0a2,2026-09-23T00:00:00+00:00,2026-09-24T00:00:00+00:00,B5,immature,,unknown,,,unknown,insufficient_evidence,,,proxy_complete,proxy_complete_no_claim,proxy_insufficient,scale_incompatible
6bf081cd912e47e189ec67135e8697554adbcf9a690ff43fd63c4a55af81f996,phase4e_shadow_v1,2026-09-24,2026-09-24T19:02:39.570881+00:00,github-36045280392-1,80634446-9faf-4de8-bfa1-81ab2c7a0461,TSMN.MX,MXN,40,2026-09-23,7842.75,eligible,,phase4_confidence_research_v1,e5a1072ba3754f9a7e6d60fde5003b579f6a2f73c41b846532159559ad84eb77,c062e4ff2369a9c96f9a36410a4af8397add8c31d8525a020c815f9d51dcb1c2,b6de5899ef419c2be611fab48868833a32c6481f701a0eaf65525513b46754b2,7319e125278a62d9a9f9fad72f66df45ebb3fa8f553ff36ddf3a173e09eeebc2,d3c6f170eb2a6fce3f43e80d7ab094e5c06bc8a276505aa957d651920aeab0a2,2026-09-23T00:00:00+00:00,2026-09-24T00:00:00+00:00,B5,unavailable,,unknown,,,unknown,insufficient_evidence,,,proxy_complete,proxy_complete_no_claim,proxy_insufficient,scale_incompatible
e50102773eb3ece06a7396ed36ccda6d10fc880096fac672ec467d3995c8e4c3,phase4e_shadow_v1,2026-09-24,2026-09-24T19:02:39.570881+00:00,github-36045280392-1,80634446-9faf-4de8-bfa1-81ab2c7a0461,TSMN.MX,MXN,60,2026-09-23,7842.75,eligible,,phase4_confidence_research_v1,e5a1072ba3754f9a7e6d60fde5003b579f6a2f73c41b846532159559ad84eb77,c062e4ff2369a9c96f9a36410a4af8397add8c31d8525a020c815f9d51dcb1c2,b6de5899ef419c2be611fab48868833a32c6481f701a0eaf65525513b46754b2,7319e125278a62d9a9f9fad72f66df45ebb3fa8f553ff36ddf3a173e09eeebc2,d3c6f170eb2a6fce3f43e80d7ab094e5c06bc8a276505aa957d651920aeab0a2,2026-09-23T00:00:00+00:00,2026-09-24T00:00:00+00:00,B5,unavailable,,unknown,,,unknown,insufficient_evidence,,,proxy_complete,proxy_complete_no_claim,proxy_insufficient,scale_incompatible
1d192005c434e22902b873401f8b772f2e7ada7dbcceb0aeadca0c9d896c508e,phase4e_shadow_v1,2026-09-24,2026-09-24T19:02:39.570881+00:00,github-36045280392-1,80634446-9faf-4de8-bfa1-81ab2c7a0461,TTAN,USD,5,2026-09-23,61.650001525878906,eligible,,phase4_confidence_research_v1,e5a1072ba3754f9a7e6d60fde5003b579f6a2f73c41b846532159559ad84eb77,c062e4ff2369a9c96f9a36410a4af8397add8c31d8525a020c815f9d51dcb1c2,b6de5899ef419c2be611fab48868833a32c6481f701a0eaf65525513b46754b2,7319e125278a62d9a9f9fad72f66df45ebb3fa8f553ff36ddf3a173e09eeebc2,d3c6f170eb2a6fce3f43e80d7ab094e5c06bc8a276505aa957d651920aeab0a2,2026-09-23T00:00:00+00:00,2026-09-24T00:00:00+00:00,B1,directional_only,negative,unknown,,,middle,insufficient_evidence,,,proxy_complete,proxy_complete_no_claim,proxy_complete,scale_incompatible
dad244da1e9141679fde08726774b48c44bf5f35d494988c8d48416fa55b92ad,phase4e_shadow_v1,2026-09-24,2026-09-24T19:02:39.570881+00:00,github-36045280392-1,80634446-9faf-4de8-bfa1-81ab2c7a0461,TTAN,USD,20,2026-09-23,61.650001525878906,eligible,,phase4_confidence_research_v1,e5a1072ba3754f9a7e6d60fde5003b579f6a2f73c41b846532159559ad84eb77,c062e4ff2369a9c96f9a36410a4af8397add8c31d8525a020c815f9d51dcb1c2,b6de5899ef419c2be611fab48868833a32c6481f701a0eaf65525513b46754b2,7319e125278a62d9a9f9fad72f66df45ebb3fa8f553ff36ddf3a173e09eeebc2,d3c6f170eb2a6fce3f43e80d7ab094e5c06bc8a276505aa957d651920aeab0a2,2026-09-23T00:00:00+00:00,2026-09-24T00:00:00+00:00,B1,immature,,unknown,,,unknown,insufficient_evidence,,,proxy_complete,proxy_complete_no_claim,proxy_insufficient,scale_incompatible
3040a2d666f7b5b6d1dc728cf7e59785dddb9567e66a549e9f59741130e8c084,phase4e_shadow_v1,2026-09-24,2026-09-24T19:02:39.570881+00:00,github-36045280392-1,80634446-9faf-4de8-bfa1-81ab2c7a0461,TTAN,USD,40,2026-09-23,61.650001525878906,eligible,,phase4_confidence_research_v1,e5a1072ba3754f9a7e6d60fde5003b579f6a2f73c41b846532159559ad84eb77,c062e4ff2369a9c96f9a36410a4af8397add8c31d8525a020c815f9d51dcb1c2,b6de5899ef419c2be611fab48868833a32c6481f701a0eaf65525513b46754b2,7319e125278a62d9a9f9fad72f66df45ebb3fa8f553ff36ddf3a173e09eeebc2,d3c6f170eb2a6fce3f43e80d7ab094e5c06bc8a276505aa957d651920aeab0a2,2026-09-23T00:00:00+00:00,2026-09-24T00:00:00+00:00,B1,unavailable,,unknown,,,unknown,insufficient_evidence,,,proxy_complete,proxy_complete_no_claim,proxy_insufficient,scale_incompatible
1b5bb301c30fd8bf9945e392895214c47506eabde720df22b833663c5fa9387a,phase4e_shadow_v1,2026-09-24,2026-09-24T19:02:39.570881+00:00,github-36045280392-1,80634446-9faf-4de8-bfa1-81ab2c7a0461,TTAN,USD,60,2026-09-23,61.650001525878906,eligible,,phase4_confidence_research_v1,e5a1072ba3754f9a7e6d60fde5003b579f6a2f73c41b846532159559ad84eb77,c062e4ff2369a9c96f9a36410a4af8397add8c31d8525a020c815f9d51dcb1c2,b6de5899ef419c2be611fab48868833a32c6481f701a0eaf65525513b46754b2,7319e125278a62d9a9f9fad72f66df45ebb3fa8f553ff36ddf3a173e09eeebc2,d3c6f170eb2a6fce3f43e80d7ab094e5c06bc8a276505aa957d651920aeab0a2,2026-09-23T00:00:00+00:00,2026-09-24T00:00:00+00:00,B1,unavailable,,unknown,,,unknown,insufficient_evidence,,,proxy_complete,proxy_complete_no_claim,proxy_insufficient,scale_incompatible
0beb53a39ee310af5830a776a37c4c266e43af92f044521b92f1cae7b5a18761,phase4e_shadow_v1,2026-09-24,2026-09-24T19:02:39.570881+00:00,github-36045280392-1,80634446-9faf-4de8-bfa1-81ab2c7a0461,TTD,USD,5,2026-09-23,12.68000030517578,eligible,,phase4_confidence_research_v1,e5a1072ba3754f9a7e6d60fde5003b579f6a2f73c41b846532159559ad84eb77,c062e4ff2369a9c96f9a36410a4af8397add8c31d8525a020c815f9d51dcb1c2,b6de5899ef419c2be611fab48868833a32c6481f701a0eaf65525513b46754b2,7319e125278a62d9a9f9fad72f66df45ebb3fa8f553ff36ddf3a173e09eeebc2,d3c6f170eb2a6fce3f43e80d7ab094e5c06bc8a276505aa957d651920aeab0a2,2026-09-23T00:00:00+00:00,2026-09-24T00:00:00+00:00,B1,directional_only,negative,unknown,,,elevated,risk_only,,,proxy_complete,proxy_complete_no_claim,proxy_complete,scale_incompatible
f22eadfcd167511064a119aaf82f9adfdecc4e24010fcf7da3d3993992f2860a,phase4e_shadow_v1,2026-09-24,2026-09-24T19:02:39.570881+00:00,github-36045280392-1,80634446-9faf-4de8-bfa1-81ab2c7a0461,TTD,USD,20,2026-09-23,12.68000030517578,eligible,,phase4_confidence_research_v1,e5a1072ba3754f9a7e6d60fde5003b579f6a2f73c41b846532159559ad84eb77,c062e4ff2369a9c96f9a36410a4af8397add8c31d8525a020c815f9d51dcb1c2,b6de5899ef419c2be611fab48868833a32c6481f701a0eaf65525513b46754b2,7319e125278a62d9a9f9fad72f66df45ebb3fa8f553ff36ddf3a173e09eeebc2,d3c6f170eb2a6fce3f43e80d7ab094e5c06bc8a276505aa957d651920aeab0a2,2026-09-23T00:00:00+00:00,2026-09-24T00:00:00+00:00,B1,immature,,unknown,,,unknown,insufficient_evidence,,,proxy_complete,proxy_complete_no_claim,proxy_insufficient,scale_incompatible
572c498dfa5febf49f369bd771034f17d26f24ac218fe1f443df048248a14485,phase4e_shadow_v1,2026-09-24,2026-09-24T19:02:39.570881+00:00,github-36045280392-1,80634446-9faf-4de8-bfa1-81ab2c7a0461,TTD,USD,40,2026-09-23,12.68000030517578,eligible,,phase4_confidence_research_v1,e5a1072ba3754f9a7e6d60fde5003b579f6a2f73c41b846532159559ad84eb77,c062e4ff2369a9c96f9a36410a4af8397add8c31d8525a020c815f9d51dcb1c2,b6de5899ef419c2be611fab48868833a32c6481f701a0eaf65525513b46754b2,7319e125278a62d9a9f9fad72f66df45ebb3fa8f553ff36ddf3a173e09eeebc2,d3c6f170eb2a6fce3f43e80d7ab094e5c06bc8a276505aa957d651920aeab0a2,2026-09-23T00:00:00+00:00,2026-09-24T00:00:00+00:00,B1,unavailable,,unknown,,,unknown,insufficient_evidence,,,proxy_complete,proxy_complete_no_claim,proxy_insufficient,scale_incompatible
86dd4554e39bc45e35db3c40aa61ac56adb9e8b5f1026e376e1979a7cf1b41e6,phase4e_shadow_v1,2026-09-24,2026-09-24T19:02:39.570881+00:00,github-36045280392-1,80634446-9faf-4de8-bfa1-81ab2c7a0461,TTD,USD,60,2026-09-23,12.68000030517578,eligible,,phase4_confidence_research_v1,e5a1072ba3754f9a7e6d60fde5003b579f6a2f73c41b846532159559ad84eb77,c062e4ff2369a9c96f9a36410a4af8397add8c31d8525a020c815f9d51dcb1c2,b6de5899ef419c2be611fab48868833a32c6481f701a0eaf65525513b46754b2,7319e125278a62d9a9f9fad72f66df45ebb3fa8f553ff36ddf3a173e09eeebc2,d3c6f170eb2a6fce3f43e80d7ab094e5c06bc8a276505aa957d651920aeab0a2,2026-09-23T00:00:00+00:00,2026-09-24T00:00:00+00:00,B1,unavailable,,unknown,,,unknown,insufficient_evidence,,,proxy_complete,proxy_complete_no_claim,proxy_insufficient,scale_incompatible
8508ef8be50a50a7ea4220c15ddb3bc249c981f3404562f71cfedd4fc0e50f88,phase4e_shadow_v1,2026-09-24,2026-09-24T19:02:39.570881+00:00,github-36045280392-1,80634446-9faf-4de8-bfa1-81ab2c7a0461,TTK.DE,EUR,5,2026-09-23,3.039999961853028,eligible,,phase4_confidence_research_v1,e5a1072ba3754f9a7e6d60fde5003b579f6a2f73c41b846532159559ad84eb77,c062e4ff2369a9c96f9a36410a4af8397add8c31d8525a020c815f9d51dcb1c2,b6de5899ef419c2be611fab48868833a32c6481f701a0eaf65525513b46754b2,7319e125278a62d9a9f9fad72f66df45ebb3fa8f553ff36ddf3a173e09eeebc2,d3c6f170eb2a6fce3f43e80d7ab094e5c06bc8a276505aa957d651920aeab0a2,2026-09-23T00:00:00+00:00,2026-09-24T00:00:00+00:00,B2,directional_only,negative,unknown,,,elevated,risk_only,,,proxy_complete,proxy_complete_no_claim,proxy_complete,scale_incompatible
dcb6a2a802d805960bd57175db2fd14c89ee8cde113f96ce2d7641078aa1b0e7,phase4e_shadow_v1,2026-09-24,2026-09-24T19:02:39.570881+00:00,github-36045280392-1,80634446-9faf-4de8-bfa1-81ab2c7a0461,TTK.DE,EUR,20,2026-09-23,3.039999961853028,eligible,,phase4_confidence_research_v1,e5a1072ba3754f9a7e6d60fde5003b579f6a2f73c41b846532159559ad84eb77,c062e4ff2369a9c96f9a36410a4af8397add8c31d8525a020c815f9d51dcb1c2,b6de5899ef419c2be611fab48868833a32c6481f701a0eaf65525513b46754b2,7319e125278a62d9a9f9fad72f66df45ebb3fa8f553ff36ddf3a173e09eeebc2,d3c6f170eb2a6fce3f43e80d7ab094e5c06bc8a276505aa957d651920aeab0a2,2026-09-23T00:00:00+00:00,2026-09-24T00:00:00+00:00,B2,immature,,unknown,,,unknown,insufficient_evidence,,,proxy_complete,proxy_complete_no_claim,proxy_insufficient,scale_incompatible
e317bb65e95fbc3a1410e8199b478119c0170e7306854c8ab0294bacf1483df3,phase4e_shadow_v1,2026-09-24,2026-09-24T19:02:39.570881+00:00,github-36045280392-1,80634446-9faf-4de8-bfa1-81ab2c7a0461,TTK.DE,EUR,40,2026-09-23,3.039999961853028,eligible,,phase4_confidence_research_v1,e5a1072ba3754f9a7e6d60fde5003b579f6a2f73c41b846532159559ad84eb77,c062e4ff2369a9c96f9a36410a4af8397add8c31d8525a020c815f9d51dcb1c2,b6de5899ef419c2be611fab48868833a32c6481f701a0eaf65525513b46754b2,7319e125278a62d9a9f9fad72f66df45ebb3fa8f553ff36ddf3a173e09eeebc2,d3c6f170eb2a6fce3f43e80d7ab094e5c06bc8a276505aa957d651920aeab0a2,2026-09-23T00:00:00+00:00,2026-09-24T00:00:00+00:00,B2,unavailable,,unknown,,,unknown,insufficient_evidence,,,proxy_complete,proxy_complete_no_claim,proxy_insufficient,scale_incompatible
5a75b6506b50b0ee132d1097795e3e01b73cac67eae512e7d331582792c40179,phase4e_shadow_v1,2026-09-24,2026-09-24T19:02:39.570881+00:00,github-36045280392-1,80634446-9faf-4de8-bfa1-81ab2c7a0461,TTK.DE,EUR,60,2026-09-23,3.039999961853028,eligible,,phase4_confidence_research_v1,e5a1072ba3754f9a7e6d60fde5003b579f6a2f73c41b846532159559ad84eb77,c062e4ff2369a9c96f9a36410a4af8397add8c31d8525a020c815f9d51dcb1c2,b6de5899ef419c2be611fab48868833a32c6481f701a0eaf65525513b46754b2,7319e125278a62d9a9f9fad72f66df45ebb3fa8f553ff36ddf3a173e09eeebc2,d3c6f170eb2a6fce3f43e80d7ab094e5c06bc8a276505aa957d651920aeab0a2,2026-09-23T00:00:00+00:00,2026-09-24T00:00:00+00:00,B2,unavailable,,unknown,,,unknown,insufficient_evidence,,,proxy_complete,proxy_complete_no_claim,proxy_insufficient,scale_incompatible
e3cf2e681d916adce357d6fc7adcb70bfd00528d3626a053d9aa7671d8f2d062,phase4e_shadow_v1,2026-09-24,2026-09-24T19:02:39.570881+00:00,github-36045280392-1,80634446-9faf-4de8-bfa1-81ab2c7a0461,UAA,USD,5,2026-09-23,4.53000020980835,eligible,,phase4_confidence_research_v1,e5a1072ba3754f9a7e6d60fde5003b579f6a2f73c41b846532159559ad84eb77,c062e4ff2369a9c96f9a36410a4af8397add8c31d8525a020c815f9d51dcb1c2,b6de5899ef419c2be611fab48868833a32c6481f701a0eaf65525513b46754b2,7319e125278a62d9a9f9fad72f66df45ebb3fa8f553ff36ddf3a173e09eeebc2,d3c6f170eb2a6fce3f43e80d7ab094e5c06bc8a276505aa957d651920aeab0a2,2026-09-23T00:00:00+00:00,2026-09-24T00:00:00+00:00,B1,directional_only,negative,unknown,,,middle,insufficient_evidence,,,proxy_complete,proxy_complete_no_claim,proxy_complete,scale_incompatible
a6bc4f3effce9757c475dff40f312827e765f227fa1a7532a161ff2bba3f0f80,phase4e_shadow_v1,2026-09-24,2026-09-24T19:02:39.570881+00:00,github-36045280392-1,80634446-9faf-4de8-bfa1-81ab2c7a0461,UAA,USD,20,2026-09-23,4.53000020980835,eligible,,phase4_confidence_research_v1,e5a1072ba3754f9a7e6d60fde5003b579f6a2f73c41b846532159559ad84eb77,c062e4ff2369a9c96f9a36410a4af8397add8c31d8525a020c815f9d51dcb1c2,b6de5899ef419c2be611fab48868833a32c6481f701a0eaf65525513b46754b2,7319e125278a62d9a9f9fad72f66df45ebb3fa8f553ff36ddf3a173e09eeebc2,d3c6f170eb2a6fce3f43e80d7ab094e5c06bc8a276505aa957d651920aeab0a2,2026-09-23T00:00:00+00:00,2026-09-24T00:00:00+00:00,B1,immature,,unknown,,,unknown,insufficient_evidence,,,proxy_complete,proxy_complete_no_claim,proxy_insufficient,scale_incompatible
7758e0018828cac316ddb6eeabfa43ec80baa3cf475fd0a30e3b6b6ca61aaa1a,phase4e_shadow_v1,2026-09-24,2026-09-24T19:02:39.570881+00:00,github-36045280392-1,80634446-9faf-4de8-bfa1-81ab2c7a0461,UAA,USD,40,2026-09-23,4.53000020980835,eligible,,phase4_confidence_research_v1,e5a1072ba3754f9a7e6d60fde5003b579f6a2f73c41b846532159559ad84eb77,c062e4ff2369a9c96f9a36410a4af8397add8c31d8525a020c815f9d51dcb1c2,b6de5899ef419c2be611fab48868833a32c6481f701a0eaf65525513b46754b2,7319e125278a62d9a9f9fad72f66df45ebb3fa8f553ff36ddf3a173e09eeebc2,d3c6f170eb2a6fce3f43e80d7ab094e5c06bc8a276505aa957d651920aeab0a2,2026-09-23T00:00:00+00:00,2026-09-24T00:00:00+00:00,B1,unavailable,,unknown,,,unknown,insufficient_evidence,,,proxy_complete,proxy_complete_no_claim,proxy_insufficient,scale_incompatible
78e02326ea57b0a156bc35891ffcd2cdec4d5e58f4940c287bb9b3eaa26fbc9c,phase4e_shadow_v1,2026-09-24,2026-09-24T19:02:39.570881+00:00,github-36045280392-1,80634446-9faf-4de8-bfa1-81ab2c7a0461,UAA,USD,60,2026-09-23,4.53000020980835,eligible,,phase4_confidence_research_v1,e5a1072ba3754f9a7e6d60fde5003b579f6a2f73c41b846532159559ad84eb77,c062e4ff2369a9c96f9a36410a4af8397add8c31d8525a020c815f9d51dcb1c2,b6de5899ef419c2be611fab48868833a32c6481f701a0eaf65525513b46754b2,7319e125278a62d9a9f9fad72f66df45ebb3fa8f553ff36ddf3a173e09eeebc2,d3c6f170eb2a6fce3f43e80d7ab094e5c06bc8a276505aa957d651920aeab0a2,2026-09-23T00:00:00+00:00,2026-09-24T00:00:00+00:00,B1,unavailable,,unknown,,,unknown,insufficient_evidence,,,proxy_complete,proxy_complete_no_claim,proxy_insufficient,scale_incompatible
34763a779ada8c40cf3944c4e8fcb4f2de72f54467be608fb55f55842870e6c0,phase4e_shadow_v1,2026-09-24,2026-09-24T19:02:39.570881+00:00,github-36045280392-1,80634446-9faf-4de8-bfa1-81ab2c7a0461,UBER,USD,5,2026-09-23,69.41999816894531,eligible,,phase4_confidence_research_v1,e5a1072ba3754f9a7e6d60fde5003b579f6a2f73c41b846532159559ad84eb77,c062e4ff2369a9c96f9a36410a4af8397add8c31d8525a020c815f9d51dcb1c2,b6de5899ef419c2be611fab48868833a32c6481f701a0eaf65525513b46754b2,7319e125278a62d9a9f9fad72f66df45ebb3fa8f553ff36ddf3a173e09eeebc2,d3c6f170eb2a6fce3f43e80d7ab094e5c06bc8a276505aa957d651920aeab0a2,2026-09-23T00:00:00+00:00,2026-09-24T00:00:00+00:00,B3,robust,positive,unknown,,,middle,single_model,,positive,proxy_complete,proxy_complete_no_claim,proxy_complete,scale_incompatible
64c27136257470fcbc11fb6236a7ae7a7666ee23a2e21e1b1aa667243803f4ca,phase4e_shadow_v1,2026-09-24,2026-09-24T19:02:39.570881+00:00,github-36045280392-1,80634446-9faf-4de8-bfa1-81ab2c7a0461,UBER,USD,20,2026-09-23,69.41999816894531,eligible,,phase4_confidence_research_v1,e5a1072ba3754f9a7e6d60fde5003b579f6a2f73c41b846532159559ad84eb77,c062e4ff2369a9c96f9a36410a4af8397add8c31d8525a020c815f9d51dcb1c2,b6de5899ef419c2be611fab48868833a32c6481f701a0eaf65525513b46754b2,7319e125278a62d9a9f9fad72f66df45ebb3fa8f553ff36ddf3a173e09eeebc2,d3c6f170eb2a6fce3f43e80d7ab094e5c06bc8a276505aa957d651920aeab0a2,2026-09-23T00:00:00+00:00,2026-09-24T00:00:00+00:00,B3,immature,,unknown,,,unknown,insufficient_evidence,,,proxy_complete,proxy_complete_no_claim,proxy_insufficient,scale_incompatible
87cb53d20ba28fa4d40b5e257acdec3a6543a206337656af7e85855e6e979bf9,phase4e_shadow_v1,2026-09-24,2026-09-24T19:02:39.570881+00:00,github-36045280392-1,80634446-9faf-4de8-bfa1-81ab2c7a0461,UBER,USD,40,2026-09-23,69.41999816894531,eligible,,phase4_confidence_research_v1,e5a1072ba3754f9a7e6d60fde5003b579f6a2f73c41b846532159559ad84eb77,c062e4ff2369a9c96f9a36410a4af8397add8c31d8525a020c815f9d51dcb1c2,b6de5899ef419c2be611fab48868833a32c6481f701a0eaf65525513b46754b2,7319e125278a62d9a9f9fad72f66df45ebb3fa8f553ff36ddf3a173e09eeebc2,d3c6f170eb2a6fce3f43e80d7ab094e5c06bc8a276505aa957d651920aeab0a2,2026-09-23T00:00:00+00:00,2026-09-24T00:00:00+00:00,B3,unavailable,,unknown,,,unknown,insufficient_evidence,,,proxy_complete,proxy_complete_no_claim,proxy_insufficient,scale_incompatible
0a7ae4f2305cafc92fb535e407a2c30dae6c206711557fa184036509a988acbc,phase4e_shadow_v1,2026-09-24,2026-09-24T19:02:39.570881+00:00,github-36045280392-1,80634446-9faf-4de8-bfa1-81ab2c7a0461,UBER,USD,60,2026-09-23,69.41999816894531,eligible,,phase4_confidence_research_v1,e5a1072ba3754f9a7e6d60fde5003b579f6a2f73c41b846532159559ad84eb77,c062e4ff2369a9c96f9a36410a4af8397add8c31d8525a020c815f9d51dcb1c2,b6de5899ef419c2be611fab48868833a32c6481f701a0eaf65525513b46754b2,7319e125278a62d9a9f9fad72f66df45ebb3fa8f553ff36ddf3a173e09eeebc2,d3c6f170eb2a6fce3f43e80d7ab094e5c06bc8a276505aa957d651920aeab0a2,2026-09-23T00:00:00+00:00,2026-09-24T00:00:00+00:00,B3,unavailable,,unknown,,,unknown,insufficient_evidence,,,proxy_complete,proxy_complete_no_claim,proxy_insufficient,scale_incompatible
94651dc060bf354d7576e48bd75c9c3078ea24fc6dea405cae7fdcd60a85fa16,phase4e_shadow_v1,2026-09-24,2026-09-24T19:02:39.570881+00:00,github-36045280392-1,80634446-9faf-4de8-bfa1-81ab2c7a0461,UEC,USD,5,2026-09-23,9.949999809265137,eligible,,phase4_confidence_research_v1,e5a1072ba3754f9a7e6d60fde5003b579f6a2f73c41b846532159559ad84eb77,c062e4ff2369a9c96f9a36410a4af8397add8c31d8525a020c815f9d51dcb1c2,b6de5899ef419c2be611fab48868833a32c6481f701a0eaf65525513b46754b2,7319e125278a62d9a9f9fad72f66df45ebb3fa8f553ff36ddf3a173e09eeebc2,d3c6f170eb2a6fce3f43e80d7ab094e5c06bc8a276505aa957d651920aeab0a2,2026-09-23T00:00:00+00:00,2026-09-24T00:00:00+00:00,B1,directional_only,negative,unknown,,,elevated,risk_only,,,proxy_complete,proxy_complete_no_claim,proxy_complete,scale_incompatible
d4018e66b013b2a309e731ca7ef87c9b0ff21c0f0d1a75c895d36f3bffa59239,phase4e_shadow_v1,2026-09-24,2026-09-24T19:02:39.570881+00:00,github-36045280392-1,80634446-9faf-4de8-bfa1-81ab2c7a0461,UEC,USD,20,2026-09-23,9.949999809265137,eligible,,phase4_confidence_research_v1,e5a1072ba3754f9a7e6d60fde5003b579f6a2f73c41b846532159559ad84eb77,c062e4ff2369a9c96f9a36410a4af8397add8c31d8525a020c815f9d51dcb1c2,b6de5899ef419c2be611fab48868833a32c6481f701a0eaf65525513b46754b2,7319e125278a62d9a9f9fad72f66df45ebb3fa8f553ff36ddf3a173e09eeebc2,d3c6f170eb2a6fce3f43e80d7ab094e5c06bc8a276505aa957d651920aeab0a2,2026-09-23T00:00:00+00:00,2026-09-24T00:00:00+00:00,B1,immature,,unknown,,,unknown,insufficient_evidence,,,proxy_complete,proxy_complete_no_claim,proxy_insufficient,scale_incompatible
295ee2345ff4c162d2e9eabe66dad70ebcd5012092dc476f21fc682320a1f05b,phase4e_shadow_v1,2026-09-24,2026-09-24T19:02:39.570881+00:00,github-36045280392-1,80634446-9faf-4de8-bfa1-81ab2c7a0461,UEC,USD,40,2026-09-23,9.949999809265137,eligible,,phase4_confidence_research_v1,e5a1072ba3754f9a7e6d60fde5003b579f6a2f73c41b846532159559ad84eb77,c062e4ff2369a9c96f9a36410a4af8397add8c31d8525a020c815f9d51dcb1c2,b6de5899ef419c2be611fab48868833a32c6481f701a0eaf65525513b46754b2,7319e125278a62d9a9f9fad72f66df45ebb3fa8f553ff36ddf3a173e09eeebc2,d3c6f170eb2a6fce3f43e80d7ab094e5c06bc8a276505aa957d651920aeab0a2,2026-09-23T00:00:00+00:00,2026-09-24T00:00:00+00:00,B1,unavailable,,unknown,,,unknown,insufficient_evidence,,,proxy_complete,proxy_complete_no_claim,proxy_insufficient,scale_incompatible
0cec2f038816b7e67e235f711dcbb5a1d704f7b502c68252766dcbf30a7802ff,phase4e_shadow_v1,2026-09-24,2026-09-24T19:02:39.570881+00:00,github-36045280392-1,80634446-9faf-4de8-bfa1-81ab2c7a0461,UEC,USD,60,2026-09-23,9.949999809265137,eligible,,phase4_confidence_research_v1,e5a1072ba3754f9a7e6d60fde5003b579f6a2f73c41b846532159559ad84eb77,c062e4ff2369a9c96f9a36410a4af8397add8c31d8525a020c815f9d51dcb1c2,b6de5899ef419c2be611fab48868833a32c6481f701a0eaf65525513b46754b2,7319e125278a62d9a9f9fad72f66df45ebb3fa8f553ff36ddf3a173e09eeebc2,d3c6f170eb2a6fce3f43e80d7ab094e5c06bc8a276505aa957d651920aeab0a2,2026-09-23T00:00:00+00:00,2026-09-24T00:00:00+00:00,B1,unavailable,,unknown,,,unknown,insufficient_evidence,,,proxy_complete,proxy_complete_no_claim,proxy_insufficient,scale_incompatible
033fadabddf3bd7a1c8c0aed4df08e91f1cca1ee7f26d4ce799aaacd3112cbd9,phase4e_shadow_v1,2026-09-24,2026-09-24T19:02:39.570881+00:00,github-36045280392-1,80634446-9faf-4de8-bfa1-81ab2c7a0461,UMI.BR,EUR,5,2026-09-23,21.479999542236328,eligible,,phase4_confidence_research_v1,e5a1072ba3754f9a7e6d60fde5003b579f6a2f73c41b846532159559ad84eb77,c062e4ff2369a9c96f9a36410a4af8397add8c31d8525a020c815f9d51dcb1c2,b6de5899ef419c2be611fab48868833a32c6481f701a0eaf65525513b46754b2,7319e125278a62d9a9f9fad72f66df45ebb3fa8f553ff36ddf3a173e09eeebc2,d3c6f170eb2a6fce3f43e80d7ab094e5c06bc8a276505aa957d651920aeab0a2,2026-09-23T00:00:00+00:00,2026-09-24T00:00:00+00:00,B3,robust,positive,unknown,,,middle,single_model,,positive,proxy_complete,proxy_complete_no_claim,proxy_complete,scale_incompatible
264bd4bf1e4dcdaf5c7a8e3873c4275d26dcf1728895116396c1f57b27d91b22,phase4e_shadow_v1,2026-09-24,2026-09-24T19:02:39.570881+00:00,github-36045280392-1,80634446-9faf-4de8-bfa1-81ab2c7a0461,UMI.BR,EUR,20,2026-09-23,21.479999542236328,eligible,,phase4_confidence_research_v1,e5a1072ba3754f9a7e6d60fde5003b579f6a2f73c41b846532159559ad84eb77,c062e4ff2369a9c96f9a36410a4af8397add8c31d8525a020c815f9d51dcb1c2,b6de5899ef419c2be611fab48868833a32c6481f701a0eaf65525513b46754b2,7319e125278a62d9a9f9fad72f66df45ebb3fa8f553ff36ddf3a173e09eeebc2,d3c6f170eb2a6fce3f43e80d7ab094e5c06bc8a276505aa957d651920aeab0a2,2026-09-23T00:00:00+00:00,2026-09-24T00:00:00+00:00,B3,immature,,unknown,,,unknown,insufficient_evidence,,,proxy_complete,proxy_complete_no_claim,proxy_insufficient,scale_incompatible
7ba332e05d2b36a22122f426a24b171434a09b96241081535af68b08c19475f9,phase4e_shadow_v1,2026-09-24,2026-09-24T19:02:39.570881+00:00,github-36045280392-1,80634446-9faf-4de8-bfa1-81ab2c7a0461,UMI.BR,EUR,40,2026-09-23,21.479999542236328,eligible,,phase4_confidence_research_v1,e5a1072ba3754f9a7e6d60fde5003b579f6a2f73c41b846532159559ad84eb77,c062e4ff2369a9c96f9a36410a4af8397add8c31d8525a020c815f9d51dcb1c2,b6de5899ef419c2be611fab48868833a32c6481f701a0eaf65525513b46754b2,7319e125278a62d9a9f9fad72f66df45ebb3fa8f553ff36ddf3a173e09eeebc2,d3c6f170eb2a6fce3f43e80d7ab094e5c06bc8a276505aa957d651920aeab0a2,2026-09-23T00:00:00+00:00,2026-09-24T00:00:00+00:00,B3,unavailable,,unknown,,,unknown,insufficient_evidence,,,proxy_complete,proxy_complete_no_claim,proxy_insufficient,scale_incompatible
9aef99c80eb37687108d01c6bd24af96f94f18140dacfd131d080f9951781fc9,phase4e_shadow_v1,2026-09-24,2026-09-24T19:02:39.570881+00:00,github-36045280392-1,80634446-9faf-4de8-bfa1-81ab2c7a0461,UMI.BR,EUR,60,2026-09-23,21.479999542236328,eligible,,phase4_confidence_research_v1,e5a1072ba3754f9a7e6d60fde5003b579f6a2f73c41b846532159559ad84eb77,c062e4ff2369a9c96f9a36410a4af8397add8c31d8525a020c815f9d51dcb1c2,b6de5899ef419c2be611fab48868833a32c6481f701a0eaf65525513b46754b2,7319e125278a62d9a9f9fad72f66df45ebb3fa8f553ff36ddf3a173e09eeebc2,d3c6f170eb2a6fce3f43e80d7ab094e5c06bc8a276505aa957d651920aeab0a2,2026-09-23T00:00:00+00:00,2026-09-24T00:00:00+00:00,B3,unavailable,,unknown,,,unknown,insufficient_evidence,,,proxy_complete,proxy_complete_no_claim,proxy_insufficient,scale_incompatible
5f13b52f20c572e251aa8b85ff6664bd06858c8d47f003d45216997fc0365361,phase4e_shadow_v1,2026-09-24,2026-09-24T19:02:39.570881+00:00,github-36045280392-1,80634446-9faf-4de8-bfa1-81ab2c7a0461,UNH,USD,5,2026-09-23,371.2900085449219,eligible,,phase4_confidence_research_v1,e5a1072ba3754f9a7e6d60fde5003b579f6a2f73c41b846532159559ad84eb77,c062e4ff2369a9c96f9a36410a4af8397add8c31d8525a020c815f9d51dcb1c2,b6de5899ef419c2be611fab48868833a32c6481f701a0eaf65525513b46754b2,7319e125278a62d9a9f9fad72f66df45ebb3fa8f553ff36ddf3a173e09eeebc2,d3c6f170eb2a6fce3f43e80d7ab094e5c06bc8a276505aa957d651920aeab0a2,2026-09-23T00:00:00+00:00,2026-09-24T00:00:00+00:00,B2,directional_only,negative,unknown,,,middle,insufficient_evidence,,,proxy_complete,proxy_complete_no_claim,proxy_complete,scale_incompatible
e427181e6441b376b00975a278db4c4f70d1ea4ed9041b55abb3c60e35e64263,phase4e_shadow_v1,2026-09-24,2026-09-24T19:02:39.570881+00:00,github-36045280392-1,80634446-9faf-4de8-bfa1-81ab2c7a0461,UNH,USD,20,2026-09-23,371.2900085449219,eligible,,phase4_confidence_research_v1,e5a1072ba3754f9a7e6d60fde5003b579f6a2f73c41b846532159559ad84eb77,c062e4ff2369a9c96f9a36410a4af8397add8c31d8525a020c815f9d51dcb1c2,b6de5899ef419c2be611fab48868833a32c6481f701a0eaf65525513b46754b2,7319e125278a62d9a9f9fad72f66df45ebb3fa8f553ff36ddf3a173e09eeebc2,d3c6f170eb2a6fce3f43e80d7ab094e5c06bc8a276505aa957d651920aeab0a2,2026-09-23T00:00:00+00:00,2026-09-24T00:00:00+00:00,B2,immature,,unknown,,,unknown,insufficient_evidence,,,proxy_complete,proxy_complete_no_claim,proxy_insufficient,scale_incompatible
054f1c5604da68d13e50c5326555e733933d514957e018af93d2d60d7a00f10c,phase4e_shadow_v1,2026-09-24,2026-09-24T19:02:39.570881+00:00,github-36045280392-1,80634446-9faf-4de8-bfa1-81ab2c7a0461,UNH,USD,40,2026-09-23,371.2900085449219,eligible,,phase4_confidence_research_v1,e5a1072ba3754f9a7e6d60fde5003b579f6a2f73c41b846532159559ad84eb77,c062e4ff2369a9c96f9a36410a4af8397add8c31d8525a020c815f9d51dcb1c2,b6de5899ef419c2be611fab48868833a32c6481f701a0eaf65525513b46754b2,7319e125278a62d9a9f9fad72f66df45ebb3fa8f553ff36ddf3a173e09eeebc2,d3c6f170eb2a6fce3f43e80d7ab094e5c06bc8a276505aa957d651920aeab0a2,2026-09-23T00:00:00+00:00,2026-09-24T00:00:00+00:00,B2,unavailable,,unknown,,,unknown,insufficient_evidence,,,proxy_complete,proxy_complete_no_claim,proxy_insufficient,scale_incompatible
cac590432cd3e635dc3cd812c61314bfe577dd9a1df524166f9b72f1fa9e4ee3,phase4e_shadow_v1,2026-09-24,2026-09-24T19:02:39.570881+00:00,github-36045280392-1,80634446-9faf-4de8-bfa1-81ab2c7a0461,UNH,USD,60,2026-09-23,371.2900085449219,eligible,,phase4_confidence_research_v1,e5a1072ba3754f9a7e6d60fde5003b579f6a2f73c41b846532159559ad84eb77,c062e4ff2369a9c96f9a36410a4af8397add8c31d8525a020c815f9d51dcb1c2,b6de5899ef419c2be611fab48868833a32c6481f701a0eaf65525513b46754b2,7319e125278a62d9a9f9fad72f66df45ebb3fa8f553ff36ddf3a173e09eeebc2,d3c6f170eb2a6fce3f43e80d7ab094e5c06bc8a276505aa957d651920aeab0a2,2026-09-23T00:00:00+00:00,2026-09-24T00:00:00+00:00,B2,unavailable,,unknown,,,unknown,insufficient_evidence,,,proxy_complete,proxy_complete_no_claim,proxy_insufficient,scale_incompatible
d61ed02a04f2f7194145cc40b0059db7ab1cffc99c5560355b5e1559424c586a,phase4e_shadow_v1,2026-09-24,2026-09-24T19:02:39.570881+00:00,github-36045280392-1,80634446-9faf-4de8-bfa1-81ab2c7a0461,USAR,USD,5,2026-09-23,15.829999923706056,eligible,,phase4_confidence_research_v1,e5a1072ba3754f9a7e6d60fde5003b579f6a2f73c41b846532159559ad84eb77,c062e4ff2369a9c96f9a36410a4af8397add8c31d8525a020c815f9d51dcb1c2,b6de5899ef419c2be611fab48868833a32c6481f701a0eaf65525513b46754b2,7319e125278a62d9a9f9fad72f66df45ebb3fa8f553ff36ddf3a173e09eeebc2,d3c6f170eb2a6fce3f43e80d7ab094e5c06bc8a276505aa957d651920aeab0a2,2026-09-23T00:00:00+00:00,2026-09-24T00:00:00+00:00,B1,directional_only,negative,unknown,,,elevated,risk_only,,,proxy_complete,proxy_complete_no_claim,proxy_complete,scale_incompatible
111d40e78c587214164075dc3e35887bd73b8841033c226db52805d40b5633cf,phase4e_shadow_v1,2026-09-24,2026-09-24T19:02:39.570881+00:00,github-36045280392-1,80634446-9faf-4de8-bfa1-81ab2c7a0461,USAR,USD,20,2026-09-23,15.829999923706056,eligible,,phase4_confidence_research_v1,e5a1072ba3754f9a7e6d60fde5003b579f6a2f73c41b846532159559ad84eb77,c062e4ff2369a9c96f9a36410a4af8397add8c31d8525a020c815f9d51dcb1c2,b6de5899ef419c2be611fab48868833a32c6481f701a0eaf65525513b46754b2,7319e125278a62d9a9f9fad72f66df45ebb3fa8f553ff36ddf3a173e09eeebc2,d3c6f170eb2a6fce3f43e80d7ab094e5c06bc8a276505aa957d651920aeab0a2,2026-09-23T00:00:00+00:00,2026-09-24T00:00:00+00:00,B1,immature,,unknown,,,unknown,insufficient_evidence,,,proxy_complete,proxy_complete_no_claim,proxy_insufficient,scale_incompatible
d499902d128a21cf74db07c1681819790e383239fe926981a9956ed94d743db9,phase4e_shadow_v1,2026-09-24,2026-09-24T19:02:39.570881+00:00,github-36045280392-1,80634446-9faf-4de8-bfa1-81ab2c7a0461,USAR,USD,40,2026-09-23,15.829999923706056,eligible,,phase4_confidence_research_v1,e5a1072ba3754f9a7e6d60fde5003b579f6a2f73c41b846532159559ad84eb77,c062e4ff2369a9c96f9a36410a4af8397add8c31d8525a020c815f9d51dcb1c2,b6de5899ef419c2be611fab48868833a32c6481f701a0eaf65525513b46754b2,7319e125278a62d9a9f9fad72f66df45ebb3fa8f553ff36ddf3a173e09eeebc2,d3c6f170eb2a6fce3f43e80d7ab094e5c06bc8a276505aa957d651920aeab0a2,2026-09-23T00:00:00+00:00,2026-09-24T00:00:00+00:00,B1,unavailable,,unknown,,,unknown,insufficient_evidence,,,proxy_complete,proxy_complete_no_claim,proxy_insufficient,scale_incompatible
558efb86ec4a4b487f2562fb2dccb4ceb0eb7db2350686fc9b899b79e218ecab,phase4e_shadow_v1,2026-09-24,2026-09-24T19:02:39.570881+00:00,github-36045280392-1,80634446-9faf-4de8-bfa1-81ab2c7a0461,USAR,USD,60,2026-09-23,15.829999923706056,eligible,,phase4_confidence_research_v1,e5a1072ba3754f9a7e6d60fde5003b579f6a2f73c41b846532159559ad84eb77,c062e4ff2369a9c96f9a36410a4af8397add8c31d8525a020c815f9d51dcb1c2,b6de5899ef419c2be611fab48868833a32c6481f701a0eaf65525513b46754b2,7319e125278a62d9a9f9fad72f66df45ebb3fa8f553ff36ddf3a173e09eeebc2,d3c6f170eb2a6fce3f43e80d7ab094e5c06bc8a276505aa957d651920aeab0a2,2026-09-23T00:00:00+00:00,2026-09-24T00:00:00+00:00,B1,unavailable,,unknown,,,unknown,insufficient_evidence,,,proxy_complete,proxy_complete_no_claim,proxy_insufficient,scale_incompatible
e5274f7ac7aeedcdb3c77d1ab98bdc7a26e7ec520e92309de2a1a2611da6b99f,phase4e_shadow_v1,2026-09-24,2026-09-24T19:02:39.570881+00:00,github-36045280392-1,80634446-9faf-4de8-bfa1-81ab2c7a0461,UUUU,USD,5,2026-09-23,11.600000381469728,eligible,,phase4_confidence_research_v1,e5a1072ba3754f9a7e6d60fde5003b579f6a2f73c41b846532159559ad84eb77,c062e4ff2369a9c96f9a36410a4af8397add8c31d8525a020c815f9d51dcb1c2,b6de5899ef419c2be611fab48868833a32c6481f701a0eaf65525513b46754b2,7319e125278a62d9a9f9fad72f66df45ebb3fa8f553ff36ddf3a173e09eeebc2,d3c6f170eb2a6fce3f43e80d7ab094e5c06bc8a276505aa957d651920aeab0a2,2026-09-23T00:00:00+00:00,2026-09-24T00:00:00+00:00,B1,directional_only,negative,unknown,,,elevated,risk_only,,,proxy_complete,proxy_partial_no_claim,proxy_complete,scale_incompatible
1c8ea19a96292120076152644ec634004b7ce3569e215a80e5198082085c6dcb,phase4e_shadow_v1,2026-09-24,2026-09-24T19:02:39.570881+00:00,github-36045280392-1,80634446-9faf-4de8-bfa1-81ab2c7a0461,UUUU,USD,20,2026-09-23,11.600000381469728,eligible,,phase4_confidence_research_v1,e5a1072ba3754f9a7e6d60fde5003b579f6a2f73c41b846532159559ad84eb77,c062e4ff2369a9c96f9a36410a4af8397add8c31d8525a020c815f9d51dcb1c2,b6de5899ef419c2be611fab48868833a32c6481f701a0eaf65525513b46754b2,7319e125278a62d9a9f9fad72f66df45ebb3fa8f553ff36ddf3a173e09eeebc2,d3c6f170eb2a6fce3f43e80d7ab094e5c06bc8a276505aa957d651920aeab0a2,2026-09-23T00:00:00+00:00,2026-09-24T00:00:00+00:00,B1,immature,,unknown,,,unknown,insufficient_evidence,,,proxy_complete,proxy_complete_no_claim,proxy_insufficient,scale_incompatible
6cc9012dc112b86494e4a76831454b8a633ca0d342be9cb0d959162685161c19,phase4e_shadow_v1,2026-09-24,2026-09-24T19:02:39.570881+00:00,github-36045280392-1,80634446-9faf-4de8-bfa1-81ab2c7a0461,UUUU,USD,40,2026-09-23,11.600000381469728,eligible,,phase4_confidence_research_v1,e5a1072ba3754f9a7e6d60fde5003b579f6a2f73c41b846532159559ad84eb77,c062e4ff2369a9c96f9a36410a4af8397add8c31d8525a020c815f9d51dcb1c2,b6de5899ef419c2be611fab48868833a32c6481f701a0eaf65525513b46754b2,7319e125278a62d9a9f9fad72f66df45ebb3fa8f553ff36ddf3a173e09eeebc2,d3c6f170eb2a6fce3f43e80d7ab094e5c06bc8a276505aa957d651920aeab0a2,2026-09-23T00:00:00+00:00,2026-09-24T00:00:00+00:00,B1,unavailable,,unknown,,,unknown,insufficient_evidence,,,proxy_complete,proxy_complete_no_claim,proxy_insufficient,scale_incompatible
414195b599e43b49334bcf5903853774f1aed2dceb409ec869e106eeb313d214,phase4e_shadow_v1,2026-09-24,2026-09-24T19:02:39.570881+00:00,github-36045280392-1,80634446-9faf-4de8-bfa1-81ab2c7a0461,UUUU,USD,60,2026-09-23,11.600000381469728,eligible,,phase4_confidence_research_v1,e5a1072ba3754f9a7e6d60fde5003b579f6a2f73c41b846532159559ad84eb77,c062e4ff2369a9c96f9a36410a4af8397add8c31d8525a020c815f9d51dcb1c2,b6de5899ef419c2be611fab48868833a32c6481f701a0eaf65525513b46754b2,7319e125278a62d9a9f9fad72f66df45ebb3fa8f553ff36ddf3a173e09eeebc2,d3c6f170eb2a6fce3f43e80d7ab094e5c06bc8a276505aa957d651920aeab0a2,2026-09-23T00:00:00+00:00,2026-09-24T00:00:00+00:00,B1,unavailable,,unknown,,,unknown,insufficient_evidence,,,proxy_complete,proxy_complete_no_claim,proxy_insufficient,scale_incompatible
10f3286804e953183db567ddd5680dd6ea170d4ac47be23c3610d3c1af36facd,phase4e_shadow_v1,2026-09-24,2026-09-24T19:02:39.570881+00:00,github-36045280392-1,80634446-9faf-4de8-bfa1-81ab2c7a0461,V,USD,5,2026-09-23,361.5199890136719,eligible,,phase4_confidence_research_v1,e5a1072ba3754f9a7e6d60fde5003b579f6a2f73c41b846532159559ad84eb77,c062e4ff2369a9c96f9a36410a4af8397add8c31d8525a020c815f9d51dcb1c2,b6de5899ef419c2be611fab48868833a32c6481f701a0eaf65525513b46754b2,7319e125278a62d9a9f9fad72f66df45ebb3fa8f553ff36ddf3a173e09eeebc2,d3c6f170eb2a6fce3f43e80d7ab094e5c06bc8a276505aa957d651920aeab0a2,2026-09-23T00:00:00+00:00,2026-09-24T00:00:00+00:00,B4,directional_only,negative,unknown,,,low,insufficient_evidence,,,proxy_complete,proxy_complete_no_claim,proxy_complete,scale_incompatible
378f9b98795022093b6351ec0af7be9ab90e7e208bd7c7ebb51de24cf4efef69,phase4e_shadow_v1,2026-09-24,2026-09-24T19:02:39.570881+00:00,github-36045280392-1,80634446-9faf-4de8-bfa1-81ab2c7a0461,V,USD,20,2026-09-23,361.5199890136719,eligible,,phase4_confidence_research_v1,e5a1072ba3754f9a7e6d60fde5003b579f6a2f73c41b846532159559ad84eb77,c062e4ff2369a9c96f9a36410a4af8397add8c31d8525a020c815f9d51dcb1c2,b6de5899ef419c2be611fab48868833a32c6481f701a0eaf65525513b46754b2,7319e125278a62d9a9f9fad72f66df45ebb3fa8f553ff36ddf3a173e09eeebc2,d3c6f170eb2a6fce3f43e80d7ab094e5c06bc8a276505aa957d651920aeab0a2,2026-09-23T00:00:00+00:00,2026-09-24T00:00:00+00:00,B4,immature,,unknown,,,unknown,insufficient_evidence,,,proxy_complete,proxy_complete_no_claim,proxy_insufficient,scale_incompatible
0616268261e5c57ab8d22234803543bbc7ae7ab3ac2ab27e34b26d46ec42bd6a,phase4e_shadow_v1,2026-09-24,2026-09-24T19:02:39.570881+00:00,github-36045280392-1,80634446-9faf-4de8-bfa1-81ab2c7a0461,V,USD,40,2026-09-23,361.5199890136719,eligible,,phase4_confidence_research_v1,e5a1072ba3754f9a7e6d60fde5003b579f6a2f73c41b846532159559ad84eb77,c062e4ff2369a9c96f9a36410a4af8397add8c31d8525a020c815f9d51dcb1c2,b6de5899ef419c2be611fab48868833a32c6481f701a0eaf65525513b46754b2,7319e125278a62d9a9f9fad72f66df45ebb3fa8f553ff36ddf3a173e09eeebc2,d3c6f170eb2a6fce3f43e80d7ab094e5c06bc8a276505aa957d651920aeab0a2,2026-09-23T00:00:00+00:00,2026-09-24T00:00:00+00:00,B4,unavailable,,unknown,,,unknown,insufficient_evidence,,,proxy_complete,proxy_complete_no_claim,proxy_insufficient,scale_incompatible
a41ab43df052f6b0e2d0809bc57876b21d462eb7b0ad18d1c2b64180d3d31c95,phase4e_shadow_v1,2026-09-24,2026-09-24T19:02:39.570881+00:00,github-36045280392-1,80634446-9faf-4de8-bfa1-81ab2c7a0461,V,USD,60,2026-09-23,361.5199890136719,eligible,,phase4_confidence_research_v1,e5a1072ba3754f9a7e6d60fde5003b579f6a2f73c41b846532159559ad84eb77,c062e4ff2369a9c96f9a36410a4af8397add8c31d8525a020c815f9d51dcb1c2,b6de5899ef419c2be611fab48868833a32c6481f701a0eaf65525513b46754b2,7319e125278a62d9a9f9fad72f66df45ebb3fa8f553ff36ddf3a173e09eeebc2,d3c6f170eb2a6fce3f43e80d7ab094e5c06bc8a276505aa957d651920aeab0a2,2026-09-23T00:00:00+00:00,2026-09-24T00:00:00+00:00,B4,unavailable,,unknown,,,unknown,insufficient_evidence,,,proxy_complete,proxy_complete_no_claim,proxy_insufficient,scale_incompatible
3408eb63ed82cd772a62b59d4615eb24a9477a77aff6700639b054876570dcb4,phase4e_shadow_v1,2026-09-24,2026-09-24T19:02:39.570881+00:00,github-36045280392-1,80634446-9faf-4de8-bfa1-81ab2c7a0461,VALE,BRL,5,2026-09-23,13.81999969482422,eligible,,phase4_confidence_research_v1,e5a1072ba3754f9a7e6d60fde5003b579f6a2f73c41b846532159559ad84eb77,c062e4ff2369a9c96f9a36410a4af8397add8c31d8525a020c815f9d51dcb1c2,b6de5899ef419c2be611fab48868833a32c6481f701a0eaf65525513b46754b2,7319e125278a62d9a9f9fad72f66df45ebb3fa8f553ff36ddf3a173e09eeebc2,d3c6f170eb2a6fce3f43e80d7ab094e5c06bc8a276505aa957d651920aeab0a2,2026-09-23T00:00:00+00:00,2026-09-24T00:00:00+00:00,B4,directional_only,negative,unknown,,,low,insufficient_evidence,,,proxy_complete,proxy_complete_no_claim,proxy_complete,scale_incompatible
7dc81bf66e6b9d554b94827460240c45772b2f90558c6029bf9ac9c084fa14b2,phase4e_shadow_v1,2026-09-24,2026-09-24T19:02:39.570881+00:00,github-36045280392-1,80634446-9faf-4de8-bfa1-81ab2c7a0461,VALE,BRL,20,2026-09-23,13.81999969482422,eligible,,phase4_confidence_research_v1,e5a1072ba3754f9a7e6d60fde5003b579f6a2f73c41b846532159559ad84eb77,c062e4ff2369a9c96f9a36410a4af8397add8c31d8525a020c815f9d51dcb1c2,b6de5899ef419c2be611fab48868833a32c6481f701a0eaf65525513b46754b2,7319e125278a62d9a9f9fad72f66df45ebb3fa8f553ff36ddf3a173e09eeebc2,d3c6f170eb2a6fce3f43e80d7ab094e5c06bc8a276505aa957d651920aeab0a2,2026-09-23T00:00:00+00:00,2026-09-24T00:00:00+00:00,B4,immature,,unknown,,,unknown,insufficient_evidence,,,proxy_complete,proxy_complete_no_claim,proxy_insufficient,scale_incompatible
b952b05c904b7dba6f723ec50e1d2f4e0c46375e07d31c8f18acf6f6ee81c0b6,phase4e_shadow_v1,2026-09-24,2026-09-24T19:02:39.570881+00:00,github-36045280392-1,80634446-9faf-4de8-bfa1-81ab2c7a0461,VALE,BRL,40,2026-09-23,13.81999969482422,eligible,,phase4_confidence_research_v1,e5a1072ba3754f9a7e6d60fde5003b579f6a2f73c41b846532159559ad84eb77,c062e4ff2369a9c96f9a36410a4af8397add8c31d8525a020c815f9d51dcb1c2,b6de5899ef419c2be611fab48868833a32c6481f701a0eaf65525513b46754b2,7319e125278a62d9a9f9fad72f66df45ebb3fa8f553ff36ddf3a173e09eeebc2,d3c6f170eb2a6fce3f43e80d7ab094e5c06bc8a276505aa957d651920aeab0a2,2026-09-23T00:00:00+00:00,2026-09-24T00:00:00+00:00,B4,unavailable,,unknown,,,unknown,insufficient_evidence,,,proxy_complete,proxy_complete_no_claim,proxy_insufficient,scale_incompatible
eaf332117414fb36aeb63a7ef095edb3ec69613b944f127155b3b686f3726209,phase4e_shadow_v1,2026-09-24,2026-09-24T19:02:39.570881+00:00,github-36045280392-1,80634446-9faf-4de8-bfa1-81ab2c7a0461,VALE,BRL,60,2026-09-23,13.81999969482422,eligible,,phase4_confidence_research_v1,e5a1072ba3754f9a7e6d60fde5003b579f6a2f73c41b846532159559ad84eb77,c062e4ff2369a9c96f9a36410a4af8397add8c31d8525a020c815f9d51dcb1c2,b6de5899ef419c2be611fab48868833a32c6481f701a0eaf65525513b46754b2,7319e125278a62d9a9f9fad72f66df45ebb3fa8f553ff36ddf3a173e09eeebc2,d3c6f170eb2a6fce3f43e80d7ab094e5c06bc8a276505aa957d651920aeab0a2,2026-09-23T00:00:00+00:00,2026-09-24T00:00:00+00:00,B4,unavailable,,unknown,,,unknown,insufficient_evidence,,,proxy_complete,proxy_complete_no_claim,proxy_insufficient,scale_incompatible
5af4692cb46ddc9edad61db7bbe5b46a92b6366fb492aba96035d58c0c23e31e,phase4e_shadow_v1,2026-09-24,2026-09-24T19:02:39.570881+00:00,github-36045280392-1,80634446-9faf-4de8-bfa1-81ab2c7a0461,VOW3.DE,EUR,5,2026-09-23,72.9000015258789,eligible,,phase4_confidence_research_v1,e5a1072ba3754f9a7e6d60fde5003b579f6a2f73c41b846532159559ad84eb77,c062e4ff2369a9c96f9a36410a4af8397add8c31d8525a020c815f9d51dcb1c2,b6de5899ef419c2be611fab48868833a32c6481f701a0eaf65525513b46754b2,7319e125278a62d9a9f9fad72f66df45ebb3fa8f553ff36ddf3a173e09eeebc2,d3c6f170eb2a6fce3f43e80d7ab094e5c06bc8a276505aa957d651920aeab0a2,2026-09-23T00:00:00+00:00,2026-09-24T00:00:00+00:00,B2,directional_only,negative,unknown,,,middle,insufficient_evidence,,,proxy_complete,proxy_complete_no_claim,proxy_complete,scale_incompatible
b9ea57332e08e0461f60c7e40d10ba53a897df40edefd2543fc530268e6ee320,phase4e_shadow_v1,2026-09-24,2026-09-24T19:02:39.570881+00:00,github-36045280392-1,80634446-9faf-4de8-bfa1-81ab2c7a0461,VOW3.DE,EUR,20,2026-09-23,72.9000015258789,eligible,,phase4_confidence_research_v1,e5a1072ba3754f9a7e6d60fde5003b579f6a2f73c41b846532159559ad84eb77,c062e4ff2369a9c96f9a36410a4af8397add8c31d8525a020c815f9d51dcb1c2,b6de5899ef419c2be611fab48868833a32c6481f701a0eaf65525513b46754b2,7319e125278a62d9a9f9fad72f66df45ebb3fa8f553ff36ddf3a173e09eeebc2,d3c6f170eb2a6fce3f43e80d7ab094e5c06bc8a276505aa957d651920aeab0a2,2026-09-23T00:00:00+00:00,2026-09-24T00:00:00+00:00,B2,immature,,unknown,,,unknown,insufficient_evidence,,,proxy_complete,proxy_complete_no_claim,proxy_insufficient,scale_incompatible
5f099bc18fa61c88ff83765106c86aa05247d9d44e37ca889e2a77dbbbfe1669,phase4e_shadow_v1,2026-09-24,2026-09-24T19:02:39.570881+00:00,github-36045280392-1,80634446-9faf-4de8-bfa1-81ab2c7a0461,VOW3.DE,EUR,40,2026-09-23,72.9000015258789,eligible,,phase4_confidence_research_v1,e5a1072ba3754f9a7e6d60fde5003b579f6a2f73c41b846532159559ad84eb77,c062e4ff2369a9c96f9a36410a4af8397add8c31d8525a020c815f9d51dcb1c2,b6de5899ef419c2be611fab48868833a32c6481f701a0eaf65525513b46754b2,7319e125278a62d9a9f9fad72f66df45ebb3fa8f553ff36ddf3a173e09eeebc2,d3c6f170eb2a6fce3f43e80d7ab094e5c06bc8a276505aa957d651920aeab0a2,2026-09-23T00:00:00+00:00,2026-09-24T00:00:00+00:00,B2,unavailable,,unknown,,,unknown,insufficient_evidence,,,proxy_complete,proxy_complete_no_claim,proxy_insufficient,scale_incompatible
580b6e7cd78fe3c01e57c815e5c7b95019eb84e6a8e0ebc29f9492b556fd26af,phase4e_shadow_v1,2026-09-24,2026-09-24T19:02:39.570881+00:00,github-36045280392-1,80634446-9faf-4de8-bfa1-81ab2c7a0461,VOW3.DE,EUR,60,2026-09-23,72.9000015258789,eligible,,phase4_confidence_research_v1,e5a1072ba3754f9a7e6d60fde5003b579f6a2f73c41b846532159559ad84eb77,c062e4ff2369a9c96f9a36410a4af8397add8c31d8525a020c815f9d51dcb1c2,b6de5899ef419c2be611fab48868833a32c6481f701a0eaf65525513b46754b2,7319e125278a62d9a9f9fad72f66df45ebb3fa8f553ff36ddf3a173e09eeebc2,d3c6f170eb2a6fce3f43e80d7ab094e5c06bc8a276505aa957d651920aeab0a2,2026-09-23T00:00:00+00:00,2026-09-24T00:00:00+00:00,B2,unavailable,,unknown,,,unknown,insufficient_evidence,,,proxy_complete,proxy_complete_no_claim,proxy_insufficient,scale_incompatible
118f8e1f50b1aca9baf6c9228200629f35e1fa1904a48c559aa6c6f0d206674d,phase4e_shadow_v1,2026-09-24,2026-09-24T19:02:39.570881+00:00,github-36045280392-1,80634446-9faf-4de8-bfa1-81ab2c7a0461,VZLA.TO,CAD,5,2026-09-23,5.699999809265137,eligible,,phase4_confidence_research_v1,e5a1072ba3754f9a7e6d60fde5003b579f6a2f73c41b846532159559ad84eb77,c062e4ff2369a9c96f9a36410a4af8397add8c31d8525a020c815f9d51dcb1c2,b6de5899ef419c2be611fab48868833a32c6481f701a0eaf65525513b46754b2,7319e125278a62d9a9f9fad72f66df45ebb3fa8f553ff36ddf3a173e09eeebc2,d3c6f170eb2a6fce3f43e80d7ab094e5c06bc8a276505aa957d651920aeab0a2,2026-09-23T00:00:00+00:00,2026-09-24T00:00:00+00:00,B1,directional_only,negative,unknown,,,elevated,risk_only,,,proxy_complete,proxy_complete_no_claim,proxy_complete,scale_incompatible
121505d5384b15b2aeb1c22011404dbf490a012893fb0091ff564175f2304a2f,phase4e_shadow_v1,2026-09-24,2026-09-24T19:02:39.570881+00:00,github-36045280392-1,80634446-9faf-4de8-bfa1-81ab2c7a0461,VZLA.TO,CAD,20,2026-09-23,5.699999809265137,eligible,,phase4_confidence_research_v1,e5a1072ba3754f9a7e6d60fde5003b579f6a2f73c41b846532159559ad84eb77,c062e4ff2369a9c96f9a36410a4af8397add8c31d8525a020c815f9d51dcb1c2,b6de5899ef419c2be611fab48868833a32c6481f701a0eaf65525513b46754b2,7319e125278a62d9a9f9fad72f66df45ebb3fa8f553ff36ddf3a173e09eeebc2,d3c6f170eb2a6fce3f43e80d7ab094e5c06bc8a276505aa957d651920aeab0a2,2026-09-23T00:00:00+00:00,2026-09-24T00:00:00+00:00,B1,immature,,unknown,,,unknown,insufficient_evidence,,,proxy_complete,proxy_complete_no_claim,proxy_insufficient,scale_incompatible
baa62aff9825da3a380debf6998697f4576fca3556bb4b4b6705bca289077e0c,phase4e_shadow_v1,2026-09-24,2026-09-24T19:02:39.570881+00:00,github-36045280392-1,80634446-9faf-4de8-bfa1-81ab2c7a0461,VZLA.TO,CAD,40,2026-09-23,5.699999809265137,eligible,,phase4_confidence_research_v1,e5a1072ba3754f9a7e6d60fde5003b579f6a2f73c41b846532159559ad84eb77,c062e4ff2369a9c96f9a36410a4af8397add8c31d8525a020c815f9d51dcb1c2,b6de5899ef419c2be611fab48868833a32c6481f701a0eaf65525513b46754b2,7319e125278a62d9a9f9fad72f66df45ebb3fa8f553ff36ddf3a173e09eeebc2,d3c6f170eb2a6fce3f43e80d7ab094e5c06bc8a276505aa957d651920aeab0a2,2026-09-23T00:00:00+00:00,2026-09-24T00:00:00+00:00,B1,unavailable,,unknown,,,unknown,insufficient_evidence,,,proxy_complete,proxy_complete_no_claim,proxy_insufficient,scale_incompatible
9127cf8c1c1b0419fa80c5ef9346666e6242dd592f757709aa81c47a2de143c8,phase4e_shadow_v1,2026-09-24,2026-09-24T19:02:39.570881+00:00,github-36045280392-1,80634446-9faf-4de8-bfa1-81ab2c7a0461,VZLA.TO,CAD,60,2026-09-23,5.699999809265137,eligible,,phase4_confidence_research_v1,e5a1072ba3754f9a7e6d60fde5003b579f6a2f73c41b846532159559ad84eb77,c062e4ff2369a9c96f9a36410a4af8397add8c31d8525a020c815f9d51dcb1c2,b6de5899ef419c2be611fab48868833a32c6481f701a0eaf65525513b46754b2,7319e125278a62d9a9f9fad72f66df45ebb3fa8f553ff36ddf3a173e09eeebc2,d3c6f170eb2a6fce3f43e80d7ab094e5c06bc8a276505aa957d651920aeab0a2,2026-09-23T00:00:00+00:00,2026-09-24T00:00:00+00:00,B1,unavailable,,unknown,,,unknown,insufficient_evidence,,,proxy_complete,proxy_complete_no_claim,proxy_insufficient,scale_incompatible
49367aad21c0c1b01f95b57264503ad933e0711e8df9ea69ca5144641251af63,phase4e_shadow_v1,2026-09-24,2026-09-24T19:02:39.570881+00:00,github-36045280392-1,80634446-9faf-4de8-bfa1-81ab2c7a0461,WDAY,USD,5,2026-09-23,192.3800048828125,eligible,,phase4_confidence_research_v1,e5a1072ba3754f9a7e6d60fde5003b579f6a2f73c41b846532159559ad84eb77,c062e4ff2369a9c96f9a36410a4af8397add8c31d8525a020c815f9d51dcb1c2,b6de5899ef419c2be611fab48868833a32c6481f701a0eaf65525513b46754b2,7319e125278a62d9a9f9fad72f66df45ebb3fa8f553ff36ddf3a173e09eeebc2,d3c6f170eb2a6fce3f43e80d7ab094e5c06bc8a276505aa957d651920aeab0a2,2026-09-23T00:00:00+00:00,2026-09-24T00:00:00+00:00,B3,robust,positive,robust_claim,positive,trend200_d10_down & trend200_d1_down & rs3m_d1_up,middle,compatible,,positive,proxy_complete,proxy_complete,proxy_complete,scale_incompatible
63d19213afbb7efeaf0441a62140e288432f4e98251fe792303dba23a36cb7aa,phase4e_shadow_v1,2026-09-24,2026-09-24T19:02:39.570881+00:00,github-36045280392-1,80634446-9faf-4de8-bfa1-81ab2c7a0461,WDAY,USD,20,2026-09-23,192.3800048828125,eligible,,phase4_confidence_research_v1,e5a1072ba3754f9a7e6d60fde5003b579f6a2f73c41b846532159559ad84eb77,c062e4ff2369a9c96f9a36410a4af8397add8c31d8525a020c815f9d51dcb1c2,b6de5899ef419c2be611fab48868833a32c6481f701a0eaf65525513b46754b2,7319e125278a62d9a9f9fad72f66df45ebb3fa8f553ff36ddf3a173e09eeebc2,d3c6f170eb2a6fce3f43e80d7ab094e5c06bc8a276505aa957d651920aeab0a2,2026-09-23T00:00:00+00:00,2026-09-24T00:00:00+00:00,B3,immature,,unknown,,,unknown,insufficient_evidence,,,proxy_complete,proxy_complete_no_claim,proxy_insufficient,scale_incompatible
acfc23cc9f3364cb4d0a8fe9fd3066b5e451a03a03c355c756f5b332acc14f5b,phase4e_shadow_v1,2026-09-24,2026-09-24T19:02:39.570881+00:00,github-36045280392-1,80634446-9faf-4de8-bfa1-81ab2c7a0461,WDAY,USD,40,2026-09-23,192.3800048828125,eligible,,phase4_confidence_research_v1,e5a1072ba3754f9a7e6d60fde5003b579f6a2f73c41b846532159559ad84eb77,c062e4ff2369a9c96f9a36410a4af8397add8c31d8525a020c815f9d51dcb1c2,b6de5899ef419c2be611fab48868833a32c6481f701a0eaf65525513b46754b2,7319e125278a62d9a9f9fad72f66df45ebb3fa8f553ff36ddf3a173e09eeebc2,d3c6f170eb2a6fce3f43e80d7ab094e5c06bc8a276505aa957d651920aeab0a2,2026-09-23T00:00:00+00:00,2026-09-24T00:00:00+00:00,B3,unavailable,,unknown,,,unknown,insufficient_evidence,,,proxy_complete,proxy_complete_no_claim,proxy_insufficient,scale_incompatible
0afce3f902d673fff34e8627c32a3a197535195f63c82c8b04ec728b0d2a06a7,phase4e_shadow_v1,2026-09-24,2026-09-24T19:02:39.570881+00:00,github-36045280392-1,80634446-9faf-4de8-bfa1-81ab2c7a0461,WDAY,USD,60,2026-09-23,192.3800048828125,eligible,,phase4_confidence_research_v1,e5a1072ba3754f9a7e6d60fde5003b579f6a2f73c41b846532159559ad84eb77,c062e4ff2369a9c96f9a36410a4af8397add8c31d8525a020c815f9d51dcb1c2,b6de5899ef419c2be611fab48868833a32c6481f701a0eaf65525513b46754b2,7319e125278a62d9a9f9fad72f66df45ebb3fa8f553ff36ddf3a173e09eeebc2,d3c6f170eb2a6fce3f43e80d7ab094e5c06bc8a276505aa957d651920aeab0a2,2026-09-23T00:00:00+00:00,2026-09-24T00:00:00+00:00,B3,unavailable,,unknown,,,unknown,insufficient_evidence,,,proxy_complete,proxy_complete_no_claim,proxy_insufficient,scale_incompatible
609cf77e572b239179b8a6c69622d7b6ef20c65b584cccb4f335ee358024b211,phase4e_shadow_v1,2026-09-24,2026-09-24T19:02:39.570881+00:00,github-36045280392-1,80634446-9faf-4de8-bfa1-81ab2c7a0461,WM,USD,5,2026-09-23,207.8800048828125,eligible,,phase4_confidence_research_v1,e5a1072ba3754f9a7e6d60fde5003b579f6a2f73c41b846532159559ad84eb77,c062e4ff2369a9c96f9a36410a4af8397add8c31d8525a020c815f9d51dcb1c2,b6de5899ef419c2be611fab48868833a32c6481f701a0eaf65525513b46754b2,7319e125278a62d9a9f9fad72f66df45ebb3fa8f553ff36ddf3a173e09eeebc2,d3c6f170eb2a6fce3f43e80d7ab094e5c06bc8a276505aa957d651920aeab0a2,2026-09-23T00:00:00+00:00,2026-09-24T00:00:00+00:00,B3,robust,positive,unknown,,,low,single_model,,positive,proxy_complete,proxy_complete_no_claim,proxy_complete,scale_incompatible
3c0215760945fa0f2ff1f449650989ff5013e8ba9838870e01acfe8e99addfe3,phase4e_shadow_v1,2026-09-24,2026-09-24T19:02:39.570881+00:00,github-36045280392-1,80634446-9faf-4de8-bfa1-81ab2c7a0461,WM,USD,20,2026-09-23,207.8800048828125,eligible,,phase4_confidence_research_v1,e5a1072ba3754f9a7e6d60fde5003b579f6a2f73c41b846532159559ad84eb77,c062e4ff2369a9c96f9a36410a4af8397add8c31d8525a020c815f9d51dcb1c2,b6de5899ef419c2be611fab48868833a32c6481f701a0eaf65525513b46754b2,7319e125278a62d9a9f9fad72f66df45ebb3fa8f553ff36ddf3a173e09eeebc2,d3c6f170eb2a6fce3f43e80d7ab094e5c06bc8a276505aa957d651920aeab0a2,2026-09-23T00:00:00+00:00,2026-09-24T00:00:00+00:00,B3,immature,,unknown,,,unknown,insufficient_evidence,,,proxy_complete,proxy_complete_no_claim,proxy_insufficient,scale_incompatible
4c76cef6c17f66be91d06793f6409326bee8abe673c29596a765ef9fe82b66af,phase4e_shadow_v1,2026-09-24,2026-09-24T19:02:39.570881+00:00,github-36045280392-1,80634446-9faf-4de8-bfa1-81ab2c7a0461,WM,USD,40,2026-09-23,207.8800048828125,eligible,,phase4_confidence_research_v1,e5a1072ba3754f9a7e6d60fde5003b579f6a2f73c41b846532159559ad84eb77,c062e4ff2369a9c96f9a36410a4af8397add8c31d8525a020c815f9d51dcb1c2,b6de5899ef419c2be611fab48868833a32c6481f701a0eaf65525513b46754b2,7319e125278a62d9a9f9fad72f66df45ebb3fa8f553ff36ddf3a173e09eeebc2,d3c6f170eb2a6fce3f43e80d7ab094e5c06bc8a276505aa957d651920aeab0a2,2026-09-23T00:00:00+00:00,2026-09-24T00:00:00+00:00,B3,unavailable,,unknown,,,unknown,insufficient_evidence,,,proxy_complete,proxy_complete_no_claim,proxy_insufficient,scale_incompatible
3817e296c71c4cbd119a26ca5a2ee099d25fd9073f8780b3807c270b77e86752,phase4e_shadow_v1,2026-09-24,2026-09-24T19:02:39.570881+00:00,github-36045280392-1,80634446-9faf-4de8-bfa1-81ab2c7a0461,WM,USD,60,2026-09-23,207.8800048828125,eligible,,phase4_confidence_research_v1,e5a1072ba3754f9a7e6d60fde5003b579f6a2f73c41b846532159559ad84eb77,c062e4ff2369a9c96f9a36410a4af8397add8c31d8525a020c815f9d51dcb1c2,b6de5899ef419c2be611fab48868833a32c6481f701a0eaf65525513b46754b2,7319e125278a62d9a9f9fad72f66df45ebb3fa8f553ff36ddf3a173e09eeebc2,d3c6f170eb2a6fce3f43e80d7ab094e5c06bc8a276505aa957d651920aeab0a2,2026-09-23T00:00:00+00:00,2026-09-24T00:00:00+00:00,B3,unavailable,,unknown,,,unknown,insufficient_evidence,,,proxy_complete,proxy_complete_no_claim,proxy_insufficient,scale_incompatible
79fd31d92983797bf3ecefe7d212b49dc61eedc8c1fb23b3a00886c774863ee9,phase4e_shadow_v1,2026-09-24,2026-09-24T19:02:39.570881+00:00,github-36045280392-1,80634446-9faf-4de8-bfa1-81ab2c7a0461,WPM.TO,CAD,5,2026-09-23,205.0200042724609,eligible,,phase4_confidence_research_v1,e5a1072ba3754f9a7e6d60fde5003b579f6a2f73c41b846532159559ad84eb77,c062e4ff2369a9c96f9a36410a4af8397add8c31d8525a020c815f9d51dcb1c2,b6de5899ef419c2be611fab48868833a32c6481f701a0eaf65525513b46754b2,7319e125278a62d9a9f9fad72f66df45ebb3fa8f553ff36ddf3a173e09eeebc2,d3c6f170eb2a6fce3f43e80d7ab094e5c06bc8a276505aa957d651920aeab0a2,2026-09-23T00:00:00+00:00,2026-09-24T00:00:00+00:00,B5,robust,positive,robust_claim,positive,trend200_d10_down & trend200_d1_down & rs3m_d1_up,middle,compatible,,positive,proxy_complete,proxy_complete,proxy_complete,scale_incompatible
b19496f3e30f8bc0828e48e0918aaec662dda75cad5f929de94ecc5ac29fe1b8,phase4e_shadow_v1,2026-09-24,2026-09-24T19:02:39.570881+00:00,github-36045280392-1,80634446-9faf-4de8-bfa1-81ab2c7a0461,WPM.TO,CAD,20,2026-09-23,205.0200042724609,eligible,,phase4_confidence_research_v1,e5a1072ba3754f9a7e6d60fde5003b579f6a2f73c41b846532159559ad84eb77,c062e4ff2369a9c96f9a36410a4af8397add8c31d8525a020c815f9d51dcb1c2,b6de5899ef419c2be611fab48868833a32c6481f701a0eaf65525513b46754b2,7319e125278a62d9a9f9fad72f66df45ebb3fa8f553ff36ddf3a173e09eeebc2,d3c6f170eb2a6fce3f43e80d7ab094e5c06bc8a276505aa957d651920aeab0a2,2026-09-23T00:00:00+00:00,2026-09-24T00:00:00+00:00,B5,immature,,unknown,,,unknown,insufficient_evidence,,,proxy_complete,proxy_complete_no_claim,proxy_insufficient,scale_incompatible
9062da6dbb1c576415c88ba5c5f796aee3ae4343635b936fff9879c49defa1f5,phase4e_shadow_v1,2026-09-24,2026-09-24T19:02:39.570881+00:00,github-36045280392-1,80634446-9faf-4de8-bfa1-81ab2c7a0461,WPM.TO,CAD,40,2026-09-23,205.0200042724609,eligible,,phase4_confidence_research_v1,e5a1072ba3754f9a7e6d60fde5003b579f6a2f73c41b846532159559ad84eb77,c062e4ff2369a9c96f9a36410a4af8397add8c31d8525a020c815f9d51dcb1c2,b6de5899ef419c2be611fab48868833a32c6481f701a0eaf65525513b46754b2,7319e125278a62d9a9f9fad72f66df45ebb3fa8f553ff36ddf3a173e09eeebc2,d3c6f170eb2a6fce3f43e80d7ab094e5c06bc8a276505aa957d651920aeab0a2,2026-09-23T00:00:00+00:00,2026-09-24T00:00:00+00:00,B5,unavailable,,unknown,,,unknown,insufficient_evidence,,,proxy_complete,proxy_complete_no_claim,proxy_insufficient,scale_incompatible
f14c6740b56ec4cd241fcfcdc5dfaf7e3d6b8650593b6eb2ca513d3550cdbd3a,phase4e_shadow_v1,2026-09-24,2026-09-24T19:02:39.570881+00:00,github-36045280392-1,80634446-9faf-4de8-bfa1-81ab2c7a0461,WPM.TO,CAD,60,2026-09-23,205.0200042724609,eligible,,phase4_confidence_research_v1,e5a1072ba3754f9a7e6d60fde5003b579f6a2f73c41b846532159559ad84eb77,c062e4ff2369a9c96f9a36410a4af8397add8c31d8525a020c815f9d51dcb1c2,b6de5899ef419c2be611fab48868833a32c6481f701a0eaf65525513b46754b2,7319e125278a62d9a9f9fad72f66df45ebb3fa8f553ff36ddf3a173e09eeebc2,d3c6f170eb2a6fce3f43e80d7ab094e5c06bc8a276505aa957d651920aeab0a2,2026-09-23T00:00:00+00:00,2026-09-24T00:00:00+00:00,B5,unavailable,,unknown,,,unknown,insufficient_evidence,,,proxy_complete,proxy_complete_no_claim,proxy_insufficient,scale_incompatible
74bc60caa879cbce189b776e4689be56b77b764f9f49e9d93b3278ab3233afdc,phase4e_shadow_v1,2026-09-24,2026-09-24T19:02:39.570881+00:00,github-36045280392-1,80634446-9faf-4de8-bfa1-81ab2c7a0461,WYFI,USD,5,2026-09-23,19.049999237060547,eligible,,phase4_confidence_research_v1,e5a1072ba3754f9a7e6d60fde5003b579f6a2f73c41b846532159559ad84eb77,c062e4ff2369a9c96f9a36410a4af8397add8c31d8525a020c815f9d51dcb1c2,b6de5899ef419c2be611fab48868833a32c6481f701a0eaf65525513b46754b2,7319e125278a62d9a9f9fad72f66df45ebb3fa8f553ff36ddf3a173e09eeebc2,d3c6f170eb2a6fce3f43e80d7ab094e5c06bc8a276505aa957d651920aeab0a2,2026-09-23T00:00:00+00:00,2026-09-24T00:00:00+00:00,B1,directional_only,negative,unknown,,,elevated,risk_only,,,proxy_complete,proxy_complete_no_claim,proxy_complete,scale_incompatible
89473548e52f39310b6534774e485b2d859dbe8a95ec1c216ac7cd0f8a713996,phase4e_shadow_v1,2026-09-24,2026-09-24T19:02:39.570881+00:00,github-36045280392-1,80634446-9faf-4de8-bfa1-81ab2c7a0461,WYFI,USD,20,2026-09-23,19.049999237060547,eligible,,phase4_confidence_research_v1,e5a1072ba3754f9a7e6d60fde5003b579f6a2f73c41b846532159559ad84eb77,c062e4ff2369a9c96f9a36410a4af8397add8c31d8525a020c815f9d51dcb1c2,b6de5899ef419c2be611fab48868833a32c6481f701a0eaf65525513b46754b2,7319e125278a62d9a9f9fad72f66df45ebb3fa8f553ff36ddf3a173e09eeebc2,d3c6f170eb2a6fce3f43e80d7ab094e5c06bc8a276505aa957d651920aeab0a2,2026-09-23T00:00:00+00:00,2026-09-24T00:00:00+00:00,B1,immature,,unknown,,,unknown,insufficient_evidence,,,proxy_complete,proxy_complete_no_claim,proxy_insufficient,scale_incompatible
cff18baffe4c1dc49e6306a7d176e82122281eb9cb559373db3f9e76554c6987,phase4e_shadow_v1,2026-09-24,2026-09-24T19:02:39.570881+00:00,github-36045280392-1,80634446-9faf-4de8-bfa1-81ab2c7a0461,WYFI,USD,40,2026-09-23,19.049999237060547,eligible,,phase4_confidence_research_v1,e5a1072ba3754f9a7e6d60fde5003b579f6a2f73c41b846532159559ad84eb77,c062e4ff2369a9c96f9a36410a4af8397add8c31d8525a020c815f9d51dcb1c2,b6de5899ef419c2be611fab48868833a32c6481f701a0eaf65525513b46754b2,7319e125278a62d9a9f9fad72f66df45ebb3fa8f553ff36ddf3a173e09eeebc2,d3c6f170eb2a6fce3f43e80d7ab094e5c06bc8a276505aa957d651920aeab0a2,2026-09-23T00:00:00+00:00,2026-09-24T00:00:00+00:00,B1,unavailable,,unknown,,,unknown,insufficient_evidence,,,proxy_complete,proxy_complete_no_claim,proxy_insufficient,scale_incompatible
4737eb731e0f8e7e5f01ccd28f4e5e3b526a8ec141471ea587050a702fcbabcc,phase4e_shadow_v1,2026-09-24,2026-09-24T19:02:39.570881+00:00,github-36045280392-1,80634446-9faf-4de8-bfa1-81ab2c7a0461,WYFI,USD,60,2026-09-23,19.049999237060547,eligible,,phase4_confidence_research_v1,e5a1072ba3754f9a7e6d60fde5003b579f6a2f73c41b846532159559ad84eb77,c062e4ff2369a9c96f9a36410a4af8397add8c31d8525a020c815f9d51dcb1c2,b6de5899ef419c2be611fab48868833a32c6481f701a0eaf65525513b46754b2,7319e125278a62d9a9f9fad72f66df45ebb3fa8f553ff36ddf3a173e09eeebc2,d3c6f170eb2a6fce3f43e80d7ab094e5c06bc8a276505aa957d651920aeab0a2,2026-09-23T00:00:00+00:00,2026-09-24T00:00:00+00:00,B1,unavailable,,unknown,,,unknown,insufficient_evidence,,,proxy_complete,proxy_complete_no_claim,proxy_insufficient,scale_incompatible
0ef72dd3f57e501eeb4f4d775bd1ffd32e7c620193c4430cef08b228a90258b3,phase4e_shadow_v1,2026-09-24,2026-09-24T19:02:39.570881+00:00,github-36045280392-1,80634446-9faf-4de8-bfa1-81ab2c7a0461,XOM,USD,5,2026-09-23,161.22999572753906,eligible,,phase4_confidence_research_v1,e5a1072ba3754f9a7e6d60fde5003b579f6a2f73c41b846532159559ad84eb77,c062e4ff2369a9c96f9a36410a4af8397add8c31d8525a020c815f9d51dcb1c2,b6de5899ef419c2be611fab48868833a32c6481f701a0eaf65525513b46754b2,7319e125278a62d9a9f9fad72f66df45ebb3fa8f553ff36ddf3a173e09eeebc2,d3c6f170eb2a6fce3f43e80d7ab094e5c06bc8a276505aa957d651920aeab0a2,2026-09-23T00:00:00+00:00,2026-09-24T00:00:00+00:00,B4,directional_only,negative,unknown,,,low,insufficient_evidence,,,proxy_complete,proxy_complete_no_claim,proxy_complete,scale_incompatible
5e7a9f2d519f196d8fa44002c442a2a914dcb021658d98b245cef92c1ed16b2c,phase4e_shadow_v1,2026-09-24,2026-09-24T19:02:39.570881+00:00,github-36045280392-1,80634446-9faf-4de8-bfa1-81ab2c7a0461,XOM,USD,20,2026-09-23,161.22999572753906,eligible,,phase4_confidence_research_v1,e5a1072ba3754f9a7e6d60fde5003b579f6a2f73c41b846532159559ad84eb77,c062e4ff2369a9c96f9a36410a4af8397add8c31d8525a020c815f9d51dcb1c2,b6de5899ef419c2be611fab48868833a32c6481f701a0eaf65525513b46754b2,7319e125278a62d9a9f9fad72f66df45ebb3fa8f553ff36ddf3a173e09eeebc2,d3c6f170eb2a6fce3f43e80d7ab094e5c06bc8a276505aa957d651920aeab0a2,2026-09-23T00:00:00+00:00,2026-09-24T00:00:00+00:00,B4,immature,,unknown,,,unknown,insufficient_evidence,,,proxy_complete,proxy_complete_no_claim,proxy_insufficient,scale_incompatible
36442275c945108c273f100b09ac7d0bddb9ce7c59a0a2df715b06fd24e840d6,phase4e_shadow_v1,2026-09-24,2026-09-24T19:02:39.570881+00:00,github-36045280392-1,80634446-9faf-4de8-bfa1-81ab2c7a0461,XOM,USD,40,2026-09-23,161.22999572753906,eligible,,phase4_confidence_research_v1,e5a1072ba3754f9a7e6d60fde5003b579f6a2f73c41b846532159559ad84eb77,c062e4ff2369a9c96f9a36410a4af8397add8c31d8525a020c815f9d51dcb1c2,b6de5899ef419c2be611fab48868833a32c6481f701a0eaf65525513b46754b2,7319e125278a62d9a9f9fad72f66df45ebb3fa8f553ff36ddf3a173e09eeebc2,d3c6f170eb2a6fce3f43e80d7ab094e5c06bc8a276505aa957d651920aeab0a2,2026-09-23T00:00:00+00:00,2026-09-24T00:00:00+00:00,B4,unavailable,,unknown,,,unknown,insufficient_evidence,,,proxy_complete,proxy_complete_no_claim,proxy_insufficient,scale_incompatible
d3720aca47f49f7ac70e81e29cb37b1842044a14bff7fd5e37b4742af1512e8f,phase4e_shadow_v1,2026-09-24,2026-09-24T19:02:39.570881+00:00,github-36045280392-1,80634446-9faf-4de8-bfa1-81ab2c7a0461,XOM,USD,60,2026-09-23,161.22999572753906,eligible,,phase4_confidence_research_v1,e5a1072ba3754f9a7e6d60fde5003b579f6a2f73c41b846532159559ad84eb77,c062e4ff2369a9c96f9a36410a4af8397add8c31d8525a020c815f9d51dcb1c2,b6de5899ef419c2be611fab48868833a32c6481f701a0eaf65525513b46754b2,7319e125278a62d9a9f9fad72f66df45ebb3fa8f553ff36ddf3a173e09eeebc2,d3c6f170eb2a6fce3f43e80d7ab094e5c06bc8a276505aa957d651920aeab0a2,2026-09-23T00:00:00+00:00,2026-09-24T00:00:00+00:00,B4,unavailable,,unknown,,,unknown,insufficient_evidence,,,proxy_complete,proxy_complete_no_claim,proxy_insufficient,scale_incompatible
eb8c053bd0069384f104977bd9589238babef2b43dac26a5f82a1df04fd451f8,phase4e_shadow_v1,2026-09-24,2026-09-24T19:02:39.570881+00:00,github-36045280392-1,80634446-9faf-4de8-bfa1-81ab2c7a0461,XPEV,USD,5,2026-09-23,10.289999961853027,eligible,,phase4_confidence_research_v1,e5a1072ba3754f9a7e6d60fde5003b579f6a2f73c41b846532159559ad84eb77,c062e4ff2369a9c96f9a36410a4af8397add8c31d8525a020c815f9d51dcb1c2,b6de5899ef419c2be611fab48868833a32c6481f701a0eaf65525513b46754b2,7319e125278a62d9a9f9fad72f66df45ebb3fa8f553ff36ddf3a173e09eeebc2,d3c6f170eb2a6fce3f43e80d7ab094e5c06bc8a276505aa957d651920aeab0a2,2026-09-23T00:00:00+00:00,2026-09-24T00:00:00+00:00,B2,directional_only,negative,unknown,,,elevated,risk_only,,,proxy_complete,proxy_partial_no_claim,proxy_complete,scale_incompatible
cec12eba5d335d85e72e06b2ce7db7607a2f6301ba11896b2471d5eb40a3ef39,phase4e_shadow_v1,2026-09-24,2026-09-24T19:02:39.570881+00:00,github-36045280392-1,80634446-9faf-4de8-bfa1-81ab2c7a0461,XPEV,USD,20,2026-09-23,10.289999961853027,eligible,,phase4_confidence_research_v1,e5a1072ba3754f9a7e6d60fde5003b579f6a2f73c41b846532159559ad84eb77,c062e4ff2369a9c96f9a36410a4af8397add8c31d8525a020c815f9d51dcb1c2,b6de5899ef419c2be611fab48868833a32c6481f701a0eaf65525513b46754b2,7319e125278a62d9a9f9fad72f66df45ebb3fa8f553ff36ddf3a173e09eeebc2,d3c6f170eb2a6fce3f43e80d7ab094e5c06bc8a276505aa957d651920aeab0a2,2026-09-23T00:00:00+00:00,2026-09-24T00:00:00+00:00,B2,immature,,unknown,,,unknown,insufficient_evidence,,,proxy_complete,proxy_complete_no_claim,proxy_insufficient,scale_incompatible
0a95b766af075e36f87daa69ece19f64648d7dd0583fbf51f0bfd5e3afe6b01d,phase4e_shadow_v1,2026-09-24,2026-09-24T19:02:39.570881+00:00,github-36045280392-1,80634446-9faf-4de8-bfa1-81ab2c7a0461,XPEV,USD,40,2026-09-23,10.289999961853027,eligible,,phase4_confidence_research_v1,e5a1072ba3754f9a7e6d60fde5003b579f6a2f73c41b846532159559ad84eb77,c062e4ff2369a9c96f9a36410a4af8397add8c31d8525a020c815f9d51dcb1c2,b6de5899ef419c2be611fab48868833a32c6481f701a0eaf65525513b46754b2,7319e125278a62d9a9f9fad72f66df45ebb3fa8f553ff36ddf3a173e09eeebc2,d3c6f170eb2a6fce3f43e80d7ab094e5c06bc8a276505aa957d651920aeab0a2,2026-09-23T00:00:00+00:00,2026-09-24T00:00:00+00:00,B2,unavailable,,unknown,,,unknown,insufficient_evidence,,,proxy_complete,proxy_complete_no_claim,proxy_insufficient,scale_incompatible
f50a0ee1017d4cd79069fd650afaba4f0e1f56e764f06d05b1a1df2ee7f28824,phase4e_shadow_v1,2026-09-24,2026-09-24T19:02:39.570881+00:00,github-36045280392-1,80634446-9faf-4de8-bfa1-81ab2c7a0461,XPEV,USD,60,2026-09-23,10.289999961853027,eligible,,phase4_confidence_research_v1,e5a1072ba3754f9a7e6d60fde5003b579f6a2f73c41b846532159559ad84eb77,c062e4ff2369a9c96f9a36410a4af8397add8c31d8525a020c815f9d51dcb1c2,b6de5899ef419c2be611fab48868833a32c6481f701a0eaf65525513b46754b2,7319e125278a62d9a9f9fad72f66df45ebb3fa8f553ff36ddf3a173e09eeebc2,d3c6f170eb2a6fce3f43e80d7ab094e5c06bc8a276505aa957d651920aeab0a2,2026-09-23T00:00:00+00:00,2026-09-24T00:00:00+00:00,B2,unavailable,,unknown,,,unknown,insufficient_evidence,,,proxy_complete,proxy_complete_no_claim,proxy_insufficient,scale_incompatible
d8975c763e74938834c123bc13f352629154b8c39f6192907128af4d2a08e6bf,phase4e_shadow_v1,2026-09-24,2026-09-24T19:02:39.570881+00:00,github-36045280392-1,80634446-9faf-4de8-bfa1-81ab2c7a0461,XSDG.F,EUR,5,2026-09-23,81.80000305175781,eligible,,phase4_confidence_research_v1,e5a1072ba3754f9a7e6d60fde5003b579f6a2f73c41b846532159559ad84eb77,c062e4ff2369a9c96f9a36410a4af8397add8c31d8525a020c815f9d51dcb1c2,b6de5899ef419c2be611fab48868833a32c6481f701a0eaf65525513b46754b2,7319e125278a62d9a9f9fad72f66df45ebb3fa8f553ff36ddf3a173e09eeebc2,d3c6f170eb2a6fce3f43e80d7ab094e5c06bc8a276505aa957d651920aeab0a2,2026-09-23T00:00:00+00:00,2026-09-24T00:00:00+00:00,B2,directional_only,negative,robust_claim,positive,trend200_d10_down & trend200_d1_down & rs3m_d1_up,middle,single_model,,positive,proxy_complete,proxy_complete,proxy_complete,scale_incompatible
003564b3b56d6bb8124383c479e4cbb098b929862252692ed087d898e20fa033,phase4e_shadow_v1,2026-09-24,2026-09-24T19:02:39.570881+00:00,github-36045280392-1,80634446-9faf-4de8-bfa1-81ab2c7a0461,XSDG.F,EUR,20,2026-09-23,81.80000305175781,eligible,,phase4_confidence_research_v1,e5a1072ba3754f9a7e6d60fde5003b579f6a2f73c41b846532159559ad84eb77,c062e4ff2369a9c96f9a36410a4af8397add8c31d8525a020c815f9d51dcb1c2,b6de5899ef419c2be611fab48868833a32c6481f701a0eaf65525513b46754b2,7319e125278a62d9a9f9fad72f66df45ebb3fa8f553ff36ddf3a173e09eeebc2,d3c6f170eb2a6fce3f43e80d7ab094e5c06bc8a276505aa957d651920aeab0a2,2026-09-23T00:00:00+00:00,2026-09-24T00:00:00+00:00,B2,immature,,unknown,,,unknown,insufficient_evidence,,,proxy_complete,proxy_complete_no_claim,proxy_insufficient,scale_incompatible
4760cd0f12a482d55faa0166acc5a6256a94c5d48428da76a01c62708444546e,phase4e_shadow_v1,2026-09-24,2026-09-24T19:02:39.570881+00:00,github-36045280392-1,80634446-9faf-4de8-bfa1-81ab2c7a0461,XSDG.F,EUR,40,2026-09-23,81.80000305175781,eligible,,phase4_confidence_research_v1,e5a1072ba3754f9a7e6d60fde5003b579f6a2f73c41b846532159559ad84eb77,c062e4ff2369a9c96f9a36410a4af8397add8c31d8525a020c815f9d51dcb1c2,b6de5899ef419c2be611fab48868833a32c6481f701a0eaf65525513b46754b2,7319e125278a62d9a9f9fad72f66df45ebb3fa8f553ff36ddf3a173e09eeebc2,d3c6f170eb2a6fce3f43e80d7ab094e5c06bc8a276505aa957d651920aeab0a2,2026-09-23T00:00:00+00:00,2026-09-24T00:00:00+00:00,B2,unavailable,,unknown,,,unknown,insufficient_evidence,,,proxy_complete,proxy_complete_no_claim,proxy_insufficient,scale_incompatible
fbd2d31cf91a11049bd12da9893010666caccb22a473c3668667b405a011ff5d,phase4e_shadow_v1,2026-09-24,2026-09-24T19:02:39.570881+00:00,github-36045280392-1,80634446-9faf-4de8-bfa1-81ab2c7a0461,XSDG.F,EUR,60,2026-09-23,81.80000305175781,eligible,,phase4_confidence_research_v1,e5a1072ba3754f9a7e6d60fde5003b579f6a2f73c41b846532159559ad84eb77,c062e4ff2369a9c96f9a36410a4af8397add8c31d8525a020c815f9d51dcb1c2,b6de5899ef419c2be611fab48868833a32c6481f701a0eaf65525513b46754b2,7319e125278a62d9a9f9fad72f66df45ebb3fa8f553ff36ddf3a173e09eeebc2,d3c6f170eb2a6fce3f43e80d7ab094e5c06bc8a276505aa957d651920aeab0a2,2026-09-23T00:00:00+00:00,2026-09-24T00:00:00+00:00,B2,unavailable,,unknown,,,unknown,insufficient_evidence,,,proxy_complete,proxy_complete_no_claim,proxy_insufficient,scale_incompatible
c11d2f3fce7e4a8753f7b55ceba11393f20a1bf84848f4a2a5b5a62826b6a593,phase4e_shadow_v1,2026-09-24,2026-09-24T19:02:39.570881+00:00,github-36045280392-1,80634446-9faf-4de8-bfa1-81ab2c7a0461,XYZ,USD,5,2026-09-23,74.68000030517578,eligible,,phase4_confidence_research_v1,e5a1072ba3754f9a7e6d60fde5003b579f6a2f73c41b846532159559ad84eb77,c062e4ff2369a9c96f9a36410a4af8397add8c31d8525a020c815f9d51dcb1c2,b6de5899ef419c2be611fab48868833a32c6481f701a0eaf65525513b46754b2,7319e125278a62d9a9f9fad72f66df45ebb3fa8f553ff36ddf3a173e09eeebc2,d3c6f170eb2a6fce3f43e80d7ab094e5c06bc8a276505aa957d651920aeab0a2,2026-09-23T00:00:00+00:00,2026-09-24T00:00:00+00:00,B3,robust,positive,unknown,,,middle,single_model,,positive,proxy_complete,proxy_complete_no_claim,proxy_complete,scale_incompatible
b2aa437b49d42eee12fa06bf7876c3ac63e64ef725a2d6131d09c68e59f6c185,phase4e_shadow_v1,2026-09-24,2026-09-24T19:02:39.570881+00:00,github-36045280392-1,80634446-9faf-4de8-bfa1-81ab2c7a0461,XYZ,USD,20,2026-09-23,74.68000030517578,eligible,,phase4_confidence_research_v1,e5a1072ba3754f9a7e6d60fde5003b579f6a2f73c41b846532159559ad84eb77,c062e4ff2369a9c96f9a36410a4af8397add8c31d8525a020c815f9d51dcb1c2,b6de5899ef419c2be611fab48868833a32c6481f701a0eaf65525513b46754b2,7319e125278a62d9a9f9fad72f66df45ebb3fa8f553ff36ddf3a173e09eeebc2,d3c6f170eb2a6fce3f43e80d7ab094e5c06bc8a276505aa957d651920aeab0a2,2026-09-23T00:00:00+00:00,2026-09-24T00:00:00+00:00,B3,immature,,unknown,,,unknown,insufficient_evidence,,,proxy_complete,proxy_complete_no_claim,proxy_insufficient,scale_incompatible
f186fc83b2be464917ad5ccb46d0c15e881544ee6ea9f413d07ff675cf13dc14,phase4e_shadow_v1,2026-09-24,2026-09-24T19:02:39.570881+00:00,github-36045280392-1,80634446-9faf-4de8-bfa1-81ab2c7a0461,XYZ,USD,40,2026-09-23,74.68000030517578,eligible,,phase4_confidence_research_v1,e5a1072ba3754f9a7e6d60fde5003b579f6a2f73c41b846532159559ad84eb77,c062e4ff2369a9c96f9a36410a4af8397add8c31d8525a020c815f9d51dcb1c2,b6de5899ef419c2be611fab48868833a32c6481f701a0eaf65525513b46754b2,7319e125278a62d9a9f9fad72f66df45ebb3fa8f553ff36ddf3a173e09eeebc2,d3c6f170eb2a6fce3f43e80d7ab094e5c06bc8a276505aa957d651920aeab0a2,2026-09-23T00:00:00+00:00,2026-09-24T00:00:00+00:00,B3,unavailable,,unknown,,,unknown,insufficient_evidence,,,proxy_complete,proxy_complete_no_claim,proxy_insufficient,scale_incompatible
374b529b2b0a1d6027c8fabd29b4be06de791ff3c83ee216710a2588b9f7ac86,phase4e_shadow_v1,2026-09-24,2026-09-24T19:02:39.570881+00:00,github-36045280392-1,80634446-9faf-4de8-bfa1-81ab2c7a0461,XYZ,USD,60,2026-09-23,74.68000030517578,eligible,,phase4_confidence_research_v1,e5a1072ba3754f9a7e6d60fde5003b579f6a2f73c41b846532159559ad84eb77,c062e4ff2369a9c96f9a36410a4af8397add8c31d8525a020c815f9d51dcb1c2,b6de5899ef419c2be611fab48868833a32c6481f701a0eaf65525513b46754b2,7319e125278a62d9a9f9fad72f66df45ebb3fa8f553ff36ddf3a173e09eeebc2,d3c6f170eb2a6fce3f43e80d7ab094e5c06bc8a276505aa957d651920aeab0a2,2026-09-23T00:00:00+00:00,2026-09-24T00:00:00+00:00,B3,unavailable,,unknown,,,unknown,insufficient_evidence,,,proxy_complete,proxy_complete_no_claim,proxy_insufficient,scale_incompatible
32fec2943f6d45e90823a8b3e6813c5409f7e791e9d0c3b3c868c46957e456f5,phase4e_shadow_v1,2026-09-24,2026-09-24T19:02:39.570881+00:00,github-36045280392-1,80634446-9faf-4de8-bfa1-81ab2c7a0461,YASKY,USD,5,2026-09-23,56.25,eligible,,phase4_confidence_research_v1,e5a1072ba3754f9a7e6d60fde5003b579f6a2f73c41b846532159559ad84eb77,c062e4ff2369a9c96f9a36410a4af8397add8c31d8525a020c815f9d51dcb1c2,b6de5899ef419c2be611fab48868833a32c6481f701a0eaf65525513b46754b2,7319e125278a62d9a9f9fad72f66df45ebb3fa8f553ff36ddf3a173e09eeebc2,d3c6f170eb2a6fce3f43e80d7ab094e5c06bc8a276505aa957d651920aeab0a2,2026-09-23T00:00:00+00:00,2026-09-24T00:00:00+00:00,B1,directional_only,negative,unknown,,,middle,insufficient_evidence,,,proxy_complete,proxy_complete_no_claim,proxy_complete,scale_incompatible
7d3b3f6376a6f5579efd7a0f952e69a8351b710694ff6b5065dfc3324a922e19,phase4e_shadow_v1,2026-09-24,2026-09-24T19:02:39.570881+00:00,github-36045280392-1,80634446-9faf-4de8-bfa1-81ab2c7a0461,YASKY,USD,20,2026-09-23,56.25,eligible,,phase4_confidence_research_v1,e5a1072ba3754f9a7e6d60fde5003b579f6a2f73c41b846532159559ad84eb77,c062e4ff2369a9c96f9a36410a4af8397add8c31d8525a020c815f9d51dcb1c2,b6de5899ef419c2be611fab48868833a32c6481f701a0eaf65525513b46754b2,7319e125278a62d9a9f9fad72f66df45ebb3fa8f553ff36ddf3a173e09eeebc2,d3c6f170eb2a6fce3f43e80d7ab094e5c06bc8a276505aa957d651920aeab0a2,2026-09-23T00:00:00+00:00,2026-09-24T00:00:00+00:00,B1,immature,,unknown,,,unknown,insufficient_evidence,,,proxy_complete,proxy_complete_no_claim,proxy_insufficient,scale_incompatible
89d55e38f14162c2921ba0adddd4914963a22757a376e0b21032786f3ff84556,phase4e_shadow_v1,2026-09-24,2026-09-24T19:02:39.570881+00:00,github-36045280392-1,80634446-9faf-4de8-bfa1-81ab2c7a0461,YASKY,USD,40,2026-09-23,56.25,eligible,,phase4_confidence_research_v1,e5a1072ba3754f9a7e6d60fde5003b579f6a2f73c41b846532159559ad84eb77,c062e4ff2369a9c96f9a36410a4af8397add8c31d8525a020c815f9d51dcb1c2,b6de5899ef419c2be611fab48868833a32c6481f701a0eaf65525513b46754b2,7319e125278a62d9a9f9fad72f66df45ebb3fa8f553ff36ddf3a173e09eeebc2,d3c6f170eb2a6fce3f43e80d7ab094e5c06bc8a276505aa957d651920aeab0a2,2026-09-23T00:00:00+00:00,2026-09-24T00:00:00+00:00,B1,unavailable,,unknown,,,unknown,insufficient_evidence,,,proxy_complete,proxy_complete_no_claim,proxy_insufficient,scale_incompatible
7593e56890622cc92fa1ff58cfda761e4f8b1ac0487c21a71d3a1de2eabeca13,phase4e_shadow_v1,2026-09-24,2026-09-24T19:02:39.570881+00:00,github-36045280392-1,80634446-9faf-4de8-bfa1-81ab2c7a0461,YASKY,USD,60,2026-09-23,56.25,eligible,,phase4_confidence_research_v1,e5a1072ba3754f9a7e6d60fde5003b579f6a2f73c41b846532159559ad84eb77,c062e4ff2369a9c96f9a36410a4af8397add8c31d8525a020c815f9d51dcb1c2,b6de5899ef419c2be611fab48868833a32c6481f701a0eaf65525513b46754b2,7319e125278a62d9a9f9fad72f66df45ebb3fa8f553ff36ddf3a173e09eeebc2,d3c6f170eb2a6fce3f43e80d7ab094e5c06bc8a276505aa957d651920aeab0a2,2026-09-23T00:00:00+00:00,2026-09-24T00:00:00+00:00,B1,unavailable,,unknown,,,unknown,insufficient_evidence,,,proxy_complete,proxy_complete_no_claim,proxy_insufficient,scale_incompatible
5daebef7635aa7b913ef84dbe23f62ce1b83717fbf055809517769760f55789c,phase4e_shadow_v1,2026-09-24,2026-09-24T19:02:39.570881+00:00,github-36045280392-1,80634446-9faf-4de8-bfa1-81ab2c7a0461,YCA.L,GBP,5,2026-09-23,561.5,eligible,,phase4_confidence_research_v1,e5a1072ba3754f9a7e6d60fde5003b579f6a2f73c41b846532159559ad84eb77,c062e4ff2369a9c96f9a36410a4af8397add8c31d8525a020c815f9d51dcb1c2,b6de5899ef419c2be611fab48868833a32c6481f701a0eaf65525513b46754b2,7319e125278a62d9a9f9fad72f66df45ebb3fa8f553ff36ddf3a173e09eeebc2,d3c6f170eb2a6fce3f43e80d7ab094e5c06bc8a276505aa957d651920aeab0a2,2026-09-23T00:00:00+00:00,2026-09-24T00:00:00+00:00,B2,directional_only,negative,unknown,,,middle,insufficient_evidence,,,proxy_complete,proxy_complete_no_claim,proxy_complete,scale_incompatible
b2e9cabd57d71e244a361ac95e2f9a8131dc096a770e7a9198154dbabfa54654,phase4e_shadow_v1,2026-09-24,2026-09-24T19:02:39.570881+00:00,github-36045280392-1,80634446-9faf-4de8-bfa1-81ab2c7a0461,YCA.L,GBP,20,2026-09-23,561.5,eligible,,phase4_confidence_research_v1,e5a1072ba3754f9a7e6d60fde5003b579f6a2f73c41b846532159559ad84eb77,c062e4ff2369a9c96f9a36410a4af8397add8c31d8525a020c815f9d51dcb1c2,b6de5899ef419c2be611fab48868833a32c6481f701a0eaf65525513b46754b2,7319e125278a62d9a9f9fad72f66df45ebb3fa8f553ff36ddf3a173e09eeebc2,d3c6f170eb2a6fce3f43e80d7ab094e5c06bc8a276505aa957d651920aeab0a2,2026-09-23T00:00:00+00:00,2026-09-24T00:00:00+00:00,B2,immature,,unknown,,,unknown,insufficient_evidence,,,proxy_complete,proxy_complete_no_claim,proxy_insufficient,scale_incompatible
4fdffe8fd83ceaebdcf3cdc5a90dc13492e683e4c44d73527af6073bf8223cc2,phase4e_shadow_v1,2026-09-24,2026-09-24T19:02:39.570881+00:00,github-36045280392-1,80634446-9faf-4de8-bfa1-81ab2c7a0461,YCA.L,GBP,40,2026-09-23,561.5,eligible,,phase4_confidence_research_v1,e5a1072ba3754f9a7e6d60fde5003b579f6a2f73c41b846532159559ad84eb77,c062e4ff2369a9c96f9a36410a4af8397add8c31d8525a020c815f9d51dcb1c2,b6de5899ef419c2be611fab48868833a32c6481f701a0eaf65525513b46754b2,7319e125278a62d9a9f9fad72f66df45ebb3fa8f553ff36ddf3a173e09eeebc2,d3c6f170eb2a6fce3f43e80d7ab094e5c06bc8a276505aa957d651920aeab0a2,2026-09-23T00:00:00+00:00,2026-09-24T00:00:00+00:00,B2,unavailable,,unknown,,,unknown,insufficient_evidence,,,proxy_complete,proxy_complete_no_claim,proxy_insufficient,scale_incompatible
38c4eb1aee1af1e68267916662bb7233138d0685be69ce2f04f575eb6d373d58,phase4e_shadow_v1,2026-09-24,2026-09-24T19:02:39.570881+00:00,github-36045280392-1,80634446-9faf-4de8-bfa1-81ab2c7a0461,YCA.L,GBP,60,2026-09-23,561.5,eligible,,phase4_confidence_research_v1,e5a1072ba3754f9a7e6d60fde5003b579f6a2f73c41b846532159559ad84eb77,c062e4ff2369a9c96f9a36410a4af8397add8c31d8525a020c815f9d51dcb1c2,b6de5899ef419c2be611fab48868833a32c6481f701a0eaf65525513b46754b2,7319e125278a62d9a9f9fad72f66df45ebb3fa8f553ff36ddf3a173e09eeebc2,d3c6f170eb2a6fce3f43e80d7ab094e5c06bc8a276505aa957d651920aeab0a2,2026-09-23T00:00:00+00:00,2026-09-24T00:00:00+00:00,B2,unavailable,,unknown,,,unknown,insufficient_evidence,,,proxy_complete,proxy_complete_no_claim,proxy_insufficient,scale_incompatible
78d1d1d322ac03525f8c8a955a37fd75418beb0e67f0bcb0f21799fe1b772607,phase4e_shadow_v1,2026-09-24,2026-09-24T19:02:39.570881+00:00,github-36045280392-1,80634446-9faf-4de8-bfa1-81ab2c7a0461,ZETA,USD,5,2026-09-23,29.790000915527344,eligible,,phase4_confidence_research_v1,e5a1072ba3754f9a7e6d60fde5003b579f6a2f73c41b846532159559ad84eb77,c062e4ff2369a9c96f9a36410a4af8397add8c31d8525a020c815f9d51dcb1c2,b6de5899ef419c2be611fab48868833a32c6481f701a0eaf65525513b46754b2,7319e125278a62d9a9f9fad72f66df45ebb3fa8f553ff36ddf3a173e09eeebc2,d3c6f170eb2a6fce3f43e80d7ab094e5c06bc8a276505aa957d651920aeab0a2,2026-09-23T00:00:00+00:00,2026-09-24T00:00:00+00:00,B3,robust,positive,unknown,,,middle,single_model,,positive,proxy_complete,proxy_complete_no_claim,proxy_complete,scale_incompatible
88a28e8e84e1c00df8e4b7964c885ff2c296b06f728e483e4274876830ec6fd7,phase4e_shadow_v1,2026-09-24,2026-09-24T19:02:39.570881+00:00,github-36045280392-1,80634446-9faf-4de8-bfa1-81ab2c7a0461,ZETA,USD,20,2026-09-23,29.790000915527344,eligible,,phase4_confidence_research_v1,e5a1072ba3754f9a7e6d60fde5003b579f6a2f73c41b846532159559ad84eb77,c062e4ff2369a9c96f9a36410a4af8397add8c31d8525a020c815f9d51dcb1c2,b6de5899ef419c2be611fab48868833a32c6481f701a0eaf65525513b46754b2,7319e125278a62d9a9f9fad72f66df45ebb3fa8f553ff36ddf3a173e09eeebc2,d3c6f170eb2a6fce3f43e80d7ab094e5c06bc8a276505aa957d651920aeab0a2,2026-09-23T00:00:00+00:00,2026-09-24T00:00:00+00:00,B3,immature,,unknown,,,unknown,insufficient_evidence,,,proxy_complete,proxy_complete_no_claim,proxy_insufficient,scale_incompatible
6e30cc1030f1cce9903ffc724a62039490dec87f3ff56f5559d3e143dc8394c4,phase4e_shadow_v1,2026-09-24,2026-09-24T19:02:39.570881+00:00,github-36045280392-1,80634446-9faf-4de8-bfa1-81ab2c7a0461,ZETA,USD,40,2026-09-23,29.790000915527344,eligible,,phase4_confidence_research_v1,e5a1072ba3754f9a7e6d60fde5003b579f6a2f73c41b846532159559ad84eb77,c062e4ff2369a9c96f9a36410a4af8397add8c31d8525a020c815f9d51dcb1c2,b6de5899ef419c2be611fab48868833a32c6481f701a0eaf65525513b46754b2,7319e125278a62d9a9f9fad72f66df45ebb3fa8f553ff36ddf3a173e09eeebc2,d3c6f170eb2a6fce3f43e80d7ab094e5c06bc8a276505aa957d651920aeab0a2,2026-09-23T00:00:00+00:00,2026-09-24T00:00:00+00:00,B3,unavailable,,unknown,,,unknown,insufficient_evidence,,,proxy_complete,proxy_complete_no_claim,proxy_insufficient,scale_incompatible
3b52e148c1f3c4e93c855d2df53986892a540a916f35907680770a2bf14ef1e8,phase4e_shadow_v1,2026-09-24,2026-09-24T19:02:39.570881+00:00,github-36045280392-1,80634446-9faf-4de8-bfa1-81ab2c7a0461,ZETA,USD,60,2026-09-23,29.790000915527344,eligible,,phase4_confidence_research_v1,e5a1072ba3754f9a7e6d60fde5003b579f6a2f73c41b846532159559ad84eb77,c062e4ff2369a9c96f9a36410a4af8397add8c31d8525a020c815f9d51dcb1c2,b6de5899ef419c2be611fab48868833a32c6481f701a0eaf65525513b46754b2,7319e125278a62d9a9f9fad72f66df45ebb3fa8f553ff36ddf3a173e09eeebc2,d3c6f170eb2a6fce3f43e80d7ab094e5c06bc8a276505aa957d651920aeab0a2,2026-09-23T00:00:00+00:00,2026-09-24T00:00:00+00:00,B3,unavailable,,unknown,,,unknown,insufficient_evidence,,,proxy_complete,proxy_complete_no_claim,proxy_insufficient,scale_incompatible
