date,symbol,name,score,opportunity,risk,confidence,confidence_label,rs3m,trend200,cycle,close,currency,sector,pillar_primary,cluster_official,bucket_type,trend_ok,liquidity_ok,score_status,volatility,drawdown,roe,growth,margin,debt_ratio,market_regime_stock,market_regime_crypto,market_trend200_stock,market_trend200_crypto,r_code,run_id,scoring_version,history_schema_version,rank,universe_size,rank_percentile,observation_type,data_source,as_of,generated_at,snapshot_id,schema_version
2026-10-06,1810.HK,XIAOMI CORP. CL.B,23.16,49.13,41.75,63.3,MED,-0.08965243801084366,-0.2130173222128885,100.0,24.260000228881836,HKD,Technology,S1 Hardware,Consumer Electronics,pillar,False,True,OK,0.4091116185015803,0.6022283995683335,19.86,22.3,9.82,10.389,bull,bull,0.08566324348566035,0.1926275991859414,R3,github-37518800261-1,v1,history_snapshot_v2,99,213,0.4647887323943662,observed_scanner,scanner_run,2026-10-06,2026-10-06T19:26:11.744918+00:00,a740d668-75d3-4274-ac6c-b0b1a8e6df36,research_views_v1
2026-10-06,6503.T,MITSUBISHI EL.,27.38,50.02,24.43,62.8,MED,-0.16009907896986642,-0.031550775638704454,100.0,5327.0,JPY,Industrials,S1 Hardware,Electrical Equipment & Parts,pillar,False,True,OK,0.4235766997740343,0.23368907431856034,9.51,4.9,6.59,8.262,bull,bull,0.08566324348566035,0.1926275991859414,R4,github-37518800261-1,v1,history_snapshot_v2,49,213,0.2300469483568075,observed_scanner,scanner_run,2026-10-06,2026-10-06T19:26:11.744918+00:00,a740d668-75d3-4274-ac6c-b0b1a8e6df36,research_views_v1
2026-10-06,6861.T,KEYENCE CORP.,18.21,38.66,32.96,66.7,MED,-0.046124613640944556,0.17915562107226513,38.5,81490.0,JPY,Technology,S1 Hardware,Scientific & Technical Instruments,pillar,True,True,OK,0.40850931692875847,0.179230282939153,0.0,0.0,0.0,100.0,bull,bull,0.08566324348566035,0.1926275991859414,R2,github-37518800261-1,v1,history_snapshot_v2,138,213,0.647887323943662,observed_scanner,scanner_run,2026-10-06,2026-10-06T19:26:11.744918+00:00,a740d668-75d3-4274-ac6c-b0b1a8e6df36,research_views_v1
2026-10-06,9880.HK,UBTECH ROBOT.CORP.,12.77,38.61,58.73,44.6,LOW,-0.1986023765614955,-0.2808495357653691,14.4,75.05000305175781,HKD,Industrials,S1 Hardware,Specialty Industrial Machinery,pillar,False,True,OK,0.6199162590161567,0.5312499907827868,-48.53,27.6,-70.91,57.216,bull,bull,0.08566324348566035,0.1926275991859414,R1,github-37518800261-1,v1,history_snapshot_v2,182,213,0.8544600938967136,observed_scanner,scanner_run,2026-10-06,2026-10-06T19:26:11.744918+00:00,a740d668-75d3-4274-ac6c-b0b1a8e6df36,research_views_v1
2026-10-06,ABBN.SW,ABB LTD. NA,30.61,57.14,31.09,72.0,MED,-0.06454328231408912,0.10627935789817244,82.3,82.58000183105469,CHF,Industrials,S1 Hardware,Electrical Equipment & Parts,pillar,True,True,OK,0.2837470846012928,0.1481480970966259,29.33,5.4,14.25,55.485,bull,bull,0.08566324348566035,0.1926275991859414,R4,github-37518800261-1,v1,history_snapshot_v2,25,213,0.11737089201877934,observed_scanner,scanner_run,2026-10-06,2026-10-06T19:26:11.744918+00:00,a740d668-75d3-4274-ac6c-b0b1a8e6df36,research_views_v1
2026-10-06,ABT,Abbott Laboratories,24.03,47.35,32.12,63.4,MED,0.008676399915975797,-0.04491721466229104,80.8,98.2699966430664,USD,Healthcare,S1 Hardware,Medical Devices,pillar,False,True,OK,0.27162377949389166,0.3753624694851271,13.16,4.4,14.72,25.31,bull,bull,0.08566324348566035,0.1926275991859414,R3,github-37518800261-1,v1,history_snapshot_v2,82,213,0.38497652582159625,observed_scanner,scanner_run,2026-10-06,2026-10-06T19:26:11.744918+00:00,a740d668-75d3-4274-ac6c-b0b1a8e6df36,research_views_v1
2026-10-06,AUTO.OL,AUTOSTORE HOLDINGS,23.25,50.57,45.81,77.9,HIGH,0.3609588805293198,0.2797379164771472,43.6,15.9399995803833,NOK,Technology,S1 Hardware,Computer Hardware,pillar,True,True,OK,0.5606247349991551,0.3009188498396024,5.71,-3.6,15.48,35.222,bull,bull,0.08566324348566035,0.1926275991859414,R3,github-37518800261-1,v1,history_snapshot_v2,96,213,0.4507042253521127,observed_scanner,scanner_run,2026-10-06,2026-10-06T19:26:11.744918+00:00,a740d668-75d3-4274-ac6c-b0b1a8e6df36,research_views_v1
2026-10-06,CGNX,COGNEX CORP.,23.29,48.67,39.74,60.8,MED,-0.03544707877886566,0.17899930160655897,94.1,65.94999694824219,USD,Technology,S1 Hardware,Scientific & Technical Instruments,pillar,True,True,OK,0.5936697506009948,0.27864217475145925,7.21,18.0,11.33,5.298,bull,bull,0.08566324348566035,0.1926275991859414,R3,github-37518800261-1,v1,history_snapshot_v2,95,213,0.4460093896713615,observed_scanner,scanner_run,2026-10-06,2026-10-06T19:26:11.744918+00:00,a740d668-75d3-4274-ac6c-b0b1a8e6df36,research_views_v1
2026-10-06,FANUY,FANUC CORP.,22.53,51.5,52.15,53.1,MED,-0.12595088533539267,-0.052787388606066576,60.4,19.610000610351562,USD,Industrials,S1 Hardware,Specialty Industrial Machinery,pillar,False,True,OK,0.47943810366926337,0.3198045860085911,9.37,9.5,19.35,100.0,bull,bull,0.08566324348566035,0.1926275991859414,R3,github-37518800261-1,v1,history_snapshot_v2,103,213,0.4835680751173709,observed_scanner,scanner_run,2026-10-06,2026-10-06T19:26:11.744918+00:00,a740d668-75d3-4274-ac6c-b0b1a8e6df36,research_views_v1
2026-10-06,GMED,Globus Medical,25.69,51.35,36.58,63.1,MED,-0.042614635834243964,-0.09611926079753241,24.1,76.41999816894531,USD,Healthcare,S1 Hardware,Medical Devices,pillar,False,True,OK,0.48615273404304965,0.24023964273441223,10.01,22.9,15.3,2.731,bull,bull,0.08566324348566035,0.1926275991859414,R3,github-37518800261-1,v1,history_snapshot_v2,64,213,0.3004694835680751,observed_scanner,scanner_run,2026-10-06,2026-10-06T19:26:11.744918+00:00,a740d668-75d3-4274-ac6c-b0b1a8e6df36,research_views_v1
2026-10-06,ISRG,INTUITIVE SURGICAL INC,26.08,51.89,36.42,66.1,MED,-0.05404360528621577,-0.08986402836988705,47.5,405.6650085449219,USD,Healthcare,S1 Hardware,Medical Instruments & Supplies,pillar,False,True,OK,0.3695072634545994,0.4399595130529892,16.69,18.8,28.38,0.953,bull,bull,0.08566324348566035,0.1926275991859414,R3,github-37518800261-1,v1,history_snapshot_v2,61,213,0.2863849765258216,observed_scanner,scanner_run,2026-10-06,2026-10-06T19:26:11.744918+00:00,a740d668-75d3-4274-ac6c-b0b1a8e6df36,research_views_v1
2026-10-06,ROK,ROCKWELL AU.,30.05,57.5,34.91,65.7,MED,-0.07154230735198619,0.06826157315308179,18.2,451.2250061035156,USD,Industrials,S1 Hardware,Specialty Industrial Machinery,pillar,True,True,OK,0.30997730606618024,0.18728303028970728,23.74,11.9,11.56,99.289,bull,bull,0.08566324348566035,0.1926275991859414,R4,github-37518800261-1,v1,history_snapshot_v2,26,213,0.12206572769953052,observed_scanner,scanner_run,2026-10-06,2026-10-06T19:26:11.744918+00:00,a740d668-75d3-4274-ac6c-b0b1a8e6df36,research_views_v1
2026-10-06,SN.L,SMITH + NEP. DL,22.53,45.01,32.0,60.1,MED,-0.1500942508430544,-0.13278784455530068,87.2,1011.5,GBp,Healthcare,S1 Hardware,Medical Devices,pillar,False,True,OK,0.26385677576341676,0.3067401209992813,9.14,4.7,8.26,62.392,bull,bull,0.08566324348566035,0.1926275991859414,R3,github-37518800261-1,v1,history_snapshot_v2,103,213,0.4835680751173709,observed_scanner,scanner_run,2026-10-06,2026-10-06T19:26:11.744918+00:00,a740d668-75d3-4274-ac6c-b0b1a8e6df36,research_views_v1
2026-10-06,SNN,SMITH & NEPHEW PLC,21.65,46.13,39.68,53.3,MED,-0.14702842802722194,-0.13212293952349285,100.0,26.81999969482422,USD,Healthcare,S1 Hardware,Medical Devices,pillar,False,True,OK,0.2784912954191204,0.2740642057938667,9.14,4.7,8.26,62.392,bull,bull,0.08566324348566035,0.1926275991859414,R3,github-37518800261-1,v1,history_snapshot_v2,110,213,0.5164319248826291,observed_scanner,scanner_run,2026-10-06,2026-10-06T19:26:11.744918+00:00,a740d668-75d3-4274-ac6c-b0b1a8e6df36,research_views_v1
2026-10-06,SYK,STRYKER CORP,21.41,44.29,35.13,50.1,MED,-0.18414965873039635,-0.14819291791858458,47.5,278.989990234375,USD,Healthcare,S1 Hardware,Medical Devices,pillar,False,True,OK,0.2990808186134512,0.30005174583816974,15.08,11.4,12.92,66.276,bull,bull,0.08566324348566035,0.1926275991859414,R3,github-37518800261-1,v1,history_snapshot_v2,113,213,0.5305164319248826,observed_scanner,scanner_run,2026-10-06,2026-10-06T19:26:11.744918+00:00,a740d668-75d3-4274-ac6c-b0b1a8e6df36,research_views_v1
2026-10-06,SYM,Symbotic Inc.,17.33,48.86,68.74,44.1,LOW,-0.018423126049117666,-0.12350792272787114,0.0,44.06999969482422,,Industrials,S1 Hardware,Specialty Industrial Machinery,pillar,False,True,OK,0.8107773735820645,0.5621993140361803,,,,,bull,bull,0.08566324348566035,0.1926275991859414,R2,github-37518800261-1,v1,history_snapshot_v2,152,213,0.7136150234741784,observed_scanner,scanner_run,2026-10-06,2026-10-06T19:26:11.744918+00:00,a740d668-75d3-4274-ac6c-b0b1a8e6df36,research_views_v1
2026-10-06,TER,TERADYNE INC.,33.07,67.66,51.95,88.4,HIGH,0.146734969088395,0.2752987074668478,86.1,430.2300109863281,USD,Technology,S1 Hardware,Semiconductor Equipment & Materials,pillar,True,True,OK,0.7729795747891407,0.3398437354578995,19.73,43.9,17.37,10.131,bull,bull,0.08566324348566035,0.1926275991859414,R5,github-37518800261-1,v1,history_snapshot_v2,20,213,0.09389671361502347,observed_scanner,scanner_run,2026-10-06,2026-10-06T19:26:11.744918+00:00,a740d668-75d3-4274-ac6c-b0b1a8e6df36,research_views_v1
2026-10-06,YASKY,YASKAWA EL. CORP.,11.37,35.31,55.15,51.2,MED,-0.2997429001725771,-0.06713033579563332,68.1,63.0,USD,Industrials,S1 Hardware,Electrical Equipment & Parts,pillar,False,False,OK,0.5417397637649639,0.42090398186059197,0.0,0.0,6.87,24.901,bull,bull,0.08566324348566035,0.1926275991859414,R1,github-37518800261-1,v1,history_snapshot_v2,192,213,0.9014084507042254,observed_scanner,scanner_run,2026-10-06,2026-10-06T19:26:11.744918+00:00,a740d668-75d3-4274-ac6c-b0b1a8e6df36,research_views_v1
2026-10-06,000660.KS,SK hynix Inc.,18.0,47.61,61.67,56.3,MED,-0.355311340981207,0.2453401085109026,0.0,1773000.0,KRW,Technology,S2 Gehirn,Semiconductors,pillar,True,True,OK,0.9132664198569668,0.5471051921241235,,,,,bull,bull,0.08566324348566035,0.1926275991859414,R2,github-37518800261-1,v1,history_snapshot_v2,141,213,0.6619718309859155,observed_scanner,scanner_run,2026-10-06,2026-10-06T19:26:11.744918+00:00,a740d668-75d3-4274-ac6c-b0b1a8e6df36,research_views_v1
2026-10-06,005930.KS,"Samsung Electronics Co., Ltd.",20.39,49.03,54.66,64.2,MED,-0.18317478244837893,0.19732285570005037,0.0,272000.0,KRW,Technology,S2 Gehirn,Semiconductors,pillar,True,True,OK,0.7640835610761483,0.42833575022000525,,,,,bull,bull,0.08566324348566035,0.1926275991859414,R2,github-37518800261-1,v1,history_snapshot_v2,123,213,0.5774647887323944,observed_scanner,scanner_run,2026-10-06,2026-10-06T19:26:11.744918+00:00,a740d668-75d3-4274-ac6c-b0b1a8e6df36,research_views_v1
2026-10-06,0700.HK,TENCENT HLDGS,27.86,53.24,32.11,70.2,MED,-0.15422657714907229,-0.13308836512294808,13.1,428.20001220703125,HKD,Communication Services,S2 Gehirn,Internet Content & Information,pillar,False,True,OK,0.3325967815118909,0.3850954246512269,19.83,15.4,29.86,32.47,bull,bull,0.08566324348566035,0.1926275991859414,R4,github-37518800261-1,v1,history_snapshot_v2,39,213,0.18309859154929578,observed_scanner,scanner_run,2026-10-06,2026-10-06T19:26:11.744918+00:00,a740d668-75d3-4274-ac6c-b0b1a8e6df36,research_views_v1
2026-10-06,8035.T,Tokyo Electron Limited,22.6,49.36,45.14,64.7,MED,-0.2068631374793144,0.31806545929869756,0.0,12805.0,JPY,Technology,S2 Gehirn,Semiconductor Equipment & Materials,pillar,True,True,OK,0.57064978850202,0.3654822097306196,,,,,bull,bull,0.08566324348566035,0.1926275991859414,R3,github-37518800261-1,v1,history_snapshot_v2,102,213,0.4788732394366197,observed_scanner,scanner_run,2026-10-06,2026-10-06T19:26:11.744918+00:00,a740d668-75d3-4274-ac6c-b0b1a8e6df36,research_views_v1
2026-10-06,9888.HK,"Baidu, Inc. Class A",17.78,42.16,45.84,54.9,MED,-0.3159777069148427,-0.2647560711393613,0.0,86.1500015258789,,Communication Services,S2 Gehirn,Internet Content & Information,pillar,False,True,OK,0.4626699484554656,0.48161995670877145,,,,,bull,bull,0.08566324348566035,0.1926275991859414,R2,github-37518800261-1,v1,history_snapshot_v2,143,213,0.6713615023474179,observed_scanner,scanner_run,2026-10-06,2026-10-06T19:26:11.744918+00:00,a740d668-75d3-4274-ac6c-b0b1a8e6df36,research_views_v1
2026-10-06,9988.HK,Alibaba Group Holding Limited,22.12,47.83,42.69,55.7,MED,-0.04203415708754399,-0.15528860979794934,0.0,108.19999694824219,,Consumer Cyclical,S2 Gehirn,Internet Retail,pillar,False,True,OK,0.44110571023238043,0.5035987254219685,,,,,bull,bull,0.08566324348566035,0.1926275991859414,R3,github-37518800261-1,v1,history_snapshot_v2,107,213,0.5023474178403756,observed_scanner,scanner_run,2026-10-06,2026-10-06T19:26:11.744918+00:00,a740d668-75d3-4274-ac6c-b0b1a8e6df36,research_views_v1
2026-10-06,AMAT,"Applied Materials, Inc.",22.13,50.28,50.25,64.5,MED,-0.14061653240192806,0.2301811634256874,0.0,528.7150268554688,USD,Technology,S2 Gehirn,Semiconductor Equipment & Materials,pillar,True,True,OK,0.5974958541647013,0.4248628346251607,,,,,bull,bull,0.08566324348566035,0.1926275991859414,R3,github-37518800261-1,v1,history_snapshot_v2,106,213,0.49765258215962443,observed_scanner,scanner_run,2026-10-06,2026-10-06T19:26:11.744918+00:00,a740d668-75d3-4274-ac6c-b0b1a8e6df36,research_views_v1
2026-10-06,AMKR,"Amkor Technology, Inc.",15.18,44.88,66.65,41.8,LOW,-0.2958609753374044,-0.06434917892018643,0.0,53.58000183105469,,Technology,S2 Gehirn,Semiconductor Equipment & Materials,pillar,False,True,OK,0.7876390043262307,0.543238922412152,,,,,bull,bull,0.08566324348566035,0.1926275991859414,R2,github-37518800261-1,v1,history_snapshot_v2,168,213,0.7887323943661971,observed_scanner,scanner_run,2026-10-06,2026-10-06T19:26:11.744918+00:00,a740d668-75d3-4274-ac6c-b0b1a8e6df36,research_views_v1
2026-10-06,AMZN,AMAZON.COM,29.14,54.03,28.46,72.4,MED,-0.0013292013231493982,0.061429948846914106,1.3,256.5299987792969,USD,Consumer Cyclical,S2 Gehirn,Internet Retail,pillar,True,True,OK,0.34440658135716884,0.2173622311569574,22.29,13.6,10.83,43.435,bull,bull,0.08566324348566035,0.1926275991859414,R4,github-37518800261-1,v1,history_snapshot_v2,32,213,0.15023474178403756,observed_scanner,scanner_run,2026-10-06,2026-10-06T19:26:11.744918+00:00,a740d668-75d3-4274-ac6c-b0b1a8e6df36,research_views_v1
2026-10-06,APLD,Applied Digital,13.33,43.22,70.3,38.8,LOW,-0.2644266471790243,-0.22080651039370647,50.9,25.03499984741211,USD,Technology,S2 Gehirn,Information Technology Services,pillar,False,True,OK,1.0270883155699329,0.532326312190512,-7.9,250.1,-47.35,125.912,bull,bull,0.08566324348566035,0.1926275991859414,R1,github-37518800261-1,v1,history_snapshot_v2,177,213,0.8309859154929577,observed_scanner,scanner_run,2026-10-06,2026-10-06T19:26:11.744918+00:00,a740d668-75d3-4274-ac6c-b0b1a8e6df36,research_views_v1
2026-10-06,ASML,ASML HOLDING,34.18,63.19,32.81,82.9,HIGH,-0.020747387549819862,0.18630485712992018,35.5,1836.1500244140625,USD,Technology,S2 Gehirn,Semiconductor Equipment & Materials,pillar,True,True,OK,0.46508055920611285,0.2195313939004605,50.46,4.9,29.42,13.813,bull,bull,0.08566324348566035,0.1926275991859414,R5,github-37518800261-1,v1,history_snapshot_v2,14,213,0.06572769953051644,observed_scanner,scanner_run,2026-10-06,2026-10-06T19:26:11.744918+00:00,a740d668-75d3-4274-ac6c-b0b1a8e6df36,research_views_v1
2026-10-06,ASX,"ASE Technology Holding Co., Ltd.",25.41,54.81,48.65,77.4,HIGH,0.044302147756778876,0.5215383090106913,0.0,46.8849983215332,,Technology,S2 Gehirn,Semiconductors,pillar,True,True,OK,0.5659441285456283,0.303345400370175,,,,,bull,bull,0.08566324348566035,0.1926275991859414,R3,github-37518800261-1,v1,history_snapshot_v2,69,213,0.323943661971831,observed_scanner,scanner_run,2026-10-06,2026-10-06T19:26:11.744918+00:00,a740d668-75d3-4274-ac6c-b0b1a8e6df36,research_views_v1
2026-10-06,BIDU,BAIDU INC,12.95,36.18,50.3,51.9,MED,-0.29831780809303876,-0.2709008263668745,26.0,87.125,USD,Communication Services,S2 Gehirn,Internet Content & Information,pillar,False,True,OK,0.48678953753635695,0.481171563634322,3.08,-7.1,6.9,33.81,bull,bull,0.08566324348566035,0.1926275991859414,R1,github-37518800261-1,v1,history_snapshot_v2,181,213,0.8497652582159625,observed_scanner,scanner_run,2026-10-06,2026-10-06T19:26:11.744918+00:00,a740d668-75d3-4274-ac6c-b0b1a8e6df36,research_views_v1
2026-10-06,DVLT,Datavault AI Inc.,5.87,34.14,77.74,37.6,LOW,-0.6357966679750755,-0.7124485329670721,71.3,0.1535000056028366,USD,Technology,S2 Gehirn,Software - Infrastructure,pillar,False,True,OK,1.7369268587268363,0.9561403501127956,-165.72,147.8,0.0,29.069,bull,bull,0.08566324348566035,0.1926275991859414,R1,github-37518800261-1,v1,history_snapshot_v2,206,213,0.9671361502347418,observed_scanner,scanner_run,2026-10-06,2026-10-06T19:26:11.744918+00:00,a740d668-75d3-4274-ac6c-b0b1a8e6df36,research_views_v1
2026-10-06,GOOGL,ALPHABET INC.A,36.25,63.67,24.49,75.4,HIGH,-0.06851644049275696,0.027528809302515667,4.9,348.3399963378906,USD,Communication Services,S2 Gehirn,Internet Content & Information,pillar,True,True,OK,0.3172688062029238,0.21047200943300937,35.71,18.0,32.81,16.133,bull,bull,0.08566324348566035,0.1926275991859414,R5,github-37518800261-1,v1,history_snapshot_v2,5,213,0.023474178403755867,observed_scanner,scanner_run,2026-10-06,2026-10-06T19:26:11.744918+00:00,a740d668-75d3-4274-ac6c-b0b1a8e6df36,research_views_v1
2026-10-06,IFX.DE,INFINEON TECH.,19.39,45.78,49.36,66.0,MED,-0.1579444427028962,0.15845173584146965,40.9,64.68000030517578,EUR,Technology,S2 Gehirn,Semiconductors,pillar,True,True,OK,0.5339935786757785,0.3859090805053711,5.71,7.0,6.88,41.673,bull,bull,0.08566324348566035,0.1926275991859414,R2,github-37518800261-1,v1,history_snapshot_v2,130,213,0.6103286384976526,observed_scanner,scanner_run,2026-10-06,2026-10-06T19:26:11.744918+00:00,a740d668-75d3-4274-ac6c-b0b1a8e6df36,research_views_v1
2026-10-06,JD,JD.COM ADR,21.2,43.71,34.33,57.9,MED,-0.08300284732293228,-0.06864728815751586,39.2,26.540000915527344,USD,Consumer Cyclical,S2 Gehirn,Internet Retail,pillar,False,True,OK,0.30843411269916904,0.2926761554458789,11.72,14.9,2.47,36.821,bull,bull,0.08566324348566035,0.1926275991859414,R3,github-37518800261-1,v1,history_snapshot_v2,115,213,0.539906103286385,observed_scanner,scanner_run,2026-10-06,2026-10-06T19:26:11.744918+00:00,a740d668-75d3-4274-ac6c-b0b1a8e6df36,research_views_v1
2026-10-06,KLAC,KLA Corporation,20.47,48.64,53.08,62.0,MED,-0.17485117647766768,0.11184869234346029,0.0,198.28610229492188,,Technology,S2 Gehirn,Semiconductor Equipment & Materials,pillar,True,True,OK,0.6068814592126109,0.44466815138541516,,,,,bull,bull,0.08566324348566035,0.1926275991859414,R2,github-37518800261-1,v1,history_snapshot_v2,122,213,0.5727699530516432,observed_scanner,scanner_run,2026-10-06,2026-10-06T19:26:11.744918+00:00,a740d668-75d3-4274-ac6c-b0b1a8e6df36,research_views_v1
2026-10-06,LRCX,Lam Research Corporation,22.29,50.94,51.55,65.0,MED,-0.09921261757494881,0.20042344579189253,0.0,331.81500244140625,,Technology,S2 Gehirn,Semiconductor Equipment & Materials,pillar,True,True,OK,0.6483728791805394,0.41764934428507483,,,,,bull,bull,0.08566324348566035,0.1926275991859414,R3,github-37518800261-1,v1,history_snapshot_v2,105,213,0.49295774647887325,observed_scanner,scanner_run,2026-10-06,2026-10-06T19:26:11.744918+00:00,a740d668-75d3-4274-ac6c-b0b1a8e6df36,research_views_v1
2026-10-06,MELI,MercadoLibre Inc.,27.41,57.22,46.58,68.0,MED,-0.014448478831630363,0.009050543759544505,20.4,1853.56005859375,USD,Consumer Cyclical,S2 Gehirn,Internet Retail,pillar,True,True,OK,0.41408047745676446,0.3447830138619993,40.65,39.5,7.93,159.296,bull,bull,0.08566324348566035,0.1926275991859414,R4,github-37518800261-1,v1,history_snapshot_v2,47,213,0.22065727699530516,observed_scanner,scanner_run,2026-10-06,2026-10-06T19:26:11.744918+00:00,a740d668-75d3-4274-ac6c-b0b1a8e6df36,research_views_v1
2026-10-06,META,META PLATFORMS INC,33.39,62.96,35.87,96.4,HIGH,0.139069291699367,0.18384660742905612,39.9,743.8099975585938,USD,Communication Services,S2 Gehirn,Internet Content & Information,pillar,True,True,OK,0.4183927908831954,0.29942763106919357,30.24,23.8,30.08,39.164,bull,bull,0.08566324348566035,0.1926275991859414,R5,github-37518800261-1,v1,history_snapshot_v2,16,213,0.07511737089201878,observed_scanner,scanner_run,2026-10-06,2026-10-06T19:26:11.744918+00:00,a740d668-75d3-4274-ac6c-b0b1a8e6df36,research_views_v1
2026-10-06,MSFT,MICROSOFT DL,35.62,64.86,31.13,92.7,HIGH,0.3453254245012436,0.22999466701340188,43.2,531.364990234375,USD,Technology,S2 Gehirn,Software - Infrastructure,pillar,True,True,OK,0.32742296598578446,0.34498397568158834,34.39,16.7,39.04,31.539,bull,bull,0.08566324348566035,0.1926275991859414,R5,github-37518800261-1,v1,history_snapshot_v2,7,213,0.03286384976525822,observed_scanner,scanner_run,2026-10-06,2026-10-06T19:26:11.744918+00:00,a740d668-75d3-4274-ac6c-b0b1a8e6df36,research_views_v1
2026-10-06,MU,MICRON TECHNOLOGY INC,34.26,69.35,51.5,84.6,HIGH,0.020459193246132212,0.5241544803368079,0.0,1051.3399658203125,USD,Technology,S2 Gehirn,Semiconductors,pillar,True,True,OK,0.8123800851162776,0.3909541844002312,22.55,56.7,28.15,21.244,bull,bull,0.08566324348566035,0.1926275991859414,R5,github-37518800261-1,v1,history_snapshot_v2,12,213,0.056338028169014086,observed_scanner,scanner_run,2026-10-06,2026-10-06T19:26:11.744918+00:00,a740d668-75d3-4274-ac6c-b0b1a8e6df36,research_views_v1
2026-10-06,NVDA,NVIDIA CORP.,39.79,69.85,26.73,96.8,HIGH,0.1442274965440249,0.19292290038239157,73.6,239.81739807128906,USD,Technology,S2 Gehirn,Semiconductors,pillar,True,True,OK,0.37746219158017813,0.20214384555482312,107.36,62.5,53.01,9.102,bull,bull,0.08566324348566035,0.1926275991859414,R5,github-37518800261-1,v1,history_snapshot_v2,3,213,0.014084507042253521,observed_scanner,scanner_run,2026-10-06,2026-10-06T19:26:11.744918+00:00,a740d668-75d3-4274-ac6c-b0b1a8e6df36,research_views_v1
2026-10-06,NXP,NXP SEMICONDUCTORS NV,23.25,46.34,32.74,53.3,MED,-0.09940330849610957,-0.04261735112666165,100.0,13.34000015258789,USD,Financial Services,S2 Gehirn,Asset Management,pillar,False,False,OK,0.09184545913504957,0.0974753612974073,1.13,9.1,24.21,100.0,bull,bull,0.08566324348566035,0.1926275991859414,R3,github-37518800261-1,v1,history_snapshot_v2,96,213,0.4507042253521127,observed_scanner,scanner_run,2026-10-06,2026-10-06T19:26:11.744918+00:00,a740d668-75d3-4274-ac6c-b0b1a8e6df36,research_views_v1
2026-10-06,ON,ON SEMICOND.,11.87,34.45,50.08,53.9,MED,-0.15694034617368713,0.06961009464902634,88.0,86.4000015258789,USD,Technology,S2 Gehirn,Semiconductors,pillar,True,True,OK,0.6365553136678964,0.5027252884621081,1.5,-11.2,2.02,39.064,bull,bull,0.08566324348566035,0.1926275991859414,R1,github-37518800261-1,v1,history_snapshot_v2,190,213,0.892018779342723,observed_scanner,scanner_run,2026-10-06,2026-10-06T19:26:11.744918+00:00,a740d668-75d3-4274-ac6c-b0b1a8e6df36,research_views_v1
2026-10-06,ORCL,ORACLE CORP,23.5,55.21,58.97,60.2,MED,-0.028611998886712398,-0.1020203742008966,57.0,145.3199005126953,USD,Technology,S2 Gehirn,Software - Infrastructure,pillar,False,True,OK,0.565874512148767,0.6290762078673806,69.03,14.2,25.28,432.511,bull,bull,0.08566324348566035,0.1926275991859414,R3,github-37518800261-1,v1,history_snapshot_v2,89,213,0.41784037558685444,observed_scanner,scanner_run,2026-10-06,2026-10-06T19:26:11.744918+00:00,a740d668-75d3-4274-ac6c-b0b1a8e6df36,research_views_v1
2026-10-06,PLTR,PALANTIR TECHN.,34.64,68.11,45.85,91.1,HIGH,0.4532038972930077,0.26585539366658484,30.5,192.64999389648438,USD,Technology,S2 Gehirn,Software - Infrastructure,pillar,True,True,OK,0.6010351440361756,0.4822376656276136,25.98,70.0,36.31,3.063,bull,bull,0.08566324348566035,0.1926275991859414,R5,github-37518800261-1,v1,history_snapshot_v2,10,213,0.046948356807511735,observed_scanner,scanner_run,2026-10-06,2026-10-06T19:26:11.744918+00:00,a740d668-75d3-4274-ac6c-b0b1a8e6df36,research_views_v1
2026-10-06,SAP.DE,SAP SE O.N.,25.49,53.4,43.93,83.2,HIGH,0.32950233976877175,0.14814687710046037,68.8,188.60000610351562,EUR,Technology,S2 Gehirn,Software - Application,pillar,True,True,OK,0.409464297414346,0.46075256027080425,16.46,3.3,19.91,17.84,bull,bull,0.08566324348566035,0.1926275991859414,R3,github-37518800261-1,v1,history_snapshot_v2,67,213,0.3145539906103286,observed_scanner,scanner_run,2026-10-06,2026-10-06T19:26:11.744918+00:00,a740d668-75d3-4274-ac6c-b0b1a8e6df36,research_views_v1
2026-10-06,SNOW,SNOWFLAKE INC. A,18.95,49.1,61.72,66.3,MED,0.2163194145141707,0.46605136278074544,55.9,335.9844055175781,USD,Technology,S2 Gehirn,Software - Application,pillar,True,True,OK,0.6499179610096052,0.5630006703868291,-53.09,28.7,-30.76,125.912,bull,bull,0.08566324348566035,0.1926275991859414,R2,github-37518800261-1,v1,history_snapshot_v2,134,213,0.6291079812206573,observed_scanner,scanner_run,2026-10-06,2026-10-06T19:26:11.744918+00:00,a740d668-75d3-4274-ac6c-b0b1a8e6df36,research_views_v1
2026-10-06,TSMN.MX,TAIWAN SEMICON.MANU.ADR/5,34.59,63.56,32.0,88.9,HIGH,0.08894943708566716,0.27517392844794664,81.8,8680.009765625,MXN,Technology,S2 Gehirn,Semiconductors,pillar,True,True,OK,0.37303620844585295,0.21477518008997998,35.22,20.5,45.1,18.187,bull,bull,0.08566324348566035,0.1926275991859414,R5,github-37518800261-1,v1,history_snapshot_v2,11,213,0.051643192488262914,observed_scanner,scanner_run,2026-10-06,2026-10-06T19:26:11.744918+00:00,a740d668-75d3-4274-ac6c-b0b1a8e6df36,research_views_v1
2026-10-06,TTAN,ServiceTitan,11.95,36.83,57.11,49.0,LOW,-0.1665063848264502,-0.07231728594398634,26.4,69.37000274658203,USD,Technology,S2 Gehirn,Software - Application,pillar,False,True,OK,0.6448833622377079,0.5082041410509157,-16.86,25.0,-23.91,10.505,bull,bull,0.08566324348566035,0.1926275991859414,R1,github-37518800261-1,v1,history_snapshot_v2,189,213,0.8873239436619719,observed_scanner,scanner_run,2026-10-06,2026-10-06T19:26:11.744918+00:00,a740d668-75d3-4274-ac6c-b0b1a8e6df36,research_views_v1
2026-10-06,ZETA,ZETA GLOBAL,20.56,46.71,46.69,77.0,HIGH,0.4686956569122338,0.5438110926253226,24.7,33.064998626708984,USD,Technology,S2 Gehirn,Software - Infrastructure,pillar,True,True,OK,0.665851360853078,0.4036885074504244,-3.92,25.7,-1.86,30.196,bull,bull,0.08566324348566035,0.1926275991859414,R2,github-37518800261-1,v1,history_snapshot_v2,121,213,0.568075117370892,observed_scanner,scanner_run,2026-10-06,2026-10-06T19:26:11.744918+00:00,a740d668-75d3-4274-ac6c-b0b1a8e6df36,research_views_v1
2026-10-06,0857.HK,PETROCHINA CO.,27.59,52.08,29.83,70.1,MED,0.043212978961517434,0.032984350525171235,69.6,9.670000076293945,HKD,Energy,S3 Energie,Oil & Gas Integrated,pillar,True,True,OK,0.29445805851710805,0.2736484957735713,10.21,2.3,5.55,20.439,bull,bull,0.08566324348566035,0.1926275991859414,R4,github-37518800261-1,v1,history_snapshot_v2,42,213,0.19718309859154928,observed_scanner,scanner_run,2026-10-06,2026-10-06T19:26:11.744918+00:00,a740d668-75d3-4274-ac6c-b0b1a8e6df36,research_views_v1
2026-10-06,3750.HK,CONT.AMPEREX (CATL),25.48,52.48,41.07,66.7,MED,-0.26860391010391327,-0.1755248964714119,82.0,488.6000061035156,HKD,Industrials,S3 Energie,Electrical Equipment & Parts,pillar,False,True,OK,0.4500698576820489,0.38681928789510855,22.14,12.9,16.52,37.135,bull,bull,0.08566324348566035,0.1926275991859414,R3,github-37518800261-1,v1,history_snapshot_v2,68,213,0.3192488262910798,observed_scanner,scanner_run,2026-10-06,2026-10-06T19:26:11.744918+00:00,a740d668-75d3-4274-ac6c-b0b1a8e6df36,research_views_v1
2026-10-06,ALB,ALBEMARLE CORP.,11.32,35.09,54.7,39.3,LOW,-0.20779628445854914,-0.3095177760099451,25.2,106.4800033569336,USD,Basic Materials,S3 Energie,Specialty Chemicals,pillar,False,True,OK,0.5726222807977283,0.5130834409320447,0.21,-3.5,-0.43,36.655,bull,bull,0.08566324348566035,0.1926275991859414,R1,github-37518800261-1,v1,history_snapshot_v2,193,213,0.9061032863849765,observed_scanner,scanner_run,2026-10-06,2026-10-06T19:26:11.744918+00:00,a740d668-75d3-4274-ac6c-b0b1a8e6df36,research_views_v1
2026-10-06,CCJ,CAMECO CORP.,20.17,45.78,45.65,58.7,MED,-0.0652819687785473,-0.11738614719221951,23.1,93.29499816894531,USD,Energy,S3 Energie,Uranium,pillar,False,True,OK,0.5544304859829696,0.36930418372360896,8.1,-14.7,15.18,14.854,bull,bull,0.08566324348566035,0.1926275991859414,R2,github-37518800261-1,v1,history_snapshot_v2,125,213,0.5868544600938967,observed_scanner,scanner_run,2026-10-06,2026-10-06T19:26:11.744918+00:00,a740d668-75d3-4274-ac6c-b0b1a8e6df36,research_views_v1
2026-10-06,CVX,CHEVRON CORP,26.62,48.4,23.05,80.2,HIGH,0.16722225172442595,0.12714539852731122,80.8,208.2550048828125,USD,Energy,S3 Energie,Oil & Gas Integrated,pillar,True,True,OK,0.23783937756696447,0.2081099056422988,7.16,-6.0,6.61,21.239,bull,bull,0.08566324348566035,0.1926275991859414,R3,github-37518800261-1,v1,history_snapshot_v2,57,213,0.2676056338028169,observed_scanner,scanner_run,2026-10-06,2026-10-06T19:26:11.744918+00:00,a740d668-75d3-4274-ac6c-b0b1a8e6df36,research_views_v1
2026-10-06,ENR.DE,SIEMENS ENERGY,14.73,38.06,47.65,52.7,MED,-0.09606767847225428,-0.03982337984530737,86.5,147.44000244140625,EUR,Industrials,S3 Energie,Specialty Industrial Machinery,pillar,False,True,OK,0.502967179659407,0.29293248526496385,0.0,0.0,-80.39,72.403,bull,bull,0.08566324348566035,0.1926275991859414,R2,github-37518800261-1,v1,history_snapshot_v2,169,213,0.7934272300469484,observed_scanner,scanner_run,2026-10-06,2026-10-06T19:26:11.744918+00:00,a740d668-75d3-4274-ac6c-b0b1a8e6df36,research_views_v1
2026-10-06,ETN,Eaton Corporation plc,27.56,53.69,34.96,77.3,HIGH,0.05542096423191123,0.14046235374474558,0.0,443.3599853515625,USD,Industrials,S3 Energie,Electrical Equipment & Parts,pillar,True,True,OK,0.393976845023004,0.18325735265737386,,,,,bull,bull,0.08566324348566035,0.1926275991859414,R4,github-37518800261-1,v1,history_snapshot_v2,44,213,0.20657276995305165,observed_scanner,scanner_run,2026-10-06,2026-10-06T19:26:11.744918+00:00,a740d668-75d3-4274-ac6c-b0b1a8e6df36,research_views_v1
2026-10-06,FLNC,FLUENCE ENER.,9.08,39.59,79.29,33.0,LOW,-0.5633402322145189,-0.5258233117315982,3.7,7.974999904632568,USD,Utilities,S3 Energie,Utilities - Renewable,pillar,False,True,OK,1.2331133125643765,0.7744337547569796,-14.46,154.4,-2.04,82.778,bull,bull,0.08566324348566035,0.1926275991859414,R1,github-37518800261-1,v1,history_snapshot_v2,202,213,0.9483568075117371,observed_scanner,scanner_run,2026-10-06,2026-10-06T19:26:11.744918+00:00,a740d668-75d3-4274-ac6c-b0b1a8e6df36,research_views_v1
2026-10-06,FSLR,FIRST SOLAR INC,24.49,53.28,48.32,64.4,MED,-0.25589285003708984,-0.19842074145408606,31.0,179.11000061035156,USD,Technology,S3 Energie,Solar,pillar,False,True,OK,0.5494918591084559,0.45919874120863613,16.86,79.7,27.73,9.893,bull,bull,0.08566324348566035,0.1926275991859414,R3,github-37518800261-1,v1,history_snapshot_v2,77,213,0.3615023474178404,observed_scanner,scanner_run,2026-10-06,2026-10-06T19:26:11.744918+00:00,a740d668-75d3-4274-ac6c-b0b1a8e6df36,research_views_v1
2026-10-06,KEP,KOREA EL. PWR ADR 1/2,28.56,62.11,56.27,38.7,LOW,-0.09246373189938195,-0.2348094334241082,12.6,11.319999694824219,USD,Utilities,S3 Energie,Utilities - Regulated Electric,pillar,False,True,OK,0.48711308894786287,0.5335339520763491,19.12,5.6,8.47,279.916,bull,bull,0.08566324348566035,0.1926275991859414,R4,github-37518800261-1,v1,history_snapshot_v2,36,213,0.16901408450704225,observed_scanner,scanner_run,2026-10-06,2026-10-06T19:26:11.744918+00:00,a740d668-75d3-4274-ac6c-b0b1a8e6df36,research_views_v1
2026-10-06,NEE,"NextEra Energy, Inc.",24.58,46.4,26.59,59.1,MED,-0.14309762224251676,-0.10172006959333901,0.0,77.51499938964844,USD,Utilities,S3 Energie,Utilities - Regulated Electric,pillar,False,True,OK,0.2069885432252927,0.21725826227279954,,,,,bull,bull,0.08566324348566035,0.1926275991859414,R3,github-37518800261-1,v1,history_snapshot_v2,74,213,0.3474178403755869,observed_scanner,scanner_run,2026-10-06,2026-10-06T19:26:11.744918+00:00,a740d668-75d3-4274-ac6c-b0b1a8e6df36,research_views_v1
2026-10-06,OXY,OCCIDENTAL PET.,19.15,39.5,31.05,76.4,HIGH,0.08326317141109296,0.08701309207767371,75.7,58.46500015258789,USD,Energy,S3 Energie,Oil & Gas E&P,pillar,True,True,OK,0.35182371001974894,0.2729252840000298,5.96,-7.7,8.17,62.221,bull,bull,0.08566324348566035,0.1926275991859414,R2,github-37518800261-1,v1,history_snapshot_v2,133,213,0.6244131455399061,observed_scanner,scanner_run,2026-10-06,2026-10-06T19:26:11.744918+00:00,a740d668-75d3-4274-ac6c-b0b1a8e6df36,research_views_v1
2026-10-06,SU.PA,Schneider Electric S.E.,24.73,49.21,34.55,60.4,MED,-0.07492924139449197,-0.019484640545658127,0.0,260.5,EUR,Industrials,S3 Energie,Electrical Equipment & Parts,pillar,False,True,OK,0.349929156014254,0.17762918089750324,,,,,bull,bull,0.08566324348566035,0.1926275991859414,R3,github-37518800261-1,v1,history_snapshot_v2,73,213,0.3427230046948357,observed_scanner,scanner_run,2026-10-06,2026-10-06T19:26:11.744918+00:00,a740d668-75d3-4274-ac6c-b0b1a8e6df36,research_views_v1
2026-10-06,UEC,URANIUM ENERGY CORP,11.02,36.59,60.8,42.5,LOW,-0.038267644442767645,-0.2178055755386451,15.0,10.175000190734863,USD,Energy,S3 Energie,Uranium,pillar,False,True,OK,0.790651062285751,0.5511419942495426,-7.29,0.0,-156.46,0.147,bull,bull,0.08566324348566035,0.1926275991859414,R1,github-37518800261-1,v1,history_snapshot_v2,194,213,0.9107981220657277,observed_scanner,scanner_run,2026-10-06,2026-10-06T19:26:11.744918+00:00,a740d668-75d3-4274-ac6c-b0b1a8e6df36,research_views_v1
2026-10-06,XOM,EXXON MOBIL CORP,27.54,49.72,22.76,80.1,HIGH,0.1665470819931556,0.11201462159503794,91.8,164.75,USD,Energy,S3 Energie,Oil & Gas Integrated,pillar,True,True,OK,0.2590261061423019,0.2011225721014881,11.08,-1.3,8.9,16.329,bull,bull,0.08566324348566035,0.1926275991859414,R4,github-37518800261-1,v1,history_snapshot_v2,45,213,0.2112676056338028,observed_scanner,scanner_run,2026-10-06,2026-10-06T19:26:11.744918+00:00,a740d668-75d3-4274-ac6c-b0b1a8e6df36,research_views_v1
2026-10-06,XSDG.F,SAMSUNG SDI,16.74,44.74,58.77,67.9,MED,0.5187843407355928,0.3401008923331741,36.7,93.19999694824219,EUR,Industrials,S3 Energie,Electrical Equipment & Parts,pillar,True,False,OK,0.754548526557311,0.4524271696516611,-2.59,2.8,-4.89,46.177,bull,bull,0.08566324348566035,0.1926275991859414,R2,github-37518800261-1,v1,history_snapshot_v2,156,213,0.7323943661971831,observed_scanner,scanner_run,2026-10-06,2026-10-06T19:26:11.744918+00:00,a740d668-75d3-4274-ac6c-b0b1a8e6df36,research_views_v1
2026-10-06,YCA.L,YELLOW CAKE PLC,17.65,38.8,36.07,57.1,MED,0.02369758940152855,-0.0375015998976066,8.2,564.0,GBp,Energy,S3 Energie,Uranium,pillar,False,True,OK,0.32505604491408424,0.2832409972299169,-0.45,0.0,-153.91,100.0,bull,bull,0.08566324348566035,0.1926275991859414,R2,github-37518800261-1,v1,history_snapshot_v2,150,213,0.704225352112676,observed_scanner,scanner_run,2026-10-06,2026-10-06T19:26:11.744918+00:00,a740d668-75d3-4274-ac6c-b0b1a8e6df36,research_views_v1
2026-10-06,2899.HK,ZIJIN MINING,28.97,60.18,48.34,67.4,MED,0.0630461688026891,-0.07351226778169628,53.8,32.58000183105469,HKD,Basic Materials,S4 Fundament,Gold,pillar,False,True,OK,0.49693722050042166,0.3978220807776228,28.01,8.1,13.91,74.84,bull,bull,0.08566324348566035,0.1926275991859414,R4,github-37518800261-1,v1,history_snapshot_v2,34,213,0.1596244131455399,observed_scanner,scanner_run,2026-10-06,2026-10-06T19:26:11.744918+00:00,a740d668-75d3-4274-ac6c-b0b1a8e6df36,research_views_v1
2026-10-06,AAGFF,AFTERMATH SILVER,7.07,34.49,73.09,30.4,LOW,-0.12116368951879619,-0.26839204656240934,32.9,0.4399999976158142,USD,Basic Materials,S4 Fundament,Other Industrial Metals & Mining,pillar,False,False,OK,0.8413683337241076,0.5487932811493527,-39.66,0.0,0.0,100.0,bull,bull,0.08566324348566035,0.1926275991859414,R1,github-37518800261-1,v1,history_snapshot_v2,204,213,0.9577464788732394,observed_scanner,scanner_run,2026-10-06,2026-10-06T19:26:11.744918+00:00,a740d668-75d3-4274-ac6c-b0b1a8e6df36,research_views_v1
2026-10-06,ABX.TO,BARRICK MINING,35.23,68.07,42.94,83.2,HIGH,0.10428978296285818,-0.01277887584720827,31.3,58.029998779296875,CAD,Basic Materials,S4 Fundament,Gold,pillar,False,True,OK,0.47119456508351176,0.31061419846456595,20.68,64.5,29.45,14.509,bull,bull,0.08566324348566035,0.1926275991859414,R4,github-37518800261-1,v1,history_snapshot_v2,8,213,0.03755868544600939,observed_scanner,scanner_run,2026-10-06,2026-10-06T19:26:11.744918+00:00,a740d668-75d3-4274-ac6c-b0b1a8e6df36,research_views_v1
2026-10-06,AEM,AGNICO EAGLE,42.24,77.46,38.6,80.1,HIGH,0.2147295605725501,-0.010576061051006502,50.1,186.5399932861328,USD,Basic Materials,S4 Fundament,Gold,pillar,False,True,OK,0.48820559238340205,0.45804423932397453,15.67,41.9,32.62,1.427,bull,bull,0.08566324348566035,0.1926275991859414,R4,github-37518800261-1,v1,history_snapshot_v2,2,213,0.009389671361502348,observed_scanner,scanner_run,2026-10-06,2026-10-06T19:26:11.744918+00:00,a740d668-75d3-4274-ac6c-b0b1a8e6df36,research_views_v1
2026-10-06,AG.TO,FIRST MAJESTIC,33.28,68.46,53.4,54.9,MED,0.0688011138166551,-0.10655978585666115,36.4,24.975000381469727,CAD,Basic Materials,S4 Fundament,Silver,pillar,False,True,OK,0.7431031462730385,0.5174444496202659,4.21,95.1,7.07,7.886,bull,bull,0.08566324348566035,0.1926275991859414,R4,github-37518800261-1,v1,history_snapshot_v2,18,213,0.08450704225352113,observed_scanner,scanner_run,2026-10-06,2026-10-06T19:26:11.744918+00:00,a740d668-75d3-4274-ac6c-b0b1a8e6df36,research_views_v1
2026-10-06,AGI.TO,ALAMOS GOLD,28.33,61.66,55.94,66.2,MED,0.07917766935875203,-0.13289424205930722,100.0,46.65999984741211,CAD,Basic Materials,S4 Fundament,Gold,pillar,False,True,OK,0.569694867805712,0.4839531834904772,14.27,28.1,33.46,6.831,bull,bull,0.08566324348566035,0.1926275991859414,R4,github-37518800261-1,v1,history_snapshot_v2,37,213,0.17370892018779344,observed_scanner,scanner_run,2026-10-06,2026-10-06T19:26:11.744918+00:00,a740d668-75d3-4274-ac6c-b0b1a8e6df36,research_views_v1
2026-10-06,ASM.TO,AVINO SILVER,33.9,70.72,57.48,49.7,LOW,-0.07547357361640405,-0.18050532249061413,36.8,7.949999809265137,CAD,Basic Materials,S4 Fundament,Other Precious Metals & Mining,pillar,False,True,OK,0.8481624274434183,0.5203145437830872,14.34,44.0,24.72,2.563,bull,bull,0.08566324348566035,0.1926275991859414,R4,github-37518800261-1,v1,history_snapshot_v2,15,213,0.07042253521126761,observed_scanner,scanner_run,2026-10-06,2026-10-06T19:26:11.744918+00:00,a740d668-75d3-4274-ac6c-b0b1a8e6df36,research_views_v1
2026-10-06,BTO.TO,B2GOLD CORP.,29.43,63.08,55.12,72.4,MED,0.33641159863171355,0.1247144916406202,64.9,7.409999847412109,CAD,Basic Materials,S4 Fundament,Gold,pillar,True,True,OK,0.605830881651648,0.3889865283064944,7.23,74.7,8.75,18.916,bull,bull,0.08566324348566035,0.1926275991859414,R4,github-37518800261-1,v1,history_snapshot_v2,31,213,0.14553990610328638,observed_scanner,scanner_run,2026-10-06,2026-10-06T19:26:11.744918+00:00,a740d668-75d3-4274-ac6c-b0b1a8e6df36,research_views_v1
2026-10-06,CSTM,CONSTELLIUM SE,22.03,50.59,51.66,52.0,MED,-0.18178181502056268,-0.0746350548082515,36.6,25.43000030517578,USD,Basic Materials,S4 Fundament,Aluminum,pillar,False,True,OK,0.4537357568655708,0.33084372024879216,12.18,20.2,1.42,247.045,bull,bull,0.08566324348566035,0.1926275991859414,R3,github-37518800261-1,v1,history_snapshot_v2,108,213,0.5070422535211268,observed_scanner,scanner_run,2026-10-06,2026-10-06T19:26:11.744918+00:00,a740d668-75d3-4274-ac6c-b0b1a8e6df36,research_views_v1
2026-10-06,DSV.TO,DISCOVERY SILVER,23.4,57.09,65.27,61.7,MED,0.3138395358990611,0.21545718865183816,27.9,11.880000114440918,CAD,Basic Materials,S4 Fundament,Silver,pillar,True,True,OK,0.7845911737016735,0.3848768488073805,11.07,0.0,9.5,100.0,bull,bull,0.08566324348566035,0.1926275991859414,R3,github-37518800261-1,v1,history_snapshot_v2,92,213,0.431924882629108,observed_scanner,scanner_run,2026-10-06,2026-10-06T19:26:11.744918+00:00,a740d668-75d3-4274-ac6c-b0b1a8e6df36,research_views_v1
2026-10-06,DV.V,DOLLY VARDEN,5.41,30.33,68.1,26.7,LOW,-0.371490558149511,-0.3537739900194184,32.7,3.7200000286102295,CAD,Basic Materials,S4 Fundament,Silver,pillar,False,False,OK,0.6471146101340484,0.5242966819756595,-26.19,0.0,0.0,100.0,bull,bull,0.08566324348566035,0.1926275991859414,R1,github-37518800261-1,v1,history_snapshot_v2,207,213,0.971830985915493,observed_scanner,scanner_run,2026-10-06,2026-10-06T19:26:11.744918+00:00,a740d668-75d3-4274-ac6c-b0b1a8e6df36,research_views_v1
2026-10-06,EDR.TO,ENDEAVOUR SILVER,19.65,50.94,64.09,61.1,MED,0.08252668383167361,-0.10369922790755459,31.0,12.34000015258789,CAD,Basic Materials,S4 Fundament,Silver,pillar,False,True,OK,0.7826542355614838,0.4640455407362998,-20.46,167.3,-27.97,31.741,bull,bull,0.08566324348566035,0.1926275991859414,R2,github-37518800261-1,v1,history_snapshot_v2,129,213,0.6056338028169014,observed_scanner,scanner_run,2026-10-06,2026-10-06T19:26:11.744918+00:00,a740d668-75d3-4274-ac6c-b0b1a8e6df36,research_views_v1
2026-10-06,EQX.TO,EQUINOX GOLD,24.29,56.93,60.54,57.0,MED,0.1704074038417993,-0.09909871612601961,55.9,16.290000915527344,CAD,Basic Materials,S4 Fundament,Gold,pillar,False,True,OK,0.6210209682370671,0.5266960681996757,1.41,91.2,2.71,34.774,bull,bull,0.08566324348566035,0.1926275991859414,R3,github-37518800261-1,v1,history_snapshot_v2,80,213,0.3755868544600939,observed_scanner,scanner_run,2026-10-06,2026-10-06T19:26:11.744918+00:00,a740d668-75d3-4274-ac6c-b0b1a8e6df36,research_views_v1
2026-10-06,FCX,FREEPORT-MCMORAN,26.5,53.76,40.2,78.5,HIGH,0.16679544595998141,0.14382261821451414,37.1,72.8550033569336,USD,Basic Materials,S4 Fundament,Copper,pillar,True,True,OK,0.4780281304324482,0.24309796349452595,13.95,-1.5,8.51,33.768,bull,bull,0.08566324348566035,0.1926275991859414,R3,github-37518800261-1,v1,history_snapshot_v2,59,213,0.27699530516431925,observed_scanner,scanner_run,2026-10-06,2026-10-06T19:26:11.744918+00:00,a740d668-75d3-4274-ac6c-b0b1a8e6df36,research_views_v1
2026-10-06,FRES.L,FRESNILLO PLC,37.41,70.23,39.21,61.0,MED,0.0033168302689940976,-0.17090493443129784,21.4,2703.0,GBp,Basic Materials,S4 Fundament,Other Precious Metals & Mining,pillar,False,True,OK,0.5696650695834988,0.450869549748357,13.85,30.1,11.56,20.456,bull,bull,0.08566324348566035,0.1926275991859414,R4,github-37518800261-1,v1,history_snapshot_v2,4,213,0.018779342723004695,observed_scanner,scanner_run,2026-10-06,2026-10-06T19:26:11.744918+00:00,a740d668-75d3-4274-ac6c-b0b1a8e6df36,research_views_v1
2026-10-06,GOT.V,GOLIATH RES,8.99,35.33,66.53,40.2,LOW,0.07453123700889064,-0.19029460435337164,50.0,1.4600000381469727,CAD,Basic Materials,S4 Fundament,Other Precious Metals & Mining,pillar,False,False,OK,0.5816323782715893,0.600000014901161,-164.74,0.0,0.0,100.0,bull,bull,0.08566324348566035,0.1926275991859414,R1,github-37518800261-1,v1,history_snapshot_v2,203,213,0.9530516431924883,observed_scanner,scanner_run,2026-10-06,2026-10-06T19:26:11.744918+00:00,a740d668-75d3-4274-ac6c-b0b1a8e6df36,research_views_v1
2026-10-06,HL,HECLA MNG,26.93,59.99,57.44,64.0,MED,0.045327216338848064,-0.1057487222477006,12.4,17.1299991607666,USD,Basic Materials,S4 Fundament,Other Precious Metals & Mining,pillar,False,True,OK,0.738394756243385,0.5581261665440812,8.88,67.1,16.27,11.711,bull,bull,0.08566324348566035,0.1926275991859414,R3,github-37518800261-1,v1,history_snapshot_v2,55,213,0.25821596244131456,observed_scanner,scanner_run,2026-10-06,2026-10-06T19:26:11.744918+00:00,a740d668-75d3-4274-ac6c-b0b1a8e6df36,research_views_v1
2026-10-06,HMY,Harmony Gold Mining Company,28.07,61.64,57.13,67.7,MED,0.11604822616564947,-0.04356007803662598,27.3,17.360000610351562,USD,Basic Materials,S4 Fundament,Gold,pillar,False,True,OK,0.655218535869703,0.48847927471409924,32.52,22.7,19.46,4.925,bull,bull,0.08566324348566035,0.1926275991859414,R4,github-37518800261-1,v1,history_snapshot_v2,38,213,0.1784037558685446,observed_scanner,scanner_run,2026-10-06,2026-10-06T19:26:11.744918+00:00,a740d668-75d3-4274-ac6c-b0b1a8e6df36,research_views_v1
2026-10-06,LGO,LARGO INC,10.37,40.05,74.59,25.9,LOW,-0.38893327195717586,-0.5201313802042155,96.7,0.48159998655319214,USD,Basic Materials,S4 Fundament,Other Industrial Metals & Mining,pillar,False,False,OK,0.973074564584645,0.8134920625534667,-38.41,11.2,-57.33,77.781,bull,bull,0.08566324348566035,0.1926275991859414,R1,github-37518800261-1,v1,history_snapshot_v2,200,213,0.9389671361502347,observed_scanner,scanner_run,2026-10-06,2026-10-06T19:26:11.744918+00:00,a740d668-75d3-4274-ac6c-b0b1a8e6df36,research_views_v1
2026-10-06,MGMA.V,MAGMA SILVER,2.65,30.33,81.23,27.2,LOW,-0.22711717377355478,-0.42885521542251803,23.3,0.11500000208616257,CAD,Basic Materials,S4 Fundament,Other Industrial Metals & Mining,pillar,False,False,OK,1.0812797746610434,0.7529411911139434,-2465.46,0.0,0.0,100.0,bull,bull,0.08566324348566035,0.1926275991859414,R1,github-37518800261-1,v1,history_snapshot_v2,212,213,0.9953051643192489,observed_scanner,scanner_run,2026-10-06,2026-10-06T19:26:11.744918+00:00,a740d668-75d3-4274-ac6c-b0b1a8e6df36,research_views_v1
2026-10-06,NEM.AX,NEWMONT CORP.,34.2,67.55,46.22,77.7,HIGH,0.19039223304342845,0.038817758221260545,43.9,164.3000030517578,AUD,Basic Materials,S4 Fundament,Gold,pillar,True,True,OK,0.4781384145034725,0.31607120882560125,22.88,20.0,33.42,16.914,bull,bull,0.08566324348566035,0.1926275991859414,R5,github-37518800261-1,v1,history_snapshot_v2,13,213,0.06103286384976526,observed_scanner,scanner_run,2026-10-06,2026-10-06T19:26:11.744918+00:00,a740d668-75d3-4274-ac6c-b0b1a8e6df36,research_views_v1
2026-10-06,PAAS.TO,PAN AMER. SILVER,26.42,57.72,52.86,61.4,MED,0.03706899240495187,-0.10179760218841338,41.7,65.29000091552734,CAD,Basic Materials,S4 Fundament,Gold,pillar,False,True,OK,0.57524642539829,0.37078764485817806,11.29,19.3,19.48,13.316,bull,bull,0.08566324348566035,0.1926275991859414,R3,github-37518800261-1,v1,history_snapshot_v2,60,213,0.28169014084507044,observed_scanner,scanner_run,2026-10-06,2026-10-06T19:26:11.744918+00:00,a740d668-75d3-4274-ac6c-b0b1a8e6df36,research_views_v1
2026-10-06,PKX,POSCO HOL.ADR,26.9,56.21,45.89,64.9,MED,0.1387488585031187,-0.037995600199540625,47.7,58.959999084472656,USD,Basic Materials,S4 Fundament,Steel,pillar,False,True,OK,0.45705996742404864,0.4692542558079722,0.81,-5.4,0.95,45.676,bull,bull,0.08566324348566035,0.1926275991859414,R3,github-37518800261-1,v1,history_snapshot_v2,56,213,0.26291079812206575,observed_scanner,scanner_run,2026-10-06,2026-10-06T19:26:11.744918+00:00,a740d668-75d3-4274-ac6c-b0b1a8e6df36,research_views_v1
2026-10-06,PPTA,Perpetua Resources,12.32,38.58,60.76,41.6,LOW,0.002932774763570123,-0.21560430873180214,33.6,20.645000457763672,USD,Basic Materials,S4 Fundament,Other Precious Metals & Mining,pillar,False,True,OK,0.7377173046833686,0.5459430665163472,-14.54,0.0,0.0,0.009,bull,bull,0.08566324348566035,0.1926275991859414,R1,github-37518800261-1,v1,history_snapshot_v2,184,213,0.863849765258216,observed_scanner,scanner_run,2026-10-06,2026-10-06T19:26:11.744918+00:00,a740d668-75d3-4274-ac6c-b0b1a8e6df36,research_views_v1
2026-10-06,SLVR.V,SILVER TIGER,10.6,39.5,71.78,34.4,LOW,-0.1600714771977183,0.0284928553377066,11.8,0.7300000190734863,CAD,Basic Materials,S4 Fundament,Other Precious Metals & Mining,pillar,True,False,OK,0.8526655510836472,0.5037593947896938,-4.86,0.0,0.0,100.0,bull,bull,0.08566324348566035,0.1926275991859414,R1,github-37518800261-1,v1,history_snapshot_v2,199,213,0.9342723004694836,observed_scanner,scanner_run,2026-10-06,2026-10-06T19:26:11.744918+00:00,a740d668-75d3-4274-ac6c-b0b1a8e6df36,research_views_v1
2026-10-06,SOLB.BR,SOLVAY S.A. A,18.69,41.22,38.58,49.4,LOW,-0.08725362528956349,-0.030081170972201643,100.0,24.860000610351562,EUR,Basic Materials,S4 Fundament,Chemicals,pillar,False,True,OK,0.25091658968684905,0.14035087843632965,12.58,-3.9,3.14,174.545,bull,bull,0.08566324348566035,0.1926275991859414,R2,github-37518800261-1,v1,history_snapshot_v2,137,213,0.6431924882629108,observed_scanner,scanner_run,2026-10-06,2026-10-06T19:26:11.744918+00:00,a740d668-75d3-4274-ac6c-b0b1a8e6df36,research_views_v1
2026-10-06,VALE,VALE S.A.,29.57,56.46,33.95,62.0,MED,-0.01374492451862408,-0.05338331504478899,3.6,14.1850004196167,BRL,Basic Materials,S4 Fundament,Other Industrial Metals & Mining,pillar,False,True,OK,0.3294126734828629,0.23235367941301133,13.27,7.0,14.15,50.201,bull,bull,0.08566324348566035,0.1926275991859414,R4,github-37518800261-1,v1,history_snapshot_v2,28,213,0.13145539906103287,observed_scanner,scanner_run,2026-10-06,2026-10-06T19:26:11.744918+00:00,a740d668-75d3-4274-ac6c-b0b1a8e6df36,research_views_v1
2026-10-06,VZLA.TO,VIZSLA SILVER,12.09,41.73,71.61,43.5,LOW,0.1478828918625159,-0.08391934814114776,5.0,5.025000095367432,CAD,Basic Materials,S4 Fundament,Other Precious Metals & Mining,pillar,False,False,OK,0.676295246820824,0.5593952675097587,-3.22,0.0,0.0,100.0,bull,bull,0.08566324348566035,0.1926275991859414,R1,github-37518800261-1,v1,history_snapshot_v2,187,213,0.8779342723004695,observed_scanner,scanner_run,2026-10-06,2026-10-06T19:26:11.744918+00:00,a740d668-75d3-4274-ac6c-b0b1a8e6df36,research_views_v1
2026-10-06,WPM.TO,WHEATON PREC.,43.32,78.88,37.86,80.0,HIGH,0.23951882832947402,0.06378415118600822,38.5,195.99000549316406,CAD,Basic Materials,S4 Fundament,Gold,pillar,True,True,OK,0.508487423050266,0.35599552664080425,13.05,54.5,54.72,0.099,bull,bull,0.08566324348566035,0.1926275991859414,R5,github-37518800261-1,v1,history_snapshot_v2,1,213,0.004694835680751174,observed_scanner,scanner_run,2026-10-06,2026-10-06T19:26:11.744918+00:00,a740d668-75d3-4274-ac6c-b0b1a8e6df36,research_views_v1
2026-10-06,NDA.DE,AURUBIS AG,23.88,49.89,40.68,59.6,MED,-0.10901579908108505,-0.0875549850628603,54.1,157.1999969482422,EUR,Industrials,S5 Recycling,Metal Fabrication,pillar,False,True,OK,0.4109672376750395,0.30018249985329426,11.9,25.3,3.14,10.073,bull,bull,0.08566324348566035,0.1926275991859414,R3,github-37518800261-1,v1,history_snapshot_v2,85,213,0.39906103286384975,observed_scanner,scanner_run,2026-10-06,2026-10-06T19:26:11.744918+00:00,a740d668-75d3-4274-ac6c-b0b1a8e6df36,research_views_v1
2026-10-06,SGM.AX,Sims Limited,23.88,50.71,43.27,63.7,MED,-0.06313771929523293,0.06920416625762194,0.0,24.280000686645508,AUD,Industrials,S5 Recycling,Waste Management,pillar,True,True,OK,0.3836841419103927,0.24408133141311805,,,,,bull,bull,0.08566324348566035,0.1926275991859414,R3,github-37518800261-1,v1,history_snapshot_v2,85,213,0.39906103286384975,observed_scanner,scanner_run,2026-10-06,2026-10-06T19:26:11.744918+00:00,a740d668-75d3-4274-ac6c-b0b1a8e6df36,research_views_v1
2026-10-06,TOM.OL,Tomra Systems ASA,20.39,48.11,51.83,56.3,MED,-0.048112209296462316,-0.12474609309280837,0.0,94.80000305175781,NOK,Industrials,S5 Recycling,Specialty Industrial Machinery,pillar,False,True,OK,0.43380954313785064,0.3804633311292954,,,,,bull,bull,0.08566324348566035,0.1926275991859414,R2,github-37518800261-1,v1,history_snapshot_v2,123,213,0.5774647887323944,observed_scanner,scanner_run,2026-10-06,2026-10-06T19:26:11.744918+00:00,a740d668-75d3-4274-ac6c-b0b1a8e6df36,research_views_v1
2026-10-06,UMI.BR,UMICORE,23.36,53.09,53.11,52.6,MED,0.014201992692367327,0.03931390464769979,0.0,21.100000381469727,EUR,Industrials,S5 Recycling,Waste Management,pillar,True,True,OK,0.47030669016493487,0.28724392656859776,7.19,16.8,0.8,142.464,bull,bull,0.08566324348566035,0.1926275991859414,R3,github-37518800261-1,v1,history_snapshot_v2,93,213,0.43661971830985913,observed_scanner,scanner_run,2026-10-06,2026-10-06T19:26:11.744918+00:00,a740d668-75d3-4274-ac6c-b0b1a8e6df36,research_views_v1
2026-10-06,CPB,CAMPBELLS CO.,14.67,37.33,45.66,48.5,LOW,-0.1383001742207316,-0.1467212597328864,100.0,19.110000610351562,USD,Consumer Defensive,S11 Konsum,Packaged Foods,pillar,False,True,OK,0.31784037713378654,0.3578000374840943,14.82,-3.4,5.69,184.567,bull,bull,0.08566324348566035,0.1926275991859414,R2,github-37518800261-1,v1,history_snapshot_v2,170,213,0.7981220657276995,observed_scanner,scanner_run,2026-10-06,2026-10-06T19:26:11.744918+00:00,a740d668-75d3-4274-ac6c-b0b1a8e6df36,research_views_v1
2026-10-06,INGR,INGREDION INC,31.21,55.94,24.51,57.5,MED,-0.03705836681065544,-0.07891668846258604,29.1,96.90499877929688,USD,Consumer Defensive,S11 Konsum,Packaged Foods,pillar,False,True,OK,0.17878599990672625,0.20980571687953142,18.1,-2.4,10.1,41.609,bull,bull,0.08566324348566035,0.1926275991859414,R4,github-37518800261-1,v1,history_snapshot_v2,22,213,0.10328638497652583,observed_scanner,scanner_run,2026-10-06,2026-10-06T19:26:11.744918+00:00,a740d668-75d3-4274-ac6c-b0b1a8e6df36,research_views_v1
2026-10-06,KO,Coca-Cola,32.75,59.09,26.95,75.2,HIGH,0.013216147613106521,0.09068243259786257,63.0,86.48999786376953,USD,Consumer Defensive,S11 Konsum,Beverages - Non-Alcoholic,pillar,True,True,OK,0.18762359747394824,0.07867643728225071,42.44,5.1,27.34,144.771,bull,bull,0.08566324348566035,0.1926275991859414,R5,github-37518800261-1,v1,history_snapshot_v2,21,213,0.09859154929577464,observed_scanner,scanner_run,2026-10-06,2026-10-06T19:26:11.744918+00:00,a740d668-75d3-4274-ac6c-b0b1a8e6df36,research_views_v1
2026-10-06,LC0A.MU,LUCKIN COFFEE,27.54,58.25,49.17,67.6,MED,-0.004779021710638931,0.025001742532849258,90.2,29.600000381469727,USD,Consumer Cyclical,S11 Konsum,Restaurants,pillar,True,False,OK,0.4552043071346323,0.3224043641806166,27.39,50.2,8.48,41.484,bull,bull,0.08566324348566035,0.1926275991859414,R3,github-37518800261-1,v1,history_snapshot_v2,45,213,0.2112676056338028,observed_scanner,scanner_run,2026-10-06,2026-10-06T19:26:11.744918+00:00,a740d668-75d3-4274-ac6c-b0b1a8e6df36,research_views_v1
2026-10-06,NESN.SW,NESTLE NAM.,23.7,47.19,33.21,56.9,MED,-0.13709132362037135,-0.032380115141959376,95.7,75.19999694824219,,Consumer Defensive,S11 Konsum,Packaged Foods,pillar,False,True,OK,0.23023776805322022,0.15301191025925331,33.76,-1.8,11.34,225.855,bull,bull,0.08566324348566035,0.1926275991859414,R3,github-37518800261-1,v1,history_snapshot_v2,87,213,0.4084507042253521,observed_scanner,scanner_run,2026-10-06,2026-10-06T19:26:11.744918+00:00,a740d668-75d3-4274-ac6c-b0b1a8e6df36,research_views_v1
2026-10-06,PEP,PepsiCo,26.97,51.95,32.38,57.7,MED,-0.1190886712662419,-0.13005390721577192,78.4,125.58000183105469,USD,Consumer Defensive,S11 Konsum,Beverages - Non-Alcoholic,pillar,False,True,OK,0.21036405441736833,0.24099501270755253,42.85,5.6,8.77,258.081,bull,bull,0.08566324348566035,0.1926275991859414,R4,github-37518800261-1,v1,history_snapshot_v2,54,213,0.2535211267605634,observed_scanner,scanner_run,2026-10-06,2026-10-06T19:26:11.744918+00:00,a740d668-75d3-4274-ac6c-b0b1a8e6df36,research_views_v1
2026-10-06,PG,Procter & Gamble,28.92,52.69,25.38,67.7,MED,-0.018317962028749024,0.018017137710243825,86.3,148.88499450683594,USD,Consumer Defensive,S11 Konsum,Household & Personal Products,pillar,True,True,OK,0.19936871104963208,0.15522932638749032,31.56,1.5,19.3,68.719,bull,bull,0.08566324348566035,0.1926275991859414,R4,github-37518800261-1,v1,history_snapshot_v2,35,213,0.1643192488262911,observed_scanner,scanner_run,2026-10-06,2026-10-06T19:26:11.744918+00:00,a740d668-75d3-4274-ac6c-b0b1a8e6df36,research_views_v1
2026-10-06,PM,PHILIP MORRIS INTERNATIONAL INC,27.79,52.97,31.61,69.1,MED,0.013673629481888216,0.07926288455896313,57.4,189.22500610351562,USD,Consumer Defensive,S11 Konsum,Tobacco,pillar,True,True,OK,0.2785945344001123,0.18536339357881737,0.0,6.8,27.92,100.0,bull,bull,0.08566324348566035,0.1926275991859414,R4,github-37518800261-1,v1,history_snapshot_v2,40,213,0.18779342723004694,observed_scanner,scanner_run,2026-10-06,2026-10-06T19:26:11.744918+00:00,a740d668-75d3-4274-ac6c-b0b1a8e6df36,research_views_v1
2026-10-06,MC.PA,LVMH EO,15.64,36.76,39.3,53.3,MED,-0.2575146281642382,-0.20971144095079297,46.6,385.6000061035156,EUR,Consumer Cyclical,S12 Luxus & Marken,Luxury Goods,pillar,False,True,OK,0.30028975725783474,0.41002499289898797,16.24,-4.7,13.46,53.342,bull,bull,0.08566324348566035,0.1926275991859414,R2,github-37518800261-1,v1,history_snapshot_v2,162,213,0.7605633802816901,observed_scanner,scanner_run,2026-10-06,2026-10-06T19:26:11.744918+00:00,a740d668-75d3-4274-ac6c-b0b1a8e6df36,research_views_v1
2026-10-06,MNSO,MINISO GRP ADS,17.66,46.04,58.43,44.5,LOW,-0.26598644562653195,-0.38126800245310255,60.9,8.875,USD,Consumer Cyclical,S12 Luxus & Marken,Specialty Retail,pillar,False,True,OK,0.3663761641942695,0.6128981327684875,21.17,28.2,10.81,101.459,bull,bull,0.08566324348566035,0.1926275991859414,R2,github-37518800261-1,v1,history_snapshot_v2,149,213,0.6995305164319249,observed_scanner,scanner_run,2026-10-06,2026-10-06T19:26:11.744918+00:00,a740d668-75d3-4274-ac6c-b0b1a8e6df36,research_views_v1
2026-10-06,NKE,NIKE INC. B,15.23,38.15,45.57,42.8,LOW,-0.2281629749881805,-0.27778786312539117,61.5,34.35499954223633,USD,Consumer Cyclical,S12 Luxus & Marken,Footwear & Accessories,pillar,False,True,OK,0.35736087527157,0.5084058300649223,17.95,0.6,5.43,80.099,bull,bull,0.08566324348566035,0.1926275991859414,R2,github-37518800261-1,v1,history_snapshot_v2,167,213,0.784037558685446,observed_scanner,scanner_run,2026-10-06,2026-10-06T19:26:11.744918+00:00,a740d668-75d3-4274-ac6c-b0b1a8e6df36,research_views_v1
2026-10-06,RACE,Ferrari N.V.,24.56,51.58,42.71,61.9,MED,-0.006301297701189146,0.05896900252485149,0.0,387.20001220703125,USD,Consumer Cyclical,S12 Luxus & Marken,Auto Manufacturers,pillar,True,True,OK,0.3544627548991903,0.35989666318944846,,,,,bull,bull,0.08566324348566035,0.1926275991859414,R3,github-37518800261-1,v1,history_snapshot_v2,76,213,0.3568075117370892,observed_scanner,scanner_run,2026-10-06,2026-10-06T19:26:11.744918+00:00,a740d668-75d3-4274-ac6c-b0b1a8e6df36,research_views_v1
2026-10-06,RI.PA,PERNOD RICARD,17.69,40.69,41.71,49.0,LOW,-0.07365176141519592,-0.09923985369836108,100.0,59.220001220703125,EUR,Consumer Defensive,S12 Luxus & Marken,Beverages - Wineries & Distilleries,pillar,False,True,OK,0.29721610421413147,0.31613160066066215,10.14,-4.5,14.84,77.61,bull,bull,0.08566324348566035,0.1926275991859414,R2,github-37518800261-1,v1,history_snapshot_v2,146,213,0.6854460093896714,observed_scanner,scanner_run,2026-10-06,2026-10-06T19:26:11.744918+00:00,a740d668-75d3-4274-ac6c-b0b1a8e6df36,research_views_v1
2026-10-06,UAA,UNDER ARMOUR,4.99,27.27,60.62,44.0,LOW,-0.3052979195597918,-0.1897682891987028,51.3,4.840000152587891,USD,Consumer Cyclical,S12 Luxus & Marken,Apparel Manufacturing,pillar,False,True,OK,0.5326116833965736,0.47542999989807166,-30.39,-5.2,-10.44,117.662,bull,bull,0.08566324348566035,0.1926275991859414,R1,github-37518800261-1,v1,history_snapshot_v2,208,213,0.9765258215962441,observed_scanner,scanner_run,2026-10-06,2026-10-06T19:26:11.744918+00:00,a740d668-75d3-4274-ac6c-b0b1a8e6df36,research_views_v1
2026-10-06,BAYN.DE,BAYER AG,16.67,40.46,45.87,51.0,MED,-0.16321549688049486,0.033339542071515016,6.7,44.439998626708984,EUR,Healthcare,S13 Gesundheit,Drug Manufacturers - General,pillar,True,True,OK,0.42418707490856045,0.3065455353648504,-0.57,-3.1,-0.43,133.457,bull,bull,0.08566324348566035,0.1926275991859414,R2,github-37518800261-1,v1,history_snapshot_v2,157,213,0.7370892018779343,observed_scanner,scanner_run,2026-10-06,2026-10-06T19:26:11.744918+00:00,a740d668-75d3-4274-ac6c-b0b1a8e6df36,research_views_v1
2026-10-06,CNC,CENTENE CORP.,17.14,42.31,49.34,66.8,MED,-0.08870851824048409,0.21203210929983274,16.9,64.29000091552734,USD,Healthcare,S13 Gesundheit,Healthcare Plans,pillar,True,True,OK,0.47540894094768305,0.32726890355175187,-28.68,23.1,-3.79,86.762,bull,bull,0.08566324348566035,0.1926275991859414,R2,github-37518800261-1,v1,history_snapshot_v2,154,213,0.7230046948356808,observed_scanner,scanner_run,2026-10-06,2026-10-06T19:26:11.744918+00:00,a740d668-75d3-4274-ac6c-b0b1a8e6df36,research_views_v1
2026-10-06,FME.DE,FRESEN.MED.CARE,16.16,38.35,41.72,51.2,MED,-0.07965806140892873,0.03307806280754688,93.6,40.16999816894531,EUR,Healthcare,S13 Gesundheit,Medical Care Facilities,pillar,True,True,OK,0.283869880542668,0.26920641887056695,0.0,0.0,-80.39,72.403,bull,bull,0.08566324348566035,0.1926275991859414,R2,github-37518800261-1,v1,history_snapshot_v2,159,213,0.7464788732394366,observed_scanner,scanner_run,2026-10-06,2026-10-06T19:26:11.744918+00:00,a740d668-75d3-4274-ac6c-b0b1a8e6df36,research_views_v1
2026-10-06,INCY,INCYTE CORP,33.29,60.38,28.36,70.3,MED,-0.08792157263017564,0.054132055918233,14.5,112.80999755859375,USD,Healthcare,S13 Gesundheit,Biotechnology,pillar,True,True,OK,0.3339200053053952,0.18332275209380544,30.39,20.0,24.7,0.887,bull,bull,0.08566324348566035,0.1926275991859414,R5,github-37518800261-1,v1,history_snapshot_v2,17,213,0.07981220657276995,observed_scanner,scanner_run,2026-10-06,2026-10-06T19:26:11.744918+00:00,a740d668-75d3-4274-ac6c-b0b1a8e6df36,research_views_v1
2026-10-06,JNJ,Johnson & Johnson,36.17,62.98,22.68,75.3,HIGH,-0.05020718934231316,0.06215497517748103,76.2,255.13070678710938,USD,Healthcare,S13 Gesundheit,Drug Manufacturers - General,pillar,True,True,OK,0.1913548311986494,0.10959122461615511,35.56,9.1,28.46,57.766,bull,bull,0.08566324348566035,0.1926275991859414,R5,github-37518800261-1,v1,history_snapshot_v2,6,213,0.028169014084507043,observed_scanner,scanner_run,2026-10-06,2026-10-06T19:26:11.744918+00:00,a740d668-75d3-4274-ac6c-b0b1a8e6df36,research_views_v1
2026-10-06,NOVO-B.CO,NOVO-NORDISK,17.31,42.39,48.77,60.5,MED,-0.2629934432988189,-0.148502370243633,31.0,245.5500030517578,DKK,Healthcare,S13 Gesundheit,Drug Manufacturers - General,pillar,False,True,OK,0.4669101606642653,0.42319673700217453,60.7,-7.6,33.14,67.488,bull,bull,0.08566324348566035,0.1926275991859414,R2,github-37518800261-1,v1,history_snapshot_v2,153,213,0.7183098591549296,observed_scanner,scanner_run,2026-10-06,2026-10-06T19:26:11.744918+00:00,a740d668-75d3-4274-ac6c-b0b1a8e6df36,research_views_v1
2026-10-06,OGN,ORGANON + CO.,18.83,51.07,68.39,58.6,MED,-0.02046728726532443,0.25571132829901866,0.0,13.729999542236328,USD,Healthcare,S13 Gesundheit,Drug Manufacturers - General,pillar,True,True,OK,0.6556463740443846,0.4714492917258074,71.62,1.3,7.95,974.393,bull,bull,0.08566324348566035,0.1926275991859414,R2,github-37518800261-1,v1,history_snapshot_v2,135,213,0.6338028169014085,observed_scanner,scanner_run,2026-10-06,2026-10-06T19:26:11.744918+00:00,a740d668-75d3-4274-ac6c-b0b1a8e6df36,research_views_v1
2026-10-06,PFE,PFIZER INC.,27.25,48.68,20.89,70.3,MED,0.11390523735821745,0.06409037917328253,100.0,27.4950008392334,USD,Healthcare,S13 Gesundheit,Drug Manufacturers - General,pillar,True,True,OK,0.20970449991627843,0.1572429309198753,8.58,-1.2,12.42,66.531,bull,bull,0.08566324348566035,0.1926275991859414,R4,github-37518800261-1,v1,history_snapshot_v2,52,213,0.24413145539906103,observed_scanner,scanner_run,2026-10-06,2026-10-06T19:26:11.744918+00:00,a740d668-75d3-4274-ac6c-b0b1a8e6df36,research_views_v1
2026-10-06,TEM,Tempus AI,17.91,49.33,67.39,63.8,MED,0.13602826181660777,0.27839241355759947,31.3,72.30999755859375,USD,Healthcare,S13 Gesundheit,Health Information Services,pillar,True,True,OK,0.7502622993093544,0.5975786998831909,-72.61,84.7,-18.45,263.048,bull,bull,0.08566324348566035,0.1926275991859414,R2,github-37518800261-1,v1,history_snapshot_v2,142,213,0.6666666666666666,observed_scanner,scanner_run,2026-10-06,2026-10-06T19:26:11.744918+00:00,a740d668-75d3-4274-ac6c-b0b1a8e6df36,research_views_v1
2026-10-06,UNH,UNITEDHEALTH,19.89,42.68,37.41,56.2,MED,-0.16525304628678328,0.06267968977402694,26.5,375.19000244140625,USD,Healthcare,S13 Gesundheit,Healthcare Plans,pillar,True,True,OK,0.34480991075558076,0.2896065899080599,12.54,12.3,2.69,77.08,bull,bull,0.08566324348566035,0.1926275991859414,R2,github-37518800261-1,v1,history_snapshot_v2,127,213,0.596244131455399,observed_scanner,scanner_run,2026-10-06,2026-10-06T19:26:11.744918+00:00,a740d668-75d3-4274-ac6c-b0b1a8e6df36,research_views_v1
2026-10-06,AAPL,Apple Inc.,34.83,62.49,27.58,77.7,HIGH,0.015209653683353919,0.15170725723671974,84.3,333.30999755859375,USD,Technology,S14 Kommunikations- & Alltagsinfrastruktur,Consumer Electronics,pillar,True,True,OK,0.2468128268053148,0.13798523953754416,152.02,15.7,27.04,102.63,bull,bull,0.08566324348566035,0.1926275991859414,R5,github-37518800261-1,v1,history_snapshot_v2,9,213,0.04225352112676056,observed_scanner,scanner_run,2026-10-06,2026-10-06T19:26:11.744918+00:00,a740d668-75d3-4274-ac6c-b0b1a8e6df36,research_views_v1
2026-10-06,ASTS,"AST SpaceMobile, Inc.",14.12,43.78,68.27,42.1,LOW,-0.18430275798950235,-0.22022791885360915,0.0,63.20000076293945,,Technology,S14 Kommunikations- & Alltagsinfrastruktur,Communication Equipment,pillar,False,True,OK,1.079766155777309,0.6015478229884115,,,,,bull,bull,0.08566324348566035,0.1926275991859414,R1,github-37518800261-1,v1,history_snapshot_v2,175,213,0.8215962441314554,observed_scanner,scanner_run,2026-10-06,2026-10-06T19:26:11.744918+00:00,a740d668-75d3-4274-ac6c-b0b1a8e6df36,research_views_v1
2026-10-06,CDNL,Cardinal Infrastructure,9.88,41.45,81.27,32.3,LOW,-0.6321530572308094,-0.34978891400282885,50.0,28.780000686645508,USD,Industrials,S14 Kommunikations- & Alltagsinfrastruktur,Engineering & Construction,pillar,False,True,OK,0.9708758789582707,0.7097868566667206,0.0,60.2,6.11,230.784,bull,bull,0.08566324348566035,0.1926275991859414,R1,github-37518800261-1,v1,history_snapshot_v2,201,213,0.9436619718309859,observed_scanner,scanner_run,2026-10-06,2026-10-06T19:26:11.744918+00:00,a740d668-75d3-4274-ac6c-b0b1a8e6df36,research_views_v1
2026-10-06,LUMN,LUMEN TECHN.,6.37,32.01,68.71,32.3,LOW,-0.17085520122883802,-0.221366323021977,49.3,5.864999771118164,USD,Communication Services,S14 Kommunikations- & Alltagsinfrastruktur,Telecom Services,pillar,False,True,OK,0.7622126944829432,0.5325443579482345,0.0,-8.7,-14.02,100.0,bull,bull,0.08566324348566035,0.1926275991859414,R1,github-37518800261-1,v1,history_snapshot_v2,205,213,0.9624413145539906,observed_scanner,scanner_run,2026-10-06,2026-10-06T19:26:11.744918+00:00,a740d668-75d3-4274-ac6c-b0b1a8e6df36,research_views_v1
2026-10-06,TTK.DE,TAKKT AG,14.27,41.81,61.42,52.1,MED,0.22881490439394847,0.018155046737654112,86.5,2.9049999713897705,EUR,Industrials,S14 Kommunikations- & Alltagsinfrastruktur,Business Equipment & Supplies,pillar,True,False,OK,0.4786841890586941,0.5820610395268901,0.0,0.0,-80.39,72.403,bull,bull,0.08566324348566035,0.1926275991859414,R1,github-37518800261-1,v1,history_snapshot_v2,173,213,0.812206572769953,observed_scanner,scanner_run,2026-10-06,2026-10-06T19:26:11.744918+00:00,a740d668-75d3-4274-ac6c-b0b1a8e6df36,research_views_v1
2026-10-06,MBLY,Mobileye Global,4.78,25.47,56.1,37.9,LOW,-0.26314382218382737,-0.16685006075697473,44.0,7.401000022888184,USD,Consumer Cyclical,S15 Mobilität,Auto Parts,pillar,False,True,OK,0.5673763157310286,0.5778635805094745,-3.27,-9.0,-20.7,0.564,bull,bull,0.08566324348566035,0.1926275991859414,R1,github-37518800261-1,v1,history_snapshot_v2,209,213,0.9812206572769953,observed_scanner,scanner_run,2026-10-06,2026-10-06T19:26:11.744918+00:00,a740d668-75d3-4274-ac6c-b0b1a8e6df36,research_views_v1
2026-10-06,STLA,Stellantis N.V.,3.77,25.89,62.2,45.1,LOW,-0.17670466212351899,-0.35781098696838,15.0,4.599999904632568,USD,Consumer Cyclical,S15 Mobilität,Auto Manufacturers,pillar,False,True,OK,0.5087135913878225,0.6402640119898579,-3.06,-12.7,-1.64,55.559,bull,bull,0.08566324348566035,0.1926275991859414,R1,github-37518800261-1,v1,history_snapshot_v2,211,213,0.9906103286384976,observed_scanner,scanner_run,2026-10-06,2026-10-06T19:26:11.744918+00:00,a740d668-75d3-4274-ac6c-b0b1a8e6df36,research_views_v1
2026-10-06,TSLA,Tesla,17.68,39.7,38.69,63.8,MED,-0.10452081735998953,-0.030536582062026918,35.8,380.2149963378906,USD,Consumer Cyclical,S15 Mobilität,Auto Manufacturers,pillar,False,True,OK,0.45581500362506266,0.39103453018952694,4.93,-3.1,4.0,17.763,bull,bull,0.08566324348566035,0.1926275991859414,R2,github-37518800261-1,v1,history_snapshot_v2,147,213,0.6901408450704225,observed_scanner,scanner_run,2026-10-06,2026-10-06T19:26:11.744918+00:00,a740d668-75d3-4274-ac6c-b0b1a8e6df36,research_views_v1
2026-10-06,VOW3.DE,Volkswagen AG Vz.,17.7,40.8,42.02,48.9,LOW,-0.07665680108573392,-0.16848549739082708,57.2,68.87999725341797,EUR,Consumer Cyclical,S15 Mobilität,Auto Manufacturers,pillar,False,True,OK,0.2949363605878735,0.33718144146195184,3.58,2.3,2.26,130.129,bull,bull,0.08566324348566035,0.1926275991859414,R2,github-37518800261-1,v1,history_snapshot_v2,145,213,0.6807511737089202,observed_scanner,scanner_run,2026-10-06,2026-10-06T19:26:11.744918+00:00,a740d668-75d3-4274-ac6c-b0b1a8e6df36,research_views_v1
2026-10-06,NFLX,NETFLIX INC.,23.96,50.36,41.79,62.8,MED,-0.13348997462988166,-0.18386102227572854,93.9,68.3949966430664,USD,Communication Services,S19 Medien & Unterhaltung,Entertainment,pillar,False,True,OK,0.36550566405059304,0.4597817182538124,42.76,17.6,24.3,63.782,bull,bull,0.08566324348566035,0.1926275991859414,R3,github-37518800261-1,v1,history_snapshot_v2,84,213,0.39436619718309857,observed_scanner,scanner_run,2026-10-06,2026-10-06T19:26:11.744918+00:00,a740d668-75d3-4274-ac6c-b0b1a8e6df36,research_views_v1
2026-10-06,SPOT,SPOTIFY TECH.,23.21,49.36,42.25,67.7,MED,-0.0360806027611118,-0.023645352623636096,76.0,487.6600036621094,USD,Communication Services,S19 Medien & Unterhaltung,Internet Content & Information,pillar,False,True,OK,0.4480524280999306,0.4035749189280341,22.64,7.1,8.31,28.873,bull,bull,0.08566324348566035,0.1926275991859414,R3,github-37518800261-1,v1,history_snapshot_v2,98,213,0.460093896713615,observed_scanner,scanner_run,2026-10-06,2026-10-06T19:26:11.744918+00:00,a740d668-75d3-4274-ac6c-b0b1a8e6df36,research_views_v1
2026-10-06,TME,TENCENT MUSIC ENTERTAINMENT GROUP,21.18,51.15,57.46,55.4,MED,-0.14426384726735508,-0.27511311271823236,84.0,7.925000190734863,USD,Communication Services,S19 Medien & Unterhaltung,Internet Content & Information,pillar,False,True,OK,0.4698343716628375,0.6648016215781773,14.79,20.6,34.08,4.524,bull,bull,0.08566324348566035,0.1926275991859414,R3,github-37518800261-1,v1,history_snapshot_v2,116,213,0.5446009389671361,observed_scanner,scanner_run,2026-10-06,2026-10-06T19:26:11.744918+00:00,a740d668-75d3-4274-ac6c-b0b1a8e6df36,research_views_v1
2026-10-06,PL,Planet Labs PBC,12.02,41.48,71.14,37.4,LOW,-0.36456026003306385,-0.32841054689553306,0.0,18.364999771118164,,Industrials,S20 Sicherheit & Verteidigung,Aerospace & Defense,pillar,False,True,OK,0.9324512364104623,0.6883268485955606,,,,,bull,bull,0.08566324348566035,0.1926275991859414,R1,github-37518800261-1,v1,history_snapshot_v2,188,213,0.8826291079812206,observed_scanner,scanner_run,2026-10-06,2026-10-06T19:26:11.744918+00:00,a740d668-75d3-4274-ac6c-b0b1a8e6df36,research_views_v1
2026-10-06,RCAT,Red Cat Holdings,11.02,39.33,69.27,40.1,LOW,-0.3487646949054689,-0.41947650599803465,13.2,6.350100040435791,USD,Industrials,S20 Sicherheit & Verteidigung,Aerospace & Defense,pillar,False,True,OK,1.0823445543837162,0.6353686808091729,0.0,646.4,0.0,8.852,bull,bull,0.08566324348566035,0.1926275991859414,R1,github-37518800261-1,v1,history_snapshot_v2,194,213,0.9107981220657277,observed_scanner,scanner_run,2026-10-06,2026-10-06T19:26:11.744918+00:00,a740d668-75d3-4274-ac6c-b0b1a8e6df36,research_views_v1
2026-10-06,RHM.DE,Rheinmetall AG,30.77,62.72,47.61,52.6,MED,-0.0991597801352263,-0.2828882308613181,18.7,953.0,EUR,Industrials,S20 Sicherheit & Verteidigung,Aerospace & Defense,pillar,False,True,OK,0.47495056910635136,0.5059457451709631,22.42,13.3,7.64,47.166,bull,bull,0.08566324348566035,0.1926275991859414,R4,github-37518800261-1,v1,history_snapshot_v2,24,213,0.11267605633802817,observed_scanner,scanner_run,2026-10-06,2026-10-06T19:26:11.744918+00:00,a740d668-75d3-4274-ac6c-b0b1a8e6df36,research_views_v1
2026-10-06,RKLB,"Rocket Lab USA, Inc.",16.93,46.9,64.51,47.4,LOW,-0.1335054760400386,-0.08327653618507691,0.0,74.80999755859375,,Industrials,S20 Sicherheit & Verteidigung,Aerospace & Defense,pillar,False,True,OK,0.9320075645603504,0.609931437524637,,,,,bull,bull,0.08566324348566035,0.1926275991859414,R2,github-37518800261-1,v1,history_snapshot_v2,155,213,0.7276995305164319,observed_scanner,scanner_run,2026-10-06,2026-10-06T19:26:11.744918+00:00,a740d668-75d3-4274-ac6c-b0b1a8e6df36,research_views_v1
2026-10-06,CRYPTO:ADA,Cardano,21.55,54.95,67.48,62.7,MED,0.08694584603457067,0.26535114480693167,0.0,0.2696700096130371,USD,Cryptocurrency,S21 Finanzsystem,Krypto,pillar,True,True,OK,0.6584139822914254,0.8354824876107952,,,,,bull,bull,0.08566324348566035,0.1926275991859414,R3,github-37518800261-1,v1,history_snapshot_v2,111,213,0.5211267605633803,observed_scanner,scanner_run,2026-10-06,2026-10-06T19:26:11.744918+00:00,a740d668-75d3-4274-ac6c-b0b1a8e6df36,research_views_v1
2026-10-06,ALV.DE,ALLIANZ SE,29.44,54.92,29.77,60.6,MED,-0.04447554412566013,0.07953740418084165,58.7,420.70001220703125,EUR,Financial Services,S21 Finanzsystem,Insurance - Diversified,pillar,True,True,OK,0.18369843507553993,0.12350398048430755,17.98,5.8,10.08,100.0,bull,bull,0.08566324348566035,0.1926275991859414,R4,github-37518800261-1,v1,history_snapshot_v2,30,213,0.14084507042253522,observed_scanner,scanner_run,2026-10-06,2026-10-06T19:26:11.744918+00:00,a740d668-75d3-4274-ac6c-b0b1a8e6df36,research_views_v1
2026-10-06,BLK,BLACKROCK INC,31.12,56.85,27.78,79.4,HIGH,0.025961063896775105,0.028501161944623155,28.1,1081.1300048828125,USD,Financial Services,S21 Finanzsystem,Asset Management,pillar,True,True,OK,0.2732895089419919,0.22454441911078005,10.69,23.4,22.93,24.32,bull,bull,0.08566324348566035,0.1926275991859414,R4,github-37518800261-1,v1,history_snapshot_v2,23,213,0.107981220657277,observed_scanner,scanner_run,2026-10-06,2026-10-06T19:26:11.744918+00:00,a740d668-75d3-4274-ac6c-b0b1a8e6df36,research_views_v1
2026-10-06,CRYPTO:BTC,Bitcoin,25.76,53.0,41.4,68.3,MED,0.0,0.1926275991859414,0.0,85458.5234375,USD,Cryptocurrency,S21 Finanzsystem,Krypto,pillar,True,True,OK,0.3736559862743673,0.5305998300134691,,,,,bull,bull,0.08566324348566035,0.1926275991859414,R3,github-37518800261-1,v1,history_snapshot_v2,63,213,0.29577464788732394,observed_scanner,scanner_run,2026-10-06,2026-10-06T19:26:11.744918+00:00,a740d668-75d3-4274-ac6c-b0b1a8e6df36,research_views_v1
2026-10-06,CME,CME Group Inc.,27.33,52.4,32.03,69.4,MED,0.09326668876999866,-0.015297464186426302,0.0,270.32501220703125,USD,Financial Services,S21 Finanzsystem,Financial Data & Stock Exchanges,pillar,False,True,OK,0.24109116433309372,0.3108934014587985,,,,,bull,bull,0.08566324348566035,0.1926275991859414,R4,github-37518800261-1,v1,history_snapshot_v2,51,213,0.23943661971830985,observed_scanner,scanner_run,2026-10-06,2026-10-06T19:26:11.744918+00:00,a740d668-75d3-4274-ac6c-b0b1a8e6df36,research_views_v1
2026-10-06,COIN,COINBASE GLB.,27.34,61.38,59.81,74.1,MED,0.13016251886096808,0.003069117426667489,34.0,185.36000061035156,USD,Financial Services,S21 Finanzsystem,Financial Data & Stock Exchanges,pillar,True,True,OK,0.7219165791737406,0.6356805320824648,26.0,58.9,43.66,48.559,bull,bull,0.08566324348566035,0.1926275991859414,R4,github-37518800261-1,v1,history_snapshot_v2,50,213,0.2347417840375587,observed_scanner,scanner_run,2026-10-06,2026-10-06T19:26:11.744918+00:00,a740d668-75d3-4274-ac6c-b0b1a8e6df36,research_views_v1
2026-10-06,DB1.DE,DEUTSCHE BOERSE AG,29.66,55.14,29.45,85.2,HIGH,0.1330120367771952,0.19265506825053458,59.0,295.29998779296875,EUR,Financial Services,S21 Finanzsystem,Financial Data & Stock Exchanges,pillar,True,True,OK,0.2264509517002299,0.11800429950284552,19.48,4.2,27.59,54.664,bull,bull,0.08566324348566035,0.1926275991859414,R4,github-37518800261-1,v1,history_snapshot_v2,27,213,0.1267605633802817,observed_scanner,scanner_run,2026-10-06,2026-10-06T19:26:11.744918+00:00,a740d668-75d3-4274-ac6c-b0b1a8e6df36,research_views_v1
2026-10-06,CRYPTO:ETH,Ethereum,24.44,54.84,53.35,75.2,HIGH,0.08461110551305384,0.2634449171229938,0.0,2683.530029296875,USD,Cryptocurrency,S21 Finanzsystem,Krypto,pillar,True,True,OK,0.52766282236238,0.6661917809760185,,,,,bull,bull,0.08566324348566035,0.1926275991859414,R3,github-37518800261-1,v1,history_snapshot_v2,79,213,0.37089201877934275,observed_scanner,scanner_run,2026-10-06,2026-10-06T19:26:11.744918+00:00,a740d668-75d3-4274-ac6c-b0b1a8e6df36,research_views_v1
2026-10-06,FIGR,Figure Technology Solutions,15.27,47.29,73.64,42.4,LOW,-0.19695663756682702,-0.24067727011727202,3.2,27.635000228881836,USD,Financial Services,S21 Finanzsystem,Capital Markets,pillar,False,True,OK,0.9514493779793272,0.6629684939363297,0.0,54.8,32.46,68.77,bull,bull,0.08566324348566035,0.1926275991859414,R2,github-37518800261-1,v1,history_snapshot_v2,166,213,0.7793427230046949,observed_scanner,scanner_run,2026-10-06,2026-10-06T19:26:11.744918+00:00,a740d668-75d3-4274-ac6c-b0b1a8e6df36,research_views_v1
2026-10-06,ICE,"Intercontinental Exchange, Inc.",27.4,52.62,32.41,69.4,MED,0.10137033829381226,-0.0018124551217135743,0.0,153.6649932861328,USD,Financial Services,S21 Finanzsystem,Financial Data & Stock Exchanges,pillar,False,True,OK,0.24971183265062247,0.2931752428992731,,,,,bull,bull,0.08566324348566035,0.1926275991859414,R4,github-37518800261-1,v1,history_snapshot_v2,48,213,0.22535211267605634,observed_scanner,scanner_run,2026-10-06,2026-10-06T19:26:11.744918+00:00,a740d668-75d3-4274-ac6c-b0b1a8e6df36,research_views_v1
2026-10-06,MA,MASTERCARD INC,33.25,60.93,30.28,80.5,HIGH,0.04070312429201439,0.06424447453710092,58.4,565.2899780273438,USD,Financial Services,S21 Finanzsystem,Credit Services,pillar,True,True,OK,0.22513289719710375,0.18484023580086917,209.91,17.6,45.65,245.288,bull,bull,0.08566324348566035,0.1926275991859414,R5,github-37518800261-1,v1,history_snapshot_v2,19,213,0.0892018779342723,observed_scanner,scanner_run,2026-10-06,2026-10-06T19:26:11.744918+00:00,a740d668-75d3-4274-ac6c-b0b1a8e6df36,research_views_v1
2026-10-06,NRDS,NERDWALLET INC,19.21,46.46,52.32,51.2,MED,-0.12342392260766244,-0.13161696951702617,18.1,8.8149995803833,USD,Communication Services,S21 Finanzsystem,Internet Content & Information,pillar,False,True,OK,0.4735131745369434,0.524168249937619,20.23,12.4,9.22,3.554,bull,bull,0.08566324348566035,0.1926275991859414,R2,github-37518800261-1,v1,history_snapshot_v2,131,213,0.6150234741784038,observed_scanner,scanner_run,2026-10-06,2026-10-06T19:26:11.744918+00:00,a740d668-75d3-4274-ac6c-b0b1a8e6df36,research_views_v1
2026-10-06,PGY,Pagaya Technologies Ltd.,13.62,45.01,74.46,44.8,LOW,-0.03189655685667203,0.0640390930170025,0.5,17.979999542236328,USD,Technology,S21 Finanzsystem,Software - Infrastructure,pillar,True,True,OK,0.7476157985898746,0.6490765022949834,-36.31,36.1,-15.32,141.786,bull,bull,0.08566324348566035,0.1926275991859414,R1,github-37518800261-1,v1,history_snapshot_v2,176,213,0.8262910798122066,observed_scanner,scanner_run,2026-10-06,2026-10-06T19:26:11.744918+00:00,a740d668-75d3-4274-ac6c-b0b1a8e6df36,research_views_v1
2026-10-06,PYPL,PAYPAL HDGS,24.05,53.39,50.73,87.7,HIGH,0.1661176136078426,0.09131905916913796,29.5,54.51499938964844,USD,Financial Services,S21 Finanzsystem,Credit Services,pillar,True,True,OK,0.4397545251340725,0.4854808653021849,25.73,3.7,15.78,60.703,bull,bull,0.08566324348566035,0.1926275991859414,R3,github-37518800261-1,v1,history_snapshot_v2,81,213,0.38028169014084506,observed_scanner,scanner_run,2026-10-06,2026-10-06T19:26:11.744918+00:00,a740d668-75d3-4274-ac6c-b0b1a8e6df36,research_views_v1
2026-10-06,CRYPTO:SOL,SOLANA (KRYPTO),25.4,56.99,55.45,77.4,HIGH,0.34778002199574676,0.43193206419769936,0.0,106.91999816894531,EUR,Cryptocurrency,S21 Finanzsystem,Krypto,pillar,True,True,OK,0.5500017304658883,0.7281811344776516,,,,,bull,bull,0.08566324348566035,0.1926275991859414,R3,github-37518800261-1,v1,history_snapshot_v2,70,213,0.3286384976525822,observed_scanner,scanner_run,2026-10-06,2026-10-06T19:26:11.744918+00:00,a740d668-75d3-4274-ac6c-b0b1a8e6df36,research_views_v1
2026-10-06,V,Visa Inc.,29.5,52.99,23.55,78.1,HIGH,0.024262502595103985,0.09804207835113754,0.0,369.80010986328125,USD,Financial Services,S21 Finanzsystem,Credit Services,pillar,True,True,OK,0.22145128107792275,0.1718050519508285,,,,,bull,bull,0.08566324348566035,0.1926275991859414,R4,github-37518800261-1,v1,history_snapshot_v2,29,213,0.13615023474178403,observed_scanner,scanner_run,2026-10-06,2026-10-06T19:26:11.744918+00:00,a740d668-75d3-4274-ac6c-b0b1a8e6df36,research_views_v1
2026-10-06,CRYPTO:XRP,XRP (KRYPTO),14.46,40.89,57.7,67.6,MED,0.12489552298206807,0.2003575713294139,29.1,1.329200029373169,EUR,Cryptocurrency,S21 Finanzsystem,Krypto,pillar,True,True,OK,0.5524321113954711,0.664422925769736,0.0,0.0,0.0,100.0,bull,bull,0.08566324348566035,0.1926275991859414,R1,github-37518800261-1,v1,history_snapshot_v2,171,213,0.8028169014084507,observed_scanner,scanner_run,2026-10-06,2026-10-06T19:26:11.744918+00:00,a740d668-75d3-4274-ac6c-b0b1a8e6df36,research_views_v1
2026-10-06,XYZ,BLOCK INC. A,21.32,47.67,46.02,68.0,MED,-0.05149807395972128,0.08899796708339847,35.8,76.51000213623047,USD,Technology,S21 Finanzsystem,Software - Infrastructure,pillar,True,True,OK,0.46813756601139866,0.39477253380364496,14.69,2.3,13.08,36.049,bull,bull,0.08566324348566035,0.1926275991859414,R3,github-37518800261-1,v1,history_snapshot_v2,114,213,0.5352112676056338,observed_scanner,scanner_run,2026-10-06,2026-10-06T19:26:11.744918+00:00,a740d668-75d3-4274-ac6c-b0b1a8e6df36,research_views_v1
2026-10-06,ACB.TO,Aurora Cannabis,23.47,57.08,64.94,61.5,MED,0.6646122198601276,0.3154040102067075,0.0,6.510000228881836,,Healthcare,Playground,Medical Devices,playground,True,False,OK,0.5963539922352686,0.5767441926226864,,,,,bull,bull,0.08566324348566035,0.1926275991859414,R3,github-37518800261-1,v1,history_snapshot_v2,90,213,0.4225352112676056,observed_scanner,scanner_run,2026-10-06,2026-10-06T19:26:11.744918+00:00,a740d668-75d3-4274-ac6c-b0b1a8e6df36,research_views_v1
2026-10-06,CRYPTO:DOGE,DOGECOIN (KRYPTO),20.87,53.41,65.9,59.9,MED,0.05089927764579194,0.09588906107496764,0.0,0.08319000154733658,EUR,Cryptocurrency,Playground,Krypto,playground,True,True,OK,0.5924755430880113,0.736780551164093,,,,,bull,bull,0.08566324348566035,0.1926275991859414,R2,github-37518800261-1,v1,history_snapshot_v2,118,213,0.5539906103286385,observed_scanner,scanner_run,2026-10-06,2026-10-06T19:26:11.744918+00:00,a740d668-75d3-4274-ac6c-b0b1a8e6df36,research_views_v1
2026-10-06,QBTS,D-Wave Quantum Inc.,12.58,42.62,72.01,39.1,LOW,-0.2921070142005838,-0.23629852230657444,0.0,15.819999694824219,,Technology,Playground,Computer Hardware,playground,False,True,OK,1.084673848910661,0.710138456988137,,,,,bull,bull,0.08566324348566035,0.1926275991859414,R1,github-37518800261-1,v1,history_snapshot_v2,183,213,0.8591549295774648,observed_scanner,scanner_run,2026-10-06,2026-10-06T19:26:11.744918+00:00,a740d668-75d3-4274-ac6c-b0b1a8e6df36,research_views_v1
2026-10-06,QS,QUANTUMSCAPE A,4.56,28.41,66.24,35.1,LOW,-0.3682823812204169,-0.36129608836321736,60.4,4.639800071716309,USD,Consumer Cyclical,Playground,Auto Parts,playground,False,True,OK,0.7485660601673088,0.7527115070112127,-38.65,0.0,0.0,6.004,bull,bull,0.08566324348566035,0.1926275991859414,R1,github-37518800261-1,v1,history_snapshot_v2,210,213,0.9859154929577465,observed_scanner,scanner_run,2026-10-06,2026-10-06T19:26:11.744918+00:00,a740d668-75d3-4274-ac6c-b0b1a8e6df36,research_views_v1
2026-10-06,RGTI,"Rigetti Computing, Inc.",14.36,45.46,72.31,42.1,LOW,-0.14657157856564462,-0.16832452814965648,0.0,15.175000190734863,,Technology,Playground,Computer Hardware,playground,False,True,OK,1.006608837753606,0.7710330212354866,,,,,bull,bull,0.08566324348566035,0.1926275991859414,R1,github-37518800261-1,v1,history_snapshot_v2,172,213,0.8075117370892019,observed_scanner,scanner_run,2026-10-06,2026-10-06T19:26:11.744918+00:00,a740d668-75d3-4274-ac6c-b0b1a8e6df36,research_views_v1
2026-10-06,RIGD.IL,RELIANCE INDS,20.07,42.72,36.66,52.9,MED,-0.10999825549203535,-0.12715735120834304,100.0,50.400001525878906,USD,Energy,Playground,Oil & Gas Refining & Marketing,playground,False,False,OK,0.23352522283153973,0.3088034981336335,0.0,11.7,7.43,37.389,bull,bull,0.08566324348566035,0.1926275991859414,R2,github-37518800261-1,v1,history_snapshot_v2,126,213,0.5915492957746479,observed_scanner,scanner_run,2026-10-06,2026-10-06T19:26:11.744918+00:00,a740d668-75d3-4274-ac6c-b0b1a8e6df36,research_views_v1
2026-10-06,SMX,SMX (Security Matters) Public,0.0,23.03,80.95,32.0,LOW,-0.8082847234049053,-0.9641364599297613,53.8,3.869999885559082,USD,Industrials,Playground,Specialty Business Services,playground,False,False,AVOID,13.52444169444921,0.9993179106435013,-210.65,0.0,0.0,50.074,bull,bull,0.08566324348566035,0.1926275991859414,R0,github-37518800261-1,v1,history_snapshot_v2,213,213,1.0,observed_scanner,scanner_run,2026-10-06,2026-10-06T19:26:11.744918+00:00,a740d668-75d3-4274-ac6c-b0b1a8e6df36,research_views_v1
2026-10-06,6506.T,YASKAWA ELECTRIC CORPORATION,18.15,44.05,49.92,52.7,MED,-0.3670397930936554,-0.07374900705540255,0.0,4936.0,JPY,Industrials,S1 Hardware,Electrical Equipment & Parts,pillar,False,True,OK,0.592999404647677,0.43462997798848957,,,,,bull,bull,0.08566324348566035,0.1926275991859414,R2,github-37518800261-1,v1,history_snapshot_v2,140,213,0.6572769953051644,observed_scanner,scanner_run,2026-10-06,2026-10-06T19:26:11.744918+00:00,a740d668-75d3-4274-ac6c-b0b1a8e6df36,research_views_v1
2026-10-06,DIS,THE WALT DISNEY COMPANY,27.58,51.82,29.07,69.9,MED,0.04016657428158443,0.005773598741366737,0.0,103.8550033569336,USD,Communication Services,S19 Medien & Unterhaltung,Entertainment,pillar,True,True,OK,0.26886077785649665,0.20245083866478664,,,,,bull,bull,0.08566324348566035,0.1926275991859414,R4,github-37518800261-1,v1,history_snapshot_v2,43,213,0.20187793427230047,observed_scanner,scanner_run,2026-10-06,2026-10-06T19:26:11.744918+00:00,a740d668-75d3-4274-ac6c-b0b1a8e6df36,research_views_v1
2026-10-06,TEAM,ATLASSIAN CORP.,23.97,57.51,63.88,67.7,MED,1.0852146785307477,0.7103903391561761,0.0,192.7550048828125,USD,Technology,S2 Gehirn,Software - Application,pillar,True,True,OK,0.7848660766617948,0.6754316166993615,,,,,bull,bull,0.08566324348566035,0.1926275991859414,R3,github-37518800261-1,v1,history_snapshot_v2,83,213,0.38967136150234744,observed_scanner,scanner_run,2026-10-06,2026-10-06T19:26:11.744918+00:00,a740d668-75d3-4274-ac6c-b0b1a8e6df36,research_views_v1
2026-10-06,UBER,UBER TECH. DL,23.14,47.27,36.12,60.5,MED,-0.1127770140655977,-0.07644955515808605,0.0,68.91999816894531,USD,Technology,S15 Mobilität,Software - Application,pillar,False,True,OK,0.35168338064554355,0.3412587068275156,,,,,bull,bull,0.08566324348566035,0.1926275991859414,R3,github-37518800261-1,v1,history_snapshot_v2,100,213,0.4694835680751174,observed_scanner,scanner_run,2026-10-06,2026-10-06T19:26:11.744918+00:00,a740d668-75d3-4274-ac6c-b0b1a8e6df36,research_views_v1
2026-10-06,NOW,SERVICENOW INC.,24.46,55.76,56.12,67.3,MED,0.22670211225591763,0.19270219463866378,0.0,137.83999633789062,USD,Technology,S2 Gehirn,Software - Application,pillar,True,True,OK,0.5763284237550336,0.5614452127400548,,,,,bull,bull,0.08566324348566035,0.1926275991859414,R3,github-37518800261-1,v1,history_snapshot_v2,78,213,0.36619718309859156,observed_scanner,scanner_run,2026-10-06,2026-10-06T19:26:11.744918+00:00,a740d668-75d3-4274-ac6c-b0b1a8e6df36,research_views_v1
2026-10-06,ILMN,ILLUMINA INC.,29.02,57.25,39.03,81.8,HIGH,0.37953756949438233,0.6743667272819509,0.0,275.0,USD,Healthcare,S13 Gesundheit,Diagnostics & Research,pillar,True,True,OK,0.49653333084230433,0.2566417362133443,,,,,bull,bull,0.08566324348566035,0.1926275991859414,R4,github-37518800261-1,v1,history_snapshot_v2,33,213,0.15492957746478872,observed_scanner,scanner_run,2026-10-06,2026-10-06T19:26:11.744918+00:00,a740d668-75d3-4274-ac6c-b0b1a8e6df36,research_views_v1
2026-10-06,HIMS,"HIMS & HERS HEALTH, INC.",15.99,47.47,70.77,50.8,MED,-0.2106890842169319,0.0695965414210169,0.0,29.389999389648438,USD,Healthcare,S13 Gesundheit,Drug Manufacturers - Specialty & Generic,pillar,True,True,OK,0.9118723988077123,0.7686424339373858,,,,,bull,bull,0.08566324348566035,0.1926275991859414,R2,github-37518800261-1,v1,history_snapshot_v2,160,213,0.7511737089201878,observed_scanner,scanner_run,2026-10-06,2026-10-06T19:26:11.744918+00:00,a740d668-75d3-4274-ac6c-b0b1a8e6df36,research_views_v1
2026-10-06,SHOP,SHOPIFY INC.,25.62,56.38,52.53,74.9,MED,0.30080159571710774,0.274521594814676,0.0,165.11500549316406,USD,Technology,S2 Gehirn,Software - Application,pillar,True,True,OK,0.5894944115620634,0.4670688539558845,,,,,bull,bull,0.08566324348566035,0.1926275991859414,R3,github-37518800261-1,v1,history_snapshot_v2,66,213,0.30985915492957744,observed_scanner,scanner_run,2026-10-06,2026-10-06T19:26:11.744918+00:00,a740d668-75d3-4274-ac6c-b0b1a8e6df36,research_views_v1
2026-10-06,MP,MP MATERIALS CORP.,16.64,46.42,64.43,43.3,LOW,-0.105301964731227,-0.14728032915264533,0.0,48.31999969482422,USD,Basic Materials,S4 Fundament,Other Industrial Metals & Mining,pillar,False,True,OK,0.7489964359569696,0.6137861339604105,,,,,bull,bull,0.08566324348566035,0.1926275991859414,R2,github-37518800261-1,v1,history_snapshot_v2,158,213,0.7417840375586855,observed_scanner,scanner_run,2026-10-06,2026-10-06T19:26:11.744918+00:00,a740d668-75d3-4274-ac6c-b0b1a8e6df36,research_views_v1
2026-10-06,USAR,"USA RARE EARTH, INC.",11.85,41.98,73.5,37.6,LOW,-0.3094844314020505,-0.2858031493316846,0.0,13.779999732971191,USD,Basic Materials,S4 Fundament,Other Industrial Metals & Mining,pillar,False,True,OK,1.0910231898972147,0.6923474786803988,,,,,bull,bull,0.08566324348566035,0.1926275991859414,R1,github-37518800261-1,v1,history_snapshot_v2,191,213,0.8967136150234741,observed_scanner,scanner_run,2026-10-06,2026-10-06T19:26:11.744918+00:00,a740d668-75d3-4274-ac6c-b0b1a8e6df36,research_views_v1
2026-10-06,ROL,"ROLLINS, INC.",17.41,41.22,44.7,44.0,LOW,-0.36144948853950454,-0.3832603950028064,0.0,30.219999313354492,USD,Consumer Cyclical,S11 Konsum,Personal Services,pillar,False,True,OK,0.2784464764058712,0.5422675526173899,,,,,bull,bull,0.08566324348566035,0.1926275991859414,R2,github-37518800261-1,v1,history_snapshot_v2,151,213,0.7089201877934272,observed_scanner,scanner_run,2026-10-06,2026-10-06T19:26:11.744918+00:00,a740d668-75d3-4274-ac6c-b0b1a8e6df36,research_views_v1
2026-10-06,WM,"WASTE MANAGEMENT, INC.",25.13,47.15,26.24,58.9,MED,-0.13747036066183094,-0.06676650751153645,0.0,208.11000061035156,USD,Industrials,S5 Recycling,Waste Management,pillar,False,True,OK,0.2033122146880636,0.17049634865172691,,,,,bull,bull,0.08566324348566035,0.1926275991859414,R3,github-37518800261-1,v1,history_snapshot_v2,71,213,0.3333333333333333,observed_scanner,scanner_run,2026-10-06,2026-10-06T19:26:11.744918+00:00,a740d668-75d3-4274-ac6c-b0b1a8e6df36,research_views_v1
2026-10-06,LIN,LINDE PLC,26.62,48.78,24.26,62.2,MED,-0.10296034570779966,0.013543934817033199,0.0,490.7200012207031,USD,Basic Materials,S4 Fundament,Specialty Chemicals,pillar,True,True,OK,0.19185419136134743,0.169134861694056,,,,,bull,bull,0.08566324348566035,0.1926275991859414,R3,github-37518800261-1,v1,history_snapshot_v2,57,213,0.2676056338028169,observed_scanner,scanner_run,2026-10-06,2026-10-06T19:26:11.744918+00:00,a740d668-75d3-4274-ac6c-b0b1a8e6df36,research_views_v1
2026-10-06,WDAY,"WORKDAY, INC.",25.06,55.84,53.5,71.9,MED,0.3098294719859227,0.18944886489711554,0.0,186.6999969482422,USD,Technology,S2 Gehirn,Software - Application,pillar,True,True,OK,0.539397379961548,0.542068625235082,,,,,bull,bull,0.08566324348566035,0.1926275991859414,R3,github-37518800261-1,v1,history_snapshot_v2,72,213,0.3380281690140845,observed_scanner,scanner_run,2026-10-06,2026-10-06T19:26:11.744918+00:00,a740d668-75d3-4274-ac6c-b0b1a8e6df36,research_views_v1
2026-10-06,NPN.JO,NASPERS LIMITED CLASS N,20.63,43.59,36.67,58.7,MED,-0.21551514511334913,-0.20073947434340067,0.0,70787.0,ZAc,Consumer Cyclical,S2 Gehirn,Internet Retail,pillar,False,True,OK,0.3643729988572149,0.4579955316202373,,,,,bull,bull,0.08566324348566035,0.1926275991859414,R2,github-37518800261-1,v1,history_snapshot_v2,120,213,0.5633802816901409,observed_scanner,scanner_run,2026-10-06,2026-10-06T19:26:11.744918+00:00,a740d668-75d3-4274-ac6c-b0b1a8e6df36,research_views_v1
2026-10-06,NBIS,NEBIUS GROUP N.V.,23.36,55.72,61.22,75.2,HIGH,0.11802702567484746,0.4778722393028765,0.0,250.3101043701172,USD,Communication Services,S2 Gehirn,Internet Content & Information,pillar,True,True,OK,1.09062810933273,0.4829955702728198,,,,,bull,bull,0.08566324348566035,0.1926275991859414,R3,github-37518800261-1,v1,history_snapshot_v2,93,213,0.43661971830985913,observed_scanner,scanner_run,2026-10-06,2026-10-06T19:26:11.744918+00:00,a740d668-75d3-4274-ac6c-b0b1a8e6df36,research_views_v1
2026-10-06,ENSG,"THE ENSIGN GROUP, INC.",24.57,49.74,36.94,58.4,MED,-0.021192499271408982,-0.0529506071394501,0.0,171.99000549316406,USD,Healthcare,S13 Gesundheit,Medical Care Facilities,pillar,False,True,OK,0.2784487757059159,0.31808493493843837,,,,,bull,bull,0.08566324348566035,0.1926275991859414,R3,github-37518800261-1,v1,history_snapshot_v2,75,213,0.352112676056338,observed_scanner,scanner_run,2026-10-06,2026-10-06T19:26:11.744918+00:00,a740d668-75d3-4274-ac6c-b0b1a8e6df36,research_views_v1
2026-10-06,WYFI,"WHITEFIBER, INC.",10.95,41.82,77.29,35.4,LOW,-0.5953568224020533,-0.19958911831407378,0.0,17.260000228881836,USD,Technology,S2 Gehirn,Information Technology Services,pillar,False,True,OK,1.2303283984955138,0.7245080644335788,,,,,bull,bull,0.08566324348566035,0.1926275991859414,R1,github-37518800261-1,v1,history_snapshot_v2,197,213,0.9248826291079812,observed_scanner,scanner_run,2026-10-06,2026-10-06T19:26:11.744918+00:00,a740d668-75d3-4274-ac6c-b0b1a8e6df36,research_views_v1
2026-10-06,APP,APPLOVIN CORPORATION,13.12,40.78,63.74,40.2,LOW,-0.5044559473515683,-0.3841450474186999,0.0,278.5799865722656,USD,Communication Services,S2 Gehirn,Advertising Agencies,pillar,False,True,OK,0.7246550144454751,0.6343783940198857,,,,,bull,bull,0.08566324348566035,0.1926275991859414,R1,github-37518800261-1,v1,history_snapshot_v2,180,213,0.8450704225352113,observed_scanner,scanner_run,2026-10-06,2026-10-06T19:26:11.744918+00:00,a740d668-75d3-4274-ac6c-b0b1a8e6df36,research_views_v1
2026-10-06,KLAR,KLARNA GROUP PLC,12.25,41.7,70.74,36.4,LOW,-0.37666250212185093,-0.2584314561394202,0.0,13.255000114440918,USD,Financial Services,S21 Finanzsystem,Credit Services,pillar,False,True,OK,0.6934877039724844,0.709654497276409,,,,,bull,bull,0.08566324348566035,0.1926275991859414,R1,github-37518800261-1,v1,history_snapshot_v2,185,213,0.8685446009389671,observed_scanner,scanner_run,2026-10-06,2026-10-06T19:26:11.744918+00:00,a740d668-75d3-4274-ac6c-b0b1a8e6df36,research_views_v1
2026-10-06,CRWV,"COREWEAVE, INC.",19.7,50.65,62.96,52.1,MED,-0.01655562921019693,-0.007832869079663407,0.0,91.77999877929688,USD,Technology,S2 Gehirn,Software - Infrastructure,pillar,False,True,OK,0.9456789906392512,0.5749231275056945,,,,,bull,bull,0.08566324348566035,0.1926275991859414,R2,github-37518800261-1,v1,history_snapshot_v2,128,213,0.6009389671361502,observed_scanner,scanner_run,2026-10-06,2026-10-06T19:26:11.744918+00:00,a740d668-75d3-4274-ac6c-b0b1a8e6df36,research_views_v1
2026-10-06,IREN,IREN LIMITED,17.67,48.69,66.54,48.9,LOW,-0.04297996542024596,-0.08869727015257489,0.0,41.584999084472656,USD,Financial Services,S2 Gehirn,Capital Markets,pillar,False,True,OK,1.0708683198070876,0.6164114898416528,,,,,bull,bull,0.08566324348566035,0.1926275991859414,R2,github-37518800261-1,v1,history_snapshot_v2,148,213,0.6948356807511737,observed_scanner,scanner_run,2026-10-06,2026-10-06T19:26:11.744918+00:00,a740d668-75d3-4274-ac6c-b0b1a8e6df36,research_views_v1
2026-10-06,PATH,"UIPATH, INC.",21.72,52.49,59.03,56.8,MED,0.06322205675244441,0.028945290003901336,0.0,13.015000343322754,USD,Technology,S2 Gehirn,Software - Infrastructure,pillar,True,True,OK,0.6866167967012334,0.5137377050671597,,,,,bull,bull,0.08566324348566035,0.1926275991859414,R3,github-37518800261-1,v1,history_snapshot_v2,109,213,0.5117370892018779,observed_scanner,scanner_run,2026-10-06,2026-10-06T19:26:11.744918+00:00,a740d668-75d3-4274-ac6c-b0b1a8e6df36,research_views_v1
2026-10-06,SE,SEA LIMITED,18.76,46.89,55.77,51.7,MED,-0.153299177832805,-0.05765802784124341,0.0,96.72000122070312,USD,Consumer Cyclical,S2 Gehirn,Internet Retail,pillar,False,True,OK,0.5093220211077314,0.5943743698592951,,,,,bull,bull,0.08566324348566035,0.1926275991859414,R2,github-37518800261-1,v1,history_snapshot_v2,136,213,0.6384976525821596,observed_scanner,scanner_run,2026-10-06,2026-10-06T19:26:11.744918+00:00,a740d668-75d3-4274-ac6c-b0b1a8e6df36,research_views_v1
2026-10-06,TE,T1 ENERGY INC.,10.64,40.7,75.31,35.2,LOW,-0.512195873983431,-0.40757470444522115,0.0,3.8299999237060547,USD,Industrials,S3 Energie,Electrical Equipment & Parts,pillar,False,True,OK,1.3071826217451759,0.7034883766981879,,,,,bull,bull,0.08566324348566035,0.1926275991859414,R1,github-37518800261-1,v1,history_snapshot_v2,198,213,0.9295774647887324,observed_scanner,scanner_run,2026-10-06,2026-10-06T19:26:11.744918+00:00,a740d668-75d3-4274-ac6c-b0b1a8e6df36,research_views_v1
2026-10-06,TTD,"THE TRADE DESK, INC.",13.29,40.66,62.54,44.1,LOW,-0.4354402374945372,-0.4660110390108453,0.0,11.9350004196167,USD,Communication Services,S2 Gehirn,Advertising Agencies,pillar,False,True,OK,0.5599206448095589,0.779512281837975,,,,,bull,bull,0.08566324348566035,0.1926275991859414,R1,github-37518800261-1,v1,history_snapshot_v2,178,213,0.8356807511737089,observed_scanner,scanner_run,2026-10-06,2026-10-06T19:26:11.744918+00:00,a740d668-75d3-4274-ac6c-b0b1a8e6df36,research_views_v1
2026-10-06,GRAB,GRAB HOLDINGS LIMITED,18.16,43.51,48.21,47.0,LOW,-0.2459296662966245,-0.1937067433893217,0.0,3.0799999237060547,USD,Technology,S15 Mobilität,Software - Application,pillar,False,True,OK,0.38153349580480556,0.5625977879978965,,,,,bull,bull,0.08566324348566035,0.1926275991859414,R2,github-37518800261-1,v1,history_snapshot_v2,139,213,0.6525821596244131,observed_scanner,scanner_run,2026-10-06,2026-10-06T19:26:11.744918+00:00,a740d668-75d3-4274-ac6c-b0b1a8e6df36,research_views_v1
2026-10-06,MCD,MCDONALD'S CORPORATION,22.88,44.18,27.77,57.3,MED,-0.1934514316764685,-0.18640779127599405,0.0,232.33999633789062,USD,Consumer Cyclical,S11 Konsum,Restaurants,pillar,False,True,OK,0.19119544984647646,0.3096025150276075,,,,,bull,bull,0.08566324348566035,0.1926275991859414,R3,github-37518800261-1,v1,history_snapshot_v2,101,213,0.47417840375586856,observed_scanner,scanner_run,2026-10-06,2026-10-06T19:26:11.744918+00:00,a740d668-75d3-4274-ac6c-b0b1a8e6df36,research_views_v1
2026-10-06,RR.L,ROLLS-ROYCE HOLDINGS PLC,27.25,51.72,30.29,72.9,MED,-0.020780373296849897,0.08334034305240223,0.0,1438.199951171875,GBp,Industrials,S20 Sicherheit & Verteidigung,Aerospace & Defense,pillar,True,True,OK,0.37151670445522195,0.19394848747118054,,,,,bull,bull,0.08566324348566035,0.1926275991859414,R4,github-37518800261-1,v1,history_snapshot_v2,52,213,0.24413145539906103,observed_scanner,scanner_run,2026-10-06,2026-10-06T19:26:11.744918+00:00,a740d668-75d3-4274-ac6c-b0b1a8e6df36,research_views_v1
2026-10-06,SPCX,SPACE EXPLORATION TECHNOLOGIES CORP.,21.42,51.98,58.91,59.1,MED,0.09485037349045733,,0.0,172.639892578125,USD,Industrials,S20 Sicherheit & Verteidigung,Aerospace & Defense,pillar,False,True,OK,0.8630813716556095,0.48781873808752996,,,,,bull,bull,0.08566324348566035,0.1926275991859414,R3,github-37518800261-1,v1,history_snapshot_v2,112,213,0.5258215962441315,observed_scanner,scanner_run,2026-10-06,2026-10-06T19:26:11.744918+00:00,a740d668-75d3-4274-ac6c-b0b1a8e6df36,research_views_v1
2026-10-06,AVAV,"AeroVironment, Inc.",15.99,46.13,66.64,43.4,LOW,-0.06716987988062506,-0.2795903560612375,0.0,144.3300018310547,USD,Industrials,S20 Sicherheit & Verteidigung,Aerospace & Defense,pillar,False,True,OK,0.7504045726750136,0.6664958710831659,,,,,bull,bull,0.08566324348566035,0.1926275991859414,R2,github-37518800261-1,v1,history_snapshot_v2,160,213,0.7511737089201878,observed_scanner,scanner_run,2026-10-06,2026-10-06T19:26:11.744918+00:00,a740d668-75d3-4274-ac6c-b0b1a8e6df36,research_views_v1
2026-10-06,OCGN,"Ocugen, Inc.",12.22,41.76,71.06,34.6,LOW,-0.3257304611604983,-0.2957633034897077,0.0,1.0496000051498413,USD,Healthcare,S13 Gesundheit,Biotechnology,pillar,False,True,OK,0.784243553967984,0.5991935443555652,,,,,bull,bull,0.08566324348566035,0.1926275991859414,R1,github-37518800261-1,v1,history_snapshot_v2,186,213,0.8732394366197183,observed_scanner,scanner_run,2026-10-06,2026-10-06T19:26:11.744918+00:00,a740d668-75d3-4274-ac6c-b0b1a8e6df36,research_views_v1
2026-10-06,AXON,"Axon Enterprise, Inc.",15.59,43.16,59.34,41.2,LOW,-0.3180086819945839,-0.15243432775365606,0.0,420.04998779296875,USD,Industrials,S20 Sicherheit & Verteidigung,Aerospace & Defense,pillar,False,True,OK,0.623800921928538,0.5444801415130922,,,,,bull,bull,0.08566324348566035,0.1926275991859414,R2,github-37518800261-1,v1,history_snapshot_v2,163,213,0.7652582159624414,observed_scanner,scanner_run,2026-10-06,2026-10-06T19:26:11.744918+00:00,a740d668-75d3-4274-ac6c-b0b1a8e6df36,research_views_v1
2026-10-06,INOD,Innodata Inc.,17.77,50.35,71.22,52.2,MED,-0.08021822561384673,0.07840440876348098,0.0,66.37999725341797,USD,Technology,S2 Gehirn,Information Technology Services,pillar,True,True,OK,1.1972522618749555,0.6303251436805135,,,,,bull,bull,0.08566324348566035,0.1926275991859414,R2,github-37518800261-1,v1,history_snapshot_v2,144,213,0.676056338028169,observed_scanner,scanner_run,2026-10-06,2026-10-06T19:26:11.744918+00:00,a740d668-75d3-4274-ac6c-b0b1a8e6df36,research_views_v1
2026-10-06,UUUU,Energy Fuels Inc.,13.2,42.89,69.89,37.7,LOW,-0.20356911741342487,-0.3402833791640032,0.0,11.279999732971191,USD,Energy,S3 Energie,Uranium,pillar,False,True,OK,0.8884309240825425,0.6136363526896884,,,,,bull,bull,0.08566324348566035,0.1926275991859414,R1,github-37518800261-1,v1,history_snapshot_v2,179,213,0.8403755868544601,observed_scanner,scanner_run,2026-10-06,2026-10-06T19:26:11.744918+00:00,a740d668-75d3-4274-ac6c-b0b1a8e6df36,research_views_v1
2026-10-06,ADBE,Adobe Inc.,23.65,50.4,43.39,68.6,MED,0.02740174489941416,-0.08170823058090304,0.0,237.60000610351562,USD,Technology,S2 Gehirn,Software - Application,pillar,False,True,OK,0.4079014349209032,0.4626156492063318,,,,,bull,bull,0.08566324348566035,0.1926275991859414,R3,github-37518800261-1,v1,history_snapshot_v2,88,213,0.4131455399061033,observed_scanner,scanner_run,2026-10-06,2026-10-06T19:26:11.744918+00:00,a740d668-75d3-4274-ac6c-b0b1a8e6df36,research_views_v1
2026-10-06,MRNA,Moderna Inc.,25.64,57.55,56.03,76.9,HIGH,1.4345244745701593,1.7043279463619951,0.0,189.42999267578125,USD,Healthcare,S13 Gesundheit,Biotechnology,pillar,True,True,OK,1.9307700593682537,0.34156480927913413,,,,,bull,bull,0.08566324348566035,0.1926275991859414,R3,github-37518800261-1,v1,history_snapshot_v2,65,213,0.3051643192488263,observed_scanner,scanner_run,2026-10-06,2026-10-06T19:26:11.744918+00:00,a740d668-75d3-4274-ac6c-b0b1a8e6df36,research_views_v1
2026-10-06,DRO.AX,DroneShield Limited,10.99,41.75,76.9,34.7,LOW,-0.28428552001195195,-0.41173969821696843,0.0,1.7300000190734863,AUD,Industrials,S20 Sicherheit & Verteidigung,Aerospace & Defense,pillar,False,True,OK,0.9807120782484366,0.7613636256906282,,,,,bull,bull,0.08566324348566035,0.1926275991859414,R1,github-37518800261-1,v1,history_snapshot_v2,196,213,0.92018779342723,observed_scanner,scanner_run,2026-10-06,2026-10-06T19:26:11.744918+00:00,a740d668-75d3-4274-ac6c-b0b1a8e6df36,research_views_v1
2026-10-06,1211.HK,BYD Company Limited,21.07,44.39,37.04,57.2,MED,-0.1749289676365544,-0.19085496451521344,0.0,75.0,HKD,Consumer Cyclical,S15 Mobilität,Auto Manufacturers,pillar,False,True,OK,0.37272331518504537,0.356927331146771,,,,,bull,bull,0.08566324348566035,0.1926275991859414,R3,github-37518800261-1,v1,history_snapshot_v2,117,213,0.5492957746478874,observed_scanner,scanner_run,2026-10-06,2026-10-06T19:26:11.744918+00:00,a740d668-75d3-4274-ac6c-b0b1a8e6df36,research_views_v1
2026-10-06,BAS.DE,BASF SE,27.65,52.24,30.03,67.0,MED,0.03698451271388792,0.045537446227175815,0.0,51.08000183105469,EUR,Basic Materials,S4 Fundament,Chemicals,pillar,True,True,OK,0.24928539646776177,0.13370372630931715,,,,,bull,bull,0.08566324348566035,0.1926275991859414,R4,github-37518800261-1,v1,history_snapshot_v2,41,213,0.19248826291079812,observed_scanner,scanner_run,2026-10-06,2026-10-06T19:26:11.744918+00:00,a740d668-75d3-4274-ac6c-b0b1a8e6df36,research_views_v1
2026-10-06,FISV,Fiserv Inc.,15.44,44.85,65.32,42.3,LOW,-0.1560073841998484,-0.19256368940476454,0.0,45.64500045776367,USD,Technology,S21 Finanzsystem,Information Technology Services,pillar,False,True,OK,0.5825057720835695,0.6498539761977831,,,,,bull,bull,0.08566324348566035,0.1926275991859414,R2,github-37518800261-1,v1,history_snapshot_v2,165,213,0.7746478873239436,observed_scanner,scanner_run,2026-10-06,2026-10-06T19:26:11.744918+00:00,a740d668-75d3-4274-ac6c-b0b1a8e6df36,research_views_v1
2026-10-06,NIO,NIO Inc.,15.45,41.86,56.02,43.8,LOW,-0.31171061137123335,-0.30919485089340815,0.0,3.4800000190734863,USD,Consumer Cyclical,S15 Mobilität,Auto Manufacturers,pillar,False,True,OK,0.5149248024349,0.5707006463056995,,,,,bull,bull,0.08566324348566035,0.1926275991859414,R2,github-37518800261-1,v1,history_snapshot_v2,164,213,0.7699530516431925,observed_scanner,scanner_run,2026-10-06,2026-10-06T19:26:11.744918+00:00,a740d668-75d3-4274-ac6c-b0b1a8e6df36,research_views_v1
2026-10-06,XPEV,XPeng Inc.,14.26,41.66,61.02,42.6,LOW,-0.30438192886600834,-0.3822696118808533,0.0,9.545000076293945,USD,Consumer Cyclical,S15 Mobilität,Auto Manufacturers,pillar,False,True,OK,0.5341254997654368,0.6704666868341437,,,,,bull,bull,0.08566324348566035,0.1926275991859414,R1,github-37518800261-1,v1,history_snapshot_v2,174,213,0.8169014084507042,observed_scanner,scanner_run,2026-10-06,2026-10-06T19:26:11.744918+00:00,a740d668-75d3-4274-ac6c-b0b1a8e6df36,research_views_v1
2026-10-06,GE,GE Aerospace,23.47,46.34,31.66,60.0,MED,-0.17998280327668303,-0.04599860130623268,0.0,308.2200012207031,USD,Industrials,S20 Sicherheit & Verteidigung,Aerospace & Defense,pillar,False,True,OK,0.33113828592004646,0.20851492134460958,,,,,bull,bull,0.08566324348566035,0.1926275991859414,R3,github-37518800261-1,v1,history_snapshot_v2,90,213,0.4225352112676056,observed_scanner,scanner_run,2026-10-06,2026-10-06T19:26:11.744918+00:00,a740d668-75d3-4274-ac6c-b0b1a8e6df36,research_views_v1
2026-10-06,CRUS,Cirrus Logic Inc.,19.17,43.94,44.73,52.7,MED,-0.24998950063324832,-0.1531188222820845,0.0,118.4000015258789,USD,Technology,S2 Gehirn,Semiconductors,pillar,False,True,OK,0.36563688388401283,0.3936276855341728,,,,,bull,bull,0.08566324348566035,0.1926275991859414,R2,github-37518800261-1,v1,history_snapshot_v2,132,213,0.6197183098591549,observed_scanner,scanner_run,2026-10-06,2026-10-06T19:26:11.744918+00:00,a740d668-75d3-4274-ac6c-b0b1a8e6df36,research_views_v1
2026-10-06,ADS.DE,adidas AG,20.7,45.46,42.11,54.5,MED,-0.24023983447099162,-0.058589880114206405,0.0,145.14999389648438,EUR,Consumer Cyclical,S12 Luxus & Marken,Footwear & Accessories,pillar,False,True,OK,0.33560981162392595,0.328630068972118,,,,,bull,bull,0.08566324348566035,0.1926275991859414,R2,github-37518800261-1,v1,history_snapshot_v2,119,213,0.5586854460093896,observed_scanner,scanner_run,2026-10-06,2026-10-06T19:26:11.744918+00:00,a740d668-75d3-4274-ac6c-b0b1a8e6df36,research_views_v1
2026-10-06,SGL.DE,SGL Carbon SE,25.87,56.46,51.6,74.2,MED,0.2919391530086637,0.2926167330679965,0.0,5.380000114440918,EUR,Basic Materials,S4 Fundament,Chemicals,pillar,True,False,OK,0.5048627976673596,0.32745823937031304,,,,,bull,bull,0.08566324348566035,0.1926275991859414,R3,github-37518800261-1,v1,history_snapshot_v2,62,213,0.29107981220657275,observed_scanner,scanner_run,2026-10-06,2026-10-06T19:26:11.744918+00:00,a740d668-75d3-4274-ac6c-b0b1a8e6df36,research_views_v1
