date,symbol,currency,open,high,low,close,volume,source,retrieved_at,observation_type
2024-09-17,AVAV,USD,171.77000427246094,176.82000732421875,171.77000427246094,174.9600067138672,474200,yahoo_ohlcv,,price_backfill
2024-09-18,AVAV,USD,174.47000122070312,180.6499938964844,171.27000427246094,174.44000244140625,374500,yahoo_ohlcv,,price_backfill
2024-09-19,AVAV,USD,178.27000427246094,180.94000244140625,175.25,179.69000244140625,295500,yahoo_ohlcv,,price_backfill
2024-09-20,AVAV,USD,180.10000610351562,184.2899932861328,177.6199951171875,182.759994506836,687800,yahoo_ohlcv,,price_backfill
2024-09-23,AVAV,USD,190.3000030517578,205.27999877929688,190.0399932861328,204.5,702300,yahoo_ohlcv,,price_backfill
2024-09-24,AVAV,USD,203.8000030517578,203.8000030517578,197.3300018310547,197.82000732421875,361400,yahoo_ohlcv,,price_backfill
2024-09-25,AVAV,USD,197.97000122070312,201.009994506836,194.72999572753903,196.75,269100,yahoo_ohlcv,,price_backfill
2024-09-26,AVAV,USD,200.0,200.0,194.3600006103516,194.6999969482422,255400,yahoo_ohlcv,,price_backfill
2024-09-27,AVAV,USD,196.5500030517578,200.8300018310547,196.3600006103516,199.22999572753903,297500,yahoo_ohlcv,,price_backfill
2024-09-30,AVAV,USD,198.0,200.77999877929688,196.6100006103516,200.5,268800,yahoo_ohlcv,,price_backfill
2024-10-01,AVAV,USD,200.6199951171875,219.25,200.4600067138672,211.08999633789065,739300,yahoo_ohlcv,,price_backfill
2024-10-02,AVAV,USD,215.6699981689453,217.259994506836,203.72000122070312,204.0,512600,yahoo_ohlcv,,price_backfill
2024-10-03,AVAV,USD,203.6600036621093,204.42999267578125,199.5,201.1100006103516,348800,yahoo_ohlcv,,price_backfill
2024-10-04,AVAV,USD,203.1600036621093,208.6499938964844,201.0,207.9499969482422,225400,yahoo_ohlcv,,price_backfill
2024-10-07,AVAV,USD,208.17999267578125,209.0,203.5500030517578,205.27999877929688,219800,yahoo_ohlcv,,price_backfill
2024-10-08,AVAV,USD,206.5399932861328,209.32000732421875,205.58999633789065,207.82000732421875,218900,yahoo_ohlcv,,price_backfill
2024-10-09,AVAV,USD,207.47000122070312,209.0,205.19000244140625,208.32000732421875,187000,yahoo_ohlcv,,price_backfill
2024-10-10,AVAV,USD,207.1199951171875,212.1100006103516,203.9600067138672,206.6699981689453,300300,yahoo_ohlcv,,price_backfill
2024-10-11,AVAV,USD,205.8000030517578,217.5,205.8000030517578,215.38999938964844,314800,yahoo_ohlcv,,price_backfill
2024-10-14,AVAV,USD,218.0,219.0,214.3000030517578,215.1699981689453,276700,yahoo_ohlcv,,price_backfill
2024-10-15,AVAV,USD,215.44000244140625,217.3500061035156,209.5200042724609,214.1100006103516,298000,yahoo_ohlcv,,price_backfill
2024-10-16,AVAV,USD,215.7400054931641,221.5200042724609,215.1999969482422,220.22999572753903,257300,yahoo_ohlcv,,price_backfill
2024-10-17,AVAV,USD,221.32000732421875,221.33999633789065,215.1000061035156,215.6300048828125,239700,yahoo_ohlcv,,price_backfill
2024-10-18,AVAV,USD,216.0,218.9900054931641,215.1199951171875,216.97000122070312,170600,yahoo_ohlcv,,price_backfill
2024-10-21,AVAV,USD,217.69000244140625,227.17999267578125,217.69000244140625,220.509994506836,227500,yahoo_ohlcv,,price_backfill
2024-10-22,AVAV,USD,219.5200042724609,220.0,214.67999267578125,216.47999572753903,207400,yahoo_ohlcv,,price_backfill
2024-10-23,AVAV,USD,215.67999267578125,217.13999938964844,212.13999938964844,214.67999267578125,154700,yahoo_ohlcv,,price_backfill
2024-10-24,AVAV,USD,214.67999267578125,218.8300018310547,214.4100036621093,215.6600036621093,142300,yahoo_ohlcv,,price_backfill
2024-10-25,AVAV,USD,216.69000244140625,221.1100006103516,215.9100036621093,220.8999938964844,182500,yahoo_ohlcv,,price_backfill
2024-10-28,AVAV,USD,222.0599975585937,222.5800018310547,217.97000122070312,220.8000030517578,150200,yahoo_ohlcv,,price_backfill
2024-10-29,AVAV,USD,220.1999969482422,221.69000244140625,218.0,220.8500061035156,139200,yahoo_ohlcv,,price_backfill
2024-10-30,AVAV,USD,219.3099975585937,221.19000244140625,216.2400054931641,216.6000061035156,198700,yahoo_ohlcv,,price_backfill
2024-10-31,AVAV,USD,215.77999877929688,217.32000732421875,211.4600067138672,214.9600067138672,220600,yahoo_ohlcv,,price_backfill
2024-11-01,AVAV,USD,217.1300048828125,219.88999938964844,215.6000061035156,216.0,168700,yahoo_ohlcv,,price_backfill
2024-11-04,AVAV,USD,213.57000732421875,219.27999877929688,213.0,215.47999572753903,146000,yahoo_ohlcv,,price_backfill
2024-11-05,AVAV,USD,216.2700042724609,220.259994506836,215.2100067138672,219.6699981689453,234900,yahoo_ohlcv,,price_backfill
2024-11-06,AVAV,USD,227.5500030517578,232.0,203.2100067138672,216.32000732421875,788000,yahoo_ohlcv,,price_backfill
2024-11-07,AVAV,USD,213.009994506836,224.9900054931641,213.009994506836,223.69000244140625,267700,yahoo_ohlcv,,price_backfill
2024-11-08,AVAV,USD,225.2700042724609,231.5,222.0,227.8699951171875,320600,yahoo_ohlcv,,price_backfill
2024-11-11,AVAV,USD,232.0,236.6000061035156,228.22999572753903,235.1699981689453,351400,yahoo_ohlcv,,price_backfill
2024-11-12,AVAV,USD,228.57000732421875,231.94000244140625,213.5399932861328,218.02999877929688,432200,yahoo_ohlcv,,price_backfill
2024-11-13,AVAV,USD,217.44000244140625,227.6499938964844,217.17999267578125,217.5599975585937,382600,yahoo_ohlcv,,price_backfill
2024-11-14,AVAV,USD,216.13999938964844,219.97999572753903,203.0399932861328,204.25,430700,yahoo_ohlcv,,price_backfill
2024-11-15,AVAV,USD,203.82000732421875,204.5,197.6100006103516,200.0599975585937,344700,yahoo_ohlcv,,price_backfill
2024-11-18,AVAV,USD,199.47999572753903,200.94000244140625,195.5800018310547,197.07000732421875,265400,yahoo_ohlcv,,price_backfill
2024-11-19,AVAV,USD,192.3999938964844,197.69000244140625,189.259994506836,194.88999938964844,860500,yahoo_ohlcv,,price_backfill
2024-11-20,AVAV,USD,204.009994506836,205.0500030517578,191.1199951171875,198.33999633789065,719100,yahoo_ohlcv,,price_backfill
2024-11-21,AVAV,USD,198.13999938964844,204.5200042724609,193.0,194.259994506836,537400,yahoo_ohlcv,,price_backfill
2024-11-22,AVAV,USD,196.2899932861328,199.7400054931641,195.6300048828125,195.9100036621093,323200,yahoo_ohlcv,,price_backfill
2024-11-25,AVAV,USD,199.1600036621093,201.6199951171875,192.3000030517578,193.1100006103516,375800,yahoo_ohlcv,,price_backfill
2024-11-26,AVAV,USD,196.1699981689453,203.69000244140625,193.0,196.5,437900,yahoo_ohlcv,,price_backfill
2024-11-27,AVAV,USD,197.3600006103516,199.5599975585937,190.5,190.8699951171875,259900,yahoo_ohlcv,,price_backfill
2024-11-29,AVAV,USD,194.0,196.0,192.6000061035156,194.5,199700,yahoo_ohlcv,,price_backfill
2024-12-02,AVAV,USD,197.0,203.57000732421875,192.5,203.19000244140625,473800,yahoo_ohlcv,,price_backfill
2024-12-03,AVAV,USD,203.1999969482422,203.1999969482422,192.8000030517578,193.1000061035156,548300,yahoo_ohlcv,,price_backfill
2024-12-04,AVAV,USD,194.02999877929688,199.1999969482422,192.2899932861328,196.88999938964844,695800,yahoo_ohlcv,,price_backfill
2024-12-05,AVAV,USD,175.0,180.8300018310547,162.27000427246094,165.6199951171875,2547900,yahoo_ohlcv,,price_backfill
2024-12-06,AVAV,USD,166.00999450683594,167.3000030517578,161.0,163.3300018310547,808100,yahoo_ohlcv,,price_backfill
2024-12-09,AVAV,USD,163.6699981689453,164.8800048828125,159.72999572753906,160.4199981689453,752700,yahoo_ohlcv,,price_backfill
2024-12-10,AVAV,USD,159.5800018310547,160.24000549316406,153.0,153.72000122070312,959900,yahoo_ohlcv,,price_backfill
2024-12-11,AVAV,USD,154.83999633789062,155.97000122070312,150.5,154.35000610351562,777900,yahoo_ohlcv,,price_backfill
2024-12-12,AVAV,USD,154.25999450683594,156.72999572753906,152.19000244140625,153.8800048828125,487700,yahoo_ohlcv,,price_backfill
2024-12-13,AVAV,USD,153.4499969482422,156.60000610351562,151.4199981689453,156.5,611500,yahoo_ohlcv,,price_backfill
2024-12-16,AVAV,USD,159.5500030517578,172.0800018310547,159.22000122070312,168.8000030517578,1118800,yahoo_ohlcv,,price_backfill
2024-12-17,AVAV,USD,168.61000061035156,168.61000061035156,159.6199951171875,164.0399932861328,732700,yahoo_ohlcv,,price_backfill
2024-12-18,AVAV,USD,163.86000061035156,165.25,155.32000732421875,156.05999755859375,805600,yahoo_ohlcv,,price_backfill
2024-12-19,AVAV,USD,156.92999267578125,161.85000610351562,156.07000732421875,161.83999633789062,526600,yahoo_ohlcv,,price_backfill
2024-12-20,AVAV,USD,158.17999267578125,165.6199951171875,158.17999267578125,164.02999877929688,1373200,yahoo_ohlcv,,price_backfill
2024-12-23,AVAV,USD,164.60000610351562,164.80999755859375,159.32000732421875,161.1999969482422,397700,yahoo_ohlcv,,price_backfill
2024-12-24,AVAV,USD,161.1999969482422,161.85000610351562,158.7100067138672,160.1199951171875,164300,yahoo_ohlcv,,price_backfill
2024-12-26,AVAV,USD,158.11000061035156,162.2100067138672,158.0,161.5,269400,yahoo_ohlcv,,price_backfill
2024-12-27,AVAV,USD,161.00999450683594,161.49000549316406,154.6199951171875,157.66000366210938,345700,yahoo_ohlcv,,price_backfill
2024-12-30,AVAV,USD,155.27000427246094,155.9499969482422,152.75999450683594,155.17999267578125,342500,yahoo_ohlcv,,price_backfill
2024-12-31,AVAV,USD,156.74000549316406,157.4600067138672,153.7100067138672,153.88999938964844,266200,yahoo_ohlcv,,price_backfill
2025-01-02,AVAV,USD,157.8699951171875,161.7100067138672,155.27999877929688,156.4499969482422,317600,yahoo_ohlcv,,price_backfill
2025-01-03,AVAV,USD,157.36000061035156,161.55999755859375,157.17999267578125,161.00999450683594,340500,yahoo_ohlcv,,price_backfill
2025-01-06,AVAV,USD,163.22999572753906,164.0,160.52000427246094,163.72999572753906,333900,yahoo_ohlcv,,price_backfill
2025-01-07,AVAV,USD,164.4499969482422,168.0,161.5500030517578,163.0399932861328,335700,yahoo_ohlcv,,price_backfill
2025-01-08,AVAV,USD,161.41000366210938,164.0,158.0399932861328,163.41000366210938,321500,yahoo_ohlcv,,price_backfill
2025-01-10,AVAV,USD,160.86000061035156,167.25,160.14999389648438,165.02999877929688,332100,yahoo_ohlcv,,price_backfill
2025-01-13,AVAV,USD,161.27999877929688,162.33999633789062,157.25,162.11000061035156,423200,yahoo_ohlcv,,price_backfill
2025-01-14,AVAV,USD,163.72999572753906,168.97000122070312,163.0,164.66000366210938,283500,yahoo_ohlcv,,price_backfill
2025-01-15,AVAV,USD,168.39999389648438,171.0,166.27000427246094,167.52999877929688,365300,yahoo_ohlcv,,price_backfill
2025-01-16,AVAV,USD,168.0,168.61000061035156,163.1699981689453,165.38999938964844,288500,yahoo_ohlcv,,price_backfill
2025-01-17,AVAV,USD,167.9600067138672,170.8800048828125,164.89999389648438,168.74000549316406,317400,yahoo_ohlcv,,price_backfill
2025-01-21,AVAV,USD,171.0,177.6300048828125,171.0,177.52000427246094,445000,yahoo_ohlcv,,price_backfill
2025-01-22,AVAV,USD,178.3800048828125,180.0,175.85000610351562,177.8800048828125,384700,yahoo_ohlcv,,price_backfill
2025-01-23,AVAV,USD,177.6300048828125,182.63999938964844,176.5,181.57000732421875,375500,yahoo_ohlcv,,price_backfill
2025-01-24,AVAV,USD,181.57000732421875,182.0399932861328,179.22999572753906,180.3600006103516,319200,yahoo_ohlcv,,price_backfill
2025-01-27,AVAV,USD,176.0,178.92999267578125,170.1699981689453,176.5500030517578,387400,yahoo_ohlcv,,price_backfill
2025-01-28,AVAV,USD,179.69000244140625,179.69000244140625,172.99000549316406,175.0399932861328,233600,yahoo_ohlcv,,price_backfill
2025-01-29,AVAV,USD,175.13999938964844,177.16000366210938,169.0,171.27999877929688,274600,yahoo_ohlcv,,price_backfill
2025-01-30,AVAV,USD,172.25,173.88999938964844,170.5,171.97999572753906,228600,yahoo_ohlcv,,price_backfill
2025-01-31,AVAV,USD,174.0,182.6000061035156,171.52999877929688,180.1499938964844,400000,yahoo_ohlcv,,price_backfill
2025-02-03,AVAV,USD,174.8300018310547,181.8500061035156,172.97999572753906,172.97999572753906,449200,yahoo_ohlcv,,price_backfill
2025-02-04,AVAV,USD,174.7899932861328,188.7899932861328,174.7899932861328,186.1199951171875,550900,yahoo_ohlcv,,price_backfill
2025-02-05,AVAV,USD,188.5399932861328,188.5399932861328,183.38999938964844,185.9600067138672,342400,yahoo_ohlcv,,price_backfill
2025-02-06,AVAV,USD,187.67999267578125,188.1999969482422,176.35000610351562,179.07000732421875,397700,yahoo_ohlcv,,price_backfill
2025-02-07,AVAV,USD,179.0800018310547,180.3000030517578,176.05999755859375,176.92999267578125,244400,yahoo_ohlcv,,price_backfill
2025-02-10,AVAV,USD,177.47000122070312,182.6499938964844,175.86000061035156,182.1499938964844,253300,yahoo_ohlcv,,price_backfill
2025-02-11,AVAV,USD,181.0,181.0200042724609,176.97999572753906,179.35000610351562,248600,yahoo_ohlcv,,price_backfill
2025-02-12,AVAV,USD,175.27000427246094,178.8000030517578,162.9499969482422,167.6999969482422,703200,yahoo_ohlcv,,price_backfill
2025-02-13,AVAV,USD,168.25,168.60000610351562,159.3699951171875,161.33999633789062,625200,yahoo_ohlcv,,price_backfill
2025-02-14,AVAV,USD,160.97999572753906,161.3300018310547,156.39999389648438,156.99000549316406,484800,yahoo_ohlcv,,price_backfill
2025-02-18,AVAV,USD,158.24000549316406,160.0500030517578,153.97000122070312,155.3000030517578,523200,yahoo_ohlcv,,price_backfill
2025-02-19,AVAV,USD,157.05999755859375,161.61000061035156,156.1999969482422,158.83999633789062,468100,yahoo_ohlcv,,price_backfill
2025-02-20,AVAV,USD,158.6300048828125,159.4199981689453,154.41000366210938,158.1300048828125,284000,yahoo_ohlcv,,price_backfill
2025-02-21,AVAV,USD,160.02000427246094,160.25,153.16000366210938,154.7899932861328,341400,yahoo_ohlcv,,price_backfill
2025-02-24,AVAV,USD,154.7899932861328,156.47999572753906,149.02000427246094,152.89999389648438,335000,yahoo_ohlcv,,price_backfill
2025-02-25,AVAV,USD,152.00999450683594,153.67999267578125,145.97000122070312,151.69000244140625,478200,yahoo_ohlcv,,price_backfill
2025-02-26,AVAV,USD,152.36000061035156,157.82000732421875,150.0,153.64999389648438,379600,yahoo_ohlcv,,price_backfill
2025-02-27,AVAV,USD,155.8699951171875,157.0,151.60000610351562,151.86000061035156,255800,yahoo_ohlcv,,price_backfill
2025-02-28,AVAV,USD,150.6300048828125,153.22999572753906,147.22999572753906,149.6199951171875,452100,yahoo_ohlcv,,price_backfill
2025-03-03,AVAV,USD,149.85000610351562,150.8300018310547,141.6699981689453,142.6300048828125,528800,yahoo_ohlcv,,price_backfill
2025-03-04,AVAV,USD,140.25,143.55999755859375,135.1699981689453,141.89999389648438,997500,yahoo_ohlcv,,price_backfill
2025-03-05,AVAV,USD,110.06999969482422,138.2100067138672,110.06999969482422,135.69000244140625,2984500,yahoo_ohlcv,,price_backfill
2025-03-06,AVAV,USD,134.80999755859375,136.22999572753906,131.10000610351562,135.07000732421875,705300,yahoo_ohlcv,,price_backfill
2025-03-07,AVAV,USD,134.88999938964844,134.88999938964844,128.91000366210938,132.3300018310547,668300,yahoo_ohlcv,,price_backfill
2025-03-10,AVAV,USD,130.0399932861328,130.49000549316406,121.62000274658205,123.3499984741211,718200,yahoo_ohlcv,,price_backfill
2025-03-11,AVAV,USD,123.37000274658205,126.2300033569336,121.7699966430664,124.0,557800,yahoo_ohlcv,,price_backfill
2025-03-12,AVAV,USD,125.31999969482422,126.5500030517578,120.83999633789062,121.52999877929688,486100,yahoo_ohlcv,,price_backfill
2025-03-13,AVAV,USD,121.80999755859376,124.0500030517578,120.43000030517578,123.98999786376952,409300,yahoo_ohlcv,,price_backfill
2025-03-14,AVAV,USD,126.76000213623048,129.86000061035156,124.5,129.4499969482422,487600,yahoo_ohlcv,,price_backfill
2025-03-17,AVAV,USD,128.6699981689453,129.16000366210938,124.3000030517578,125.73999786376952,392400,yahoo_ohlcv,,price_backfill
2025-03-18,AVAV,USD,125.5,125.5500030517578,121.13999938964844,124.79000091552734,409200,yahoo_ohlcv,,price_backfill
2025-03-19,AVAV,USD,125.29000091552734,127.48999786376952,123.91999816894533,125.7300033569336,325800,yahoo_ohlcv,,price_backfill
2025-03-20,AVAV,USD,124.54000091552734,125.3499984741211,123.5,125.0999984741211,215100,yahoo_ohlcv,,price_backfill
2025-03-21,AVAV,USD,123.83000183105467,125.1500015258789,122.47000122070312,125.01000213623048,734000,yahoo_ohlcv,,price_backfill
2025-03-24,AVAV,USD,127.0999984741211,129.3699951171875,126.3000030517578,128.69000244140625,285100,yahoo_ohlcv,,price_backfill
2025-03-25,AVAV,USD,130.0,131.39999389648438,128.33999633789062,131.1999969482422,319700,yahoo_ohlcv,,price_backfill
2025-03-26,AVAV,USD,131.5,132.00999450683594,124.3499984741211,126.0,316900,yahoo_ohlcv,,price_backfill
2025-03-27,AVAV,USD,125.83000183105467,126.61000061035156,123.01000213623048,123.58999633789062,253800,yahoo_ohlcv,,price_backfill
2025-03-28,AVAV,USD,124.22000122070312,124.22000122070312,119.45999908447266,120.93000030517578,320500,yahoo_ohlcv,,price_backfill
2025-03-31,AVAV,USD,118.38999938964844,120.27999877929688,115.3499984741211,119.19000244140624,428600,yahoo_ohlcv,,price_backfill
2025-04-01,AVAV,USD,119.27999877929688,122.79000091552734,118.6500015258789,121.79000091552734,444400,yahoo_ohlcv,,price_backfill
2025-04-02,AVAV,USD,120.23999786376952,128.0500030517578,119.58999633789062,126.83999633789062,353200,yahoo_ohlcv,,price_backfill
2025-04-03,AVAV,USD,120.36000061035156,123.27999877929688,116.0199966430664,117.58999633789062,377000,yahoo_ohlcv,,price_backfill
2025-04-04,AVAV,USD,113.0,115.0,110.11000061035156,111.6500015258789,561300,yahoo_ohlcv,,price_backfill
2025-04-07,AVAV,USD,106.0999984741211,116.26000213623048,102.25,113.37999725341795,634700,yahoo_ohlcv,,price_backfill
2025-04-08,AVAV,USD,120.81999969482422,122.48999786376952,114.91000366210938,121.02999877929688,954100,yahoo_ohlcv,,price_backfill
2025-04-09,AVAV,USD,120.6999969482422,140.6300048828125,119.25,137.72000122070312,948000,yahoo_ohlcv,,price_backfill
2025-04-10,AVAV,USD,135.60000610351562,141.1999969482422,134.5,138.97000122070312,681700,yahoo_ohlcv,,price_backfill
2025-04-11,AVAV,USD,139.10000610351562,148.02000427246094,137.41000366210938,146.3300018310547,513300,yahoo_ohlcv,,price_backfill
2025-04-14,AVAV,USD,149.6300048828125,149.77000427246094,140.91000366210938,142.8000030517578,498500,yahoo_ohlcv,,price_backfill
2025-04-15,AVAV,USD,141.74000549316406,144.11000061035156,138.88999938964844,140.0,388400,yahoo_ohlcv,,price_backfill
2025-04-16,AVAV,USD,139.0,144.14999389648438,138.0,143.80999755859375,343400,yahoo_ohlcv,,price_backfill
2025-04-17,AVAV,USD,143.97999572753906,147.97000122070312,143.27999877929688,147.61000061035156,381700,yahoo_ohlcv,,price_backfill
2025-04-21,AVAV,USD,146.41000366210938,146.92999267578125,141.08999633789062,144.1999969482422,276000,yahoo_ohlcv,,price_backfill
2025-04-22,AVAV,USD,146.60000610351562,150.5800018310547,145.44000244140625,150.17999267578125,420900,yahoo_ohlcv,,price_backfill
2025-04-23,AVAV,USD,155.00999450683594,156.35000610351562,146.05999755859375,146.2100067138672,445100,yahoo_ohlcv,,price_backfill
2025-04-24,AVAV,USD,145.94000244140625,150.36000061035156,142.1999969482422,148.9499969482422,352900,yahoo_ohlcv,,price_backfill
2025-04-25,AVAV,USD,148.92999267578125,151.4199981689453,147.9499969482422,149.58999633789062,307000,yahoo_ohlcv,,price_backfill
2025-04-28,AVAV,USD,150.25,154.0,147.1699981689453,149.7100067138672,227600,yahoo_ohlcv,,price_backfill
2025-04-29,AVAV,USD,149.66000366210938,154.47999572753906,149.22000122070312,153.24000549316406,292500,yahoo_ohlcv,,price_backfill
2025-04-30,AVAV,USD,150.99000549316406,152.25,148.02000427246094,151.52000427246094,262800,yahoo_ohlcv,,price_backfill
2025-05-01,AVAV,USD,153.1199951171875,157.72999572753906,150.2899932861328,155.2100067138672,386300,yahoo_ohlcv,,price_backfill
2025-05-02,AVAV,USD,156.41000366210938,160.00999450683594,155.22000122070312,158.7899932861328,310600,yahoo_ohlcv,,price_backfill
2025-05-05,AVAV,USD,159.08999633789062,163.5,156.94000244140625,161.9600067138672,442000,yahoo_ohlcv,,price_backfill
2025-05-06,AVAV,USD,160.0,162.0,154.38999938964844,158.5,386600,yahoo_ohlcv,,price_backfill
2025-05-07,AVAV,USD,158.5,160.50999450683594,155.69000244140625,160.00999450683594,271600,yahoo_ohlcv,,price_backfill
2025-05-08,AVAV,USD,162.7899932861328,169.0,161.5,168.3800048828125,490200,yahoo_ohlcv,,price_backfill
2025-05-09,AVAV,USD,168.36000061035156,168.9499969482422,163.1999969482422,165.47000122070312,368900,yahoo_ohlcv,,price_backfill
2025-05-12,AVAV,USD,171.07000732421875,171.44000244140625,164.67999267578125,167.1300048828125,478000,yahoo_ohlcv,,price_backfill
2025-05-13,AVAV,USD,169.27000427246094,171.44000244140625,166.0,166.60000610351562,411400,yahoo_ohlcv,,price_backfill
2025-05-14,AVAV,USD,166.85000610351562,168.05999755859375,163.6999969482422,163.82000732421875,343800,yahoo_ohlcv,,price_backfill
2025-05-15,AVAV,USD,163.82000732421875,166.55999755859375,163.58999633789062,165.49000549316406,244300,yahoo_ohlcv,,price_backfill
2025-05-16,AVAV,USD,165.9199981689453,166.49000549316406,163.52000427246094,164.08999633789062,316700,yahoo_ohlcv,,price_backfill
2025-05-19,AVAV,USD,162.57000732421875,164.2899932861328,159.63999938964844,161.1199951171875,337400,yahoo_ohlcv,,price_backfill
2025-05-20,AVAV,USD,160.92999267578125,169.5800018310547,160.4600067138672,169.2899932861328,504300,yahoo_ohlcv,,price_backfill
2025-05-21,AVAV,USD,169.0,169.1999969482422,163.42999267578125,166.72999572753906,518300,yahoo_ohlcv,,price_backfill
2025-05-22,AVAV,USD,166.75,168.97000122070312,164.89999389648438,167.63999938964844,407700,yahoo_ohlcv,,price_backfill
2025-05-23,AVAV,USD,163.75,169.6199951171875,162.02999877929688,169.07000732421875,278400,yahoo_ohlcv,,price_backfill
2025-05-27,AVAV,USD,170.52000427246094,178.5,170.27000427246094,178.13999938964844,560800,yahoo_ohlcv,,price_backfill
2025-05-28,AVAV,USD,177.92999267578125,180.72000122070312,175.9499969482422,176.3800048828125,492500,yahoo_ohlcv,,price_backfill
2025-05-29,AVAV,USD,177.92999267578125,178.94000244140625,171.97999572753906,172.49000549316406,296900,yahoo_ohlcv,,price_backfill
2025-05-30,AVAV,USD,172.17999267578125,178.77999877929688,170.30999755859375,178.02999877929688,1092000,yahoo_ohlcv,,price_backfill
2025-06-02,AVAV,USD,183.0,188.75,177.3300018310547,180.4100036621093,757700,yahoo_ohlcv,,price_backfill
2025-06-03,AVAV,USD,182.3999938964844,188.5599975585937,181.8699951171875,186.1600036621093,635700,yahoo_ohlcv,,price_backfill
2025-06-04,AVAV,USD,187.8300018310547,187.8300018310547,178.69000244140625,183.47999572753903,718200,yahoo_ohlcv,,price_backfill
2025-06-05,AVAV,USD,185.9900054931641,189.9499969482422,184.5,186.58999633789065,723600,yahoo_ohlcv,,price_backfill
2025-06-06,AVAV,USD,189.5500030517578,201.6999969482422,188.0800018310547,190.88999938964844,1130200,yahoo_ohlcv,,price_backfill
2025-06-09,AVAV,USD,196.3600006103516,202.7400054931641,191.72999572753903,195.72000122070312,1058800,yahoo_ohlcv,,price_backfill
2025-06-10,AVAV,USD,195.72000122070312,196.3699951171875,187.1000061035156,189.6199951171875,547600,yahoo_ohlcv,,price_backfill
2025-06-11,AVAV,USD,190.0,190.009994506836,183.5,189.5200042724609,612800,yahoo_ohlcv,,price_backfill
2025-06-12,AVAV,USD,187.8099975585937,191.4900054931641,185.7700042724609,190.1199951171875,339000,yahoo_ohlcv,,price_backfill
2025-06-13,AVAV,USD,193.8999938964844,199.0,191.47000122070312,195.1000061035156,774000,yahoo_ohlcv,,price_backfill
2025-06-16,AVAV,USD,197.3999938964844,197.67999267578125,186.44000244140625,186.6699981689453,712100,yahoo_ohlcv,,price_backfill
2025-06-17,AVAV,USD,187.0200042724609,191.4199981689453,186.5500030517578,188.72999572753903,657500,yahoo_ohlcv,,price_backfill
2025-06-18,AVAV,USD,190.1699981689453,195.4499969482422,189.38999938964844,190.0399932861328,800800,yahoo_ohlcv,,price_backfill
2025-06-20,AVAV,USD,190.9900054931641,193.5500030517578,186.759994506836,189.6499938964844,1164400,yahoo_ohlcv,,price_backfill
2025-06-23,AVAV,USD,191.0,197.5800018310547,189.69000244140625,191.22999572753903,969700,yahoo_ohlcv,,price_backfill
2025-06-24,AVAV,USD,193.0,195.6499938964844,187.8800048828125,193.27999877929688,1576300,yahoo_ohlcv,,price_backfill
2025-06-25,AVAV,USD,223.83999633789065,250.0,223.5,234.94000244140625,6343600,yahoo_ohlcv,,price_backfill
2025-06-26,AVAV,USD,238.0,272.57000732421875,237.3000030517578,272.3699951171875,4739200,yahoo_ohlcv,,price_backfill
2025-06-27,AVAV,USD,279.0,285.989990234375,270.010009765625,278.07000732421875,3352700,yahoo_ohlcv,,price_backfill
2025-06-30,AVAV,USD,283.69000244140625,295.8999938964844,279.010009765625,284.95001220703125,1678500,yahoo_ohlcv,,price_backfill
2025-07-01,AVAV,USD,263.1199951171875,271.510009765625,250.8699951171875,252.3999938964844,3777500,yahoo_ohlcv,,price_backfill
2025-07-02,AVAV,USD,249.63999938964844,251.47999572753903,245.1000061035156,246.25,5089700,yahoo_ohlcv,,price_backfill
2025-07-03,AVAV,USD,248.2100067138672,250.9900054931641,244.44000244140625,246.22999572753903,2587700,yahoo_ohlcv,,price_backfill
2025-07-07,AVAV,USD,248.3699951171875,248.9900054931641,238.8099975585937,240.7400054931641,2385500,yahoo_ohlcv,,price_backfill
2025-07-08,AVAV,USD,241.25,243.83999633789065,232.009994506836,237.07000732421875,1981000,yahoo_ohlcv,,price_backfill
2025-07-09,AVAV,USD,236.3300018310547,237.8300018310547,228.88999938964844,236.7700042724609,1936400,yahoo_ohlcv,,price_backfill
2025-07-10,AVAV,USD,238.02999877929688,243.4100036621093,234.8000030517578,237.57000732421875,2035900,yahoo_ohlcv,,price_backfill
2025-07-11,AVAV,USD,249.1699981689453,264.79998779296875,246.22000122070312,263.79998779296875,4249300,yahoo_ohlcv,,price_backfill
2025-07-14,AVAV,USD,260.7699890136719,268.5,252.5,265.0,2168600,yahoo_ohlcv,,price_backfill
2025-07-15,AVAV,USD,266.1000061035156,266.5899963378906,257.2200012207031,263.8900146484375,1324900,yahoo_ohlcv,,price_backfill
2025-07-16,AVAV,USD,260.5,269.4200134277344,260.0400085449219,268.9200134277344,1460400,yahoo_ohlcv,,price_backfill
2025-07-17,AVAV,USD,269.4200134277344,284.1700134277344,269.4200134277344,278.5599975585937,6617600,yahoo_ohlcv,,price_backfill
2025-07-18,AVAV,USD,280.67999267578125,281.3500061035156,271.8999938964844,274.0299987792969,1248100,yahoo_ohlcv,,price_backfill
2025-07-21,AVAV,USD,277.0400085449219,279.5299987792969,271.0799865722656,272.17999267578125,1121200,yahoo_ohlcv,,price_backfill
2025-07-22,AVAV,USD,265.0,266.3999938964844,256.45001220703125,262.4800109863281,1497200,yahoo_ohlcv,,price_backfill
2025-07-23,AVAV,USD,264.2699890136719,272.79998779296875,263.0400085449219,272.79998779296875,974900,yahoo_ohlcv,,price_backfill
2025-07-24,AVAV,USD,272.6099853515625,280.4100036621094,269.6700134277344,271.20001220703125,1113600,yahoo_ohlcv,,price_backfill
2025-07-25,AVAV,USD,272.9800109863281,274.0,267.4800109863281,272.8800048828125,722300,yahoo_ohlcv,,price_backfill
2025-07-28,AVAV,USD,277.69000244140625,282.6000061035156,263.0,270.6300048828125,1009400,yahoo_ohlcv,,price_backfill
2025-07-29,AVAV,USD,272.3699951171875,274.0,267.29998779296875,268.3900146484375,769900,yahoo_ohlcv,,price_backfill
2025-07-30,AVAV,USD,268.0,270.8699951171875,265.3500061035156,267.79998779296875,707800,yahoo_ohlcv,,price_backfill
2025-07-31,AVAV,USD,267.3099975585937,269.69000244140625,263.17999267578125,267.6400146484375,711000,yahoo_ohlcv,,price_backfill
2025-08-01,AVAV,USD,259.6099853515625,263.7900085449219,251.33999633789065,260.07000732421875,950700,yahoo_ohlcv,,price_backfill
2025-08-04,AVAV,USD,265.7200012207031,271.0,261.9100036621094,267.95001220703125,552400,yahoo_ohlcv,,price_backfill
2025-08-05,AVAV,USD,271.9800109863281,276.5,260.4100036621094,264.75,1106400,yahoo_ohlcv,,price_backfill
2025-08-06,AVAV,USD,262.94000244140625,265.9200134277344,259.0599975585937,263.1000061035156,635800,yahoo_ohlcv,,price_backfill
2025-08-07,AVAV,USD,265.8699951171875,268.5799865722656,256.3900146484375,259.6099853515625,679100,yahoo_ohlcv,,price_backfill
2025-08-08,AVAV,USD,259.6099853515625,264.25,243.22000122070312,247.4499969482422,1094400,yahoo_ohlcv,,price_backfill
2025-08-11,AVAV,USD,251.1199951171875,254.1300048828125,243.67999267578125,244.44000244140625,898900,yahoo_ohlcv,,price_backfill
2025-08-12,AVAV,USD,244.8999938964844,251.13999938964844,239.1499938964844,250.4900054931641,1040000,yahoo_ohlcv,,price_backfill
2025-08-13,AVAV,USD,255.0,257.0,245.3500061035156,254.8099975585937,798200,yahoo_ohlcv,,price_backfill
2025-08-14,AVAV,USD,252.9199981689453,255.22999572753903,246.6100006103516,249.72999572753903,626100,yahoo_ohlcv,,price_backfill
2025-08-15,AVAV,USD,249.0800018310547,249.0800018310547,240.5,246.6499938964844,671000,yahoo_ohlcv,,price_backfill
2025-08-18,AVAV,USD,246.6499938964844,250.4199981689453,244.6600036621093,247.1300048828125,655300,yahoo_ohlcv,,price_backfill
2025-08-19,AVAV,USD,253.0,254.0,233.33999633789065,235.17999267578125,1013600,yahoo_ohlcv,,price_backfill
2025-08-20,AVAV,USD,232.7400054931641,236.77999877929688,227.5500030517578,232.2400054931641,637100,yahoo_ohlcv,,price_backfill
2025-08-21,AVAV,USD,232.3300018310547,235.38999938964844,230.9499969482422,235.07000732421875,514100,yahoo_ohlcv,,price_backfill
2025-08-22,AVAV,USD,234.57000732421875,244.6999969482422,233.92999267578125,239.83999633789065,806100,yahoo_ohlcv,,price_backfill
2025-08-25,AVAV,USD,240.25,247.77999877929688,240.0,241.1499938964844,739700,yahoo_ohlcv,,price_backfill
2025-08-26,AVAV,USD,241.33999633789065,249.8999938964844,241.1499938964844,245.8999938964844,653600,yahoo_ohlcv,,price_backfill
2025-08-27,AVAV,USD,247.509994506836,250.8000030517578,243.1999969482422,247.47000122070312,625500,yahoo_ohlcv,,price_backfill
2025-08-28,AVAV,USD,248.0,250.92999267578125,247.0,248.92999267578125,438600,yahoo_ohlcv,,price_backfill
2025-08-29,AVAV,USD,253.13999938964844,253.6999969482422,238.47999572753903,241.3500061035156,624600,yahoo_ohlcv,,price_backfill
2025-09-02,AVAV,USD,239.5,241.0399932861328,232.0,240.0200042724609,518400,yahoo_ohlcv,,price_backfill
2025-09-03,AVAV,USD,242.6300048828125,245.0399932861328,237.47000122070312,238.22999572753903,433400,yahoo_ohlcv,,price_backfill
2025-09-04,AVAV,USD,237.4600067138672,238.13999938964844,221.0500030517578,226.759994506836,1223000,yahoo_ohlcv,,price_backfill
2025-09-05,AVAV,USD,231.0,232.3099975585937,220.8800048828125,226.0800018310547,775200,yahoo_ohlcv,,price_backfill
2025-09-08,AVAV,USD,229.9600067138672,239.3699951171875,229.5500030517578,236.9100036621093,1491000,yahoo_ohlcv,,price_backfill
2025-09-09,AVAV,USD,235.2100067138672,236.57000732421875,230.22000122070312,230.9900054931641,1801100,yahoo_ohlcv,,price_backfill
2025-09-10,AVAV,USD,232.0,247.25,225.75,247.0500030517578,2574300,yahoo_ohlcv,,price_backfill
2025-09-11,AVAV,USD,241.69000244140625,257.07000732421875,241.1000061035156,241.8099975585937,1861800,yahoo_ohlcv,,price_backfill
2025-09-12,AVAV,USD,245.1300048828125,250.8300018310547,242.0,243.0,781500,yahoo_ohlcv,,price_backfill
2025-09-15,AVAV,USD,245.2700042724609,251.75,243.44000244140625,251.0399932861328,940500,yahoo_ohlcv,,price_backfill
2025-09-16,AVAV,USD,254.47999572753903,266.4200134277344,253.13999938964844,265.8699951171875,1348600,yahoo_ohlcv,,price_backfill
2025-09-17,AVAV,USD,265.67999267578125,274.5199890136719,262.3900146484375,272.07000732421875,1112500,yahoo_ohlcv,,price_backfill
2025-09-18,AVAV,USD,278.4200134277344,288.0,275.8099975585937,283.42999267578125,1529900,yahoo_ohlcv,,price_backfill
2025-09-19,AVAV,USD,283.5899963378906,289.3699951171875,277.94000244140625,278.54998779296875,1991900,yahoo_ohlcv,,price_backfill
2025-09-22,AVAV,USD,278.2699890136719,289.510009765625,275.44000244140625,288.0799865722656,870400,yahoo_ohlcv,,price_backfill
2025-09-23,AVAV,USD,293.32000732421875,301.1199951171875,291.7799987792969,298.6099853515625,1588400,yahoo_ohlcv,,price_backfill
2025-09-24,AVAV,USD,302.0400085449219,307.1099853515625,297.4599914550781,301.5199890136719,1378200,yahoo_ohlcv,,price_backfill
2025-09-25,AVAV,USD,293.0799865722656,302.4800109863281,278.1000061035156,301.7900085449219,1164300,yahoo_ohlcv,,price_backfill
2025-09-26,AVAV,USD,303.3599853515625,305.010009765625,294.0,301.20001220703125,752800,yahoo_ohlcv,,price_backfill
2025-09-29,AVAV,USD,310.4200134277344,317.1099853515625,305.3099975585937,308.69000244140625,1445400,yahoo_ohlcv,,price_backfill
2025-09-30,AVAV,USD,307.67999267578125,316.6000061035156,303.7200012207031,314.8900146484375,1029900,yahoo_ohlcv,,price_backfill
2025-10-01,AVAV,USD,318.1700134277344,346.239990234375,318.0,346.0799865722656,2075400,yahoo_ohlcv,,price_backfill
2025-10-02,AVAV,USD,354.45001220703125,363.7699890136719,349.7099914550781,360.2799987792969,1571500,yahoo_ohlcv,,price_backfill
2025-10-03,AVAV,USD,374.4299926757813,383.7999877929688,366.8200073242188,374.6400146484375,1683700,yahoo_ohlcv,,price_backfill
2025-10-06,AVAV,USD,385.3900146484375,392.8200073242188,373.0299987792969,391.8800048828125,1823600,yahoo_ohlcv,,price_backfill
2025-10-07,AVAV,USD,390.7300109863281,400.010009765625,386.010009765625,395.1300048828125,1459400,yahoo_ohlcv,,price_backfill
2025-10-08,AVAV,USD,399.7699890136719,410.75,389.989990234375,407.510009765625,1632800,yahoo_ohlcv,,price_backfill
2025-10-09,AVAV,USD,408.1499938964844,417.8599853515625,396.0,398.2900085449219,1024600,yahoo_ohlcv,,price_backfill
2025-10-10,AVAV,USD,397.8200073242188,408.989990234375,390.1300048828125,392.2900085449219,1049600,yahoo_ohlcv,,price_backfill
2025-10-13,AVAV,USD,392.2900085449219,411.0,381.010009765625,409.8299865722656,1321000,yahoo_ohlcv,,price_backfill
2025-10-14,AVAV,USD,401.510009765625,411.1600036621094,391.55999755859375,401.6300048828125,737500,yahoo_ohlcv,,price_backfill
2025-10-15,AVAV,USD,406.0,409.6600036621094,377.010009765625,384.6900024414063,1238200,yahoo_ohlcv,,price_backfill
2025-10-16,AVAV,USD,385.0,387.260009765625,368.55999755859375,374.1000061035156,1101100,yahoo_ohlcv,,price_backfill
2025-10-17,AVAV,USD,364.5,368.7300109863281,349.0899963378906,350.5899963378906,1616700,yahoo_ohlcv,,price_backfill
2025-10-20,AVAV,USD,361.1099853515625,366.1499938964844,355.0,364.0400085449219,1726900,yahoo_ohlcv,,price_backfill
2025-10-21,AVAV,USD,367.1400146484375,379.6700134277344,361.1199951171875,377.1799926757813,853600,yahoo_ohlcv,,price_backfill
2025-10-22,AVAV,USD,373.5700073242188,378.2900085449219,345.2799987792969,355.17999267578125,1159400,yahoo_ohlcv,,price_backfill
2025-10-23,AVAV,USD,366.5,371.0,359.95001220703125,364.2799987792969,698700,yahoo_ohlcv,,price_backfill
2025-10-24,AVAV,USD,372.9299926757813,380.2000122070313,364.3699951171875,378.5400085449219,784100,yahoo_ohlcv,,price_backfill
2025-10-27,AVAV,USD,388.739990234375,391.1600036621094,375.0,380.1300048828125,751600,yahoo_ohlcv,,price_backfill
2025-10-28,AVAV,USD,384.8999938964844,386.7999877929688,379.0700073242188,379.9299926757813,510900,yahoo_ohlcv,,price_backfill
2025-10-29,AVAV,USD,384.3399963378906,394.05999755859375,375.0,380.6499938964844,671300,yahoo_ohlcv,,price_backfill
2025-10-30,AVAV,USD,375.8599853515625,379.0,363.0,365.8299865722656,800900,yahoo_ohlcv,,price_backfill
2025-10-31,AVAV,USD,372.2000122070313,375.7999877929688,359.0799865722656,369.9100036621094,587800,yahoo_ohlcv,,price_backfill
2025-11-03,AVAV,USD,375.4800109863281,380.0,363.1000061035156,367.8800048828125,467000,yahoo_ohlcv,,price_backfill
2025-11-04,AVAV,USD,354.25,367.9100036621094,347.8999938964844,365.0799865722656,645000,yahoo_ohlcv,,price_backfill
2025-11-05,AVAV,USD,357.0,361.5799865722656,345.79998779296875,350.70001220703125,862200,yahoo_ohlcv,,price_backfill
2025-11-06,AVAV,USD,350.8099975585937,350.8099975585937,324.4800109863281,328.2300109863281,946200,yahoo_ohlcv,,price_backfill
2025-11-07,AVAV,USD,319.8999938964844,332.1700134277344,307.32000732421875,329.6499938964844,1416400,yahoo_ohlcv,,price_backfill
2025-11-10,AVAV,USD,338.3599853515625,341.17999267578125,324.4800109863281,333.8699951171875,642700,yahoo_ohlcv,,price_backfill
2025-11-11,AVAV,USD,329.19000244140625,333.1000061035156,324.0400085449219,328.0899963378906,496200,yahoo_ohlcv,,price_backfill
2025-11-12,AVAV,USD,328.1000061035156,334.5599975585937,320.0400085449219,323.32000732421875,477300,yahoo_ohlcv,,price_backfill
2025-11-13,AVAV,USD,316.94000244140625,318.010009765625,293.45001220703125,295.489990234375,1212400,yahoo_ohlcv,,price_backfill
2025-11-14,AVAV,USD,280.0199890136719,299.7200012207031,280.0199890136719,291.2099914550781,890500,yahoo_ohlcv,,price_backfill
2025-11-17,AVAV,USD,291.0199890136719,292.3500061035156,278.6700134277344,283.6600036621094,668300,yahoo_ohlcv,,price_backfill
2025-11-18,AVAV,USD,283.989990234375,288.0899963378906,275.6400146484375,280.95001220703125,789800,yahoo_ohlcv,,price_backfill
2025-11-19,AVAV,USD,279.79998779296875,286.2099914550781,276.8299865722656,280.42999267578125,672500,yahoo_ohlcv,,price_backfill
2025-11-20,AVAV,USD,294.4200134277344,295.6000061035156,270.989990234375,273.9800109863281,847700,yahoo_ohlcv,,price_backfill
2025-11-21,AVAV,USD,271.0400085449219,273.54998779296875,260.2799987792969,272.5400085449219,792500,yahoo_ohlcv,,price_backfill
2025-11-24,AVAV,USD,272.5400085449219,282.0299987792969,272.2200012207031,276.989990234375,689300,yahoo_ohlcv,,price_backfill
2025-11-25,AVAV,USD,276.989990234375,280.0,269.67999267578125,278.4700012207031,674700,yahoo_ohlcv,,price_backfill
2025-11-26,AVAV,USD,283.5199890136719,283.95001220703125,273.5199890136719,279.19000244140625,566300,yahoo_ohlcv,,price_backfill
2025-11-28,AVAV,USD,283.92999267578125,284.0,277.6400146484375,279.4599914550781,270900,yahoo_ohlcv,,price_backfill
2025-12-01,AVAV,USD,274.9800109863281,275.19000244140625,257.3099975585937,257.79998779296875,792900,yahoo_ohlcv,,price_backfill
2025-12-02,AVAV,USD,258.79998779296875,266.3900146484375,257.8099975585937,264.95001220703125,811500,yahoo_ohlcv,,price_backfill
2025-12-03,AVAV,USD,266.5899963378906,272.4100036621094,261.239990234375,271.7799987792969,1017700,yahoo_ohlcv,,price_backfill
2025-12-04,AVAV,USD,272.0,292.75,269.5,287.45001220703125,1035700,yahoo_ohlcv,,price_backfill
2025-12-05,AVAV,USD,286.7900085449219,287.45001220703125,273.3699951171875,278.3900146484375,848900,yahoo_ohlcv,,price_backfill
2025-12-08,AVAV,USD,281.17999267578125,285.5199890136719,275.8500061035156,282.4700012207031,790800,yahoo_ohlcv,,price_backfill
2025-12-09,AVAV,USD,286.1099853515625,291.5,278.5,281.4200134277344,2323800,yahoo_ohlcv,,price_backfill
2025-12-10,AVAV,USD,264.25,269.7300109863281,242.8500061035156,245.25,4521900,yahoo_ohlcv,,price_backfill
2025-12-11,AVAV,USD,243.4199981689453,252.77999877929688,239.5,249.75,1314300,yahoo_ohlcv,,price_backfill
2025-12-12,AVAV,USD,247.25,249.2700042724609,235.13999938964844,239.0,1244500,yahoo_ohlcv,,price_backfill
2025-12-15,AVAV,USD,240.5,243.1999969482422,231.1300048828125,235.32000732421875,1122400,yahoo_ohlcv,,price_backfill
2025-12-16,AVAV,USD,232.6600036621093,237.67999267578125,231.9499969482422,234.6499938964844,981500,yahoo_ohlcv,,price_backfill
2025-12-17,AVAV,USD,235.0,240.2899932861328,227.47000122070312,229.1000061035156,882700,yahoo_ohlcv,,price_backfill
2025-12-18,AVAV,USD,233.259994506836,238.2100067138672,230.63999938964844,230.69000244140625,805000,yahoo_ohlcv,,price_backfill
2025-12-19,AVAV,USD,232.1499938964844,245.13999938964844,232.1000061035156,243.009994506836,2124900,yahoo_ohlcv,,price_backfill
2025-12-22,AVAV,USD,250.0,257.989990234375,247.6199951171875,255.38999938964844,1428200,yahoo_ohlcv,,price_backfill
2025-12-23,AVAV,USD,253.4100036621093,263.3599853515625,252.009994506836,261.1499938964844,1063000,yahoo_ohlcv,,price_backfill
2025-12-24,AVAV,USD,260.9599914550781,262.989990234375,256.0,260.70001220703125,404500,yahoo_ohlcv,,price_backfill
2025-12-26,AVAV,USD,261.82000732421875,261.82000732421875,252.5,255.0,504100,yahoo_ohlcv,,price_backfill
2025-12-29,AVAV,USD,251.8500061035156,255.0,247.6600036621093,249.1499938964844,615700,yahoo_ohlcv,,price_backfill
2025-12-30,AVAV,USD,250.9199981689453,251.83999633789065,242.6300048828125,244.0,715100,yahoo_ohlcv,,price_backfill
2025-12-31,AVAV,USD,244.5800018310547,244.5800018310547,239.8000030517578,241.88999938964844,719300,yahoo_ohlcv,,price_backfill
2026-01-02,AVAV,USD,248.4499969482422,257.8900146484375,241.6499938964844,256.19000244140625,940200,yahoo_ohlcv,,price_backfill
2026-01-05,AVAV,USD,268.57000732421875,302.489990234375,268.0,297.4100036621094,2347900,yahoo_ohlcv,,price_backfill
2026-01-06,AVAV,USD,297.7900085449219,318.2300109863281,297.4100036621094,317.0299987792969,1932000,yahoo_ohlcv,,price_backfill
2026-01-07,AVAV,USD,318.9800109863281,333.0,314.3699951171875,318.4800109863281,2040500,yahoo_ohlcv,,price_backfill
2026-01-08,AVAV,USD,350.010009765625,371.3999938964844,335.010009765625,344.9599914550781,3218600,yahoo_ohlcv,,price_backfill
2026-01-09,AVAV,USD,351.07000732421875,370.5,346.0,364.989990234375,1892700,yahoo_ohlcv,,price_backfill
2026-01-12,AVAV,USD,369.7000122070313,374.5,361.7300109863281,370.6799926757813,1539100,yahoo_ohlcv,,price_backfill
2026-01-13,AVAV,USD,374.489990234375,375.0,352.0299987792969,363.8599853515625,1591200,yahoo_ohlcv,,price_backfill
2026-01-14,AVAV,USD,357.92999267578125,382.7200012207031,346.4700012207031,381.7999877929688,1951200,yahoo_ohlcv,,price_backfill
2026-01-15,AVAV,USD,377.6199951171875,383.5499877929688,365.8299865722656,378.5700073242188,1458300,yahoo_ohlcv,,price_backfill
2026-01-16,AVAV,USD,382.2699890136719,408.25,381.0,392.8599853515625,2028800,yahoo_ohlcv,,price_backfill
2026-01-20,AVAV,USD,370.0,390.0400085449219,325.0899963378906,330.8900146484375,3518300,yahoo_ohlcv,,price_backfill
2026-01-21,AVAV,USD,346.1199951171875,346.1199951171875,302.010009765625,319.6300048828125,2835500,yahoo_ohlcv,,price_backfill
2026-01-22,AVAV,USD,323.7900085449219,326.44000244140625,308.5299987792969,312.1199951171875,1290500,yahoo_ohlcv,,price_backfill
2026-01-23,AVAV,USD,313.5299987792969,314.75,300.0,307.75,1017100,yahoo_ohlcv,,price_backfill
2026-01-26,AVAV,USD,307.07000732421875,309.92999267578125,298.5299987792969,302.6700134277344,1357500,yahoo_ohlcv,,price_backfill
2026-01-27,AVAV,USD,302.2099914550781,311.70001220703125,299.0,309.57000732421875,1204000,yahoo_ohlcv,,price_backfill
2026-01-28,AVAV,USD,316.29998779296875,321.0400085449219,300.25,306.94000244140625,2109200,yahoo_ohlcv,,price_backfill
2026-01-29,AVAV,USD,305.2300109863281,306.0,288.2900085449219,293.2200012207031,1448300,yahoo_ohlcv,,price_backfill
2026-01-30,AVAV,USD,287.8500061035156,292.70001220703125,276.760009765625,278.3900146484375,1091900,yahoo_ohlcv,,price_backfill
2026-02-02,AVAV,USD,271.9700012207031,277.0,265.5,269.989990234375,1619400,yahoo_ohlcv,,price_backfill
2026-02-03,AVAV,USD,273.5400085449219,285.5899963378906,270.0599975585937,285.4100036621094,1081500,yahoo_ohlcv,,price_backfill
2026-02-04,AVAV,USD,286.0,287.45001220703125,246.0200042724609,257.29998779296875,1812600,yahoo_ohlcv,,price_backfill
2026-02-05,AVAV,USD,247.1300048828125,257.989990234375,234.0,236.8800048828125,1538500,yahoo_ohlcv,,price_backfill
2026-02-06,AVAV,USD,246.7400054931641,258.7799987792969,242.0,257.20001220703125,1492000,yahoo_ohlcv,,price_backfill
2026-02-09,AVAV,USD,256.6199951171875,274.989990234375,253.0,274.3500061035156,1150700,yahoo_ohlcv,,price_backfill
2026-02-10,AVAV,USD,274.8599853515625,277.9200134277344,261.5199890136719,263.260009765625,1018500,yahoo_ohlcv,,price_backfill
2026-02-11,AVAV,USD,267.70001220703125,267.8500061035156,236.3600006103516,243.4199981689453,1594000,yahoo_ohlcv,,price_backfill
2026-02-12,AVAV,USD,252.02999877929688,252.02999877929688,233.77999877929688,235.1199951171875,1184000,yahoo_ohlcv,,price_backfill
2026-02-13,AVAV,USD,236.6300048828125,248.6000061035156,234.0,243.8699951171875,686900,yahoo_ohlcv,,price_backfill
2026-02-17,AVAV,USD,254.9499969482422,266.2099914550781,252.3000030517578,262.989990234375,1378300,yahoo_ohlcv,,price_backfill
2026-02-18,AVAV,USD,264.67999267578125,269.2900085449219,258.8599853515625,265.4599914550781,1067200,yahoo_ohlcv,,price_backfill
2026-02-19,AVAV,USD,269.6600036621094,285.7699890136719,264.8299865722656,281.6700134277344,1299700,yahoo_ohlcv,,price_backfill
2026-02-20,AVAV,USD,280.8299865722656,285.0,263.95001220703125,264.6300048828125,1116700,yahoo_ohlcv,,price_backfill
2026-02-23,AVAV,USD,256.6199951171875,267.5,255.009994506836,261.3299865722656,733500,yahoo_ohlcv,,price_backfill
2026-02-24,AVAV,USD,252.1999969482422,265.8999938964844,246.1499938964844,262.25,731500,yahoo_ohlcv,,price_backfill
2026-02-25,AVAV,USD,264.8599853515625,265.0,254.5500030517578,255.22000122070312,736200,yahoo_ohlcv,,price_backfill
2026-02-26,AVAV,USD,257.010009765625,261.2099914550781,250.7100067138672,259.6199951171875,714000,yahoo_ohlcv,,price_backfill
2026-02-27,AVAV,USD,251.6999969482422,254.0500030517578,243.0,252.25,890600,yahoo_ohlcv,,price_backfill
2026-03-02,AVAV,USD,284.239990234375,303.0,196.22000122070312,208.32000732421875,13461900,yahoo_ohlcv,,price_backfill
2026-03-03,AVAV,USD,214.6699981689453,237.0,211.0599975585937,228.3000030517578,5466200,yahoo_ohlcv,,price_backfill
2026-03-04,AVAV,USD,224.0,231.32000732421875,221.4499969482422,226.47999572753903,1760700,yahoo_ohlcv,,price_backfill
2026-03-05,AVAV,USD,231.94000244140625,235.3000030517578,213.0,220.5599975585937,2357500,yahoo_ohlcv,,price_backfill
2026-03-06,AVAV,USD,214.6300048828125,235.97999572753903,213.1100006103516,229.8000030517578,2122800,yahoo_ohlcv,,price_backfill
2026-03-09,AVAV,USD,229.5,229.5,216.5599975585937,227.2899932861328,2089700,yahoo_ohlcv,,price_backfill
2026-03-10,AVAV,USD,224.67999267578125,228.3999938964844,220.8999938964844,221.57000732421875,2507200,yahoo_ohlcv,,price_backfill
2026-03-11,AVAV,USD,204.5,213.5599975585937,199.3699951171875,207.72999572753903,5230300,yahoo_ohlcv,,price_backfill
2026-03-12,AVAV,USD,212.7100067138672,219.509994506836,205.6100006103516,211.8800048828125,2883200,yahoo_ohlcv,,price_backfill
2026-03-13,AVAV,USD,213.07000732421875,220.75,206.63999938964844,207.07000732421875,1379000,yahoo_ohlcv,,price_backfill
2026-03-16,AVAV,USD,212.5200042724609,216.0,206.3300018310547,211.8800048828125,1483400,yahoo_ohlcv,,price_backfill
2026-03-17,AVAV,USD,212.88999938964844,222.6600036621093,210.6300048828125,222.509994506836,1721200,yahoo_ohlcv,,price_backfill
2026-03-18,AVAV,USD,220.0,222.0,214.5399932861328,215.8500061035156,1432200,yahoo_ohlcv,,price_backfill
2026-03-19,AVAV,USD,210.1000061035156,214.0,205.0,211.3500061035156,1884100,yahoo_ohlcv,,price_backfill
2026-03-20,AVAV,USD,207.4100036621093,209.72999572753903,193.5200042724609,197.72000122070312,2050600,yahoo_ohlcv,,price_backfill
2026-03-23,AVAV,USD,200.6699981689453,211.5,196.759994506836,206.2700042724609,1737400,yahoo_ohlcv,,price_backfill
2026-03-24,AVAV,USD,204.0,205.1699981689453,194.8000030517578,196.17999267578125,1254400,yahoo_ohlcv,,price_backfill
2026-03-25,AVAV,USD,200.57000732421875,204.6100006103516,198.3600006103516,199.0200042724609,1055800,yahoo_ohlcv,,price_backfill
2026-03-26,AVAV,USD,195.0500030517578,200.3000030517578,193.67999267578125,195.9100036621093,1017900,yahoo_ohlcv,,price_backfill
2026-03-27,AVAV,USD,192.1300048828125,193.92999267578125,183.8500061035156,184.42999267578125,874800,yahoo_ohlcv,,price_backfill
2026-03-30,AVAV,USD,186.4100036621093,186.4100036621093,175.4199981689453,176.97000122070312,1170700,yahoo_ohlcv,,price_backfill
2026-03-31,AVAV,USD,179.8699951171875,185.0,176.22000122070312,183.0500030517578,1319200,yahoo_ohlcv,,price_backfill
2026-04-01,AVAV,USD,188.63999938964844,191.8000030517578,182.4499969482422,183.5,922200,yahoo_ohlcv,,price_backfill
2026-04-02,AVAV,USD,176.6199951171875,186.2400054931641,176.2899932861328,184.3600006103516,720300,yahoo_ohlcv,,price_backfill
2026-04-06,AVAV,USD,185.0,191.75,184.88999938964844,189.259994506836,650800,yahoo_ohlcv,,price_backfill
2026-04-07,AVAV,USD,186.5500030517578,187.77999877929688,181.3500061035156,186.8500061035156,646100,yahoo_ohlcv,,price_backfill
2026-04-08,AVAV,USD,194.6100006103516,197.0399932861328,183.83999633789065,186.94000244140625,1499700,yahoo_ohlcv,,price_backfill
2026-04-09,AVAV,USD,187.5,187.5,175.8699951171875,177.6999969482422,1267400,yahoo_ohlcv,,price_backfill
2026-04-10,AVAV,USD,177.75,182.0200042724609,174.72999572753906,179.72000122070312,869100,yahoo_ohlcv,,price_backfill
2026-04-13,AVAV,USD,177.02000427246094,194.82000732421875,177.0,194.38999938964844,1275900,yahoo_ohlcv,,price_backfill
2026-04-14,AVAV,USD,199.0,201.97999572753903,192.5200042724609,194.5200042724609,953400,yahoo_ohlcv,,price_backfill
2026-04-15,AVAV,USD,197.2899932861328,200.259994506836,194.19000244140625,198.4199981689453,833900,yahoo_ohlcv,,price_backfill
2026-04-16,AVAV,USD,203.3099975585937,207.22999572753903,197.6999969482422,201.9900054931641,1080500,yahoo_ohlcv,,price_backfill
2026-04-17,AVAV,USD,204.67999267578125,208.6499938964844,186.17999267578125,191.4199981689453,1572900,yahoo_ohlcv,,price_backfill
2026-04-20,AVAV,USD,190.8099975585937,198.6000061035156,189.4900054931641,197.22999572753903,1006800,yahoo_ohlcv,,price_backfill
2026-04-21,AVAV,USD,203.6000061035156,222.3999938964844,201.22000122070312,210.07000732421875,2446300,yahoo_ohlcv,,price_backfill
2026-04-22,AVAV,USD,216.759994506836,219.1999969482422,206.27999877929688,210.1000061035156,1304700,yahoo_ohlcv,,price_backfill
2026-04-23,AVAV,USD,207.88999938964844,209.3699951171875,196.7400054931641,201.9100036621093,1060500,yahoo_ohlcv,,price_backfill
2026-04-24,AVAV,USD,203.7700042724609,203.83999633789065,195.32000732421875,196.27999877929688,864000,yahoo_ohlcv,,price_backfill
2026-04-27,AVAV,USD,195.5,200.8600006103516,193.6300048828125,195.7400054931641,705600,yahoo_ohlcv,,price_backfill
2026-04-28,AVAV,USD,193.0200042724609,193.0200042724609,185.52999877929688,192.33999633789065,874500,yahoo_ohlcv,,price_backfill
2026-04-29,AVAV,USD,191.6699981689453,191.72000122070312,181.6999969482422,183.5,825500,yahoo_ohlcv,,price_backfill
2026-04-30,AVAV,USD,185.9499969482422,195.509994506836,184.259994506836,195.0200042724609,1110200,yahoo_ohlcv,,price_backfill
2026-05-01,AVAV,USD,195.0500030517578,195.8500061035156,184.0,184.97000122070312,1072400,yahoo_ohlcv,,price_backfill
2026-05-04,AVAV,USD,185.72999572753903,185.72999572753903,177.6699981689453,180.259994506836,1287900,yahoo_ohlcv,,price_backfill
2026-05-05,AVAV,USD,182.0500030517578,182.5,166.5,166.69000244140625,1760400,yahoo_ohlcv,,price_backfill
2026-05-06,AVAV,USD,166.8800048828125,178.0,166.02000427246094,174.3699951171875,1422500,yahoo_ohlcv,,price_backfill
2026-05-07,AVAV,USD,174.27999877929688,174.27999877929688,165.5,168.17999267578125,1100500,yahoo_ohlcv,,price_backfill
2026-05-08,AVAV,USD,167.55999755859375,169.9199981689453,164.61000061035156,168.2899932861328,918300,yahoo_ohlcv,,price_backfill
2026-05-11,AVAV,USD,164.75,168.33999633789062,158.3000030517578,166.4499969482422,1389000,yahoo_ohlcv,,price_backfill
2026-05-12,AVAV,USD,167.0,173.47000122070312,164.50999450683594,168.86000061035156,1210900,yahoo_ohlcv,,price_backfill
2026-05-13,AVAV,USD,166.4199981689453,166.4199981689453,156.0,160.99000549316406,1368800,yahoo_ohlcv,,price_backfill
2026-05-14,AVAV,USD,160.0,166.99000549316406,160.0,165.27000427246094,968500,yahoo_ohlcv,,price_backfill
2026-05-15,AVAV,USD,162.30999755859375,163.0800018310547,157.11000061035156,158.0,931800,yahoo_ohlcv,,price_backfill
2026-05-18,AVAV,USD,158.11000061035156,164.30999755859375,158.07000732421875,161.52000427246094,928900,yahoo_ohlcv,,price_backfill
2026-05-19,AVAV,USD,161.0,162.02999877929688,157.00999450683594,160.22999572753906,719900,yahoo_ohlcv,,price_backfill
2026-05-20,AVAV,USD,161.35000610351562,164.3800048828125,157.25,163.8699951171875,727900,yahoo_ohlcv,,price_backfill
2026-05-21,AVAV,USD,161.02000427246094,165.27000427246094,158.85000610351562,163.08999633789062,639200,yahoo_ohlcv,,price_backfill
2026-05-22,AVAV,USD,164.16000366210938,174.50999450683594,164.11000061035156,174.22999572753906,1161800,yahoo_ohlcv,,price_backfill
2026-05-26,AVAV,USD,182.8099975585937,187.5200042724609,175.5,182.259994506836,1642900,yahoo_ohlcv,,price_backfill
2026-05-27,AVAV,USD,182.5,183.0,175.55999755859375,181.27999877929688,1112200,yahoo_ohlcv,,price_backfill
2026-05-28,AVAV,USD,199.94000244140625,217.7700042724609,195.5500030517578,214.38999938964844,4163500,yahoo_ohlcv,,price_backfill
2026-05-29,AVAV,USD,216.08999633789065,216.27999877929688,196.22000122070312,207.2400054931641,2729800,yahoo_ohlcv,,price_backfill
2026-06-01,AVAV,USD,202.67999267578125,208.94000244140625,198.13999938964844,204.08999633789065,1374800,yahoo_ohlcv,,price_backfill
2026-06-02,AVAV,USD,203.8999938964844,204.509994506836,196.6000061035156,204.3500061035156,1110000,yahoo_ohlcv,,price_backfill
2026-06-03,AVAV,USD,201.509994506836,201.509994506836,189.1300048828125,191.47000122070312,1334100,yahoo_ohlcv,,price_backfill
2026-06-04,AVAV,USD,190.9499969482422,205.5500030517578,189.1199951171875,204.3999938964844,1021700,yahoo_ohlcv,,price_backfill
2026-06-05,AVAV,USD,199.2899932861328,200.8699951171875,181.1999969482422,185.9199981689453,1121900,yahoo_ohlcv,,price_backfill
2026-06-08,AVAV,USD,187.009994506836,190.22000122070312,183.92999267578125,184.67999267578125,903600,yahoo_ohlcv,,price_backfill
2026-06-09,AVAV,USD,184.0200042724609,186.8800048828125,169.0,176.50999450683594,1108400,yahoo_ohlcv,,price_backfill
2026-06-10,AVAV,USD,173.88999938964844,177.5,172.0,172.92999267578125,813800,yahoo_ohlcv,,price_backfill
2026-06-11,AVAV,USD,172.1699981689453,184.5500030517578,170.10000610351562,183.69000244140625,684100,yahoo_ohlcv,,price_backfill
2026-06-12,AVAV,USD,183.6199951171875,183.6199951171875,170.17999267578125,170.5800018310547,1046500,yahoo_ohlcv,,price_backfill
2026-06-15,AVAV,USD,174.41000366210938,176.0,169.39999389648438,171.9499969482422,962400,yahoo_ohlcv,,price_backfill
2026-06-16,AVAV,USD,170.3300018310547,171.60000610351562,164.55999755859375,166.7100067138672,1039100,yahoo_ohlcv,,price_backfill
2026-06-17,AVAV,USD,166.0,172.16000366210938,165.0,167.11000061035156,773300,yahoo_ohlcv,,price_backfill
2026-06-18,AVAV,USD,170.8000030517578,172.99000549316406,163.94000244140625,169.61000061035156,1560100,yahoo_ohlcv,,price_backfill
2026-06-22,AVAV,USD,160.75,163.8300018310547,150.36000061035156,151.3300018310547,2370400,yahoo_ohlcv,,price_backfill
2026-06-23,AVAV,USD,148.02000427246094,151.80999755859375,147.75,149.0800018310547,1041000,yahoo_ohlcv,,price_backfill
2026-06-24,AVAV,USD,147.80999755859375,148.66000366210938,141.72999572753906,142.17999267578125,1079300,yahoo_ohlcv,,price_backfill
2026-06-25,AVAV,USD,141.10000610351562,141.10000610351562,135.1999969482422,136.67999267578125,1519800,yahoo_ohlcv,,price_backfill
2026-06-26,AVAV,USD,135.72000122070312,143.3699951171875,135.72000122070312,137.9499969482422,5876700,yahoo_ohlcv,,price_backfill
2026-06-29,AVAV,USD,143.60000610351562,146.94000244140625,139.0,139.0,3159800,yahoo_ohlcv,,price_backfill
2026-06-30,AVAV,USD,176.5,178.5,157.7899932861328,165.07000732421875,8036200,yahoo_ohlcv,,price_backfill
2026-07-01,AVAV,USD,170.0,181.2700042724609,164.0,172.44000244140625,2969400,yahoo_ohlcv,,price_backfill
2026-07-02,AVAV,USD,180.25,200.3800048828125,176.60000610351562,190.88999938964844,4152100,yahoo_ohlcv,,price_backfill
2026-07-06,AVAV,USD,190.2100067138672,192.0,176.36000061035156,176.83999633789062,2392700,yahoo_ohlcv,,price_backfill
2026-07-07,AVAV,USD,175.0,177.10000610351562,162.39999389648438,162.52999877929688,2251400,yahoo_ohlcv,,price_backfill
2026-07-08,AVAV,USD,165.6699981689453,168.88999938964844,157.00999450683594,157.77999877929688,2378300,yahoo_ohlcv,,price_backfill
2026-07-09,AVAV,USD,153.0,153.50999450683594,146.1300048828125,148.39999389648438,2301300,yahoo_ohlcv,,price_backfill
2026-07-10,AVAV,USD,147.02000427246094,148.41000366210938,143.00999450683594,144.5800018310547,1344600,yahoo_ohlcv,,price_backfill
2026-07-13,AVAV,USD,144.0800018310547,146.0,141.14999389648438,141.8000030517578,1243400,yahoo_ohlcv,,price_backfill
2026-07-14,AVAV,USD,142.9199981689453,147.5,142.22999572753906,143.47000122070312,1073400,yahoo_ohlcv,,price_backfill
2026-07-15,AVAV,USD,143.0,148.9600067138672,139.10000610351562,141.22000122070312,1308000,yahoo_ohlcv,,price_backfill
2026-07-16,AVAV,USD,146.22999572753906,151.8800048828125,143.47000122070312,149.2899932861328,2197900,yahoo_ohlcv,,price_backfill
2026-07-17,AVAV,USD,144.77000427246094,148.35000610351562,142.02000427246094,142.1999969482422,1265200,yahoo_ohlcv,,price_backfill
2026-07-20,AVAV,USD,142.60000610351562,145.77999877929688,140.00999450683594,142.60000610351562,1331500,yahoo_ohlcv,,price_backfill
2026-07-21,AVAV,USD,141.75,150.74000549316406,140.9499969482422,148.83999633789062,1584800,yahoo_ohlcv,,price_backfill
2026-07-22,AVAV,USD,150.36000061035156,157.3800048828125,148.83999633789062,150.35000610351562,1823500,yahoo_ohlcv,,price_backfill
2026-07-23,AVAV,USD,153.0399932861328,162.3000030517578,152.0,158.72999572753906,1654000,yahoo_ohlcv,,price_backfill
2026-07-24,AVAV,USD,159.64999389648438,159.89999389648438,149.3300018310547,149.50999450683594,1115400,yahoo_ohlcv,,price_backfill
2026-07-27,AVAV,USD,149.82000732421875,156.5399932861328,148.25,154.24000549316406,972400,yahoo_ohlcv,,price_backfill
2026-07-28,AVAV,USD,151.80999755859375,156.47999572753906,147.17999267578125,156.35000610351562,1042000,yahoo_ohlcv,,price_backfill
2026-07-29,AVAV,USD,154.47000122070312,155.3000030517578,141.67999267578125,142.1199951171875,1289100,yahoo_ohlcv,,price_backfill
2026-07-30,AVAV,USD,144.07000732421875,147.3300018310547,140.42999267578125,146.57000732421875,948800,yahoo_ohlcv,,price_backfill
2026-07-31,AVAV,USD,148.77000427246094,150.75,142.8000030517578,149.3699951171875,943300,yahoo_ohlcv,,price_backfill
2026-08-03,AVAV,USD,151.22000122070312,159.3300018310547,150.25,159.17999267578125,968600,yahoo_ohlcv,,price_backfill
2026-08-04,AVAV,USD,160.36000061035156,170.3000030517578,160.0800018310547,169.02000427246094,1845300,yahoo_ohlcv,,price_backfill
2026-08-05,AVAV,USD,173.99000549316406,176.2100067138672,166.64999389648438,168.05999755859375,1007700,yahoo_ohlcv,,price_backfill
2026-08-06,AVAV,USD,166.11000061035156,174.7899932861328,165.0,171.1199951171875,1040900,yahoo_ohlcv,,price_backfill
2026-08-07,AVAV,USD,172.6999969482422,187.5,168.74000549316406,186.72999572753903,1916200,yahoo_ohlcv,,price_backfill
2026-08-10,AVAV,USD,186.38999938964844,190.9600067138672,180.5,189.1499938964844,1452800,yahoo_ohlcv,,price_backfill
2026-08-11,AVAV,USD,188.6000061035156,196.32000732421875,185.0,196.0200042724609,984400,yahoo_ohlcv,,price_backfill
2026-08-12,AVAV,USD,196.82000732421875,196.82000732421875,191.17999267578125,193.8099975585937,1039700,yahoo_ohlcv,,price_backfill
2026-08-13,AVAV,USD,190.0,194.3000030517578,185.67999267578125,189.42999267578125,911900,yahoo_ohlcv,,price_backfill
2026-08-14,AVAV,USD,201.509994506836,207.8300018310547,188.13999938964844,192.8099975585937,1550800,yahoo_ohlcv,,price_backfill
2026-08-17,AVAV,USD,191.97999572753903,191.9900054931641,180.6600036621093,181.1300048828125,1081200,yahoo_ohlcv,,price_backfill
2026-08-18,AVAV,USD,175.52999877929688,182.6499938964844,173.6300048828125,174.13999938964844,773200,yahoo_ohlcv,,price_backfill
2026-08-19,AVAV,USD,172.6699981689453,174.7100067138672,167.3800048828125,172.74000549316406,1002800,yahoo_ohlcv,,price_backfill
2026-08-20,AVAV,USD,170.11000061035156,170.1199951171875,155.80999755859375,159.7899932861328,1630200,yahoo_ohlcv,,price_backfill
2026-08-21,AVAV,USD,161.50999450683594,164.27000427246094,159.7899932861328,160.22000122070312,1170100,yahoo_ohlcv,,price_backfill
2026-08-24,AVAV,USD,159.61000061035156,159.61000061035156,148.13999938964844,148.1999969482422,1232900,yahoo_ohlcv,,price_backfill
2026-08-25,AVAV,USD,151.0500030517578,151.7899932861328,147.25,147.4199981689453,1224200,yahoo_ohlcv,,price_backfill
2026-08-26,AVAV,USD,146.5,150.61000061035156,146.41000366210938,146.8800048828125,1010300,yahoo_ohlcv,,price_backfill
2026-08-27,AVAV,USD,147.55999755859375,153.89999389648438,144.5500030517578,152.27999877929688,1335700,yahoo_ohlcv,,price_backfill
2026-08-28,AVAV,USD,152.16000366210938,152.50999450683594,146.3000030517578,147.94000244140625,1181800,yahoo_ohlcv,,price_backfill
2026-08-31,AVAV,USD,145.7100067138672,149.22000122070312,145.35000610351562,148.35000610351562,857600,yahoo_ohlcv,,price_backfill
2026-09-01,AVAV,USD,145.97999572753906,148.64999389648438,143.27999877929688,144.1699981689453,1026200,yahoo_ohlcv,,price_backfill
2026-09-02,AVAV,USD,144.10000610351562,147.16000366210938,140.91000366210938,145.38999938964844,1530000,yahoo_ohlcv,,price_backfill
2026-09-03,AVAV,USD,151.9499969482422,151.9499969482422,140.6199951171875,147.2100067138672,2382400,yahoo_ohlcv,,price_backfill
2026-09-04,AVAV,USD,145.6300048828125,148.02000427246094,143.3000030517578,144.64999389648438,1530200,yahoo_ohlcv,,price_backfill
2026-09-08,AVAV,USD,146.3699951171875,152.1999969482422,146.10000610351562,148.77999877929688,2005200,yahoo_ohlcv,,price_backfill
2026-09-09,AVAV,USD,149.0500030517578,150.0500030517578,139.77000427246094,140.8000030517578,5013800,yahoo_ohlcv,,price_backfill
2026-09-10,AVAV,USD,146.77000427246094,159.24000549316406,142.5,147.07000732421875,8764900,yahoo_ohlcv,,price_backfill
2026-09-11,AVAV,USD,145.91000366210938,147.1300048828125,138.30999755859375,146.7100067138672,4618700,yahoo_ohlcv,,price_backfill
2026-09-14,AVAV,USD,145.8000030517578,156.13999938964844,144.50999450683594,153.39999389648438,3043200,yahoo_ohlcv,,price_backfill
2026-09-15,AVAV,USD,152.27000427246094,159.8000030517578,147.6699981689453,156.99000549316406,2512100,yahoo_ohlcv,,price_backfill
2026-09-16,AVAV,USD,155.0,157.75,151.0,156.4499969482422,1497229,yahoo_ohlcv,,price_backfill
2026-09-17,AVAV,USD,159.9499969482422,167.75999450683594,159.0,164.35499572753906,1185011,yahoo_ohlcv,,price_backfill
2024-09-17,ROL,USD,50.88999938964844,51.900001525878906,50.88999938964844,51.400001525878906,1294300,yahoo_ohlcv,,price_backfill
2024-09-18,ROL,USD,51.400001525878906,51.959999084472656,50.20000076293945,50.25,1241000,yahoo_ohlcv,,price_backfill
2024-09-19,ROL,USD,50.86000061035156,50.86000061035156,49.90999984741211,50.09999847412109,1226600,yahoo_ohlcv,,price_backfill
2024-09-20,ROL,USD,49.77000045776367,50.43000030517578,49.5099983215332,50.150001525878906,3254300,yahoo_ohlcv,,price_backfill
2024-09-23,ROL,USD,50.27000045776367,50.720001220703125,49.90999984741211,50.5,852900,yahoo_ohlcv,,price_backfill
2024-09-24,ROL,USD,50.47999954223633,50.79999923706055,50.27999877929688,50.72999954223633,1014600,yahoo_ohlcv,,price_backfill
2024-09-25,ROL,USD,50.93000030517578,51.09999847412109,50.400001525878906,50.7599983215332,1586900,yahoo_ohlcv,,price_backfill
2024-09-26,ROL,USD,50.77000045776367,51.0,49.970001220703125,50.04999923706055,948900,yahoo_ohlcv,,price_backfill
2024-09-27,ROL,USD,50.20000076293945,50.41999816894531,49.720001220703125,49.95000076293945,1588100,yahoo_ohlcv,,price_backfill
2024-09-30,ROL,USD,50.02000045776367,50.720001220703125,49.90999984741211,50.58000183105469,1949100,yahoo_ohlcv,,price_backfill
2024-10-01,ROL,USD,50.619998931884766,51.08000183105469,50.18000030517578,50.5099983215332,1900100,yahoo_ohlcv,,price_backfill
2024-10-02,ROL,USD,50.29999923706055,50.45000076293945,49.900001525878906,50.369998931884766,775100,yahoo_ohlcv,,price_backfill
2024-10-03,ROL,USD,50.209999084472656,50.31999969482422,49.59000015258789,49.72999954223633,1514000,yahoo_ohlcv,,price_backfill
2024-10-04,ROL,USD,49.650001525878906,50.0,49.209999084472656,49.81999969482422,1031200,yahoo_ohlcv,,price_backfill
2024-10-07,ROL,USD,49.43999862670898,49.4900016784668,48.650001525878906,48.70000076293945,1073800,yahoo_ohlcv,,price_backfill
2024-10-08,ROL,USD,49.29999923706055,49.56999969482422,49.13999938964844,49.29999923706055,1336000,yahoo_ohlcv,,price_backfill
2024-10-09,ROL,USD,49.380001068115234,49.93000030517578,49.2599983215332,49.83000183105469,1068000,yahoo_ohlcv,,price_backfill
2024-10-10,ROL,USD,49.7599983215332,49.90999984741211,49.209999084472656,49.25,979100,yahoo_ohlcv,,price_backfill
2024-10-11,ROL,USD,49.380001068115234,49.66999816894531,49.18999862670898,49.65999984741211,1363800,yahoo_ohlcv,,price_backfill
2024-10-14,ROL,USD,49.86000061035156,50.29999923706055,49.77999877929688,50.15999984741211,752600,yahoo_ohlcv,,price_backfill
2024-10-15,ROL,USD,50.52000045776367,50.70000076293945,49.83000183105469,49.970001220703125,1166000,yahoo_ohlcv,,price_backfill
2024-10-16,ROL,USD,49.91999816894531,50.2400016784668,49.11000061035156,49.150001525878906,1648300,yahoo_ohlcv,,price_backfill
2024-10-17,ROL,USD,49.52000045776367,49.56999969482422,48.86000061035156,49.459999084472656,1217500,yahoo_ohlcv,,price_backfill
2024-10-18,ROL,USD,49.650001525878906,50.18999862670898,49.33000183105469,50.13999938964844,1145700,yahoo_ohlcv,,price_backfill
2024-10-21,ROL,USD,50.11000061035156,50.41999816894531,49.79999923706055,49.84000015258789,1374400,yahoo_ohlcv,,price_backfill
2024-10-22,ROL,USD,49.619998931884766,49.77999877929688,48.83000183105469,49.52999877929688,809600,yahoo_ohlcv,,price_backfill
2024-10-23,ROL,USD,49.63999938964844,49.93999862670898,49.38999938964844,49.75,1462100,yahoo_ohlcv,,price_backfill
2024-10-24,ROL,USD,47.61000061035156,48.13999938964844,45.95000076293945,46.47999954223633,3481300,yahoo_ohlcv,,price_backfill
2024-10-25,ROL,USD,47.060001373291016,47.560001373291016,46.34000015258789,46.540000915527344,1660700,yahoo_ohlcv,,price_backfill
2024-10-28,ROL,USD,46.86000061035156,47.290000915527344,46.540000915527344,47.2599983215332,2341200,yahoo_ohlcv,,price_backfill
2024-10-29,ROL,USD,47.2599983215332,47.79999923706055,47.20000076293945,47.31999969482422,1635500,yahoo_ohlcv,,price_backfill
2024-10-30,ROL,USD,47.09999847412109,47.380001068115234,46.72999954223633,46.810001373291016,1491700,yahoo_ohlcv,,price_backfill
2024-10-31,ROL,USD,46.75,47.27000045776367,46.540000915527344,47.13999938964844,2469800,yahoo_ohlcv,,price_backfill
2024-11-01,ROL,USD,47.25,47.619998931884766,46.97999954223633,47.33000183105469,3123100,yahoo_ohlcv,,price_backfill
2024-11-04,ROL,USD,47.29999923706055,47.900001525878906,47.209999084472656,47.86000061035156,1299300,yahoo_ohlcv,,price_backfill
2024-11-05,ROL,USD,47.880001068115234,48.560001373291016,47.7599983215332,48.54999923706055,1402700,yahoo_ohlcv,,price_backfill
2024-11-06,ROL,USD,49.18999862670898,49.470001220703125,47.650001525878906,48.619998931884766,2280500,yahoo_ohlcv,,price_backfill
2024-11-07,ROL,USD,48.88999938964844,49.25,48.56999969482422,49.040000915527344,1504700,yahoo_ohlcv,,price_backfill
2024-11-08,ROL,USD,49.400001525878906,50.45000076293945,49.27000045776367,50.18000030517578,1466700,yahoo_ohlcv,,price_backfill
2024-11-11,ROL,USD,50.43999862670898,51.11000061035156,50.369998931884766,50.880001068115234,1879600,yahoo_ohlcv,,price_backfill
2024-11-12,ROL,USD,50.880001068115234,51.38999938964844,50.66999816894531,51.08000183105469,1611200,yahoo_ohlcv,,price_backfill
2024-11-13,ROL,USD,51.27000045776367,52.15999984741211,51.09999847412109,51.290000915527344,2016700,yahoo_ohlcv,,price_backfill
2024-11-14,ROL,USD,51.040000915527344,51.290000915527344,49.93000030517578,50.11000061035156,1523400,yahoo_ohlcv,,price_backfill
2024-11-15,ROL,USD,50.220001220703125,50.220001220703125,49.54999923706055,49.90999984741211,2461000,yahoo_ohlcv,,price_backfill
2024-11-18,ROL,USD,49.9900016784668,50.540000915527344,49.88999938964844,50.04999923706055,1186200,yahoo_ohlcv,,price_backfill
2024-11-19,ROL,USD,49.81999969482422,49.91999816894531,49.459999084472656,49.5099983215332,1196000,yahoo_ohlcv,,price_backfill
2024-11-20,ROL,USD,49.54999923706055,49.61000061035156,48.869998931884766,49.43999862670898,1013800,yahoo_ohlcv,,price_backfill
2024-11-21,ROL,USD,49.27999877929688,49.65999984741211,48.68000030517578,49.630001068115234,1359000,yahoo_ohlcv,,price_backfill
2024-11-22,ROL,USD,49.86000061035156,50.68999862670898,49.77999877929688,50.630001068115234,763300,yahoo_ohlcv,,price_backfill
2024-11-25,ROL,USD,50.959999084472656,51.52000045776367,50.880001068115234,51.22999954223633,1929200,yahoo_ohlcv,,price_backfill
2024-11-26,ROL,USD,51.5099983215332,51.72999954223633,51.09999847412109,51.59000015258789,2523800,yahoo_ohlcv,,price_backfill
2024-11-27,ROL,USD,51.75,52.060001373291016,51.13999938964844,51.15999984741211,2313300,yahoo_ohlcv,,price_backfill
2024-11-29,ROL,USD,51.040000915527344,51.08000183105469,50.04999923706055,50.33000183105469,1521800,yahoo_ohlcv,,price_backfill
2024-12-02,ROL,USD,50.27000045776367,50.33000183105469,49.41999816894531,49.86000061035156,2194900,yahoo_ohlcv,,price_backfill
2024-12-03,ROL,USD,49.810001373291016,50.02000045776367,49.18999862670898,49.65999984741211,1389800,yahoo_ohlcv,,price_backfill
2024-12-04,ROL,USD,49.459999084472656,49.84999847412109,49.310001373291016,49.65999984741211,1052600,yahoo_ohlcv,,price_backfill
2024-12-05,ROL,USD,49.400001525878906,49.45000076293945,48.81999969482422,48.84999847412109,1532300,yahoo_ohlcv,,price_backfill
2024-12-06,ROL,USD,49.220001220703125,49.77000045776367,49.150001525878906,49.41999816894531,1289500,yahoo_ohlcv,,price_backfill
2024-12-09,ROL,USD,49.31999969482422,49.5,48.47999954223633,48.68000030517578,1384100,yahoo_ohlcv,,price_backfill
2024-12-10,ROL,USD,48.68999862670898,49.400001525878906,48.380001068115234,49.130001068115234,1222400,yahoo_ohlcv,,price_backfill
2024-12-11,ROL,USD,49.22999954223633,49.560001373291016,48.83000183105469,49.0099983215332,1242600,yahoo_ohlcv,,price_backfill
2024-12-12,ROL,USD,49.34999847412109,49.459999084472656,48.61000061035156,48.77000045776367,1137500,yahoo_ohlcv,,price_backfill
2024-12-13,ROL,USD,48.84999847412109,49.0099983215332,48.47999954223633,48.77000045776367,1745000,yahoo_ohlcv,,price_backfill
2024-12-16,ROL,USD,48.95000076293945,49.68999862670898,48.4900016784668,48.54999923706055,2311500,yahoo_ohlcv,,price_backfill
2024-12-17,ROL,USD,48.470001220703125,48.88999938964844,48.209999084472656,48.220001220703125,1313800,yahoo_ohlcv,,price_backfill
2024-12-18,ROL,USD,48.09999847412109,48.459999084472656,47.150001525878906,47.18000030517578,1520200,yahoo_ohlcv,,price_backfill
2024-12-19,ROL,USD,47.02999877929688,47.5,46.7400016784668,47.0099983215332,1757800,yahoo_ohlcv,,price_backfill
2024-12-20,ROL,USD,46.7400016784668,47.380001068115234,46.72999954223633,46.91999816894531,4863300,yahoo_ohlcv,,price_backfill
2024-12-23,ROL,USD,46.59000015258789,46.650001525878906,46.18000030517578,46.540000915527344,1766100,yahoo_ohlcv,,price_backfill
2024-12-24,ROL,USD,46.470001220703125,46.68000030517578,46.41999816894531,46.59999847412109,691200,yahoo_ohlcv,,price_backfill
2024-12-26,ROL,USD,46.2400016784668,46.900001525878906,46.13999938964844,46.84999847412109,981200,yahoo_ohlcv,,price_backfill
2024-12-27,ROL,USD,46.56999969482422,46.90999984741211,46.369998931884766,46.68000030517578,1355600,yahoo_ohlcv,,price_backfill
2024-12-30,ROL,USD,46.2599983215332,46.650001525878906,46.04999923706055,46.40999984741211,1169300,yahoo_ohlcv,,price_backfill
2024-12-31,ROL,USD,46.41999816894531,46.54999923706055,46.18999862670898,46.34999847412109,1264900,yahoo_ohlcv,,price_backfill
2025-01-02,ROL,USD,46.58000183105469,46.65999984741211,45.880001068115234,46.040000915527344,1053100,yahoo_ohlcv,,price_backfill
2025-01-03,ROL,USD,46.0,46.34999847412109,45.95000076293945,46.16999816894531,1274000,yahoo_ohlcv,,price_backfill
2025-01-06,ROL,USD,45.9900016784668,46.15999984741211,45.52000045776367,45.650001525878906,1021500,yahoo_ohlcv,,price_backfill
2025-01-07,ROL,USD,45.77000045776367,46.130001068115234,45.34000015258789,45.75,2248700,yahoo_ohlcv,,price_backfill
2025-01-08,ROL,USD,45.900001525878906,46.45000076293945,45.54999923706055,46.34999847412109,2701400,yahoo_ohlcv,,price_backfill
2025-01-10,ROL,USD,46.0,46.5099983215332,46.0,46.09000015258789,1339400,yahoo_ohlcv,,price_backfill
2025-01-13,ROL,USD,46.0,46.619998931884766,45.77000045776367,46.47999954223633,1251900,yahoo_ohlcv,,price_backfill
2025-01-14,ROL,USD,46.369998931884766,46.97999954223633,46.2400016784668,46.84999847412109,1547500,yahoo_ohlcv,,price_backfill
2025-01-15,ROL,USD,47.310001373291016,47.41999816894531,46.66999816894531,47.0099983215332,1725200,yahoo_ohlcv,,price_backfill
2025-01-16,ROL,USD,47.0,48.34000015258789,46.959999084472656,48.29999923706055,2152400,yahoo_ohlcv,,price_backfill
2025-01-17,ROL,USD,48.68999862670898,48.970001220703125,48.20000076293945,48.43000030517578,1986900,yahoo_ohlcv,,price_backfill
2025-01-21,ROL,USD,48.560001373291016,49.06999969482422,48.47999954223633,48.63999938964844,1563800,yahoo_ohlcv,,price_backfill
2025-01-22,ROL,USD,48.59999847412109,48.790000915527344,48.29999923706055,48.459999084472656,1572100,yahoo_ohlcv,,price_backfill
2025-01-23,ROL,USD,48.52000045776367,48.63999938964844,48.220001220703125,48.619998931884766,1133200,yahoo_ohlcv,,price_backfill
2025-01-24,ROL,USD,48.61000061035156,48.75,48.16999816894531,48.369998931884766,1085900,yahoo_ohlcv,,price_backfill
2025-01-27,ROL,USD,48.380001068115234,49.720001220703125,48.380001068115234,49.5,1541100,yahoo_ohlcv,,price_backfill
2025-01-28,ROL,USD,49.27999877929688,50.150001525878906,49.25,49.31999969482422,2054600,yahoo_ohlcv,,price_backfill
2025-01-29,ROL,USD,49.18999862670898,49.93999862670898,48.70000076293945,48.75,1481000,yahoo_ohlcv,,price_backfill
2025-01-30,ROL,USD,49.08000183105469,49.7400016784668,49.04999923706055,49.720001220703125,1170600,yahoo_ohlcv,,price_backfill
2025-01-31,ROL,USD,49.4900016784668,49.790000915527344,49.20000076293945,49.5,1771700,yahoo_ohlcv,,price_backfill
2025-02-03,ROL,USD,49.25,49.84000015258789,49.08000183105469,49.650001525878906,1777800,yahoo_ohlcv,,price_backfill
2025-02-04,ROL,USD,49.54999923706055,49.72999954223633,49.06999969482422,49.08000183105469,1159600,yahoo_ohlcv,,price_backfill
2025-02-05,ROL,USD,49.5,49.970001220703125,49.43999862670898,49.619998931884766,1400300,yahoo_ohlcv,,price_backfill
2025-02-06,ROL,USD,49.5099983215332,50.2599983215332,49.470001220703125,50.2599983215332,1387200,yahoo_ohlcv,,price_backfill
2025-02-07,ROL,USD,50.16999816894531,50.27999877929688,49.58000183105469,50.08000183105469,2428700,yahoo_ohlcv,,price_backfill
2025-02-10,ROL,USD,50.2599983215332,50.2599983215332,49.5099983215332,49.970001220703125,1306900,yahoo_ohlcv,,price_backfill
2025-02-11,ROL,USD,50.0099983215332,50.11000061035156,49.7599983215332,49.93999862670898,2413100,yahoo_ohlcv,,price_backfill
2025-02-12,ROL,USD,49.310001373291016,50.27999877929688,49.15999984741211,50.09999847412109,2895000,yahoo_ohlcv,,price_backfill
2025-02-13,ROL,USD,50.56999969482422,52.84000015258789,50.11000061035156,51.91999816894531,3707900,yahoo_ohlcv,,price_backfill
2025-02-14,ROL,USD,52.11000061035156,52.150001525878906,50.58000183105469,50.72999954223633,2819000,yahoo_ohlcv,,price_backfill
2025-02-18,ROL,USD,50.56999969482422,50.810001373291016,49.75,50.0099983215332,1980900,yahoo_ohlcv,,price_backfill
2025-02-19,ROL,USD,49.9900016784668,50.83000183105469,49.84999847412109,50.7599983215332,1393600,yahoo_ohlcv,,price_backfill
2025-02-20,ROL,USD,50.560001373291016,51.43000030517578,50.38999938964844,51.33000183105469,1847000,yahoo_ohlcv,,price_backfill
2025-02-21,ROL,USD,51.2599983215332,51.5,50.65999984741211,51.290000915527344,1781600,yahoo_ohlcv,,price_backfill
2025-02-24,ROL,USD,51.31999969482422,51.7599983215332,51.25,51.41999816894531,1233000,yahoo_ohlcv,,price_backfill
2025-02-25,ROL,USD,51.400001525878906,51.68000030517578,51.20000076293945,51.380001068115234,1563700,yahoo_ohlcv,,price_backfill
2025-02-26,ROL,USD,51.02999877929688,51.790000915527344,50.84999847412109,51.27000045776367,1427400,yahoo_ohlcv,,price_backfill
2025-02-27,ROL,USD,51.16999816894531,51.709999084472656,51.09000015258789,51.400001525878906,1567300,yahoo_ohlcv,,price_backfill
2025-02-28,ROL,USD,51.7400016784668,52.4900016784668,51.54999923706055,52.38999938964844,1606400,yahoo_ohlcv,,price_backfill
2025-03-03,ROL,USD,52.290000915527344,53.18999862670898,52.290000915527344,53.0099983215332,2678600,yahoo_ohlcv,,price_backfill
2025-03-04,ROL,USD,53.22999954223633,53.720001220703125,52.380001068115234,52.52000045776367,2076000,yahoo_ohlcv,,price_backfill
2025-03-05,ROL,USD,52.060001373291016,52.86000061035156,52.060001373291016,52.61000061035156,1390400,yahoo_ohlcv,,price_backfill
2025-03-06,ROL,USD,52.150001525878906,52.36000061035156,51.4900016784668,51.70000076293945,1646900,yahoo_ohlcv,,price_backfill
2025-03-07,ROL,USD,51.38999938964844,51.86000061035156,50.810001373291016,51.77999877929688,1782400,yahoo_ohlcv,,price_backfill
2025-03-10,ROL,USD,51.77999877929688,53.54999923706055,51.59000015258789,52.27999877929688,2446000,yahoo_ohlcv,,price_backfill
2025-03-11,ROL,USD,52.31999969482422,52.68999862670898,51.84000015258789,51.90999984741211,2867700,yahoo_ohlcv,,price_backfill
2025-03-12,ROL,USD,51.90999984741211,52.43999862670898,50.52000045776367,50.560001373291016,2878400,yahoo_ohlcv,,price_backfill
2025-03-13,ROL,USD,50.54999923706055,50.79999923706055,50.150001525878906,50.72999954223633,1495200,yahoo_ohlcv,,price_backfill
2025-03-14,ROL,USD,50.630001068115234,51.459999084472656,50.59999847412109,51.400001525878906,1345100,yahoo_ohlcv,,price_backfill
2025-03-17,ROL,USD,51.25,52.060001373291016,51.220001220703125,51.79999923706055,1280900,yahoo_ohlcv,,price_backfill
2025-03-18,ROL,USD,51.54999923706055,51.97999954223633,51.400001525878906,51.93000030517578,1574600,yahoo_ohlcv,,price_backfill
2025-03-19,ROL,USD,51.81999969482422,52.34999847412109,51.79999923706055,52.02999877929688,1960500,yahoo_ohlcv,,price_backfill
2025-03-20,ROL,USD,52.08000183105469,52.2599983215332,51.34000015258789,51.68000030517578,1445300,yahoo_ohlcv,,price_backfill
2025-03-21,ROL,USD,51.43999862670898,51.810001373291016,51.18000030517578,51.630001068115234,3167400,yahoo_ohlcv,,price_backfill
2025-03-24,ROL,USD,52.27999877929688,52.470001220703125,51.4900016784668,52.31999969482422,1561000,yahoo_ohlcv,,price_backfill
2025-03-25,ROL,USD,52.220001220703125,52.790000915527344,51.93999862670898,52.33000183105469,1818500,yahoo_ohlcv,,price_backfill
2025-03-26,ROL,USD,52.68999862670898,53.68999862670898,52.5099983215332,53.04999923706055,2513300,yahoo_ohlcv,,price_backfill
2025-03-27,ROL,USD,53.18999862670898,54.0,53.060001373291016,53.77999877929688,1645900,yahoo_ohlcv,,price_backfill
2025-03-28,ROL,USD,53.84000015258789,53.95000076293945,52.970001220703125,53.060001373291016,1798000,yahoo_ohlcv,,price_backfill
2025-03-31,ROL,USD,53.380001068115234,54.220001220703125,53.22999954223633,54.02999877929688,2199400,yahoo_ohlcv,,price_backfill
2025-04-01,ROL,USD,53.869998931884766,54.40999984741211,53.81999969482422,54.36000061035156,1867100,yahoo_ohlcv,,price_backfill
2025-04-02,ROL,USD,54.36000061035156,54.84999847412109,54.119998931884766,54.72999954223633,2299600,yahoo_ohlcv,,price_backfill
2025-04-03,ROL,USD,54.65999984741211,56.2599983215332,54.22999954223633,55.900001525878906,3247400,yahoo_ohlcv,,price_backfill
2025-04-04,ROL,USD,55.40999984741211,55.91999816894531,52.09999847412109,52.209999084472656,4217800,yahoo_ohlcv,,price_backfill
2025-04-07,ROL,USD,51.13999938964844,52.90999984741211,49.72999954223633,50.95000076293945,4297300,yahoo_ohlcv,,price_backfill
2025-04-08,ROL,USD,51.90999984741211,52.09999847412109,50.18999862670898,50.650001525878906,2865400,yahoo_ohlcv,,price_backfill
2025-04-09,ROL,USD,50.5,53.56999969482422,50.150001525878906,53.11000061035156,2903400,yahoo_ohlcv,,price_backfill
2025-04-10,ROL,USD,52.810001373291016,54.52999877929688,52.400001525878906,54.11000061035156,2759100,yahoo_ohlcv,,price_backfill
2025-04-11,ROL,USD,53.84999847412109,55.900001525878906,53.5099983215332,55.220001220703125,3977800,yahoo_ohlcv,,price_backfill
2025-04-14,ROL,USD,55.29999923706055,55.959999084472656,55.06999969482422,55.68999862670898,1641200,yahoo_ohlcv,,price_backfill
2025-04-15,ROL,USD,55.77999877929688,56.0,55.09000015258789,55.36000061035156,1206400,yahoo_ohlcv,,price_backfill
2025-04-16,ROL,USD,55.38999938964844,55.72999954223633,54.72999954223633,55.0099983215332,1693900,yahoo_ohlcv,,price_backfill
2025-04-17,ROL,USD,55.52999877929688,56.08000183105469,55.119998931884766,55.77999877929688,2046200,yahoo_ohlcv,,price_backfill
2025-04-21,ROL,USD,55.630001068115234,55.81999969482422,54.130001068115234,54.72999954223633,1213000,yahoo_ohlcv,,price_backfill
2025-04-22,ROL,USD,55.04999923706055,55.90999984741211,54.97999954223633,55.65999984741211,1813600,yahoo_ohlcv,,price_backfill
2025-04-23,ROL,USD,55.65999984741211,55.810001373291016,54.63999938964844,54.93000030517578,4086900,yahoo_ohlcv,,price_backfill
2025-04-24,ROL,USD,53.93999862670898,56.310001373291016,51.77000045776367,55.470001220703125,3360300,yahoo_ohlcv,,price_backfill
2025-04-25,ROL,USD,55.52999877929688,56.0099983215332,54.810001373291016,55.310001373291016,2572100,yahoo_ohlcv,,price_backfill
2025-04-28,ROL,USD,55.869998931884766,56.150001525878906,55.2400016784668,56.02000045776367,2147600,yahoo_ohlcv,,price_backfill
2025-04-29,ROL,USD,55.90999984741211,56.540000915527344,55.72999954223633,56.34000015258789,1562400,yahoo_ohlcv,,price_backfill
2025-04-30,ROL,USD,56.369998931884766,57.20000076293945,55.77000045776367,57.130001068115234,2043300,yahoo_ohlcv,,price_backfill
2025-05-01,ROL,USD,56.540000915527344,56.59999847412109,55.650001525878906,56.06999969482422,2609500,yahoo_ohlcv,,price_backfill
2025-05-02,ROL,USD,56.470001220703125,56.95000076293945,56.209999084472656,56.66999816894531,2522800,yahoo_ohlcv,,price_backfill
2025-05-05,ROL,USD,56.630001068115234,57.34000015258789,56.27999877929688,56.97999954223633,1931700,yahoo_ohlcv,,price_backfill
2025-05-06,ROL,USD,56.709999084472656,57.18999862670898,56.459999084472656,56.810001373291016,2173500,yahoo_ohlcv,,price_backfill
2025-05-07,ROL,USD,56.45000076293945,57.16999816894531,56.45000076293945,56.90999984741211,1327200,yahoo_ohlcv,,price_backfill
2025-05-08,ROL,USD,56.869998931884766,57.43000030517578,56.619998931884766,56.68999862670898,1472400,yahoo_ohlcv,,price_backfill
2025-05-09,ROL,USD,56.540000915527344,56.86000061035156,56.36000061035156,56.720001220703125,1321900,yahoo_ohlcv,,price_backfill
2025-05-12,ROL,USD,56.43999862670898,56.83000183105469,55.09999847412109,55.72999954223633,2160700,yahoo_ohlcv,,price_backfill
2025-05-13,ROL,USD,55.56999969482422,55.810001373291016,54.7599983215332,54.84999847412109,2189400,yahoo_ohlcv,,price_backfill
2025-05-14,ROL,USD,54.84000015258789,55.04999923706055,54.58000183105469,54.959999084472656,1822000,yahoo_ohlcv,,price_backfill
2025-05-15,ROL,USD,55.400001525878906,56.380001068115234,55.290000915527344,56.369998931884766,2360700,yahoo_ohlcv,,price_backfill
2025-05-16,ROL,USD,56.41999816894531,57.06999969482422,56.34000015258789,56.959999084472656,4605500,yahoo_ohlcv,,price_backfill
2025-05-19,ROL,USD,56.77000045776367,57.45000076293945,56.70000076293945,57.43000030517578,1531100,yahoo_ohlcv,,price_backfill
2025-05-20,ROL,USD,57.33000183105469,57.630001068115234,57.06999969482422,57.310001373291016,1564000,yahoo_ohlcv,,price_backfill
2025-05-21,ROL,USD,57.02000045776367,57.459999084472656,56.810001373291016,57.0,1374400,yahoo_ohlcv,,price_backfill
2025-05-22,ROL,USD,56.93999862670898,57.040000915527344,56.36000061035156,56.75,1322200,yahoo_ohlcv,,price_backfill
2025-05-23,ROL,USD,56.72999954223633,57.09999847412109,56.18999862670898,56.869998931884766,1332800,yahoo_ohlcv,,price_backfill
2025-05-27,ROL,USD,56.970001220703125,57.43000030517578,56.79999923706055,57.34999847412109,1523200,yahoo_ohlcv,,price_backfill
2025-05-28,ROL,USD,57.209999084472656,57.5,56.650001525878906,56.7400016784668,1401900,yahoo_ohlcv,,price_backfill
2025-05-29,ROL,USD,56.45000076293945,57.06999969482422,56.380001068115234,56.91999816894531,1304400,yahoo_ohlcv,,price_backfill
2025-05-30,ROL,USD,57.290000915527344,57.47999954223633,56.84999847412109,57.25,3986800,yahoo_ohlcv,,price_backfill
2025-06-02,ROL,USD,57.77999877929688,58.619998931884766,57.4900016784668,58.58000183105469,2314200,yahoo_ohlcv,,price_backfill
2025-06-03,ROL,USD,58.650001525878906,58.650001525878906,57.7599983215332,58.34000015258789,2029800,yahoo_ohlcv,,price_backfill
2025-06-04,ROL,USD,58.470001220703125,58.560001373291016,57.93999862670898,58.040000915527344,1308600,yahoo_ohlcv,,price_backfill
2025-06-05,ROL,USD,58.04999923706055,58.08000183105469,57.40999984741211,57.83000183105469,1383800,yahoo_ohlcv,,price_backfill
2025-06-06,ROL,USD,57.83000183105469,58.22999954223633,57.54999923706055,57.77000045776367,887500,yahoo_ohlcv,,price_backfill
2025-06-09,ROL,USD,57.560001373291016,57.61000061035156,56.11000061035156,57.060001373291016,1853500,yahoo_ohlcv,,price_backfill
2025-06-10,ROL,USD,57.08000183105469,57.33000183105469,56.630001068115234,56.869998931884766,1620700,yahoo_ohlcv,,price_backfill
2025-06-11,ROL,USD,56.97999954223633,57.04999923706055,56.33000183105469,56.9900016784668,1224000,yahoo_ohlcv,,price_backfill
2025-06-12,ROL,USD,57.220001220703125,57.400001525878906,56.95000076293945,57.290000915527344,1334100,yahoo_ohlcv,,price_backfill
2025-06-13,ROL,USD,57.09999847412109,57.58000183105469,56.58000183105469,56.880001068115234,1780600,yahoo_ohlcv,,price_backfill
2025-06-16,ROL,USD,56.970001220703125,57.33000183105469,56.59999847412109,56.720001220703125,1114400,yahoo_ohlcv,,price_backfill
2025-06-17,ROL,USD,56.560001373291016,56.9900016784668,56.08000183105469,56.40999984741211,1856300,yahoo_ohlcv,,price_backfill
2025-06-18,ROL,USD,56.56999969482422,56.790000915527344,55.93999862670898,56.08000183105469,1772900,yahoo_ohlcv,,price_backfill
2025-06-20,ROL,USD,56.2400016784668,56.720001220703125,55.93000030517578,56.47999954223633,3411700,yahoo_ohlcv,,price_backfill
2025-06-23,ROL,USD,56.77999877929688,57.16999816894531,56.619998931884766,57.130001068115234,1299600,yahoo_ohlcv,,price_backfill
2025-06-24,ROL,USD,57.220001220703125,57.59999847412109,56.61000061035156,57.52000045776367,1507000,yahoo_ohlcv,,price_backfill
2025-06-25,ROL,USD,57.4900016784668,57.540000915527344,56.06999969482422,56.13999938964844,1391700,yahoo_ohlcv,,price_backfill
2025-06-26,ROL,USD,56.380001068115234,56.59000015258789,55.41999816894531,55.68000030517578,1428600,yahoo_ohlcv,,price_backfill
2025-06-27,ROL,USD,55.61000061035156,56.41999816894531,55.54999923706055,56.16999816894531,2824100,yahoo_ohlcv,,price_backfill
2025-06-30,ROL,USD,56.09999847412109,56.59000015258789,55.72999954223633,56.41999816894531,2351200,yahoo_ohlcv,,price_backfill
2025-07-01,ROL,USD,56.470001220703125,57.25,56.33000183105469,56.63999938964844,1897000,yahoo_ohlcv,,price_backfill
2025-07-02,ROL,USD,56.27999877929688,56.56999969482422,54.970001220703125,55.63999938964844,1400400,yahoo_ohlcv,,price_backfill
2025-07-03,ROL,USD,55.66999816894531,56.43999862670898,55.540000915527344,56.43999862670898,690200,yahoo_ohlcv,,price_backfill
2025-07-07,ROL,USD,56.58000183105469,56.93999862670898,56.0,56.22999954223633,1313300,yahoo_ohlcv,,price_backfill
2025-07-08,ROL,USD,55.90999984741211,56.20000076293945,55.27000045776367,55.4900016784668,1460900,yahoo_ohlcv,,price_backfill
2025-07-09,ROL,USD,55.40999984741211,55.84000015258789,55.040000915527344,55.810001373291016,1098900,yahoo_ohlcv,,price_backfill
2025-07-10,ROL,USD,55.709999084472656,55.959999084472656,55.2400016784668,55.619998931884766,1594400,yahoo_ohlcv,,price_backfill
2025-07-11,ROL,USD,55.63999938964844,55.63999938964844,54.84999847412109,55.2599983215332,1427700,yahoo_ohlcv,,price_backfill
2025-07-14,ROL,USD,55.06999969482422,55.90999984741211,54.9900016784668,55.7400016784668,1024500,yahoo_ohlcv,,price_backfill
2025-07-15,ROL,USD,55.5,55.7400016784668,55.040000915527344,55.04999923706055,1760800,yahoo_ohlcv,,price_backfill
2025-07-16,ROL,USD,55.02999877929688,55.72999954223633,54.959999084472656,55.65999984741211,1469300,yahoo_ohlcv,,price_backfill
2025-07-17,ROL,USD,55.59000015258789,56.06999969482422,55.45000076293945,55.77000045776367,1511600,yahoo_ohlcv,,price_backfill
2025-07-18,ROL,USD,55.84999847412109,56.310001373291016,55.75,55.79999923706055,1416400,yahoo_ohlcv,,price_backfill
2025-07-21,ROL,USD,55.869998931884766,56.209999084472656,55.38999938964844,55.400001525878906,1352800,yahoo_ohlcv,,price_backfill
2025-07-22,ROL,USD,55.59000015258789,55.84000015258789,55.209999084472656,55.5099983215332,1628600,yahoo_ohlcv,,price_backfill
2025-07-23,ROL,USD,55.29999923706055,55.630001068115234,54.810001373291016,55.15999984741211,3110800,yahoo_ohlcv,,price_backfill
2025-07-24,ROL,USD,56.22999954223633,58.5099983215332,55.900001525878906,58.02999877929688,3496200,yahoo_ohlcv,,price_backfill
2025-07-25,ROL,USD,57.86000061035156,58.5,57.5,58.09000015258789,2051200,yahoo_ohlcv,,price_backfill
2025-07-28,ROL,USD,57.90999984741211,58.20000076293945,57.18000030517578,57.2599983215332,1456100,yahoo_ohlcv,,price_backfill
2025-07-29,ROL,USD,57.470001220703125,57.66999816894531,56.91999816894531,57.31999969482422,1731100,yahoo_ohlcv,,price_backfill
2025-07-30,ROL,USD,57.13999938964844,57.90999984741211,57.04999923706055,57.63999938964844,1548800,yahoo_ohlcv,,price_backfill
2025-07-31,ROL,USD,57.45000076293945,57.91999816894531,57.15999984741211,57.27000045776367,1645500,yahoo_ohlcv,,price_backfill
2025-08-01,ROL,USD,57.77999877929688,57.79999923706055,56.869998931884766,57.7400016784668,1919600,yahoo_ohlcv,,price_backfill
2025-08-04,ROL,USD,57.75,58.59000015258789,57.70000076293945,58.459999084472656,1832100,yahoo_ohlcv,,price_backfill
2025-08-05,ROL,USD,58.45000076293945,58.959999084472656,58.09999847412109,58.119998931884766,1458400,yahoo_ohlcv,,price_backfill
2025-08-06,ROL,USD,58.11000061035156,58.41999816894531,57.77000045776367,58.33000183105469,1470500,yahoo_ohlcv,,price_backfill
2025-08-07,ROL,USD,58.540000915527344,58.86000061035156,58.31999969482422,58.5099983215332,1186700,yahoo_ohlcv,,price_backfill
2025-08-08,ROL,USD,58.5,59.09999847412109,58.470001220703125,58.63999938964844,966100,yahoo_ohlcv,,price_backfill
2025-08-11,ROL,USD,58.59999847412109,58.81999969482422,58.290000915527344,58.40999984741211,935000,yahoo_ohlcv,,price_backfill
2025-08-12,ROL,USD,58.40999984741211,58.40999984741211,57.54999923706055,57.880001068115234,1563800,yahoo_ohlcv,,price_backfill
2025-08-13,ROL,USD,57.970001220703125,58.18000030517578,57.630001068115234,58.119998931884766,1132900,yahoo_ohlcv,,price_backfill
2025-08-14,ROL,USD,58.16999816894531,58.16999816894531,57.41999816894531,57.41999816894531,1161200,yahoo_ohlcv,,price_backfill
2025-08-15,ROL,USD,57.34999847412109,57.540000915527344,57.02000045776367,57.33000183105469,1150300,yahoo_ohlcv,,price_backfill
2025-08-18,ROL,USD,57.20000076293945,57.47999954223633,56.83000183105469,57.09000015258789,1453800,yahoo_ohlcv,,price_backfill
2025-08-19,ROL,USD,57.130001068115234,57.97999954223633,57.11000061035156,57.93999862670898,1196900,yahoo_ohlcv,,price_backfill
2025-08-20,ROL,USD,58.31999969482422,58.959999084472656,58.18000030517578,58.43999862670898,1156600,yahoo_ohlcv,,price_backfill
2025-08-21,ROL,USD,58.16999816894531,58.34999847412109,57.61000061035156,58.0,909800,yahoo_ohlcv,,price_backfill
2025-08-22,ROL,USD,58.22999954223633,58.38999938964844,57.84999847412109,57.9900016784668,1117500,yahoo_ohlcv,,price_backfill
2025-08-25,ROL,USD,57.79999923706055,57.90999984741211,56.56999969482422,56.63999938964844,1096200,yahoo_ohlcv,,price_backfill
2025-08-26,ROL,USD,56.77999877929688,56.97999954223633,56.310001373291016,56.470001220703125,2565100,yahoo_ohlcv,,price_backfill
2025-08-27,ROL,USD,56.43000030517578,56.75,56.220001220703125,56.66999816894531,1542900,yahoo_ohlcv,,price_backfill
2025-08-28,ROL,USD,56.47999954223633,56.68000030517578,55.900001525878906,56.2400016784668,1463700,yahoo_ohlcv,,price_backfill
2025-08-29,ROL,USD,56.2599983215332,56.560001373291016,56.150001525878906,56.540000915527344,1881500,yahoo_ohlcv,,price_backfill
2025-09-02,ROL,USD,56.40999984741211,56.91999816894531,56.36000061035156,56.66999816894531,1453100,yahoo_ohlcv,,price_backfill
2025-09-03,ROL,USD,56.56999969482422,56.720001220703125,56.04999923706055,56.29999923706055,1396800,yahoo_ohlcv,,price_backfill
2025-09-04,ROL,USD,56.31999969482422,56.880001068115234,56.31999969482422,56.86000061035156,915900,yahoo_ohlcv,,price_backfill
2025-09-05,ROL,USD,56.79999923706055,56.93000030517578,55.880001068115234,56.52000045776367,1184200,yahoo_ohlcv,,price_backfill
2025-09-08,ROL,USD,56.52000045776367,57.18999862670898,56.2599983215332,57.130001068115234,1250300,yahoo_ohlcv,,price_backfill
2025-09-09,ROL,USD,57.25,57.36000061035156,56.52999877929688,57.31999969482422,1428600,yahoo_ohlcv,,price_backfill
2025-09-10,ROL,USD,57.02000045776367,57.2400016784668,56.15999984741211,56.369998931884766,1475700,yahoo_ohlcv,,price_backfill
2025-09-11,ROL,USD,56.630001068115234,58.34999847412109,56.400001525878906,58.220001220703125,1353400,yahoo_ohlcv,,price_backfill
2025-09-12,ROL,USD,57.9900016784668,58.400001525878906,57.16999816894531,57.369998931884766,1806500,yahoo_ohlcv,,price_backfill
2025-09-15,ROL,USD,57.2599983215332,57.72999954223633,56.33000183105469,56.43000030517578,1769700,yahoo_ohlcv,,price_backfill
2025-09-16,ROL,USD,56.06999969482422,56.2400016784668,55.0,55.22999954223633,2344800,yahoo_ohlcv,,price_backfill
2025-09-17,ROL,USD,55.40999984741211,56.40999984741211,55.40999984741211,56.13999938964844,2913500,yahoo_ohlcv,,price_backfill
2025-09-18,ROL,USD,55.81999969482422,56.20000076293945,55.65999984741211,55.72999954223633,1662100,yahoo_ohlcv,,price_backfill
2025-09-19,ROL,USD,55.95000076293945,55.95000076293945,55.290000915527344,55.5099983215332,2622600,yahoo_ohlcv,,price_backfill
2025-09-22,ROL,USD,55.380001068115234,55.709999084472656,55.130001068115234,55.560001373291016,1931600,yahoo_ohlcv,,price_backfill
2025-09-23,ROL,USD,55.47999954223633,55.59999847412109,54.650001525878906,55.400001525878906,1750600,yahoo_ohlcv,,price_backfill
2025-09-24,ROL,USD,55.34999847412109,56.20000076293945,55.02999877929688,56.11000061035156,1612800,yahoo_ohlcv,,price_backfill
2025-09-25,ROL,USD,56.220001220703125,56.9900016784668,56.119998931884766,56.43999862670898,2039100,yahoo_ohlcv,,price_backfill
2025-09-26,ROL,USD,57.25,58.47999954223633,56.90999984741211,58.43000030517578,2067000,yahoo_ohlcv,,price_backfill
2025-09-29,ROL,USD,58.58000183105469,58.709999084472656,58.27999877929688,58.52000045776367,2145600,yahoo_ohlcv,,price_backfill
2025-09-30,ROL,USD,58.34999847412109,59.119998931884766,58.16999816894531,58.7400016784668,2890300,yahoo_ohlcv,,price_backfill
2025-10-01,ROL,USD,58.52000045776367,58.880001068115234,57.25,58.130001068115234,2124200,yahoo_ohlcv,,price_backfill
2025-10-02,ROL,USD,57.81999969482422,58.61000061035156,57.65999984741211,58.310001373291016,1474400,yahoo_ohlcv,,price_backfill
2025-10-03,ROL,USD,58.02999877929688,59.02999877929688,57.900001525878906,58.709999084472656,1143900,yahoo_ohlcv,,price_backfill
2025-10-06,ROL,USD,58.65999984741211,58.77999877929688,58.16999816894531,58.31999969482422,1133600,yahoo_ohlcv,,price_backfill
2025-10-07,ROL,USD,58.36000061035156,58.4900016784668,57.77999877929688,57.97999954223633,1153800,yahoo_ohlcv,,price_backfill
2025-10-08,ROL,USD,58.09000015258789,58.310001373291016,57.38999938964844,58.119998931884766,1634700,yahoo_ohlcv,,price_backfill
2025-10-09,ROL,USD,58.060001373291016,58.060001373291016,56.560001373291016,56.59000015258789,1621500,yahoo_ohlcv,,price_backfill
2025-10-10,ROL,USD,56.7599983215332,57.34000015258789,56.40999984741211,57.0,2454800,yahoo_ohlcv,,price_backfill
2025-10-13,ROL,USD,56.59999847412109,57.040000915527344,55.58000183105469,56.09000015258789,1851800,yahoo_ohlcv,,price_backfill
2025-10-14,ROL,USD,56.27999877929688,56.970001220703125,55.88999938964844,56.88999938964844,1914900,yahoo_ohlcv,,price_backfill
2025-10-15,ROL,USD,56.59000015258789,56.91999816894531,55.709999084472656,56.02000045776367,1749200,yahoo_ohlcv,,price_backfill
2025-10-16,ROL,USD,55.84000015258789,55.970001220703125,54.7400016784668,55.2400016784668,1662100,yahoo_ohlcv,,price_backfill
2025-10-17,ROL,USD,55.400001525878906,55.88999938964844,55.2599983215332,55.81999969482422,1253700,yahoo_ohlcv,,price_backfill
2025-10-20,ROL,USD,55.77000045776367,56.209999084472656,55.59000015258789,56.06999969482422,1092900,yahoo_ohlcv,,price_backfill
2025-10-21,ROL,USD,55.970001220703125,56.4900016784668,55.7599983215332,56.33000183105469,1088400,yahoo_ohlcv,,price_backfill
2025-10-22,ROL,USD,56.33000183105469,57.040000915527344,56.119998931884766,56.70000076293945,1657600,yahoo_ohlcv,,price_backfill
2025-10-23,ROL,USD,57.2599983215332,57.47999954223633,56.33000183105469,56.790000915527344,1808200,yahoo_ohlcv,,price_backfill
2025-10-24,ROL,USD,57.290000915527344,57.38999938964844,56.2599983215332,56.59999847412109,1138900,yahoo_ohlcv,,price_backfill
2025-10-27,ROL,USD,56.56999969482422,56.880001068115234,55.91999816894531,56.22999954223633,1722600,yahoo_ohlcv,,price_backfill
2025-10-28,ROL,USD,56.02000045776367,56.52000045776367,55.06999969482422,56.04999923706055,1822600,yahoo_ohlcv,,price_backfill
2025-10-29,ROL,USD,56.2599983215332,56.2599983215332,53.7400016784668,53.869998931884766,3630300,yahoo_ohlcv,,price_backfill
2025-10-30,ROL,USD,55.18000030517578,57.970001220703125,54.650001525878906,57.790000915527344,3843300,yahoo_ohlcv,,price_backfill
2025-10-31,ROL,USD,58.060001373291016,58.880001068115234,57.040000915527344,57.61000061035156,3454200,yahoo_ohlcv,,price_backfill
2025-11-03,ROL,USD,57.4900016784668,58.560001373291016,56.81999969482422,58.5,3465600,yahoo_ohlcv,,price_backfill
2025-11-04,ROL,USD,59.119998931884766,59.65999984741211,58.43999862670898,59.619998931884766,3035800,yahoo_ohlcv,,price_backfill
2025-11-05,ROL,USD,59.90999984741211,60.34999847412109,59.380001068115234,59.66999816894531,2675400,yahoo_ohlcv,,price_backfill
2025-11-06,ROL,USD,59.5,59.630001068115234,58.41999816894531,58.650001525878906,2457600,yahoo_ohlcv,,price_backfill
2025-11-07,ROL,USD,58.88999938964844,58.88999938964844,58.290000915527344,58.61000061035156,1985300,yahoo_ohlcv,,price_backfill
2025-11-10,ROL,USD,57.95000076293945,58.790000915527344,57.61000061035156,58.560001373291016,1989900,yahoo_ohlcv,,price_backfill
2025-11-11,ROL,USD,58.65999984741211,59.09999847412109,58.25,58.52999877929688,10525300,yahoo_ohlcv,,price_backfill
2025-11-12,ROL,USD,58.970001220703125,59.060001373291016,58.08000183105469,58.47999954223633,7939300,yahoo_ohlcv,,price_backfill
2025-11-13,ROL,USD,57.9900016784668,58.43000030517578,57.20000076293945,57.61000061035156,3370500,yahoo_ohlcv,,price_backfill
2025-11-14,ROL,USD,57.77000045776367,58.5099983215332,57.650001525878906,58.220001220703125,2749200,yahoo_ohlcv,,price_backfill
2025-11-17,ROL,USD,58.27000045776367,58.709999084472656,57.88999938964844,57.959999084472656,3001500,yahoo_ohlcv,,price_backfill
2025-11-18,ROL,USD,57.97999954223633,59.02999877929688,57.68999862670898,58.61000061035156,3351700,yahoo_ohlcv,,price_backfill
2025-11-19,ROL,USD,58.5,59.4900016784668,58.5,59.34999847412109,2548700,yahoo_ohlcv,,price_backfill
2025-11-20,ROL,USD,59.459999084472656,60.09999847412109,58.810001373291016,59.630001068115234,2746500,yahoo_ohlcv,,price_backfill
2025-11-21,ROL,USD,59.88999938964844,60.619998931884766,59.5099983215332,60.310001373291016,2274200,yahoo_ohlcv,,price_backfill
2025-11-24,ROL,USD,60.11000061035156,60.27999877929688,59.59000015258789,60.119998931884766,3504400,yahoo_ohlcv,,price_backfill
2025-11-25,ROL,USD,60.380001068115234,61.459999084472656,60.0,61.220001220703125,2328600,yahoo_ohlcv,,price_backfill
2025-11-26,ROL,USD,61.47999954223633,61.70000076293945,61.18999862670898,61.5,1927000,yahoo_ohlcv,,price_backfill
2025-11-28,ROL,USD,61.38999938964844,61.84000015258789,61.38999938964844,61.47999954223633,1014700,yahoo_ohlcv,,price_backfill
2025-12-01,ROL,USD,61.2599983215332,61.65999984741211,61.08000183105469,61.18000030517578,2332700,yahoo_ohlcv,,price_backfill
2025-12-02,ROL,USD,61.33000183105469,61.56999969482422,60.58000183105469,60.900001525878906,1737700,yahoo_ohlcv,,price_backfill
2025-12-03,ROL,USD,61.2400016784668,61.2400016784668,60.459999084472656,60.619998931884766,1710500,yahoo_ohlcv,,price_backfill
2025-12-04,ROL,USD,60.77000045776367,61.02999877929688,60.150001525878906,60.34000015258789,1978000,yahoo_ohlcv,,price_backfill
2025-12-05,ROL,USD,60.77000045776367,61.59999847412109,60.7599983215332,61.400001525878906,2276300,yahoo_ohlcv,,price_backfill
2025-12-08,ROL,USD,61.220001220703125,61.40999984741211,60.4900016784668,60.540000915527344,3075200,yahoo_ohlcv,,price_backfill
2025-12-09,ROL,USD,60.130001068115234,60.9900016784668,57.540000915527344,58.0099983215332,3467700,yahoo_ohlcv,,price_backfill
2025-12-10,ROL,USD,58.02000045776367,59.18000030517578,57.75,58.77000045776367,3190100,yahoo_ohlcv,,price_backfill
2025-12-11,ROL,USD,59.11000061035156,59.72999954223633,58.68999862670898,59.4900016784668,2018600,yahoo_ohlcv,,price_backfill
2025-12-12,ROL,USD,59.72999954223633,60.060001373291016,59.45000076293945,60.04999923706055,2132600,yahoo_ohlcv,,price_backfill
2025-12-15,ROL,USD,60.20000076293945,60.66999816894531,59.79999923706055,60.02000045776367,2082400,yahoo_ohlcv,,price_backfill
2025-12-16,ROL,USD,59.41999816894531,60.459999084472656,59.2599983215332,59.459999084472656,2564300,yahoo_ohlcv,,price_backfill
2025-12-17,ROL,USD,60.09999847412109,61.02999877929688,59.459999084472656,60.2400016784668,3913700,yahoo_ohlcv,,price_backfill
2025-12-18,ROL,USD,60.02000045776367,60.95000076293945,59.9900016784668,60.18999862670898,2766600,yahoo_ohlcv,,price_backfill
2025-12-19,ROL,USD,59.84000015258789,60.5,59.630001068115234,60.060001373291016,5805700,yahoo_ohlcv,,price_backfill
2025-12-22,ROL,USD,59.83000183105469,61.18000030517578,59.619998931884766,61.13999938964844,2412200,yahoo_ohlcv,,price_backfill
2025-12-23,ROL,USD,60.59999847412109,61.2400016784668,60.560001373291016,60.7400016784668,1582700,yahoo_ohlcv,,price_backfill
2025-12-24,ROL,USD,60.540000915527344,60.880001068115234,60.27000045776367,60.65999984741211,975000,yahoo_ohlcv,,price_backfill
2025-12-26,ROL,USD,60.900001525878906,60.900001525878906,60.290000915527344,60.59999847412109,1354300,yahoo_ohlcv,,price_backfill
2025-12-29,ROL,USD,60.84000015258789,61.09999847412109,60.45000076293945,60.77000045776367,2086000,yahoo_ohlcv,,price_backfill
2025-12-30,ROL,USD,60.470001220703125,60.619998931884766,60.2599983215332,60.43000030517578,1766800,yahoo_ohlcv,,price_backfill
2025-12-31,ROL,USD,60.43999862670898,60.52999877929688,59.86000061035156,60.02000045776367,2658600,yahoo_ohlcv,,price_backfill
2026-01-02,ROL,USD,59.75,60.02000045776367,58.59999847412109,59.0099983215332,2318400,yahoo_ohlcv,,price_backfill
2026-01-05,ROL,USD,58.34999847412109,59.43999862670898,58.34000015258789,58.93000030517578,2365400,yahoo_ohlcv,,price_backfill
2026-01-06,ROL,USD,58.40999984741211,59.84000015258789,57.959999084472656,59.5099983215332,2541700,yahoo_ohlcv,,price_backfill
2026-01-07,ROL,USD,59.86000061035156,60.119998931884766,59.31999969482422,59.45000076293945,2144500,yahoo_ohlcv,,price_backfill
2026-01-08,ROL,USD,59.38999938964844,60.22999954223633,59.18999862670898,60.209999084472656,1920600,yahoo_ohlcv,,price_backfill
2026-01-09,ROL,USD,60.060001373291016,61.34000015258789,59.95000076293945,60.68000030517578,2049000,yahoo_ohlcv,,price_backfill
2026-01-12,ROL,USD,60.880001068115234,61.25,60.52999877929688,61.0099983215332,1553500,yahoo_ohlcv,,price_backfill
2026-01-13,ROL,USD,60.9900016784668,61.65999984741211,60.4900016784668,61.63999938964844,1838200,yahoo_ohlcv,,price_backfill
2026-01-14,ROL,USD,61.540000915527344,62.20000076293945,61.43000030517578,62.15999984741211,1719200,yahoo_ohlcv,,price_backfill
2026-01-15,ROL,USD,62.33000183105469,62.720001220703125,61.77999877929688,62.16999816894531,2067900,yahoo_ohlcv,,price_backfill
2026-01-16,ROL,USD,62.06999969482422,62.810001373291016,61.900001525878906,62.72999954223633,2124800,yahoo_ohlcv,,price_backfill
2026-01-20,ROL,USD,62.459999084472656,63.27000045776367,61.95000076293945,63.11000061035156,2881500,yahoo_ohlcv,,price_backfill
2026-01-21,ROL,USD,63.41999816894531,63.560001373291016,62.59999847412109,63.29999923706055,2932800,yahoo_ohlcv,,price_backfill
2026-01-22,ROL,USD,63.380001068115234,63.54999923706055,62.95000076293945,63.31999969482422,1862500,yahoo_ohlcv,,price_backfill
2026-01-23,ROL,USD,63.27999877929688,63.560001373291016,62.720001220703125,62.90999984741211,1781100,yahoo_ohlcv,,price_backfill
2026-01-26,ROL,USD,63.0,63.63999938964844,62.91999816894531,63.2599983215332,1139700,yahoo_ohlcv,,price_backfill
2026-01-27,ROL,USD,63.27999877929688,63.84000015258789,63.18999862670898,63.4900016784668,2197600,yahoo_ohlcv,,price_backfill
2026-01-28,ROL,USD,63.11000061035156,63.310001373291016,62.5099983215332,62.83000183105469,2745300,yahoo_ohlcv,,price_backfill
2026-01-29,ROL,USD,62.65999984741211,63.34000015258789,62.09000015258789,63.02999877929688,2665900,yahoo_ohlcv,,price_backfill
2026-01-30,ROL,USD,62.91999816894531,63.36000061035156,62.209999084472656,63.34000015258789,2310500,yahoo_ohlcv,,price_backfill
2026-02-02,ROL,USD,63.52000045776367,63.709999084472656,62.77999877929688,63.5099983215332,2647600,yahoo_ohlcv,,price_backfill
2026-02-03,ROL,USD,62.810001373291016,63.22999954223633,62.52999877929688,62.97999954223633,2905000,yahoo_ohlcv,,price_backfill
2026-02-04,ROL,USD,63.20000076293945,63.83000183105469,62.4900016784668,63.5099983215332,2357500,yahoo_ohlcv,,price_backfill
2026-02-05,ROL,USD,63.93000030517578,64.77999877929688,63.72999954223633,64.47000122070312,2842500,yahoo_ohlcv,,price_backfill
2026-02-06,ROL,USD,64.48999786376953,65.02999877929688,64.0,64.83999633789062,1777100,yahoo_ohlcv,,price_backfill
2026-02-09,ROL,USD,64.81999969482422,64.9000015258789,64.23999786376953,64.30999755859375,1881700,yahoo_ohlcv,,price_backfill
2026-02-10,ROL,USD,64.41000366210938,65.12000274658203,64.27999877929688,64.97000122070312,2827000,yahoo_ohlcv,,price_backfill
2026-02-11,ROL,USD,65.0,66.13999938964844,64.68000030517578,65.5999984741211,5094600,yahoo_ohlcv,,price_backfill
2026-02-12,ROL,USD,55.650001525878906,60.36000061035156,55.36000061035156,58.68999862670898,15116100,yahoo_ohlcv,,price_backfill
2026-02-13,ROL,USD,58.27000045776367,59.84999847412109,57.97999954223633,58.060001373291016,7634600,yahoo_ohlcv,,price_backfill
2026-02-17,ROL,USD,59.34999847412109,60.61000061035156,58.68000030517578,60.08000183105469,5611300,yahoo_ohlcv,,price_backfill
2026-02-18,ROL,USD,59.880001068115234,60.43999862670898,59.2400016784668,60.25,4982100,yahoo_ohlcv,,price_backfill
2026-02-19,ROL,USD,60.5,61.290000915527344,60.34000015258789,60.91999816894531,2954300,yahoo_ohlcv,,price_backfill
2026-02-20,ROL,USD,60.790000915527344,61.38999938964844,60.540000915527344,61.34999847412109,3809300,yahoo_ohlcv,,price_backfill
2026-02-23,ROL,USD,61.06999969482422,61.68999862670898,60.34999847412109,60.380001068115234,4098100,yahoo_ohlcv,,price_backfill
2026-02-24,ROL,USD,60.36000061035156,60.61000061035156,59.709999084472656,60.5099983215332,2961500,yahoo_ohlcv,,price_backfill
2026-02-25,ROL,USD,60.2400016784668,60.43999862670898,58.720001220703125,59.130001068115234,3539400,yahoo_ohlcv,,price_backfill
2026-02-26,ROL,USD,59.66999816894531,60.060001373291016,59.380001068115234,59.7599983215332,2397400,yahoo_ohlcv,,price_backfill
2026-02-27,ROL,USD,60.0,60.88999938964844,59.619998931884766,60.88999938964844,3555600,yahoo_ohlcv,,price_backfill
2026-03-02,ROL,USD,60.75,61.209999084472656,60.209999084472656,60.880001068115234,1986500,yahoo_ohlcv,,price_backfill
2026-03-03,ROL,USD,60.54999923706055,60.790000915527344,59.5099983215332,60.16999816894531,1866900,yahoo_ohlcv,,price_backfill
2026-03-04,ROL,USD,59.869998931884766,60.04999923706055,57.79999923706055,58.0,3701800,yahoo_ohlcv,,price_backfill
2026-03-05,ROL,USD,57.63999938964844,58.65999984741211,57.15999984741211,58.16999816894531,3914900,yahoo_ohlcv,,price_backfill
2026-03-06,ROL,USD,57.630001068115234,58.43000030517578,57.060001373291016,58.27999877929688,2076100,yahoo_ohlcv,,price_backfill
2026-03-09,ROL,USD,57.83000183105469,58.20000076293945,56.77999877929688,57.56999969482422,3321700,yahoo_ohlcv,,price_backfill
2026-03-10,ROL,USD,57.75,57.77000045776367,55.470001220703125,56.27999877929688,3734200,yahoo_ohlcv,,price_backfill
2026-03-11,ROL,USD,56.15999984741211,56.27000045776367,55.34999847412109,56.08000183105469,2913300,yahoo_ohlcv,,price_backfill
2026-03-12,ROL,USD,56.2400016784668,56.97999954223633,55.38999938964844,55.59000015258789,3190700,yahoo_ohlcv,,price_backfill
2026-03-13,ROL,USD,56.15999984741211,56.59999847412109,55.0099983215332,55.130001068115234,2813400,yahoo_ohlcv,,price_backfill
2026-03-16,ROL,USD,55.220001220703125,55.650001525878906,54.7599983215332,55.0,2376300,yahoo_ohlcv,,price_backfill
2026-03-17,ROL,USD,55.400001525878906,55.97999954223633,55.16999816894531,55.84000015258789,2032400,yahoo_ohlcv,,price_backfill
2026-03-18,ROL,USD,55.27999877929688,56.119998931884766,53.83000183105469,53.90999984741211,2628400,yahoo_ohlcv,,price_backfill
2026-03-19,ROL,USD,53.720001220703125,54.52000045776367,53.470001220703125,54.09000015258789,2616800,yahoo_ohlcv,,price_backfill
2026-03-20,ROL,USD,54.09000015258789,54.27999877929688,52.84000015258789,53.2599983215332,7548600,yahoo_ohlcv,,price_backfill
2026-03-23,ROL,USD,53.47999954223633,54.150001525878906,53.11000061035156,53.209999084472656,2426200,yahoo_ohlcv,,price_backfill
2026-03-24,ROL,USD,53.0,53.959999084472656,52.68999862670898,53.290000915527344,2704400,yahoo_ohlcv,,price_backfill
2026-03-25,ROL,USD,53.90999984741211,54.15999984741211,52.380001068115234,53.47999954223633,2504000,yahoo_ohlcv,,price_backfill
2026-03-26,ROL,USD,53.209999084472656,53.810001373291016,52.59999847412109,52.810001373291016,2503700,yahoo_ohlcv,,price_backfill
2026-03-27,ROL,USD,52.70000076293945,53.0099983215332,52.31999969482422,52.459999084472656,2491300,yahoo_ohlcv,,price_backfill
2026-03-30,ROL,USD,52.95000076293945,53.27999877929688,52.43000030517578,53.040000915527344,3161600,yahoo_ohlcv,,price_backfill
2026-03-31,ROL,USD,54.02999877929688,54.02999877929688,52.79999923706055,53.40999984741211,3790800,yahoo_ohlcv,,price_backfill
2026-04-01,ROL,USD,53.34000015258789,54.09999847412109,53.33000183105469,53.4900016784668,3591800,yahoo_ohlcv,,price_backfill
2026-04-02,ROL,USD,53.31999969482422,54.27999877929688,53.15999984741211,53.93000030517578,2618800,yahoo_ohlcv,,price_backfill
2026-04-06,ROL,USD,53.540000915527344,54.540000915527344,53.5,54.130001068115234,1610700,yahoo_ohlcv,,price_backfill
2026-04-07,ROL,USD,54.15999984741211,54.16999816894531,53.470001220703125,53.70000076293945,2219900,yahoo_ohlcv,,price_backfill
2026-04-08,ROL,USD,54.25,54.91999816894531,53.70000076293945,54.70000076293945,2266500,yahoo_ohlcv,,price_backfill
2026-04-09,ROL,USD,54.459999084472656,55.9900016784668,54.25,55.790000915527344,3155000,yahoo_ohlcv,,price_backfill
2026-04-10,ROL,USD,55.630001068115234,55.970001220703125,54.04999923706055,54.22999954223633,2726600,yahoo_ohlcv,,price_backfill
2026-04-13,ROL,USD,54.290000915527344,54.68000030517578,53.709999084472656,54.65999984741211,2095100,yahoo_ohlcv,,price_backfill
2026-04-14,ROL,USD,54.65999984741211,55.540000915527344,54.65999984741211,54.79999923706055,2706500,yahoo_ohlcv,,price_backfill
2026-04-15,ROL,USD,54.59999847412109,55.0,53.97999954223633,54.380001068115234,2675200,yahoo_ohlcv,,price_backfill
2026-04-16,ROL,USD,54.29999923706055,54.77999877929688,54.220001220703125,54.4900016784668,2258400,yahoo_ohlcv,,price_backfill
2026-04-17,ROL,USD,54.650001525878906,55.65999984741211,54.58000183105469,55.0,2422900,yahoo_ohlcv,,price_backfill
2026-04-20,ROL,USD,54.970001220703125,55.36000061035156,54.709999084472656,54.900001525878906,2400200,yahoo_ohlcv,,price_backfill
2026-04-21,ROL,USD,54.709999084472656,55.06999969482422,54.18000030517578,54.709999084472656,3293100,yahoo_ohlcv,,price_backfill
2026-04-22,ROL,USD,54.7599983215332,55.5,54.43000030517578,55.31999969482422,3731100,yahoo_ohlcv,,price_backfill
2026-04-23,ROL,USD,54.900001525878906,57.43999862670898,54.81999969482422,56.9900016784668,5421500,yahoo_ohlcv,,price_backfill
2026-04-24,ROL,USD,56.25,56.970001220703125,55.900001525878906,56.59999847412109,2484500,yahoo_ohlcv,,price_backfill
2026-04-27,ROL,USD,57.0,57.36000061035156,55.86000061035156,55.970001220703125,3544100,yahoo_ohlcv,,price_backfill
2026-04-28,ROL,USD,56.41999816894531,56.47999954223633,55.380001068115234,55.7400016784668,2051000,yahoo_ohlcv,,price_backfill
2026-04-29,ROL,USD,55.619998931884766,55.81999969482422,54.9900016784668,55.33000183105469,1878400,yahoo_ohlcv,,price_backfill
2026-04-30,ROL,USD,55.34999847412109,55.83000183105469,54.9900016784668,55.72999954223633,2508600,yahoo_ohlcv,,price_backfill
2026-05-01,ROL,USD,56.119998931884766,56.20000076293945,54.63999938964844,54.77999877929688,1924300,yahoo_ohlcv,,price_backfill
2026-05-04,ROL,USD,54.959999084472656,54.959999084472656,53.869998931884766,54.150001525878906,2932500,yahoo_ohlcv,,price_backfill
2026-05-05,ROL,USD,54.02000045776367,54.52000045776367,53.27000045776367,54.11000061035156,2940200,yahoo_ohlcv,,price_backfill
2026-05-06,ROL,USD,54.2400016784668,54.83000183105469,53.790000915527344,54.18999862670898,2543900,yahoo_ohlcv,,price_backfill
2026-05-07,ROL,USD,54.15999984741211,54.63999938964844,53.869998931884766,54.38999938964844,1994700,yahoo_ohlcv,,price_backfill
2026-05-08,ROL,USD,54.58000183105469,54.7400016784668,53.59999847412109,53.83000183105469,2407000,yahoo_ohlcv,,price_backfill
2026-05-11,ROL,USD,53.86000061035156,54.09999847412109,52.5099983215332,52.880001068115234,2992200,yahoo_ohlcv,,price_backfill
2026-05-12,ROL,USD,53.0099983215332,53.16999816894531,52.540000915527344,52.97999954223633,2808200,yahoo_ohlcv,,price_backfill
2026-05-13,ROL,USD,52.720001220703125,53.400001525878906,51.95000076293945,52.81999969482422,3063500,yahoo_ohlcv,,price_backfill
2026-05-14,ROL,USD,53.2599983215332,53.470001220703125,52.43000030517578,53.41999816894531,3088800,yahoo_ohlcv,,price_backfill
2026-05-15,ROL,USD,53.77000045776367,53.93999862670898,53.2599983215332,53.41999816894531,4099100,yahoo_ohlcv,,price_backfill
2026-05-18,ROL,USD,53.59999847412109,55.18000030517578,53.59000015258789,54.61000061035156,3013200,yahoo_ohlcv,,price_backfill
2026-05-19,ROL,USD,54.52000045776367,54.95000076293945,53.68000030517578,53.7400016784668,3508200,yahoo_ohlcv,,price_backfill
2026-05-20,ROL,USD,54.47999954223633,54.47999954223633,52.970001220703125,53.27000045776367,2533000,yahoo_ohlcv,,price_backfill
2026-05-21,ROL,USD,52.900001525878906,53.52999877929688,52.400001525878906,53.02000045776367,2574300,yahoo_ohlcv,,price_backfill
2026-05-22,ROL,USD,53.130001068115234,53.619998931884766,52.970001220703125,53.459999084472656,2083200,yahoo_ohlcv,,price_backfill
2026-05-26,ROL,USD,53.47999954223633,53.52999877929688,52.93000030517578,53.15999984741211,2503600,yahoo_ohlcv,,price_backfill
2026-05-27,ROL,USD,51.810001373291016,52.43999862670898,50.02000045776367,50.380001068115234,6781400,yahoo_ohlcv,,price_backfill
2026-05-28,ROL,USD,49.66999816894531,50.31999969482422,49.38999938964844,49.41999816894531,4139800,yahoo_ohlcv,,price_backfill
2026-05-29,ROL,USD,48.5,48.63999938964844,46.84999847412109,47.59999847412109,11454400,yahoo_ohlcv,,price_backfill
2026-06-01,ROL,USD,47.540000915527344,47.810001373291016,46.06999969482422,46.31999969482422,6088100,yahoo_ohlcv,,price_backfill
2026-06-02,ROL,USD,46.459999084472656,47.02999877929688,44.630001068115234,45.040000915527344,8153300,yahoo_ohlcv,,price_backfill
2026-06-03,ROL,USD,45.11000061035156,45.810001373291016,44.43000030517578,45.790000915527344,6317800,yahoo_ohlcv,,price_backfill
2026-06-04,ROL,USD,47.11000061035156,47.290000915527344,46.2599983215332,46.5,5462800,yahoo_ohlcv,,price_backfill
2026-06-05,ROL,USD,47.0,47.86000061035156,46.720001220703125,47.09999847412109,4685000,yahoo_ohlcv,,price_backfill
2026-06-08,ROL,USD,47.09000015258789,47.209999084472656,46.56999969482422,46.58000183105469,6478700,yahoo_ohlcv,,price_backfill
2026-06-09,ROL,USD,46.63999938964844,47.970001220703125,46.400001525878906,47.52999877929688,5138400,yahoo_ohlcv,,price_backfill
2026-06-10,ROL,USD,47.81999969482422,48.52000045776367,47.470001220703125,47.77000045776367,3508200,yahoo_ohlcv,,price_backfill
2026-06-11,ROL,USD,47.06999969482422,47.7400016784668,46.84000015258789,47.04999923706055,3752800,yahoo_ohlcv,,price_backfill
2026-06-12,ROL,USD,47.06999969482422,47.2400016784668,46.470001220703125,47.18999862670898,2626600,yahoo_ohlcv,,price_backfill
2026-06-15,ROL,USD,47.060001373291016,47.34999847412109,46.650001525878906,46.900001525878906,2396700,yahoo_ohlcv,,price_backfill
2026-06-16,ROL,USD,47.09999847412109,47.47999954223633,46.75,46.790000915527344,4080300,yahoo_ohlcv,,price_backfill
2026-06-17,ROL,USD,46.27000045776367,46.52999877929688,44.720001220703125,45.130001068115234,4389400,yahoo_ohlcv,,price_backfill
2026-06-18,ROL,USD,45.209999084472656,45.36000061035156,44.619998931884766,44.959999084472656,5894000,yahoo_ohlcv,,price_backfill
2026-06-22,ROL,USD,44.290000915527344,44.560001373291016,44.09000015258789,44.40999984741211,4349000,yahoo_ohlcv,,price_backfill
2026-06-23,ROL,USD,45.209999084472656,45.27000045776367,44.25,44.63999938964844,3599700,yahoo_ohlcv,,price_backfill
2026-06-24,ROL,USD,44.93000030517578,45.15999984741211,44.43999862670898,44.540000915527344,5151600,yahoo_ohlcv,,price_backfill
2026-06-25,ROL,USD,44.0099983215332,44.2400016784668,42.70000076293945,42.79999923706055,6156300,yahoo_ohlcv,,price_backfill
2026-06-26,ROL,USD,42.900001525878906,43.43000030517578,42.61000061035156,43.27000045776367,7153100,yahoo_ohlcv,,price_backfill
2026-06-29,ROL,USD,43.38999938964844,43.59000015258789,41.93000030517578,42.27999877929688,6019400,yahoo_ohlcv,,price_backfill
2026-06-30,ROL,USD,42.040000915527344,42.119998931884766,41.5,41.7400016784668,4501300,yahoo_ohlcv,,price_backfill
2026-07-01,ROL,USD,42.0,43.040000915527344,42.0,42.13999938964844,3489400,yahoo_ohlcv,,price_backfill
2026-07-02,ROL,USD,42.56999969482422,43.63999938964844,42.54999923706055,43.380001068115234,4274900,yahoo_ohlcv,,price_backfill
2026-07-06,ROL,USD,43.34000015258789,43.41999816894531,42.31999969482422,42.72999954223633,4628900,yahoo_ohlcv,,price_backfill
2026-07-07,ROL,USD,43.54999923706055,44.29999923706055,43.29999923706055,43.619998931884766,4332300,yahoo_ohlcv,,price_backfill
2026-07-08,ROL,USD,44.06999969482422,45.119998931884766,43.619998931884766,44.95000076293945,6273500,yahoo_ohlcv,,price_backfill
2026-07-09,ROL,USD,44.63999938964844,45.470001220703125,44.2599983215332,44.77000045776367,5458700,yahoo_ohlcv,,price_backfill
2026-07-10,ROL,USD,44.65999984741211,44.86000061035156,43.7599983215332,44.470001220703125,3586400,yahoo_ohlcv,,price_backfill
2026-07-13,ROL,USD,44.66999816894531,45.040000915527344,44.36000061035156,44.91999816894531,2918700,yahoo_ohlcv,,price_backfill
2026-07-14,ROL,USD,44.290000915527344,44.70000076293945,44.20000076293945,44.290000915527344,3655600,yahoo_ohlcv,,price_backfill
2026-07-15,ROL,USD,44.34000015258789,44.81999969482422,43.41999816894531,43.7599983215332,4302800,yahoo_ohlcv,,price_backfill
2026-07-16,ROL,USD,44.470001220703125,45.70000076293945,44.470001220703125,45.459999084472656,4620300,yahoo_ohlcv,,price_backfill
2026-07-17,ROL,USD,46.18000030517578,46.36000061035156,44.93000030517578,45.11000061035156,5527600,yahoo_ohlcv,,price_backfill
2026-07-20,ROL,USD,45.11000061035156,45.18999862670898,44.54999923706055,44.7400016784668,5140600,yahoo_ohlcv,,price_backfill
2026-07-21,ROL,USD,44.08000183105469,44.459999084472656,43.81999969482422,43.86000061035156,5441300,yahoo_ohlcv,,price_backfill
2026-07-22,ROL,USD,44.54999923706055,44.59999847412109,43.09000015258789,43.470001220703125,6591600,yahoo_ohlcv,,price_backfill
2026-07-23,ROL,USD,37.33000183105469,39.790000915527344,36.59000015258789,39.43999862670898,18006600,yahoo_ohlcv,,price_backfill
2026-07-24,ROL,USD,38.79999923706055,39.04999923706055,37.900001525878906,38.560001373291016,9489800,yahoo_ohlcv,,price_backfill
2026-07-27,ROL,USD,38.95000076293945,39.630001068115234,38.59999847412109,39.06999969482422,6591100,yahoo_ohlcv,,price_backfill
2026-07-28,ROL,USD,39.66999816894531,40.150001525878906,38.68999862670898,39.0099983215332,7149900,yahoo_ohlcv,,price_backfill
2026-07-29,ROL,USD,39.40999984741211,39.77000045776367,38.68999862670898,38.75,5939300,yahoo_ohlcv,,price_backfill
2026-07-30,ROL,USD,37.47999954223633,38.56999969482422,36.9900016784668,38.34999847412109,9567500,yahoo_ohlcv,,price_backfill
2026-07-31,ROL,USD,38.0,38.209999084472656,37.54999923706055,37.970001220703125,5601300,yahoo_ohlcv,,price_backfill
2026-08-03,ROL,USD,38.08000183105469,38.52000045776367,38.060001373291016,38.18999862670898,6048800,yahoo_ohlcv,,price_backfill
2026-08-04,ROL,USD,37.81999969482422,38.06999969482422,37.54999923706055,37.810001373291016,3803000,yahoo_ohlcv,,price_backfill
2026-08-05,ROL,USD,37.810001373291016,37.86000061035156,36.9900016784668,37.56999969482422,5099500,yahoo_ohlcv,,price_backfill
2026-08-06,ROL,USD,37.75,37.75,36.34999847412109,36.83000183105469,6314800,yahoo_ohlcv,,price_backfill
2026-08-07,ROL,USD,36.75,37.84999847412109,36.68999862670898,37.7400016784668,5675200,yahoo_ohlcv,,price_backfill
2026-08-10,ROL,USD,37.380001068115234,37.5099983215332,36.959999084472656,37.22999954223633,4902200,yahoo_ohlcv,,price_backfill
2026-08-11,ROL,USD,37.08000183105469,37.31999969482422,36.83000183105469,37.0099983215332,5658500,yahoo_ohlcv,,price_backfill
2026-08-12,ROL,USD,36.47999954223633,36.970001220703125,36.29999923706055,36.52000045776367,6167300,yahoo_ohlcv,,price_backfill
2026-08-13,ROL,USD,36.79999923706055,37.02999877929688,36.18999862670898,36.220001220703125,5405200,yahoo_ohlcv,,price_backfill
2026-08-14,ROL,USD,36.45000076293945,36.5,35.970001220703125,36.20000076293945,3629400,yahoo_ohlcv,,price_backfill
2026-08-17,ROL,USD,36.09000015258789,36.59999847412109,35.91999816894531,36.02000045776367,3946400,yahoo_ohlcv,,price_backfill
2026-08-18,ROL,USD,36.25,36.59000015258789,35.83000183105469,36.31999969482422,4009400,yahoo_ohlcv,,price_backfill
2026-08-19,ROL,USD,36.5,37.2599983215332,36.25,36.2599983215332,4121100,yahoo_ohlcv,,price_backfill
2026-08-20,ROL,USD,36.13999938964844,36.5099983215332,35.880001068115234,36.380001068115234,3574900,yahoo_ohlcv,,price_backfill
2026-08-21,ROL,USD,36.470001220703125,37.209999084472656,36.36000061035156,36.90999984741211,3772500,yahoo_ohlcv,,price_backfill
2026-08-24,ROL,USD,37.08000183105469,37.72999954223633,37.08000183105469,37.2599983215332,3391400,yahoo_ohlcv,,price_backfill
2026-08-25,ROL,USD,36.88999938964844,36.959999084472656,36.150001525878906,36.36000061035156,4639300,yahoo_ohlcv,,price_backfill
2026-08-26,ROL,USD,36.33000183105469,37.470001220703125,36.2599983215332,36.70000076293945,6356000,yahoo_ohlcv,,price_backfill
2026-08-27,ROL,USD,36.56999969482422,36.56999969482422,35.810001373291016,35.939998626708984,2736500,yahoo_ohlcv,,price_backfill
2026-08-28,ROL,USD,36.06999969482422,36.5099983215332,35.970001220703125,36.380001068115234,2723400,yahoo_ohlcv,,price_backfill
2026-08-31,ROL,USD,36.16999816894531,36.63999938964844,35.95000076293945,36.06999969482422,5060100,yahoo_ohlcv,,price_backfill
2026-09-01,ROL,USD,36.18000030517578,36.470001220703125,35.849998474121094,36.18999862670898,3766400,yahoo_ohlcv,,price_backfill
2026-09-02,ROL,USD,36.09999847412109,36.119998931884766,35.47999954223633,35.709999084472656,4935800,yahoo_ohlcv,,price_backfill
2026-09-03,ROL,USD,36.060001373291016,36.43999862670898,35.470001220703125,35.709999084472656,5050500,yahoo_ohlcv,,price_backfill
2026-09-04,ROL,USD,35.459999084472656,36.22999954223633,35.25,35.86000061035156,5236800,yahoo_ohlcv,,price_backfill
2026-09-08,ROL,USD,35.61000061035156,35.650001525878906,34.95000076293945,34.95000076293945,5833300,yahoo_ohlcv,,price_backfill
2026-09-09,ROL,USD,34.869998931884766,34.880001068115234,34.349998474121094,34.540000915527344,4328700,yahoo_ohlcv,,price_backfill
2026-09-10,ROL,USD,34.810001373291016,35.33000183105469,34.470001220703125,34.560001373291016,5260300,yahoo_ohlcv,,price_backfill
2026-09-11,ROL,USD,34.72999954223633,34.88999938964844,34.439998626708984,34.72999954223633,3265200,yahoo_ohlcv,,price_backfill
2026-09-14,ROL,USD,35.11000061035156,35.5,34.970001220703125,35.310001373291016,6980000,yahoo_ohlcv,,price_backfill
2026-09-15,ROL,USD,35.13999938964844,35.20000076293945,33.75,33.77000045776367,6703500,yahoo_ohlcv,,price_backfill
2026-09-16,ROL,USD,33.77000045776367,34.404998779296875,33.529998779296875,33.529998779296875,5514461,yahoo_ohlcv,,price_backfill
2026-09-17,ROL,USD,33.709999084472656,33.89500045776367,33.03499984741211,33.2400016784668,3011003,yahoo_ohlcv,,price_backfill
2026-09-18,AVAV,USD,165.7899932861328,168.0,159.82000732421875,161.16000366210938,606339,yahoo_ohlcv,2026-09-18T16:55:53.340964+00:00,price_backfill
2026-09-18,ROL,USD,33.0,33.11000061035156,32.63999938964844,32.935001373291016,1727227,yahoo_ohlcv,2026-09-18T16:55:53.340964+00:00,price_backfill
