Ticker,Name,Yahoo,Akt. Kurs,Währung,Perf %,Score,CRV,Elliott-Signal,Elliott-Einstieg,Elliott-Ausstieg,MC-Chance,Zyklus %,Zyklus-Status,ROE %,Debt/Equity,Div. Rendite %,FCF,Enterprise Value,Revenue,FCF Yield %,Growth %,Margin %,Rule of 40,Current Ratio,Institutional Ownership %,Radar Vector,PE,ConfidenceScore,ConfidenceLabel,ConfidenceBreakdown,ISIN,Symbol,YahooSymbol,Sektor,Akt. Kurs [€],Volatility,DownsideDev,MaxDrawdown,AvgVolume,DollarVolume,SMA200,Trend200,MarketRegimeStock,MarketTrend200Stock,MarketRegimeCrypto,MarketTrend200Crypto,MarketDate,RS3M,Sector,Industry,Country,Currency,Perf 1D %,Perf 1Y %,cycle,AssetType,pillar_primary,bucket_type,pillar_confidence,pillar_reason,pillar_tags,OpportunityScore,RiskScore,ScoreError,ScoreMarketRegime,ScoreAssetClass,ScoreRiskMult,ScoreOppW,ScoreRiskW,ScoreMarketTrend200,ticker,name,isin,symbol,yahoo_symbol,category,sector,industry,country,currency,price,price_eur,perf_pct,score,crv,confidence,elliott_signal,mc_chance,cycle_status,rs3m,trend200,sma200,volatility,downside_dev,max_drawdown,avg_volume,dollar_volume,regime_stock,trend200_stock,regime_crypto,trend200_crypto,market_date,trend_ok,liquidity_ok,is_crypto,score_status,crypto_base,quote_currency,asset_id,ticker_display,cluster_official,TrendOK,LiquidityOK
WPM.TO,WHEATON PREC.,WPM.TO,191.76499938964844,CAD,25.391524528127185,43.09,3.74,BUY,214.41,269.3,76.2,38.5,Zyklus-neutral,13.05,0.099,48.0,376391360.0,87851417600.0,1830402048.0,0.43,54.5,54.72,109.22,8.089,73.33,"[100.0, 26.1, 95.05, 81.5, 16.33]",34.90334,79.6,HIGH,"{""coverage"": 1.0, ""confluence"": 0.6, ""risk_clean"": 1.0, ""regime_align"": 0.7920896009131303, ""liquidity"": 0.37387387387387383, ""weights"": {""coverage"": 0.25, ""confluence"": 0.25, ""risk_clean"": 0.2, ""regime_align"": 0.2, ""liquidity"": 0.1}}",CA9628791027,WPM.TO,WPM.TO,Edelmetalle ⛏️,202.53,0.5080928949452337,0.35457801337503964,0.35599557018995076,816064.55,156492617.93266374,183.39278251647949,0.045651834048685336,bull,0.06772778246916267,bull,0.17364179735818652,2026-09-29,0.18687488437871136,Basic Materials,Gold,Canada,CAD,-0.12759498161372118,25.391524528127185,38.5,stock,S4 Fundament,pillar,84.0,manual thematic assignment after stack redesign,"materials, mining, metals",78.53,37.91,,bull,stock,,,,0.06772778246916267,WPM.TO,WHEATON PREC.,CA9628791027,WPM.TO,WPM.TO,Edelmetalle ⛏️,Basic Materials,Gold,Canada,CAD,191.76499938964844,202.53,25.391524528127185,43.09,3.74,79.6,BUY,76.2,Zyklus-neutral,0.18687488437871136,0.045651834048685336,183.39278251647949,0.5080928949452337,0.35457801337503964,0.35599557018995076,816064.55,156492617.93266374,bull,0.06772778246916267,bull,0.17364179735818652,2026-09-29,True,True,False,OK,,,WPM.TO,WPM.TO,Gold,True,True
NVDA,NVIDIA CORP.,NVDA,227.17999267578125,USD,25.226427463223455,39.25,0.0,Seitwärts,0.0,0.0,60.0,73.6,Zyklus-neutral,107.36,9.102,2.0,53282873344.0,4531735756800.0,187141996544.0,1.18,62.5,53.01,115.51,4.468,69.59,"[100.0, 100.0, 0.0, 26.36, 30.04]",24.441496,95.8,HIGH,"{""coverage"": 1.0, ""confluence"": 1.0, ""risk_clean"": 1.0, ""regime_align"": 0.8171599201010966, ""liquidity"": 0.9504504504504504, ""weights"": {""coverage"": 0.25, ""confluence"": 0.25, ""risk_clean"": 0.2, ""regime_align"": 0.2, ""liquidity"": 0.1}}",US67066G1040,NVDA,NVDA,Gehirn,186.47,0.3777763919880088,0.22508699481414288,0.20214390449746988,111131430.65,25246837601.116093,199.56797340393067,0.13835897013376575,bull,0.06772778246916267,bull,0.17364179735818652,2026-09-29,0.12385514650539764,Technology,Semiconductors,United States,USD,-0.7340766975836188,25.226427463223455,73.6,stock,S2 Gehirn,pillar,85.0,manual thematic assignment after stack redesign,"ai, semis, software",69.01,26.7,,bull,stock,,,,0.06772778246916267,NVDA,NVIDIA CORP.,US67066G1040,NVDA,NVDA,Gehirn,Technology,Semiconductors,United States,USD,227.17999267578125,186.47,25.226427463223455,39.25,0.0,95.8,Seitwärts,60.0,Zyklus-neutral,0.12385514650539764,0.13835897013376575,199.56797340393067,0.3777763919880088,0.22508699481414288,0.20214390449746988,111131430.65,25246837601.116093,bull,0.06772778246916267,bull,0.17364179735818652,2026-09-29,True,True,False,OK,,,NVDA,NVDA,Semiconductors,True,True
JNJ,Johnson & Johnson,JNJ,267.5,USD,50.604729678939385,37.6,0.0,Seitwärts,0.0,0.0,79.0,76.2,Zyklus-neutral,35.56,57.766,218.0,0.0,601488490496.0,94193000448.0,0.0,9.1,28.46,37.56,1.0,75.59,"[18.2, 71.12, 0.0, 23.78, 14.01]",18.998785,82.6,HIGH,"{""coverage"": 1.0, ""confluence"": 0.6, ""risk_clean"": 1.0, ""regime_align"": 0.7337552484611308, ""liquidity"": 0.7972972972972973, ""weights"": {""coverage"": 0.25, ""confluence"": 0.25, ""risk_clean"": 0.2, ""regime_align"": 0.2, ""liquidity"": 0.1}}",US4781601046,JNJ,JNJ,Pharma 🧪,224.44,0.18989977244918407,0.11710878636533902,0.10959122461615511,6191330.95,1656181029.125,238.95663162231446,0.11944999468690232,bull,0.06772778246916267,bull,0.17364179735818652,2026-09-29,0.031182853336119587,Healthcare,Drug Manufacturers - General,United States,USD,-1.636334623012825,50.604729678939385,76.2,stock,S13 Gesundheit,pillar,82.0,manual thematic assignment after stack redesign,"healthcare, pharma, medtech",65.2,22.79,,bull,stock,,,,0.06772778246916267,JNJ,Johnson & Johnson,US4781601046,JNJ,JNJ,Pharma 🧪,Healthcare,Drug Manufacturers - General,United States,USD,267.5,224.44,50.604729678939385,37.6,0.0,82.6,Seitwärts,79.0,Zyklus-neutral,0.031182853336119587,0.11944999468690232,238.95663162231446,0.18989977244918407,0.11710878636533902,0.10959122461615511,6191330.95,1656181029.125,bull,0.06772778246916267,bull,0.17364179735818652,2026-09-29,True,True,False,OK,,,JNJ,JNJ,Drug Manufacturers - General,True,True
GOOGL,ALPHABET INC.A,GOOGL,340.885009765625,USD,40.04160081000094,36.05,0.0,Seitwärts,0.0,0.0,75.0,4.9,Zyklus-Tief,35.71,16.133,26.0,38088376320.0,3794015354880.0,402835996672.0,1.0,18.0,32.81,50.81,2.005,81.35,"[36.0, 71.42, 0.0, 95.07, 21.4]",23.884943,75.1,HIGH,"{""coverage"": 1.0, ""confluence"": 0.4, ""risk_clean"": 1.0, ""regime_align"": 0.5464106640577229, ""liquidity"": 0.9144144144144144, ""weights"": {""coverage"": 0.25, ""confluence"": 0.25, ""risk_clean"": 0.2, ""regime_align"": 0.2, ""liquidity"": 0.1}}",US02079K3059,GOOGL,GOOGL,Gehirn,335.67,0.3169189869211146,0.18805419636901483,0.21047200943300937,25706765.0,8763050838.067627,338.05546295166016,0.008370066820572175,bull,0.06772778246916267,bull,0.17364179735818652,2026-09-29,-0.0829067111082934,Communication Services,Internet Content & Information,United States,USD,-0.5441255242523702,40.04160081000094,4.9,stock,S2 Gehirn,pillar,85.0,manual thematic assignment after stack redesign,"ai, semis, software",63.39,24.55,,bull,stock,,,,0.06772778246916267,GOOGL,ALPHABET INC.A,US02079K3059,GOOGL,GOOGL,Gehirn,Communication Services,Internet Content & Information,United States,USD,340.885009765625,335.67,40.04160081000094,36.05,0.0,75.1,Seitwärts,75.0,Zyklus-Tief,-0.0829067111082934,0.008370066820572175,338.05546295166016,0.3169189869211146,0.18805419636901483,0.21047200943300937,25706765.0,8763050838.067627,bull,0.06772778246916267,bull,0.17364179735818652,2026-09-29,True,True,False,OK,,,GOOGL,GOOGL,Internet Content & Information,True,True
INCY,INCYTE CORP,INCY,123.01000213623047,USD,46.63249854715011,35.95,0.0,Seitwärts,0.0,0.0,66.1,14.5,Zyklus-Tief,30.39,0.887,0.0,531249760.0,18516510720.0,4813105152.0,2.87,20.0,24.7,44.7,3.195,106.03,"[40.0, 60.78, 55.65, 85.47, 21.36]",11.185932,84.8,HIGH,"{""coverage"": 1.0, ""confluence"": 0.8, ""risk_clean"": 1.0, ""regime_align"": 0.7856895356895357, ""liquidity"": 0.40990990990990994, ""weights"": {""coverage"": 0.25, ""confluence"": 0.25, ""risk_clean"": 0.2, ""regime_align"": 0.2, ""liquidity"": 0.1}}",US45337C1027,INCY,INCY,Pharma 🧪,103.95,0.33158633174515434,0.19468164276070324,0.18332275209380544,1502957.1,184878756.08166277,106.53640007019042,0.15462885976235885,bull,0.06772778246916267,bull,0.17364179735818652,2026-09-29,0.0535923694749032,Healthcare,Biotechnology,United States,USD,-1.4500861745065374,46.63249854715011,14.5,stock,S13 Gesundheit,pillar,82.0,manual thematic assignment after stack redesign,"healthcare, pharma, medtech",64.48,28.36,,bull,stock,,,,0.06772778246916267,INCY,INCYTE CORP,US45337C1027,INCY,INCY,Pharma 🧪,Healthcare,Biotechnology,United States,USD,123.01000213623047,103.95,46.63249854715011,35.95,0.0,84.8,Seitwärts,66.1,Zyklus-Tief,0.0535923694749032,0.15462885976235885,106.53640007019042,0.33158633174515434,0.19468164276070324,0.18332275209380544,1502957.1,184878756.08166277,bull,0.06772778246916267,bull,0.17364179735818652,2026-09-29,True,True,False,OK,,,INCY,INCY,Biotechnology,True,True
MSFT,MICROSOFT DL,MSFT,508.1199951171875,USD,-0.44682132635798233,35.56,0.0,Seitwärts,0.0,0.0,53.6,43.2,Zyklus-neutral,34.39,31.539,88.0,53640626176.0,3102605836288.0,305453006848.0,1.73,16.7,39.04,55.74,1.386,76.1,"[33.4, 68.78, 0.0, 56.83, 36.18]",21.908993,92.4,HIGH,"{""coverage"": 1.0, ""confluence"": 0.8, ""risk_clean"": 1.0, ""regime_align"": 0.9118768089356324, ""liquidity"": 0.918918918918919, ""weights"": {""coverage"": 0.25, ""confluence"": 0.25, ""risk_clean"": 0.2, ""regime_align"": 0.2, ""liquidity"": 0.1}}",US5949181045,MSFT,MSFT,Gehirn,481.15,0.3275809045688594,0.2055890837922139,0.3449839013222916,20732186.55,10534438528.55462,430.87419158935546,0.17927693288590163,bull,0.06772778246916267,bull,0.17364179735818652,2026-09-29,0.29751000941034467,Technology,Software - Infrastructure,United States,USD,-0.21601785100323623,-0.44682132635798233,43.2,stock,S2 Gehirn,pillar,85.0,manual thematic assignment after stack redesign,"ai, semis, software",64.68,30.87,,bull,stock,,,,0.06772778246916267,MSFT,MICROSOFT DL,US5949181045,MSFT,MSFT,Gehirn,Technology,Software - Infrastructure,United States,USD,508.1199951171875,481.15,-0.44682132635798233,35.56,0.0,92.4,Seitwärts,53.6,Zyklus-neutral,0.29751000941034467,0.17927693288590163,430.87419158935546,0.3275809045688594,0.2055890837922139,0.3449839013222916,20732186.55,10534438528.55462,bull,0.06772778246916267,bull,0.17364179735818652,2026-09-29,True,True,False,OK,,,MSFT,MSFT,Software - Infrastructure,True,True
AAPL,Apple Inc.,AAPL,329.114990234375,USD,29.831688582795767,35.44,0.0,Seitwärts,0.0,0.0,58.9,84.3,Zyklus-Hoch,152.02,102.63,38.0,106312753152.0,4041536438272.0,435617005568.0,2.63,15.7,27.04,42.74,0.974,65.09,"[31.4, 100.0, 0.0, 15.71, 13.81]",29.453894,83.8,HIGH,"{""coverage"": 1.0, ""confluence"": 0.8, ""risk_clean"": 0.6666666666666666, ""regime_align"": 0.8036565977742448, ""liquidity"": 0.9369369369369369, ""weights"": {""coverage"": 0.25, ""confluence"": 0.25, ""risk_clean"": 0.2, ""regime_align"": 0.2, ""liquidity"": 0.1}}",US0378331005,AAPL,AAPL,,,0.24650528480489348,0.18456309135661542,0.13798523953754416,41888504.3,13786134683.627073,287.9532245635986,0.1429460140033445,bull,0.06772778246916267,bull,0.17364179735818652,2026-09-29,0.09171372998958449,Technology,Consumer Electronics,United States,USD,-2.743795457912934,29.831688582795767,84.3,stock,S14 Kommunikations- & Alltagsinfrastruktur,pillar,76.0,manual thematic assignment after stack redesign,"connectivity, telecom, civic infrastructure",63.47,27.67,,bull,stock,,,,0.06772778246916267,AAPL,Apple Inc.,US0378331005,AAPL,AAPL,,Technology,Consumer Electronics,United States,USD,329.114990234375,,29.831688582795767,35.44,0.0,83.8,Seitwärts,58.9,Zyklus-Hoch,0.09171372998958449,0.1429460140033445,287.9532245635986,0.24650528480489348,0.18456309135661542,0.13798523953754416,41888504.3,13786134683.627073,bull,0.06772778246916267,bull,0.17364179735818652,2026-09-29,True,True,False,OK,,,AAPL,AAPL,Consumer Electronics,True,True
PLTR,PALANTIR TECHN.,PLTR,186.7899932861328,USD,4.433631135368721,34.74,0.0,Seitwärts,0.0,0.0,54.0,30.5,Zyklus-neutral,25.98,3.063,0.0,1260918400.0,326150029312.0,4475445760.0,0.39,70.0,36.31,106.31,7.11,60.57,"[100.0, 51.96, 0.0, 69.5, 4.56]",77.01267,91.3,HIGH,"{""coverage"": 1.0, ""confluence"": 1.0, ""risk_clean"": 0.6666666666666666, ""regime_align"": 0.9570441482206189, ""liquidity"": 0.8828828828828829, ""weights"": {""coverage"": 0.25, ""confluence"": 0.25, ""risk_clean"": 0.2, ""regime_align"": 0.2, ""liquidity"": 0.1}}",US69608A1088,PLTR,PLTR,Gehirn,167.47,0.6069912176648491,0.357442413131565,0.4822376656276136,25166729.25,4700893187.641422,152.04622463226318,0.22850793393851387,bull,0.06772778246916267,bull,0.17364179735818652,2026-09-29,0.45839959257281393,Technology,Software - Infrastructure,United States,USD,-0.36804056813027897,4.433631135368721,30.5,stock,S2 Gehirn,pillar,85.0,manual thematic assignment after stack redesign,"ai, semis, software",68.31,46.01,,bull,stock,,,,0.06772778246916267,PLTR,PALANTIR TECHN.,US69608A1088,PLTR,PLTR,Gehirn,Technology,Software - Infrastructure,United States,USD,186.7899932861328,167.47,4.433631135368721,34.74,0.0,91.3,Seitwärts,54.0,Zyklus-neutral,0.45839959257281393,0.22850793393851387,152.04622463226318,0.6069912176648491,0.357442413131565,0.4822376656276136,25166729.25,4700893187.641422,bull,0.06772778246916267,bull,0.17364179735818652,2026-09-29,True,True,False,OK,,,PLTR,PLTR,Software - Infrastructure,True,True
NEM.AX,NEWMONT CORP.,NEM.AX,167.0,AUD,27.05866564225765,34.66,0.0,Seitwärts,0.0,0.0,76.4,43.9,Zyklus-neutral,22.88,16.914,90.0,9337749504.0,182633725952.0,21503000576.0,5.11,20.0,33.42,53.42,2.039,11.57,"[40.0, 45.76, 0.0, 56.08, 21.98]",13.116383,78.6,HIGH,"{""coverage"": 1.0, ""confluence"": 0.6, ""risk_clean"": 1.0, ""regime_align"": 0.8123700623700624, ""liquidity"": 0.23873873873873874, ""weights"": {""coverage"": 0.25, ""confluence"": 0.25, ""risk_clean"": 0.2, ""regime_align"": 0.2, ""liquidity"": 0.1}}",AU0000297962,NEM.AX,NEM.AX,Edelmetalle ⛏️,180.94,0.4793914555199611,0.3247393653206743,0.3160712644519542,340074.6,56792458.199999996,157.7175579071045,0.0588548428981055,bull,0.06772778246916267,bull,0.17364179735818652,2026-09-29,0.2399707640126416,Basic Materials,Gold,United States,AUD,0.02395381200561708,27.05866564225765,43.9,stock,S4 Fundament,pillar,84.0,manual thematic assignment after stack redesign,"materials, mining, metals",68.12,45.83,,bull,stock,,,,0.06772778246916267,NEM.AX,NEWMONT CORP.,AU0000297962,NEM.AX,NEM.AX,Edelmetalle ⛏️,Basic Materials,Gold,United States,AUD,167.0,180.94,27.05866564225765,34.66,0.0,78.6,Seitwärts,76.4,Zyklus-neutral,0.2399707640126416,0.0588548428981055,157.7175579071045,0.4793914555199611,0.3247393653206743,0.3160712644519542,340074.6,56792458.199999996,bull,0.06772778246916267,bull,0.17364179735818652,2026-09-29,True,True,False,OK,,,NEM.AX,NEM.AX,Gold,True,True
MU,MICRON TECHNOLOGY INC,MU,1064.3900146484375,USD,550.4566054633016,34.02,0.0,Seitwärts,0.0,0.0,76.3,0.0,Zyklus-Tief,22.55,21.244,12.0,444249984.0,422271320064.0,42311999488.0,0.11,56.7,28.15,84.85,2.46,83.37,"[100.0, 45.1, 0.0, 100.0, 21.56]",8.597669,84.2,HIGH,"{""coverage"": 1.0, ""confluence"": 0.8, ""risk_clean"": 0.6666666666666666, ""regime_align"": 0.8175369940075823, ""liquidity"": 0.954954954954955, ""weights"": {""coverage"": 0.25, ""confluence"": 0.25, ""risk_clean"": 0.2, ""regime_align"": 0.2, ""liquidity"": 0.1}}",US5951121038,MU,MU,Tech 💻,414.04,0.8152977431396234,0.47458866759063034,0.3909541844002312,24619652.75,26204912551.211945,668.9886114501953,0.591043549068965,bull,0.06772778246916267,bull,0.17364179735818652,2026-09-29,0.0040202673676557055,Technology,Semiconductors,United States,USD,0.9876880370211394,550.4566054633016,0.0,stock,S2 Gehirn,pillar,85.0,manual thematic assignment after stack redesign,"ai, semis, software",68.97,51.48,,bull,stock,,,,0.06772778246916267,MU,MICRON TECHNOLOGY INC,US5951121038,MU,MU,Tech 💻,Technology,Semiconductors,United States,USD,1064.3900146484375,414.04,550.4566054633016,34.02,0.0,84.2,Seitwärts,76.3,Zyklus-Tief,0.0040202673676557055,0.591043549068965,668.9886114501953,0.8152977431396234,0.47458866759063034,0.3909541844002312,24619652.75,26204912551.211945,bull,0.06772778246916267,bull,0.17364179735818652,2026-09-29,True,True,False,OK,,,MU,MU,Semiconductors,True,True
ASML,ASML HOLDING,ASML,1832.199951171875,USD,91.59036828797385,34.0,0.0,Seitwärts,0.0,0.0,73.9,35.5,Zyklus-neutral,50.46,13.813,62.0,12685974528.0,535751229440.0,32667299840.0,2.37,4.9,29.42,34.32,1.262,18.74,"[9.8, 100.0, 0.0, 64.53, 12.03]",31.993082,82.7,HIGH,"{""coverage"": 1.0, ""confluence"": 0.6, ""risk_clean"": 1.0, ""regime_align"": 0.7159716277363337, ""liquidity"": 0.8423423423423423, ""weights"": {""coverage"": 0.25, ""confluence"": 0.25, ""risk_clean"": 0.2, ""regime_align"": 0.2, ""liquidity"": 0.1}}",NL0010273215,ASML,ASML,Gehirn,1466.93,0.4653636722655772,0.2771428288872413,0.2195313939004605,1321306.55,2420897796.393079,1528.6472723388672,0.1985760118281341,bull,0.06772778246916267,bull,0.17364179735818652,2026-09-29,-0.03184011275024767,Technology,Semiconductor Equipment & Materials,Netherlands,USD,3.431724774006839,91.59036828797385,35.5,stock,S2 Gehirn,pillar,85.0,manual thematic assignment after stack redesign,"ai, semis, software",62.93,32.85,,bull,stock,,,,0.06772778246916267,ASML,ASML HOLDING,NL0010273215,ASML,ASML,Gehirn,Technology,Semiconductor Equipment & Materials,Netherlands,USD,1832.199951171875,1466.93,91.59036828797385,34.0,0.0,82.7,Seitwärts,73.9,Zyklus-neutral,-0.03184011275024767,0.1985760118281341,1528.6472723388672,0.4653636722655772,0.2771428288872413,0.2195313939004605,1321306.55,2420897796.393079,bull,0.06772778246916267,bull,0.17364179735818652,2026-09-29,True,True,False,OK,,,ASML,ASML,Semiconductor Equipment & Materials,True,True
META,META PLATFORMS INC,META,740.1699829101562,USD,-0.09675673404625496,33.73,0.0,Seitwärts,0.0,0.0,47.0,39.9,Zyklus-neutral,30.24,39.164,31.0,23432374272.0,1700112498688.0,200965996544.0,1.38,23.8,30.08,53.88,2.599,79.52,"[47.6, 60.48, 0.0, 60.14, 29.7]",18.803259,97.1,HIGH,"{""coverage"": 1.0, ""confluence"": 1.0, ""risk_clean"": 1.0, ""regime_align"": 0.8825975296563532, ""liquidity"": 0.9414414414414415, ""weights"": {""coverage"": 0.25, ""confluence"": 0.25, ""risk_clean"": 0.2, ""regime_align"": 0.2, ""liquidity"": 0.1}}",US30303M1027,META,META,Tech 💻,673.89,0.41945585067764085,0.2914787588643025,0.29942768814821386,23840137.5,17645754165.950775,626.1901907348633,0.1820210438645362,bull,0.06772778246916267,bull,0.17364179735818652,2026-09-29,0.18134139650760162,Communication Services,Internet Content & Information,United States,USD,3.43058997239849,-0.09675673404625496,39.9,stock,S2 Gehirn,pillar,85.0,manual thematic assignment after stack redesign,"ai, semis, software",63.55,36.06,,bull,stock,,,,0.06772778246916267,META,META PLATFORMS INC,US30303M1027,META,META,Tech 💻,Communication Services,Internet Content & Information,United States,USD,740.1699829101562,673.89,-0.09675673404625496,33.73,0.0,97.1,Seitwärts,47.0,Zyklus-neutral,0.18134139650760162,0.1820210438645362,626.1901907348633,0.41945585067764085,0.2914787588643025,0.29942768814821386,23840137.5,17645754165.950775,bull,0.06772778246916267,bull,0.17364179735818652,2026-09-29,True,True,False,OK,,,META,META,Internet Content & Information,True,True
MA,MASTERCARD INC,MA,564.3200073242188,USD,-0.053401023634924716,33.31,0.0,Seitwärts,0.0,0.0,45.5,58.4,Zyklus-neutral,209.91,245.288,64.0,16265374720.0,491219648512.0,32790999040.0,3.31,17.6,45.65,63.25,1.035,91.48,"[35.2, 100.0, 0.0, 41.63, 24.28]",23.911453,80.5,HIGH,"{""coverage"": 1.0, ""confluence"": 0.8, ""risk_clean"": 0.6666666666666666, ""regime_align"": 0.7223105458399577, ""liquidity"": 0.7747747747747747, ""weights"": {""coverage"": 0.25, ""confluence"": 0.25, ""risk_clean"": 0.2, ""regime_align"": 0.2, ""liquidity"": 0.1}}",US57636Q1040,MA,MA,Finanzen,521.34,0.22321185322691334,0.1459339093437978,0.18484023580086917,2550122.25,1439085006.7976532,531.3615704345704,0.062026384148732516,bull,0.06772778246916267,bull,0.17364179735818652,2026-09-29,0.05472890417062626,Financial Services,Credit Services,United States,USD,-0.6933450134967711,-0.053401023634924716,58.4,stock,S21 Finanzsystem,pillar,83.0,manual thematic assignment after stack redesign,"payments, exchanges, capital markets, crypto",61.02,30.24,,bull,stock,,,,0.06772778246916267,MA,MASTERCARD INC,US57636Q1040,MA,MA,Finanzen,Financial Services,Credit Services,United States,USD,564.3200073242188,521.34,-0.053401023634924716,33.31,0.0,80.5,Seitwärts,45.5,Zyklus-neutral,0.05472890417062626,0.062026384148732516,531.3615704345704,0.22321185322691334,0.1459339093437978,0.18484023580086917,2550122.25,1439085006.7976532,bull,0.06772778246916267,bull,0.17364179735818652,2026-09-29,True,True,False,OK,,,MA,MA,Credit Services,True,True
KO,Coca-Cola,KO,86.8550033569336,USD,35.01505720456877,33.08,0.0,Seitwärts,0.0,0.0,59.6,63.0,Zyklus-neutral,42.44,144.771,262.0,1412875008.0,369796448256.0,47663001600.0,0.38,5.1,27.34,32.44,1.211,66.16,"[10.2, 84.88, 0.0, 37.01, 15.88]",22.126135,80.8,HIGH,"{""coverage"": 1.0, ""confluence"": 0.8, ""risk_clean"": 0.6666666666666666, ""regime_align"": 0.7449655537890831, ""liquidity"": 0.7522522522522522, ""weights"": {""coverage"": 0.25, ""confluence"": 0.25, ""risk_clean"": 0.2, ""regime_align"": 0.2, ""liquidity"": 0.1}}",US1912161007,KO,KO,Konsum 🥤,73.26,0.18785977024048384,0.09861530354092465,0.07867634192195805,15192279.55,1319525491.3147237,78.86959949493408,0.10124818577926753,bull,0.06772778246916267,bull,0.17364179735818652,2026-09-29,0.04759014187865085,Consumer Defensive,Beverages - Non-Alcoholic,United States,USD,-0.37278842292329806,35.01505720456877,63.0,stock,S11 Konsum,pillar,80.0,manual thematic assignment after stack redesign,"consumer staples, food, household",59.59,26.9,,bull,stock,,,,0.06772778246916267,KO,Coca-Cola,US1912161007,KO,KO,Konsum 🥤,Consumer Defensive,Beverages - Non-Alcoholic,United States,USD,86.8550033569336,73.26,35.01505720456877,33.08,0.0,80.8,Seitwärts,59.6,Zyklus-neutral,0.04759014187865085,0.10124818577926753,78.86959949493408,0.18785977024048384,0.09861530354092465,0.07867634192195805,15192279.55,1319525491.3147237,bull,0.06772778246916267,bull,0.17364179735818652,2026-09-29,True,True,False,OK,,,KO,KO,Beverages - Non-Alcoholic,True,True
TSMN.MX,TAIWAN SEMICON.MANU.ADR/5,TSMN.MX,8290.0,MXN,64.58517177361666,32.96,2.45,BUY,6231.98,7734.88,62.8,81.8,Zyklus-Hoch,35.22,18.187,116.0,619089625088.0,159076159848448.0,3809054031872.0,0.39,20.5,45.1,65.6,2.618,16.13,"[41.0, 70.44, 0.0, 38.21, 25.0]",0.0,81.2,HIGH,"{""coverage"": 1.0, ""confluence"": 0.8, ""risk_clean"": 1.0, ""regime_align"": 0.7385858709388121, ""liquidity"": 0.14414414414414412, ""weights"": {""coverage"": 0.25, ""confluence"": 0.25, ""risk_clean"": 0.2, ""regime_align"": 0.2, ""liquidity"": 0.1}}",US8740391003,TSMN.MX,TSMN.MX,Gehirn,5876.64,0.3746983917917598,0.2322299847424737,0.21477512232104956,2086.5,17297085.0,6723.243125,0.23303587954064953,bull,0.06772778246916267,bull,0.17364179735818652,2026-09-29,-0.031429887518734545,Technology,Semiconductors,Taiwan,MXN,2.120886003008904,64.58517177361666,81.8,stock,S2 Gehirn,pillar,85.0,manual thematic assignment after stack redesign,"ai, semis, software",61.03,31.93,,bull,stock,,,,0.06772778246916267,TSMN.MX,TAIWAN SEMICON.MANU.ADR/5,US8740391003,TSMN.MX,TSMN.MX,Gehirn,Technology,Semiconductors,Taiwan,MXN,8290.0,5876.64,64.58517177361666,32.96,2.45,81.2,BUY,62.8,Zyklus-Hoch,-0.031429887518734545,0.23303587954064953,6723.243125,0.3746983917917598,0.2322299847424737,0.21477512232104956,2086.5,17297085.0,bull,0.06772778246916267,bull,0.17364179735818652,2026-09-29,True,True,False,OK,,,TSMN.MX,TSMN.MX,Semiconductors,True,True
BLK,BLACKROCK INC,BLK,1068.7750244140625,USD,-7.140831411186199,31.33,0.0,Seitwärts,0.0,0.0,58.7,28.1,Zyklus-neutral,10.69,24.32,192.0,0.0,177495670784.0,24216000512.0,0.0,23.4,22.93,46.33,1.0,84.09,"[46.8, 21.38, 0.0, 71.87, 27.29]",17.549316,79.8,HIGH,"{""coverage"": 1.0, ""confluence"": 0.6, ""risk_clean"": 1.0, ""regime_align"": 0.6860808772573479, ""liquidity"": 0.6036036036036037, ""weights"": {""coverage"": 0.25, ""confluence"": 0.25, ""risk_clean"": 0.2, ""regime_align"": 0.2, ""liquidity"": 0.1}}",US09247X1019,BLK,BLK,Finanzen 🏦,1107.99,0.2745708252549588,0.1813522868191036,0.22454441911078005,530123.5,566582756.6549683,1051.1196893310546,0.01679669333779099,bull,0.06772778246916267,bull,0.17364179735818652,2026-09-29,0.0685143924506193,Financial Services,Asset Management,United States,USD,-0.23103622739206742,-7.140831411186199,28.1,stock,S21 Finanzsystem,pillar,83.0,manual thematic assignment after stack redesign,"payments, exchanges, capital markets, crypto",57.24,27.96,,bull,stock,,,,0.06772778246916267,BLK,BLACKROCK INC,US09247X1019,BLK,BLK,Finanzen 🏦,Financial Services,Asset Management,United States,USD,1068.7750244140625,1107.99,-7.140831411186199,31.33,0.0,79.8,Seitwärts,58.7,Zyklus-neutral,0.0685143924506193,0.01679669333779099,1051.1196893310546,0.2745708252549588,0.1813522868191036,0.22454441911078005,530123.5,566582756.6549683,bull,0.06772778246916267,bull,0.17364179735818652,2026-09-29,True,True,False,OK,,,BLK,BLK,Asset Management,True,True
TER,TERADYNE INC.,TER,402.9100036621094,USD,200.52141756744945,30.54,0.0,Seitwärts,0.0,0.0,72.8,86.1,Zyklus-Hoch,19.73,10.131,17.0,276822624.0,47649693696.0,3190023936.0,0.58,43.9,17.37,61.27,1.757,105.27,"[87.8, 39.46, 0.0, 13.9, 5.44]",38.050655,79.3,HIGH,"{""coverage"": 1.0, ""confluence"": 0.8, ""risk_clean"": 0.6666666666666666, ""regime_align"": 0.7002670090905385, ""liquidity"": 0.6981981981981982, ""weights"": {""coverage"": 0.25, ""confluence"": 0.25, ""risk_clean"": 0.2, ""regime_align"": 0.2, ""liquidity"": 0.1}}",US8807701029,TER,TER,Hardware 💻,239.62,0.7683274914114577,0.5440348285103132,0.3398437354578995,2459757.1,991060742.1688995,331.4952004241943,0.21543238980995771,bull,0.06772778246916267,bull,0.17364179735818652,2026-09-29,-0.08404955808153913,Technology,Semiconductor Equipment & Materials,United States,USD,0.40120007927118007,200.52141756744945,86.1,stock,S1 Hardware,pillar,85.0,manual thematic assignment after stack redesign,"robotics, automation, devices",63.72,51.8,,bull,stock,,,,0.06772778246916267,TER,TERADYNE INC.,US8807701029,TER,TER,Hardware 💻,Technology,Semiconductor Equipment & Materials,United States,USD,402.9100036621094,239.62,200.52141756744945,30.54,0.0,79.3,Seitwärts,72.8,Zyklus-Hoch,-0.08404955808153913,0.21543238980995771,331.4952004241943,0.7683274914114577,0.5440348285103132,0.3398437354578995,2459757.1,991060742.1688995,bull,0.06772778246916267,bull,0.17364179735818652,2026-09-29,True,True,False,OK,,,TER,TER,Semiconductor Equipment & Materials,True,True
ABBN.SW,ABB LTD. NA,ABBN.SW,80.77999877929688,CHF,43.816531980106376,30.1,0.0,Seitwärts,0.0,0.0,64.9,82.3,Zyklus-Hoch,29.33,55.485,131.0,880625024.0,127925157888.0,33219999744.0,0.69,5.4,14.25,19.65,1.558,56.54,"[10.8, 58.66, 0.0, 17.74, 6.46]",27.666952,71.1,MED,"{""coverage"": 1.0, ""confluence"": 0.4, ""risk_clean"": 1.0, ""regime_align"": 0.607527210468387, ""liquidity"": 0.3918918918918919, ""weights"": {""coverage"": 0.25, ""confluence"": 0.25, ""risk_clean"": 0.2, ""regime_align"": 0.2, ""liquidity"": 0.1}}",CH0012221716,ABBN.SW,ABBN.SW,Hardware 💻,61.46,0.2820171769536236,0.1759443862143987,0.1481480970966259,2115247.5,170869690.46791077,74.06581975936889,0.09065151836220209,bull,0.06772778246916267,bull,0.17364179735818652,2026-09-29,-0.08990372160000237,Industrials,Electrical Equipment & Parts,Switzerland,CHF,1.253446998371599,43.816531980106376,82.3,stock,S1 Hardware,pillar,85.0,manual thematic assignment after stack redesign,"robotics, automation, devices",56.38,31.2,,bull,stock,,,,0.06772778246916267,ABBN.SW,ABB LTD. NA,CH0012221716,ABBN.SW,ABBN.SW,Hardware 💻,Industrials,Electrical Equipment & Parts,Switzerland,CHF,80.77999877929688,61.46,43.816531980106376,30.1,0.0,71.1,Seitwärts,64.9,Zyklus-Hoch,-0.08990372160000237,0.09065151836220209,74.06581975936889,0.2820171769536236,0.1759443862143987,0.1481480970966259,2115247.5,170869690.46791077,bull,0.06772778246916267,bull,0.17364179735818652,2026-09-29,True,True,False,OK,,,ABBN.SW,ABBN.SW,Electrical Equipment & Parts,True,True
DB1.DE,DEUTSCHE BOERSE AG,DB1.DE,287.1000061035156,EUR,29.077952977485676,29.93,0.0,Seitwärts,0.0,0.0,42.2,59.0,Zyklus-neutral,19.48,54.664,189.0,0.0,1.0,7302400000.0,0.0,4.2,27.59,31.79,1.009,64.75,"[8.4, 38.96, 0.0, 41.03, 28.01]",17.867914,85.5,HIGH,"{""coverage"": 1.0, ""confluence"": 0.8, ""risk_clean"": 1.0, ""regime_align"": 0.8713158860217685, ""liquidity"": 0.31081081081081074, ""weights"": {""coverage"": 0.25, ""confluence"": 0.25, ""risk_clean"": 0.2, ""regime_align"": 0.2, ""liquidity"": 0.1}}",DE0005140008,DB1.DE,DB1.DE,Finanzen,33.53,0.22730462059162032,0.1404212706339347,0.11953220395825659,307223.85,88203969.21014556,245.71178466796874,0.16844215059312262,bull,0.06772778246916267,bull,0.17364179735818652,2026-09-29,0.17350866362531092,Financial Services,Financial Data & Stock Exchanges,Germany,EUR,0.0,29.077952977485676,59.0,stock,S21 Finanzsystem,pillar,83.0,manual thematic assignment after stack redesign,"payments, exchanges, capital markets, crypto",55.57,29.5,,bull,stock,,,,0.06772778246916267,DB1.DE,DEUTSCHE BOERSE AG,DE0005140008,DB1.DE,DB1.DE,Finanzen,Financial Services,Financial Data & Stock Exchanges,Germany,EUR,287.1000061035156,33.53,29.077952977485676,29.93,0.0,85.5,Seitwärts,42.2,Zyklus-neutral,0.17350866362531092,0.16844215059312262,245.71178466796874,0.22730462059162032,0.1404212706339347,0.11953220395825659,307223.85,88203969.21014556,bull,0.06772778246916267,bull,0.17364179735818652,2026-09-29,True,True,False,OK,,,DB1.DE,DB1.DE,Financial Data & Stock Exchanges,True,True
BTO.TO,B2GOLD CORP.,BTO.TO,7.585000038146973,CAD,11.631858829391351,29.84,0.0,Seitwärts,0.0,0.0,71.4,64.9,Zyklus-neutral,7.23,18.916,145.0,45092624.0,10475671552.0,2507048960.0,0.43,74.7,8.75,83.45,1.034,66.1,"[100.0, 14.46, 0.0, 35.11, 31.38]",6.9789095,73.2,MED,"{""coverage"": 1.0, ""confluence"": 0.6, ""risk_clean"": 0.6666666666666666, ""regime_align"": 0.9118258530023235, ""liquidity"": 0.16216216216216217, ""weights"": {""coverage"": 0.25, ""confluence"": 0.25, ""risk_clean"": 0.2, ""regime_align"": 0.2, ""liquidity"": 0.1}}",CA11777Q2099,BTO.TO,BTO.TO,Edelmetalle ⛏️,7.47,0.6070298962753753,0.3824364402504837,0.3889864586475612,3442206.35,26109135.296059754,6.560400362014771,0.15617944326457778,bull,0.06772778246916267,bull,0.17364179735818652,2026-09-29,0.38382261654691163,Basic Materials,Gold,Canada,CAD,1.5394946611152704,11.631858829391351,64.9,stock,S4 Fundament,pillar,84.0,manual thematic assignment after stack redesign,"materials, mining, metals",63.7,55.09,,bull,stock,,,,0.06772778246916267,BTO.TO,B2GOLD CORP.,CA11777Q2099,BTO.TO,BTO.TO,Edelmetalle ⛏️,Basic Materials,Gold,Canada,CAD,7.585000038146973,7.47,11.631858829391351,29.84,0.0,73.2,Seitwärts,71.4,Zyklus-neutral,0.38382261654691163,0.15617944326457778,6.560400362014771,0.6070298962753753,0.3824364402504837,0.3889864586475612,3442206.35,26109135.296059754,bull,0.06772778246916267,bull,0.17364179735818652,2026-09-29,True,True,False,OK,,,BTO.TO,BTO.TO,Gold,True,True
ALV.DE,ALLIANZ SE,ALV.DE,422.79998779296875,EUR,24.089813434145913,29.76,0.0,Seitwärts,0.0,0.0,65.4,58.7,Zyklus-neutral,17.98,100.0,398.0,0.0,114918481920.0,105018998784.0,0.0,5.8,10.08,15.88,127.745,41.77,"[11.6, 35.96, 0.0, 41.3, 20.39]",12.127932,61.1,MED,"{""coverage"": 1.0, ""confluence"": 0.2, ""risk_clean"": 0.6666666666666666, ""regime_align"": 0.6683176389058743, ""liquidity"": 0.4414414414414414, ""weights"": {""coverage"": 0.25, ""confluence"": 0.25, ""risk_clean"": 0.2, ""regime_align"": 0.2, ""liquidity"": 0.1}}",DE0008404005,ALV.DE,ALV.DE,Finanzen,365.3,0.18303782608505975,0.14994617268694355,0.12350398048430755,533122.1,225404017.37216187,388.45246856689454,0.08842142090843552,bull,0.06772778246916267,bull,0.17364179735818652,2026-09-29,-0.006234780849021515,Financial Services,Insurance - Diversified,Germany,EUR,-0.6345504599368446,24.089813434145913,58.7,stock,S21 Finanzsystem,pillar,83.0,manual thematic assignment after stack redesign,"payments, exchanges, capital markets, crypto",55.39,29.72,,bull,stock,,,,0.06772778246916267,ALV.DE,ALLIANZ SE,DE0008404005,ALV.DE,ALV.DE,Finanzen,Financial Services,Insurance - Diversified,Germany,EUR,422.79998779296875,365.3,24.089813434145913,29.76,0.0,61.1,Seitwärts,65.4,Zyklus-neutral,-0.006234780849021515,0.08842142090843552,388.45246856689454,0.18303782608505975,0.14994617268694355,0.12350398048430755,533122.1,225404017.37216187,bull,0.06772778246916267,bull,0.17364179735818652,2026-09-29,True,True,False,OK,,,ALV.DE,ALV.DE,Insurance - Diversified,True,True
ILMN,ILLUMINA INC.,ILMN,274.3399963378906,USD,198.61759892904462,29.17,,,,,,,,,,,,,,,,,,,,,,81.9,HIGH,"{""coverage"": 1.0, ""confluence"": 0.4, ""risk_clean"": 1.0, ""regime_align"": 0.9909706086176675, ""liquidity"": 0.7117117117117117, ""weights"": {""coverage"": 0.25, ""confluence"": 0.25, ""risk_clean"": 0.2, ""regime_align"": 0.2, ""liquidity"": 0.1}}",US4523271090,ILMN,ILMN,Pharma & Gesundheit,,0.49308176103914036,0.2320958425152807,0.2566417362133443,4009590.6,1099991070.5204408,160.6839995956421,0.7073261620837261,bull,0.06772778246916267,bull,0.17364179735818652,2026-09-29,0.46462597045783616,Healthcare,Diagnostics & Research,United States,USD,0.8973896639126844,198.61759892904462,0.0,stock,S13 Gesundheit,pillar,85.0,manual thematic assignment after stack redesign,"healthcare, pharma, medtech",57.47,38.95,,bull,stock,,,,0.06772778246916267,ILMN,ILLUMINA INC.,US4523271090,ILMN,ILMN,Pharma & Gesundheit,Healthcare,Diagnostics & Research,United States,USD,274.3399963378906,,198.61759892904462,29.17,,81.9,,,,0.46462597045783616,0.7073261620837261,160.6839995956421,0.49308176103914036,0.2320958425152807,0.2566417362133443,4009590.6,1099991070.5204408,bull,0.06772778246916267,bull,0.17364179735818652,2026-09-29,True,True,False,OK,,,ILMN,ILMN,Diagnostics & Research,True,True
V,Visa Inc.,V,366.75,USD,8.679186313961583,29.05,,,,,,,,,,,,,,,,,,,,,,72.3,MED,"{""coverage"": 1.0, ""confluence"": 0.2, ""risk_clean"": 1.0, ""regime_align"": 0.6998593616240676, ""liquidity"": 0.8288288288288288, ""weights"": {""coverage"": 0.25, ""confluence"": 0.25, ""risk_clean"": 0.2, ""regime_align"": 0.2, ""liquidity"": 0.1}}",US92826C8394,V,V,Finanzen,,0.22039808401923588,0.13243852997120426,0.17180513781287055,5942405.0,2179377033.75,336.2866854858398,0.09058733464320556,bull,0.06772778246916267,bull,0.17364179735818652,2026-09-29,0.019330230417957228,Financial Services,Credit Services,United States,USD,-0.26920929479115063,8.679186313961583,0.0,stock,S21 Finanzsystem,pillar,86.0,manual gap-filling addition for payments infrastructure coverage,"payments, exchanges, capital markets, crypto",52.28,23.47,,bull,stock,,,,0.06772778246916267,V,Visa Inc.,US92826C8394,V,V,Finanzen,Financial Services,Credit Services,United States,USD,366.75,,8.679186313961583,29.05,,72.3,,,,0.019330230417957228,0.09058733464320556,336.2866854858398,0.22039808401923588,0.13243852997120426,0.17180513781287055,5942405.0,2179377033.75,bull,0.06772778246916267,bull,0.17364179735818652,2026-09-29,True,True,False,OK,,,V,V,Credit Services,True,True
ROK,ROCKWELL AU.,ROK,431.5299987792969,USD,26.92725259603781,28.89,0.0,Seitwärts,0.0,0.0,66.6,18.2,Zyklus-Tief,23.74,99.289,134.0,1025500032.0,49741873152.0,8566000128.0,2.06,11.9,11.56,23.46,1.156,86.72,"[23.8, 47.48, 0.0, 81.79, 11.78]",30.140837,58.7,MED,"{""coverage"": 1.0, ""confluence"": 0.2, ""risk_clean"": 0.6666666666666666, ""regime_align"": 0.5104663487016429, ""liquidity"": 0.5135135135135135, ""weights"": {""coverage"": 0.25, ""confluence"": 0.25, ""risk_clean"": 0.2, ""regime_align"": 0.2, ""liquidity"": 0.1}}",US7739031091,ROK,ROK,Hardware 💻,420.36,0.30860409917209874,0.2032424626001049,0.18728308848486097,681605.35,294133155.8534622,421.15543395996093,0.024633577018793096,bull,0.06772778246916267,bull,0.17364179735818652,2026-09-29,-0.13072103746076724,Industrials,Specialty Industrial Machinery,United States,USD,0.07188849258294994,26.92725259603781,18.2,stock,S1 Hardware,pillar,85.0,manual thematic assignment after stack redesign,"robotics, automation, devices",55.77,35.05,,bull,stock,,,,0.06772778246916267,ROK,ROCKWELL AU.,US7739031091,ROK,ROK,Hardware 💻,Industrials,Specialty Industrial Machinery,United States,USD,431.5299987792969,420.36,26.92725259603781,28.89,0.0,58.7,Seitwärts,66.6,Zyklus-Tief,-0.13072103746076724,0.024633577018793096,421.15543395996093,0.30860409917209874,0.2032424626001049,0.18728308848486097,681605.35,294133155.8534622,bull,0.06772778246916267,bull,0.17364179735818652,2026-09-29,True,True,False,OK,,,ROK,ROK,Specialty Industrial Machinery,True,True
PG,Procter & Gamble,PG,148.30999755859375,USD,-0.5592926191933079,28.75,0.0,Seitwärts,0.0,0.0,47.5,86.3,Zyklus-Hoch,31.56,68.719,266.0,13253374976.0,396559024128.0,85259001856.0,3.34,1.5,19.3,20.8,0.724,70.71,"[3.0, 63.12, 0.0, 13.71, 16.78]",21.694807,67.5,MED,"{""coverage"": 1.0, ""confluence"": 0.4, ""risk_clean"": 0.6666666666666666, ""regime_align"": 0.6004851004851005, ""liquidity"": 0.7162162162162162, ""weights"": {""coverage"": 0.25, ""confluence"": 0.25, ""risk_clean"": 0.2, ""regime_align"": 0.2, ""liquidity"": 0.1}}",US7427181091,PG,PG,Konsum 🧼,148.27,0.1973752354714379,0.11192380218048738,0.15522932638749032,7834898.4,1161993762.5758302,146.1352882385254,0.014881479663684916,bull,0.06772778246916267,bull,0.17364179735818652,2026-09-29,-0.013765647749829357,Consumer Defensive,Household & Personal Products,United States,USD,-0.4831250262367637,-0.5592926191933079,86.3,stock,S11 Konsum,pillar,80.0,manual thematic assignment after stack redesign,"consumer staples, food, household",52.45,25.44,,bull,stock,,,,0.06772778246916267,PG,Procter & Gamble,US7427181091,PG,PG,Konsum 🧼,Consumer Defensive,Household & Personal Products,United States,USD,148.30999755859375,148.27,-0.5592926191933079,28.75,0.0,67.5,Seitwärts,47.5,Zyklus-Hoch,-0.013765647749829357,0.014881479663684916,146.1352882385254,0.1973752354714379,0.11192380218048738,0.15522932638749032,7834898.4,1161993762.5758302,bull,0.06772778246916267,bull,0.17364179735818652,2026-09-29,True,True,False,OK,,,PG,PG,Household & Personal Products,True,True
AMZN,AMAZON.COM,AMZN,246.67999267578125,USD,11.032090160165442,28.62,0.0,Seitwärts,0.0,0.0,47.3,1.3,Zyklus-Tief,22.29,43.435,0.0,23793125376.0,2277217140736.0,716923994112.0,1.04,13.6,10.83,24.43,1.051,66.62,"[27.2, 44.58, 0.0, 98.71, 32.39]",22.206844,71.4,MED,"{""coverage"": 1.0, ""confluence"": 0.2, ""risk_clean"": 1.0, ""regime_align"": 0.6185540744364273, ""liquidity"": 0.9009009009009009, ""weights"": {""coverage"": 0.25, ""confluence"": 0.25, ""risk_clean"": 0.2, ""regime_align"": 0.2, ""liquidity"": 0.1}}",US0231351067,AMZN,AMZN,E-Commerce,244.38,0.344106268780883,0.18092735496650778,0.2173622311569574,33330379.95,8221937881.947006,241.01349990844727,0.02351110111876098,bull,0.06772778246916267,bull,0.17364179735818652,2026-09-29,-0.006640117140040758,Consumer Cyclical,Internet Retail,United States,USD,0.2153153737309399,11.032090160165442,1.3,stock,S2 Gehirn,pillar,85.0,manual thematic assignment after stack redesign,"ai, semis, software",53.23,28.47,,bull,stock,,,,0.06772778246916267,AMZN,AMAZON.COM,US0231351067,AMZN,AMZN,E-Commerce,Consumer Cyclical,Internet Retail,United States,USD,246.67999267578125,244.38,11.032090160165442,28.62,0.0,71.4,Seitwärts,47.3,Zyklus-Tief,-0.006640117140040758,0.02351110111876098,241.01349990844727,0.344106268780883,0.18092735496650778,0.2173622311569574,33330379.95,8221937881.947006,bull,0.06772778246916267,bull,0.17364179735818652,2026-09-29,True,True,False,OK,,,AMZN,AMZN,Internet Retail,True,True
0857.HK,PETROCHINA CO.,0857.HK,9.710000038146973,HKD,41.51403475975408,28.43,0.0,Seitwärts,0.0,0.0,72.7,69.6,Zyklus-neutral,10.21,20.439,552.0,37757001728.0,1962411294720.0,2849543028736.0,1.92,2.3,5.55,7.85,1.148,26.73,"[4.6, 20.42, 0.0, 30.38, 21.24]",9.865313,71.7,MED,"{""coverage"": 1.0, ""confluence"": 0.2, ""risk_clean"": 1.0, ""regime_align"": 0.7627899392605275, ""liquidity"": 0.6441441441441441, ""weights"": {""coverage"": 0.25, ""confluence"": 0.25, ""risk_clean"": 0.2, ""regime_align"": 0.2, ""liquidity"": 0.1}}",CNE1000003W8,0857.HK,0857.HK,Energie,8.81,0.29579937962719266,0.20686849496772317,0.2736484957735713,74955812.85,727820945.6328373,9.330415461063385,0.04068249465070717,bull,0.06772778246916267,bull,0.17364179735818652,2026-09-29,0.1531577522443055,Energy,Oil & Gas Integrated,China,HKD,0.1030951451389095,41.51403475975408,69.6,stock,S3 Energie,pillar,82.0,manual thematic assignment after stack redesign,"energy, grid, electrification",53.51,30.24,,bull,stock,,,,0.06772778246916267,0857.HK,PETROCHINA CO.,CNE1000003W8,0857.HK,0857.HK,Energie,Energy,Oil & Gas Integrated,China,HKD,9.710000038146973,8.81,41.51403475975408,28.43,0.0,71.7,Seitwärts,72.7,Zyklus-neutral,0.1531577522443055,0.04068249465070717,9.330415461063385,0.29579937962719266,0.20686849496772317,0.2736484957735713,74955812.85,727820945.6328373,bull,0.06772778246916267,bull,0.17364179735818652,2026-09-29,True,True,False,OK,,,0857.HK,0857.HK,Oil & Gas Integrated,True,True
PM,PHILIP MORRIS INTERNATIONAL INC,PM,193.63999938964844,USD,23.107496404382367,28.36,0.0,Seitwärts,0.0,0.0,62.7,57.4,Zyklus-neutral,0.0,100.0,322.0,8938874880.0,331078795264.0,40647999488.0,2.7,6.8,27.92,34.72,0.958,82.91,"[13.6, 0.0, 0.0, 42.6, 16.42]",19.94217,75.0,MED,"{""coverage"": 1.0, ""confluence"": 0.6, ""risk_clean"": 0.6666666666666666, ""regime_align"": 0.7562166238636827, ""liquidity"": 0.6531531531531531, ""weights"": {""coverage"": 0.25, ""confluence"": 0.25, ""risk_clean"": 0.2, ""regime_align"": 0.2, ""liquidity"": 0.1}}",US7181721090,PM,PM,Konsum 🚬,177.68,0.27918435604234076,0.1812929736735459,0.1853633323123942,4343496.05,841074572.4709404,175.87682144165038,0.10099783361101533,bull,0.06772778246916267,bull,0.17364179735818652,2026-09-29,0.06251889777149455,Consumer Defensive,Tobacco,United States,USD,-0.061929769090318665,23.107496404382367,57.4,stock,S11 Konsum,pillar,80.0,manual thematic assignment after stack redesign,"consumer staples, food, household",53.86,31.66,,bull,stock,,,,0.06772778246916267,PM,PHILIP MORRIS INTERNATIONAL INC,US7181721090,PM,PM,Konsum 🚬,Consumer Defensive,Tobacco,United States,USD,193.63999938964844,177.68,23.107496404382367,28.36,0.0,75.0,Seitwärts,62.7,Zyklus-neutral,0.06251889777149455,0.10099783361101533,175.87682144165038,0.27918435604234076,0.1812929736735459,0.1853633323123942,4343496.05,841074572.4709404,bull,0.06772778246916267,bull,0.17364179735818652,2026-09-29,True,True,False,OK,,,PM,PM,Tobacco,True,True
DIS,THE WALT DISNEY COMPANY,DIS,105.4749984741211,USD,-6.776182428958311,28.07,,,,,,,,,,,,,,,,,,,,,,70.7,MED,"{""coverage"": 1.0, ""confluence"": 0.2, ""risk_clean"": 1.0, ""regime_align"": 0.6973625208919326, ""liquidity"": 0.6711711711711712, ""weights"": {""coverage"": 0.25, ""confluence"": 0.25, ""risk_clean"": 0.2, ""regime_align"": 0.2, ""liquidity"": 0.1}}",US2546871060,DIS,DIS,Medien & Digitales 📱,,0.26660301302524586,0.18399727157226523,0.20245083866478664,8184179.6,863226330.8219329,103.4301579284668,0.019770254504189344,bull,0.06772778246916267,bull,0.17364179735818652,2026-09-29,0.07478279669310695,Communication Services,Entertainment,United States,USD,-0.10890980941180572,-6.776182428958311,0.0,stock,S19 Medien & Unterhaltung,pillar,75.0,manual thematic assignment after stack redesign,"media, entertainment, streaming",52.5,28.83,,bull,stock,,,,0.06772778246916267,DIS,THE WALT DISNEY COMPANY,US2546871060,DIS,DIS,Medien & Digitales 📱,Communication Services,Entertainment,United States,USD,105.4749984741211,,-6.776182428958311,28.07,,70.7,,,,0.07478279669310695,0.019770254504189344,103.4301579284668,0.26660301302524586,0.18399727157226523,0.20245083866478664,8184179.6,863226330.8219329,bull,0.06772778246916267,bull,0.17364179735818652,2026-09-29,True,True,False,OK,,,DIS,DIS,Entertainment,True,True
RR.L,ROLLS-ROYCE HOLDINGS PLC,RR.L,1481.199951171875,GBp,27.315998379536932,27.72,,,,,,,,,,,,,,,,,,,,,,73.8,MED,"{""coverage"": 1.0, ""confluence"": 0.2, ""risk_clean"": 1.0, ""regime_align"": 0.7157779951897599, ""liquidity"": 0.9459459459459459, ""weights"": {""coverage"": 0.25, ""confluence"": 0.25, ""risk_clean"": 0.2, ""regime_align"": 0.2, ""liquidity"": 0.1}}",GB00B63H8491,RR.L,RR.L,,,0.3712917108738461,0.22198737603306745,0.19394848747118054,16111387.65,23864186600.49115,1318.696815185547,0.12323009664921591,bull,0.06772778246916267,bull,0.17364179735818652,2026-09-29,-0.0004799225819431818,Industrials,Aerospace & Defense,United Kingdom,GBp,0.4611995825566373,27.315998379536932,0.0,stock,S20 Sicherheit & Verteidigung,pillar,85.0,manual thematic assignment after stack redesign,"defense, aerospace, security",52.43,30.26,,bull,stock,,,,0.06772778246916267,RR.L,ROLLS-ROYCE HOLDINGS PLC,GB00B63H8491,RR.L,RR.L,,Industrials,Aerospace & Defense,United Kingdom,GBp,1481.199951171875,,27.315998379536932,27.72,,73.8,,,,-0.0004799225819431818,0.12323009664921591,1318.696815185547,0.3712917108738461,0.22198737603306745,0.19394848747118054,16111387.65,23864186600.49115,bull,0.06772778246916267,bull,0.17364179735818652,2026-09-29,True,True,False,OK,,,RR.L,RR.L,Aerospace & Defense,True,True
COIN,COINBASE GLB.,COIN,189.90499877929688,USD,-43.14051189197843,27.69,0.0,Seitwärts,0.0,0.0,40.6,34.0,Zyklus-neutral,26.0,48.559,0.0,-1097911808.0,41830793216.0,7370428928.0,-2.62,58.9,43.66,102.56,2.404,67.14,"[100.0, 52.0, 0.0, 65.97, 63.27]",25.270573,74.7,MED,"{""coverage"": 1.0, ""confluence"": 0.8, ""risk_clean"": 0.3333333333333333, ""regime_align"": 0.7491541315070727, ""liquidity"": 0.8063063063063063, ""weights"": {""coverage"": 0.25, ""confluence"": 0.25, ""risk_clean"": 0.2, ""regime_align"": 0.2, ""liquidity"": 0.1}}",US19260Q1076,COIN,COIN,Krypto-Infrastruktur 🪙,211.68,0.7253129888566042,0.393979114388454,0.6356805320824648,9626501.85,1828120822.073149,186.54937454223634,0.01798786109733541,bull,0.06772778246916267,bull,0.17364179735818652,2026-09-29,0.16532675892830273,Financial Services,Financial Data & Stock Exchanges,United States,USD,-0.9828429912001169,-43.14051189197843,34.0,stock,S21 Finanzsystem,pillar,83.0,manual thematic assignment after stack redesign,"payments, exchanges, capital markets, crypto",61.97,59.92,,bull,stock,,,,0.06772778246916267,COIN,COINBASE GLB.,US19260Q1076,COIN,COIN,Krypto-Infrastruktur 🪙,Financial Services,Financial Data & Stock Exchanges,United States,USD,189.90499877929688,211.68,-43.14051189197843,27.69,0.0,74.7,Seitwärts,40.6,Zyklus-neutral,0.16532675892830273,0.01798786109733541,186.54937454223634,0.7253129888566042,0.393979114388454,0.6356805320824648,9626501.85,1828120822.073149,bull,0.06772778246916267,bull,0.17364179735818652,2026-09-29,True,True,False,OK,,,COIN,COIN,Financial Data & Stock Exchanges,True,True
SU.PA,Schneider Electric S.E.,SU.PA,296.3500061035156,EUR,28.489806341662206,27.57,,,,,,,,,,,,,,,,,,,,,,74.5,MED,"{""coverage"": 1.0, ""confluence"": 0.4, ""risk_clean"": 1.0, ""regime_align"": 0.7540459011047246, ""liquidity"": 0.4369369369369369, ""weights"": {""coverage"": 0.25, ""confluence"": 0.25, ""risk_clean"": 0.2, ""regime_align"": 0.2, ""liquidity"": 0.1}}",FR0000121972,SU.PA,SU.PA,Energie,,0.3323594768863782,0.20182813640277047,0.17762918089750324,759513.4,225081800.7257019,264.3654573822021,0.12098611156703565,bull,0.06772778246916267,bull,0.17364179735818652,2026-09-29,0.043965000341321,Industrials,Electrical Equipment & Parts,France,EUR,2.0137714642050275,28.489806341662206,0.0,stock,S3 Energie,pillar,86.0,manual gap-filling addition for grid and electrification coverage,"energy, grid, electrification",53.21,33.41,,bull,stock,,,,0.06772778246916267,SU.PA,Schneider Electric S.E.,FR0000121972,SU.PA,SU.PA,Energie,Industrials,Electrical Equipment & Parts,France,EUR,296.3500061035156,,28.489806341662206,27.57,,74.5,,,,0.043965000341321,0.12098611156703565,264.3654573822021,0.3323594768863782,0.20182813640277047,0.17762918089750324,759513.4,225081800.7257019,bull,0.06772778246916267,bull,0.17364179735818652,2026-09-29,True,True,False,OK,,,SU.PA,SU.PA,Electrical Equipment & Parts,True,True
BAS.DE,BASF SE,BAS.DE,49.939998626708984,EUR,22.283854413563486,27.52,,,,,,,,,,,,,,,,,,,,,,66.8,MED,"{""coverage"": 1.0, ""confluence"": 0.2, ""risk_clean"": 1.0, ""regime_align"": 0.6771432065549713, ""liquidity"": 0.32432432432432434, ""weights"": {""coverage"": 0.25, ""confluence"": 0.25, ""risk_clean"": 0.2, ""regime_align"": 0.2, ""liquidity"": 0.1}}",DE000BASF111,BAS.DE,BAS.DE,Fundament,,0.24939850064536417,0.15549596475358998,0.13370372630931715,1851915.65,92484665.01778087,48.66536447525024,0.026191813524934826,bull,0.06772778246916267,bull,0.17364179735818652,2026-09-29,0.03996389312196391,Basic Materials,Chemicals,Germany,EUR,-0.6762135259396396,22.283854413563486,0.0,stock,S4 Fundament,pillar,85.0,manual addition via ChatGPT,"materials, mining, metals",52.04,30.03,,bull,stock,,,,0.06772778246916267,BAS.DE,BASF SE,DE000BASF111,BAS.DE,BAS.DE,Fundament,Basic Materials,Chemicals,Germany,EUR,49.939998626708984,,22.283854413563486,27.52,,66.8,,,,0.03996389312196391,0.026191813524934826,48.66536447525024,0.24939850064536417,0.15549596475358998,0.13370372630931715,1851915.65,92484665.01778087,bull,0.06772778246916267,bull,0.17364179735818652,2026-09-29,True,True,False,OK,,,BAS.DE,BAS.DE,Chemicals,True,True
XOM,EXXON MOBIL CORP,XOM,161.38499450683594,USD,45.38815955198046,27.22,0.0,BUY,125.93,136.59,68.0,91.8,Zyklus-Hoch,11.08,16.329,272.0,12923750400.0,673590607872.0,323904995328.0,1.92,-1.3,8.9,7.6,1.153,67.11,"[0.0, 22.16, 0.0, 28.24, 12.41]",18.14254,79.5,HIGH,"{""coverage"": 1.0, ""confluence"": 0.4, ""risk_clean"": 1.0, ""regime_align"": 0.8079878521054992, ""liquidity"": 0.8333333333333334, ""weights"": {""coverage"": 0.25, ""confluence"": 0.25, ""risk_clean"": 0.2, ""regime_align"": 0.2, ""liquidity"": 0.1}}",US30231G1022,XOM,XOM,Energie ⚡,136.58,0.2601078231826435,0.16905171049985138,0.20112264413803926,13994968.4,2258577898.3573427,146.94126346588135,0.09829594968950506,bull,0.06772778246916267,bull,0.17364179735818652,2026-09-29,0.16464009981550687,Energy,Oil & Gas Integrated,United States,USD,-0.6983815750596367,45.38815955198046,91.8,stock,S3 Energie,pillar,82.0,manual thematic assignment after stack redesign,"energy, grid, electrification",49.24,22.78,,bull,stock,,,,0.06772778246916267,XOM,EXXON MOBIL CORP,US30231G1022,XOM,XOM,Energie ⚡,Energy,Oil & Gas Integrated,United States,USD,161.38499450683594,136.58,45.38815955198046,27.22,0.0,79.5,BUY,68.0,Zyklus-Hoch,0.16464009981550687,0.09829594968950506,146.94126346588135,0.2601078231826435,0.16905171049985138,0.20112264413803926,13994968.4,2258577898.3573427,bull,0.06772778246916267,bull,0.17364179735818652,2026-09-29,True,True,False,OK,,,XOM,XOM,Oil & Gas Integrated,True,True
ETN,Eaton Corporation plc,ETN,433.625,USD,19.422469910362274,27.06,,,,,,,,,,,,,,,,,,,,,,71.6,MED,"{""coverage"": 1.0, ""confluence"": 0.2, ""risk_clean"": 1.0, ""regime_align"": 0.7382903265256207, ""liquidity"": 0.6801801801801802, ""weights"": {""coverage"": 0.25, ""confluence"": 0.25, ""risk_clean"": 0.2, ""regime_align"": 0.2, ""liquidity"": 0.1}}",IE00B8KQN827,ETN,ETN,Energie,,0.3936398522338947,0.27429603342949715,0.1832572876595594,2050208.0,889021444.0,386.09866561889646,0.12309375455862104,bull,0.06772778246916267,bull,0.17364179735818652,2026-09-29,0.027039998394738918,Industrials,Electrical Equipment & Parts,Ireland,USD,0.5134318442057806,19.422469910362274,0.0,stock,S3 Energie,pillar,86.0,manual gap-filling addition for grid and power management coverage,"energy, grid, electrification",52.89,34.82,,bull,stock,,,,0.06772778246916267,ETN,Eaton Corporation plc,IE00B8KQN827,ETN,ETN,Energie,Industrials,Electrical Equipment & Parts,Ireland,USD,433.625,,19.422469910362274,27.06,,71.6,,,,0.027039998394738918,0.12309375455862104,386.09866561889646,0.3936398522338947,0.27429603342949715,0.1832572876595594,2050208.0,889021444.0,bull,0.06772778246916267,bull,0.17364179735818652,2026-09-29,True,True,False,OK,,,ETN,ETN,Electrical Equipment & Parts,True,True
CVX,CHEVRON CORP,CVX,204.24000549316406,USD,35.99489348818141,26.72,0.0,Seitwärts,0.0,0.0,61.0,80.8,Zyklus-Hoch,7.16,21.239,391.0,0.0,400448815104.0,186030997504.0,0.0,-6.0,6.61,0.61,1.0,68.9,"[0.0, 14.32, 0.0, 19.2, 14.89]",19.885374,80.3,HIGH,"{""coverage"": 1.0, ""confluence"": 0.4, ""risk_clean"": 1.0, ""regime_align"": 0.8531042354571766, ""liquidity"": 0.8243243243243243, ""weights"": {""coverage"": 0.25, ""confluence"": 0.25, ""risk_clean"": 0.2, ""regime_align"": 0.2, ""liquidity"": 0.1}}",US1667641005,CVX,CVX,Energie ⚡,168.91,0.23772301199659998,0.1597977261658624,0.2081099056422988,9937286.5,2029591449.347145,183.23135299682616,0.11465642834991119,bull,0.06772778246916267,bull,0.17364179735818652,2026-09-29,0.21617698996872847,Energy,Oil & Gas Integrated,United States,USD,-1.0321217591801157,35.99489348818141,80.8,stock,S3 Energie,pillar,82.0,manual thematic assignment after stack redesign,"energy, grid, electrification",48.55,23.05,,bull,stock,,,,0.06772778246916267,CVX,CHEVRON CORP,US1667641005,CVX,CVX,Energie ⚡,Energy,Oil & Gas Integrated,United States,USD,204.24000549316406,168.91,35.99489348818141,26.72,0.0,80.3,Seitwärts,61.0,Zyklus-Hoch,0.21617698996872847,0.11465642834991119,183.23135299682616,0.23772301199659998,0.1597977261658624,0.2081099056422988,9937286.5,2029591449.347145,bull,0.06772778246916267,bull,0.17364179735818652,2026-09-29,True,True,False,OK,,,CVX,CVX,Oil & Gas Integrated,True,True
PFE,PFIZER INC.,PFE,28.655000686645508,USD,28.572918909611378,26.64,0.48,BUY,26.83,28.94,60.4,100.0,Zyklus-Hoch,8.58,66.531,636.0,0.0,204229378048.0,62578999296.0,0.0,-1.2,12.42,11.22,1.0,68.0,"[0.0, 17.16, 0.0, 20.0, 21.85]",9.772898,72.0,MED,"{""coverage"": 1.0, ""confluence"": 0.4, ""risk_clean"": 0.6666666666666666, ""regime_align"": 0.8373180873180873, ""liquidity"": 0.6891891891891891, ""weights"": {""coverage"": 0.25, ""confluence"": 0.25, ""risk_clean"": 0.2, ""regime_align"": 0.2, ""liquidity"": 0.1}}",US7170811035,PFE,PFE,Pharma & Gesundheit,26.43,0.23202293569531648,0.12813602051805417,0.15724287268696713,32342760.45,926781822.9027611,25.75359959602356,0.11266002174973377,bull,0.06772778246916267,bull,0.17364179735818652,2026-09-29,0.1937060015342016,Healthcare,Drug Manufacturers - General,United States,USD,-0.2263183435340821,28.572918909611378,100.0,stock,S13 Gesundheit,pillar,82.0,manual thematic assignment after stack redesign,"healthcare, pharma, medtech",47.87,21.28,,bull,stock,,,,0.06772778246916267,PFE,PFIZER INC.,US7170811035,PFE,PFE,Pharma & Gesundheit,Healthcare,Drug Manufacturers - General,United States,USD,28.655000686645508,26.43,28.572918909611378,26.64,0.48,72.0,BUY,60.4,Zyklus-Hoch,0.1937060015342016,0.11266002174973377,25.75359959602356,0.23202293569531648,0.12813602051805417,0.15724287268696713,32342760.45,926781822.9027611,bull,0.06772778246916267,bull,0.17364179735818652,2026-09-29,True,True,False,OK,,,PFE,PFE,Drug Manufacturers - General,True,True
FCX,FREEPORT-MCMORAN,FCX,70.7249984741211,USD,92.57895004720955,26.04,0.0,Seitwärts,0.0,0.0,65.4,37.1,Zyklus-neutral,13.95,33.768,95.0,1371124992.0,106995998720.0,25915000832.0,1.28,-1.5,8.51,7.01,2.291,85.98,"[0.0, 27.9, 0.0, 62.93, 14.34]",18.48081,77.8,HIGH,"{""coverage"": 1.0, ""confluence"": 0.4, ""risk_clean"": 1.0, ""regime_align"": 0.8148465207288736, ""liquidity"": 0.6486486486486487, ""weights"": {""coverage"": 0.25, ""confluence"": 0.25, ""risk_clean"": 0.2, ""regime_align"": 0.2, ""liquidity"": 0.1}}",US35671D8570,FCX,FCX,Fundament,62.52,0.4798748827523047,0.3235021267257779,0.24309796349452595,11012201.55,778837937.820464,63.093522758483886,0.12095497892628027,bull,0.06772778246916267,bull,0.17364179735818652,2026-09-29,0.144020693896584,Basic Materials,Copper,United States,USD,-1.7162321095944066,92.57895004720955,37.1,stock,S4 Fundament,pillar,84.0,manual thematic assignment after stack redesign,"materials, mining, metals",53.09,40.31,,bull,stock,,,,0.06772778246916267,FCX,FREEPORT-MCMORAN,US35671D8570,FCX,FCX,Fundament,Basic Materials,Copper,United States,USD,70.7249984741211,62.52,92.57895004720955,26.04,0.0,77.8,Seitwärts,65.4,Zyklus-neutral,0.144020693896584,0.12095497892628027,63.093522758483886,0.4798748827523047,0.3235021267257779,0.24309796349452595,11012201.55,778837937.820464,bull,0.06772778246916267,bull,0.17364179735818652,2026-09-29,True,True,False,OK,,,FCX,FCX,Copper,True,True
BTC-USD,Bitcoin,BTC-USD,83564.1796875,USD,-26.954632814070155,25.75,,,,,,,,,,,,,,,,,,,,,,68.3,MED,"{""coverage"": 1.0, ""confluence"": 0.2, ""risk_clean"": 0.6666666666666666, ""regime_align"": 0.7497044555868085, ""liquidity"": 1.0, ""weights"": {""coverage"": 0.25, ""confluence"": 0.25, ""risk_clean"": 0.2, ""regime_align"": 0.2, ""liquidity"": 0.1}}",,BTC-USD,BTC-USD,,,0.3751391896269519,0.26102363831862285,0.5305998300134691,30903458757.45,2582422180572797.5,71200.75296875,0.17364179735818652,bull,0.06772778246916267,bull,0.17364179735818652,2026-09-29,0.0,Cryptocurrency,Digital Currency,Global,USD,0.07373459699144824,-26.954632814070155,0.0,crypto,S21 Finanzsystem,pillar,83.0,manual thematic assignment after stack redesign,"payments, exchanges, capital markets, crypto",52.95,41.27,,bull,crypto,,,,0.17364179735818652,BTC-USD,Bitcoin,,BTC-USD,BTC-USD,,Cryptocurrency,Digital Currency,Global,USD,83564.1796875,,-26.954632814070155,25.75,,68.3,,,,0.0,0.17364179735818652,71200.75296875,0.3751391896269519,0.26102363831862285,0.5305998300134691,30903458757.45,2582422180572797.5,bull,0.06772778246916267,bull,0.17364179735818652,2026-09-29,True,True,True,OK,BTC,USD,CRYPTO:BTC,BTC,Krypto,True,True
MRNA,Moderna Inc.,MRNA,203.1916961669922,USD,702.1780370272619,25.68,,,,,,,,,,,,,,,,,,,,,,77.0,HIGH,"{""coverage"": 1.0, ""confluence"": 0.4, ""risk_clean"": 0.6666666666666666, ""regime_align"": 0.9954853043088338, ""liquidity"": 0.8738738738738738, ""weights"": {""coverage"": 0.25, ""confluence"": 0.25, ""risk_clean"": 0.2, ""regime_align"": 0.2, ""liquidity"": 0.1}}",US60770K1079,MRNA,MRNA,Pharma & Gesundheit,,1.92830615342381,0.466376718075146,0.34156480927913413,14956666.95,3039070526.5752935,65.97188364982605,2.079974148464805,bull,0.06772778246916267,bull,0.17364179735818652,2026-09-29,1.7753999307253232,Healthcare,Biotechnology,United States,USD,2.9966025062220902,702.1780370272619,0.0,stock,S13 Gesundheit,pillar,85.0,manual addition via ChatGPT,"healthcare, pharma, medtech",57.55,55.84,,bull,stock,,,,0.06772778246916267,MRNA,Moderna Inc.,US60770K1079,MRNA,MRNA,Pharma & Gesundheit,Healthcare,Biotechnology,United States,USD,203.1916961669922,,702.1780370272619,25.68,,77.0,,,,1.7753999307253232,2.079974148464805,65.97188364982605,1.92830615342381,0.466376718075146,0.34156480927913413,14956666.95,3039070526.5752935,bull,0.06772778246916267,bull,0.17364179735818652,2026-09-29,True,True,False,OK,,,MRNA,MRNA,Biotechnology,True,True
WDAY,"WORKDAY, INC.",WDAY,189.1699981689453,USD,-23.626308569440337,25.6,,,,,,,,,,,,,,,,,,,,,,73.1,MED,"{""coverage"": 1.0, ""confluence"": 0.4, ""risk_clean"": 0.6666666666666666, ""regime_align"": 0.9389649830826301, ""liquidity"": 0.5990990990990991, ""weights"": {""coverage"": 0.25, ""confluence"": 0.25, ""risk_clean"": 0.2, ""regime_align"": 0.2, ""liquidity"": 0.1}}",US98138H1014,WDAY,WDAY,Tech 💻,,0.5409185936094982,0.31045683429067483,0.5458032262460286,2620854.55,495787050.42457193,157.74609951019286,0.19920555092217662,bull,0.06772778246916267,bull,0.17364179735818652,2026-09-29,0.4248936514877517,Technology,Software - Application,United States,USD,0.3022227184429793,-23.626308569440337,0.0,stock,S2 Gehirn,pillar,85.0,manual thematic assignment after stack redesign,"ai, semis, software",56.65,53.44,,bull,stock,,,,0.06772778246916267,WDAY,"WORKDAY, INC.",US98138H1014,WDAY,WDAY,Tech 💻,Technology,Software - Application,United States,USD,189.1699981689453,,-23.626308569440337,25.6,,73.1,,,,0.4248936514877517,0.19920555092217662,157.74609951019286,0.5409185936094982,0.31045683429067483,0.5458032262460286,2620854.55,495787050.42457193,bull,0.06772778246916267,bull,0.17364179735818652,2026-09-29,True,True,False,OK,,,WDAY,WDAY,Software - Application,True,True
RACE,Ferrari N.V.,RACE,401.57000732421875,USD,-15.732190349574482,25.5,,,,,,,,,,,,,,,,,,,,,,73.5,MED,"{""coverage"": 1.0, ""confluence"": 0.4, ""risk_clean"": 1.0, ""regime_align"": 0.7381884146590029, ""liquidity"": 0.36936936936936937, ""weights"": {""coverage"": 0.25, ""confluence"": 0.25, ""risk_clean"": 0.2, ""regime_align"": 0.2, ""liquidity"": 0.1}}",NL0011585146,RACE,RACE,,,0.3550297060342992,0.2622554422655393,0.3758455831020554,368573.1,148007902.46651,365.03402038574217,0.10008926537824592,bull,0.06772778246916267,bull,0.17364179735818652,2026-09-29,0.044580976179237286,Consumer Cyclical,Auto Manufacturers,Italy,USD,0.8969867648790819,-15.732190349574482,0.0,stock,S12 Luxus & Marken,pillar,78.0,manual thematic assignment after stack redesign,"luxury, brands, premium consumption",53.0,42.62,,bull,stock,,,,0.06772778246916267,RACE,Ferrari N.V.,NL0011585146,RACE,RACE,,Consumer Cyclical,Auto Manufacturers,Italy,USD,401.57000732421875,,-15.732190349574482,25.5,,73.5,,,,0.044580976179237286,0.10008926537824592,365.03402038574217,0.3550297060342992,0.2622554422655393,0.3758455831020554,368573.1,148007902.46651,bull,0.06772778246916267,bull,0.17364179735818652,2026-09-29,True,True,False,OK,,,RACE,RACE,Auto Manufacturers,True,True
SAP.DE,SAP SE O.N.,SAP.DE,185.32000732421875,EUR,-16.44190160891451,25.44,0.0,Seitwärts,0.0,0.0,35.8,68.8,Zyklus-neutral,16.46,17.84,134.0,7799625216.0,206661484544.0,36800000000.0,3.77,3.3,19.91,23.21,1.174,40.19,"[6.6, 32.92, 0.0, 31.24, 36.01]",20.883703,83.2,HIGH,"{""coverage"": 1.0, ""confluence"": 0.6, ""risk_clean"": 1.0, ""regime_align"": 0.8756980962863317, ""liquidity"": 0.5675675675675675, ""weights"": {""coverage"": 0.25, ""confluence"": 0.25, ""risk_clean"": 0.2, ""regime_align"": 0.2, ""liquidity"": 0.1}}",DE0007164600,SAP.DE,SAP.DE,Gehirn,195.54,0.4093541465349371,0.3125880138532363,0.46075256027080425,2304505.7,427071013.2027039,164.73303718566893,0.12497171478327362,bull,0.06772778246916267,bull,0.17364179735818652,2026-09-29,0.28820162150907214,Technology,Software - Application,Germany,EUR,0.7064465936176267,-16.44190160891451,68.8,stock,S2 Gehirn,pillar,85.0,manual thematic assignment after stack redesign,"ai, semis, software",53.28,43.77,,bull,stock,,,,0.06772778246916267,SAP.DE,SAP SE O.N.,DE0007164600,SAP.DE,SAP.DE,Gehirn,Technology,Software - Application,Germany,EUR,185.32000732421875,195.54,-16.44190160891451,25.44,0.0,83.2,Seitwärts,35.8,Zyklus-neutral,0.28820162150907214,0.12497171478327362,164.73303718566893,0.4093541465349371,0.3125880138532363,0.46075256027080425,2304505.7,427071013.2027039,bull,0.06772778246916267,bull,0.17364179735818652,2026-09-29,True,True,False,OK,,,SAP.DE,SAP.DE,Software - Application,True,True
SOL-EUR,SOLANA (KRYPTO),SOL-EUR,104.76000213623047,EUR,-42.319236581436215,25.32,,,,,,,,,,,,,,,,,,,,,,77.3,HIGH,"{""coverage"": 1.0, ""confluence"": 0.4, ""risk_clean"": 0.6666666666666666, ""regime_align"": 0.9571154865272513, ""liquidity"": 0.9774774774774775, ""weights"": {""coverage"": 0.25, ""confluence"": 0.25, ""risk_clean"": 0.2, ""regime_align"": 0.2, ""liquidity"": 0.1}}",,SOL-EUR,SOL-EUR,Krypto 🪙,,0.5552234208980596,0.36839949585692744,0.7305461298771934,3349412657.75,350884477181.0074,73.73059030532836,0.4208485474265853,bull,0.06772778246916267,bull,0.17364179735818652,2026-09-29,0.3246727079603202,Cryptocurrency,Digital Currency,Global,EUR,0.23931400059904462,-42.319236581436215,0.0,crypto,S21 Finanzsystem,pillar,83.0,manual thematic assignment after stack redesign,"payments, exchanges, capital markets, crypto",56.87,55.47,,bull,stock,,,,0.06772778246916267,SOL-EUR,SOLANA (KRYPTO),,SOL-EUR,SOL-EUR,Krypto 🪙,Cryptocurrency,Digital Currency,Global,EUR,104.76000213623047,,-42.319236581436215,25.32,,77.3,,,,0.3246727079603202,0.4208485474265853,73.73059030532836,0.5552234208980596,0.36839949585692744,0.7305461298771934,3349412657.75,350884477181.0074,bull,0.06772778246916267,bull,0.17364179735818652,2026-09-29,True,True,True,OK,SOL,EUR,CRYPTO:SOL,SOL,Krypto,True,True
ASX,"ASE Technology Holding Co., Ltd.",ASX,45.275001525878906,,310.8755629232039,24.98,,,,,,,,,,,,,,,,,,,,,,71.8,MED,"{""coverage"": 1.0, ""confluence"": 0.2, ""risk_clean"": 1.0, ""regime_align"": 0.8310301251477722, ""liquidity"": 0.5180180180180181, ""weights"": {""coverage"": 0.25, ""confluence"": 0.25, ""risk_clean"": 0.2, ""regime_align"": 0.2, ""liquidity"": 0.1}}",US00215W1009,ASX,ASX,,,0.5629916626711938,0.36834171627768014,0.303345400370175,6781529.55,307033760.7240429,30.043834562301637,0.5069648127635815,bull,0.06772778246916267,bull,0.17364179735818652,2026-09-29,0.036501993600328575,Technology,Semiconductors,Taiwan,,3.391186525015577,310.8755629232039,0.0,stock,S2 Gehirn,pillar,85.0,manual thematic assignment after stack redesign,"ai, semis, software",54.3,49.11,,bull,stock,,,,0.06772778246916267,ASX,"ASE Technology Holding Co., Ltd.",US00215W1009,ASX,ASX,,Technology,Semiconductors,Taiwan,,45.275001525878906,,310.8755629232039,24.98,,71.8,,,,0.036501993600328575,0.5069648127635815,30.043834562301637,0.5629916626711938,0.36834171627768014,0.303345400370175,6781529.55,307033760.7240429,bull,0.06772778246916267,bull,0.17364179735818652,2026-09-29,True,True,False,OK,,,ASX,ASX,Semiconductors,True,True
SHOP,SHOPIFY INC.,SHOP,148.19000244140625,USD,-0.5436225225461389,24.86,,,,,,,,,,,,,,,,,,,,,,73.5,MED,"{""coverage"": 1.0, ""confluence"": 0.4, ""risk_clean"": 0.6666666666666666, ""regime_align"": 0.8622151563328033, ""liquidity"": 0.7927927927927928, ""weights"": {""coverage"": 0.25, ""confluence"": 0.25, ""risk_clean"": 0.2, ""regime_align"": 0.2, ""liquidity"": 0.1}}",CA82509L1076,SHOP,SHOP,E-Commerce,,0.5897247931976899,0.3987415408094119,0.4670688539558845,10595329.5,1570121904.4725037,129.74850006103514,0.14213268262597278,bull,0.06772778246916267,bull,0.17364179735818652,2026-09-29,0.19112307239814585,Technology,Software - Application,Canada,USD,2.9025818304381,-0.5436225225461389,0.0,stock,S2 Gehirn,pillar,85.0,manual thematic assignment after stack redesign,"ai, semis, software",55.31,52.81,,bull,stock,,,,0.06772778246916267,SHOP,SHOPIFY INC.,CA82509L1076,SHOP,SHOP,E-Commerce,Technology,Software - Application,Canada,USD,148.19000244140625,,-0.5436225225461389,24.86,,73.5,,,,0.19112307239814585,0.14213268262597278,129.74850006103514,0.5897247931976899,0.3987415408094119,0.4670688539558845,10595329.5,1570121904.4725037,bull,0.06772778246916267,bull,0.17364179735818652,2026-09-29,True,True,False,OK,,,SHOP,SHOP,Software - Application,True,True
ETH-USD,Ethereum,ETH-USD,2690.080078125,USD,-36.2138473073651,24.65,,,,,,,,,,,,,,,,,,,,,,75.7,HIGH,"{""coverage"": 1.0, ""confluence"": 0.4, ""risk_clean"": 0.6666666666666666, ""regime_align"": 0.8737515796339326, ""liquidity"": 0.990990990990991, ""weights"": {""coverage"": 0.25, ""confluence"": 0.25, ""risk_clean"": 0.2, ""regime_align"": 0.2, ""liquidity"": 0.1}}",,ETH-USD,ETH-USD,,,0.5307908762592738,0.3647859134840154,0.6661917809760185,15050998806.15,40488392044307.27,2106.873896484375,0.27681114784030925,bull,0.06772778246916267,bull,0.17364179735818652,2026-09-29,0.10194527972463319,Cryptocurrency,Digital Currency,Global,USD,0.05249352411882402,-36.2138473073651,0.0,crypto,S21 Finanzsystem,pillar,83.0,manual thematic assignment after stack redesign,"payments, exchanges, capital markets, crypto",55.24,53.58,,bull,crypto,,,,0.17364179735818652,ETH-USD,Ethereum,,ETH-USD,ETH-USD,,Cryptocurrency,Digital Currency,Global,USD,2690.080078125,,-36.2138473073651,24.65,,75.7,,,,0.10194527972463319,0.27681114784030925,2106.873896484375,0.5307908762592738,0.3647859134840154,0.6661917809760185,15050998806.15,40488392044307.27,bull,0.06772778246916267,bull,0.17364179735818652,2026-09-29,True,True,True,OK,ETH,USD,CRYPTO:ETH,ETH,Krypto,True,True
NOW,SERVICENOW INC.,NOW,129.94000244140625,USD,-30.945419723742695,24.16,,,,,,,,,,,,,,,,,,,,,,66.7,MED,"{""coverage"": 1.0, ""confluence"": 0.4, ""risk_clean"": 0.3333333333333333, ""regime_align"": 0.848609922139334, ""liquidity"": 0.8018018018018018, ""weights"": {""coverage"": 0.25, ""confluence"": 0.25, ""risk_clean"": 0.2, ""regime_align"": 0.2, ""liquidity"": 0.1}}",US81762P1021,NOW,NOW,Tech 💻,,0.5743619198787038,0.398469333164341,0.5614452127400548,12813998.9,1665051048.350177,116.23041000366212,0.11795185474534753,bull,0.06772778246916267,bull,0.17364179735818652,2026-09-29,0.2009221849198839,Technology,Software - Application,United States,USD,-1.1487215990050537,-30.945419723742695,0.0,stock,S2 Gehirn,pillar,85.0,manual thematic assignment after stack redesign,"ai, semis, software",55.14,55.6,,bull,stock,,,,0.06772778246916267,NOW,SERVICENOW INC.,US81762P1021,NOW,NOW,Tech 💻,Technology,Software - Application,United States,USD,129.94000244140625,,-30.945419723742695,24.16,,66.7,,,,0.2009221849198839,0.11795185474534753,116.23041000366212,0.5743619198787038,0.398469333164341,0.5614452127400548,12813998.9,1665051048.350177,bull,0.06772778246916267,bull,0.17364179735818652,2026-09-29,True,True,False,OK,,,NOW,NOW,Software - Application,True,True
PYPL,PAYPAL HDGS,PYPL,53.94499969482422,USD,-21.7184439652543,23.99,0.0,Seitwärts,0.0,0.0,30.9,29.5,Zyklus-neutral,25.73,60.703,135.0,3274249984.0,40072372224.0,33172000768.0,8.17,3.7,15.78,19.48,1.287,82.92,"[7.4, 51.46, 0.0, 70.46, 34.62]",7.116504,87.6,HIGH,"{""coverage"": 1.0, ""confluence"": 0.8, ""risk_clean"": 1.0, ""regime_align"": 0.8169357139945375, ""liquidity"": 0.6261261261261262, ""weights"": {""coverage"": 0.25, ""confluence"": 0.25, ""risk_clean"": 0.2, ""regime_align"": 0.2, ""liquidity"": 0.1}}",US70450Y1038,PYPL,PYPL,Finanzen,55.47,0.44181794982940226,0.37214013324296863,0.48548081316444647,12465670.25,672460577.8320293,50.131651344299314,0.07606668139326178,bull,0.06772778246916267,bull,0.17364179735818652,2026-09-29,0.19985466648604477,Financial Services,Credit Services,United States,USD,-0.6171685556493167,-21.7184439652543,29.5,stock,S21 Finanzsystem,pillar,83.0,manual thematic assignment after stack redesign,"payments, exchanges, capital markets, crypto",53.38,50.97,,bull,stock,,,,0.06772778246916267,PYPL,PAYPAL HDGS,US70450Y1038,PYPL,PYPL,Finanzen,Financial Services,Credit Services,United States,USD,53.94499969482422,55.47,-21.7184439652543,23.99,0.0,87.6,Seitwärts,30.9,Zyklus-neutral,0.19985466648604477,0.07606668139326178,50.131651344299314,0.44181794982940226,0.37214013324296863,0.48548081316444647,12465670.25,672460577.8320293,bull,0.06772778246916267,bull,0.17364179735818652,2026-09-29,True,True,False,OK,,,PYPL,PYPL,Credit Services,True,True
DSV.TO,DISCOVERY SILVER,DSV.TO,12.460000038146973,CAD,132.0298008134824,23.93,0.0,Seitwärts,0.0,0.0,78.9,27.9,Zyklus-neutral,11.07,100.0,0.0,152799680.0,7792443392.0,378971008.0,1.96,0.0,9.5,9.5,2.042,36.13,"[0.0, 22.14, 0.0, 72.12, 35.12]",14.400001,62.7,MED,"{""coverage"": 1.0, ""confluence"": 0.4, ""risk_clean"": 0.3333333333333333, ""regime_align"": 0.9638518609106844, ""liquidity"": 0.17567567567567566, ""weights"": {""coverage"": 0.25, ""confluence"": 0.25, ""risk_clean"": 0.2, ""regime_align"": 0.2, ""liquidity"": 0.1}}",CA2546771072,DSV.TO,DSV.TO,Edelmetalle ⛏️,11.36,0.7850128731010708,0.47649029442957697,0.3848768488073805,2530805.6,31533837.872542575,9.685100004673004,0.2865122747452371,bull,0.06772778246916267,bull,0.17364179735818652,2026-09-29,0.39998911974806206,Basic Materials,Silver,Canada,CAD,2.131149450382641,132.0298008134824,27.9,stock,S4 Fundament,pillar,84.0,manual thematic assignment after stack redesign,"materials, mining, metals",57.93,65.34,,bull,stock,,,,0.06772778246916267,DSV.TO,DISCOVERY SILVER,CA2546771072,DSV.TO,DSV.TO,Edelmetalle ⛏️,Basic Materials,Silver,Canada,CAD,12.460000038146973,11.36,132.0298008134824,23.93,0.0,62.7,Seitwärts,78.9,Zyklus-neutral,0.39998911974806206,0.2865122747452371,9.685100004673004,0.7850128731010708,0.47649029442957697,0.3848768488073805,2530805.6,31533837.872542575,bull,0.06772778246916267,bull,0.17364179735818652,2026-09-29,True,True,False,OK,,,DSV.TO,DSV.TO,Silver,True,True
TEAM,ATLASSIAN CORP.,TEAM,175.85499572753906,USD,6.378923431541184,23.89,,,,,,,,,,,,,,,,,,,,,,67.5,MED,"{""coverage"": 1.0, ""confluence"": 0.4, ""risk_clean"": 0.3333333333333333, ""regime_align"": 0.9864457217398394, ""liquidity"": 0.6126126126126126, ""weights"": {""coverage"": 0.25, ""confluence"": 0.25, ""risk_clean"": 0.2, ""regime_align"": 0.2, ""liquidity"": 0.1}}",US0494681010,TEAM,TEAM,Tech 💻,,0.7844964759739805,0.368961580672303,0.6754316166993615,3246090.65,570841257.3869544,111.9935749053955,0.5702239693311808,bull,0.06772778246916267,bull,0.17364179735818652,2026-09-29,1.0871600731387594,Technology,Software - Application,Australia,USD,-1.5038633693072345,6.378923431541184,0.0,stock,S2 Gehirn,pillar,85.0,manual thematic assignment after stack redesign,"ai, semis, software",57.4,63.9,,bull,stock,,,,0.06772778246916267,TEAM,ATLASSIAN CORP.,US0494681010,TEAM,TEAM,Tech 💻,Technology,Software - Application,Australia,USD,175.85499572753906,,6.378923431541184,23.89,,67.5,,,,1.0871600731387594,0.5702239693311808,111.9935749053955,0.7844964759739805,0.368961580672303,0.6754316166993615,3246090.65,570841257.3869544,bull,0.06772778246916267,bull,0.17364179735818652,2026-09-29,True,True,False,OK,,,TEAM,TEAM,Software - Application,True,True
ZETA,ZETA GLOBAL,ZETA,28.97249984741211,USD,37.701989480573886,23.61,8.58,BUY,24.9,31.9,46.3,24.7,Zyklus-neutral,-3.92,30.196,0.0,160941248.0,3953812480.0,1224702976.0,4.07,25.7,-1.86,23.84,3.011,83.76,"[51.4, 0.0, 0.0, 95.27, 53.49]",17.743103,76.4,HIGH,"{""coverage"": 1.0, ""confluence"": 0.6, ""risk_clean"": 0.6666666666666666, ""regime_align"": 0.9616199910317558, ""liquidity"": 0.3873873873873874, ""weights"": {""coverage"": 0.25, ""confluence"": 0.25, ""risk_clean"": 0.2, ""regime_align"": 0.2, ""liquidity"": 0.1}}",US98956A1051,ZETA,ZETA,Medien & Digitales 📱,20.1,0.6643516085405409,0.36063068095319195,0.4036885074504244,5872175.4,170131600.88047716,21.06056248664856,0.37567550086942636,bull,0.06772778246916267,bull,0.17364179735818652,2026-09-29,0.3629909529224342,Technology,Software - Infrastructure,United States,USD,-0.06036538062855756,37.701989480573886,24.7,stock,S2 Gehirn,pillar,85.0,manual thematic assignment after stack redesign,"ai, semis, software",51.45,46.84,,bull,stock,,,,0.06772778246916267,ZETA,ZETA GLOBAL,US98956A1051,ZETA,ZETA,Medien & Digitales 📱,Technology,Software - Infrastructure,United States,USD,28.97249984741211,20.1,37.701989480573886,23.61,8.58,76.4,BUY,46.3,Zyklus-neutral,0.3629909529224342,0.37567550086942636,21.06056248664856,0.6643516085405409,0.36063068095319195,0.4036885074504244,5872175.4,170131600.88047716,bull,0.06772778246916267,bull,0.17364179735818652,2026-09-29,True,True,False,OK,,,ZETA,ZETA,Software - Infrastructure,True,True
SGM.AX,Sims Limited,SGM.AX,23.860000610351562,AUD,79.49658641856621,23.22,,,,,,,,,,,,,,,,,,,,,,57.7,MED,"{""coverage"": 1.0, ""confluence"": 0.0, ""risk_clean"": 1.0, ""regime_align"": 0.5646223146223146, ""liquidity"": 0.13963963963963966, ""weights"": {""coverage"": 0.25, ""confluence"": 0.25, ""risk_clean"": 0.2, ""regime_align"": 0.2, ""liquidity"": 0.1}}",AU000000SGM7,SGM.AX,SGM.AX,Recycling,,0.3842928445010546,0.2715937226569029,0.24408133141311805,719231.85,17160872.379984282,22.55011492729187,0.058087760851026626,bull,0.06772778246916267,bull,0.17364179735818652,2026-09-29,-0.10185954623566362,Industrials,Waste Management,Australia,AUD,-0.04154310874617817,79.49658641856621,0.0,stock,S5 Recycling,pillar,84.0,manual gap-filling addition for metals recycling exposure,"recycling, urban mining",49.69,43.21,,bull,stock,,,,0.06772778246916267,SGM.AX,Sims Limited,AU000000SGM7,SGM.AX,SGM.AX,Recycling,Industrials,Waste Management,Australia,AUD,23.860000610351562,,79.49658641856621,23.22,,57.7,,,,-0.10185954623566362,0.058087760851026626,22.55011492729187,0.3842928445010546,0.2715937226569029,0.24408133141311805,719231.85,17160872.379984282,bull,0.06772778246916267,bull,0.17364179735818652,2026-09-29,True,True,False,OK,,,SGM.AX,SGM.AX,Waste Management,True,True
AUTO.OL,AUTOSTORE HOLDINGS,AUTO.OL,15.609999656677246,NOK,73.34813390667463,23.0,0.0,Seitwärts,0.0,0.0,53.0,43.6,Zyklus-neutral,5.71,35.222,0.0,163850000.0,39791874048.0,523800000.0,0.41,-3.6,15.48,11.88,4.24,95.1,"[0.0, 11.42, 0.0, 56.35, 8.19]",28.716442,77.6,HIGH,"{""coverage"": 1.0, ""confluence"": 0.4, ""risk_clean"": 1.0, ""regime_align"": 0.9322999470058293, ""liquidity"": 0.39639639639639634, ""weights"": {""coverage"": 0.25, ""confluence"": 0.25, ""risk_clean"": 0.2, ""regime_align"": 0.2, ""liquidity"": 0.1}}",BMG0670A1099,AUTO.OL,AUTO.OL,Hardware 💻,11.83,0.5627783840160263,0.2807540455951507,0.3009188498396024,11115467.55,173512444.63930708,12.334425010681151,0.26556362725944416,bull,0.06772778246916267,bull,0.17364179735818652,2026-09-29,0.20188969535752888,Technology,Computer Hardware,Norway,NOK,-0.4464326985722633,73.34813390667463,43.6,stock,S1 Hardware,pillar,85.0,manual thematic assignment after stack redesign,"robotics, automation, devices",50.19,45.84,,bull,stock,,,,0.06772778246916267,AUTO.OL,AUTOSTORE HOLDINGS,BMG0670A1099,AUTO.OL,AUTO.OL,Hardware 💻,Technology,Computer Hardware,Norway,NOK,15.609999656677246,11.83,73.34813390667463,23.0,0.0,77.6,Seitwärts,53.0,Zyklus-neutral,0.20188969535752888,0.26556362725944416,12.334425010681151,0.5627783840160263,0.2807540455951507,0.3009188498396024,11115467.55,173512444.63930708,bull,0.06772778246916267,bull,0.17364179735818652,2026-09-29,True,True,False,OK,,,AUTO.OL,AUTO.OL,Computer Hardware,True,True
UMI.BR,UMICORE,UMI.BR,21.100000381469727,EUR,45.47467614310952,23.0,0.0,Seitwärts,0.0,0.0,68.0,0.0,Zyklus-Tief,7.19,142.464,258.0,972513728.0,6383084544.0,16115299328.0,15.24,16.8,0.8,17.6,1.385,41.43,"[33.6, 14.38, 0.0, 100.0, 14.62]",14.204213,52.1,MED,"{""coverage"": 1.0, ""confluence"": 0.0, ""risk_clean"": 0.6666666666666666, ""regime_align"": 0.6456830133300722, ""liquidity"": 0.08108108108108114, ""weights"": {""coverage"": 0.25, ""confluence"": 0.25, ""risk_clean"": 0.2, ""regime_align"": 0.2, ""liquidity"": 0.1}}",BE0974320526,UMI.BR,UMI.BR,Recycling,21.36,0.47000384225273156,0.30953589454849856,0.28724392656859776,374501.35,7901978.627860927,20.200039262771607,0.04455244403196468,bull,0.06772778246916267,bull,0.17364179735818652,2026-09-29,-0.005946935686719668,Industrials,Waste Management,Belgium,EUR,0.09487883223937565,45.47467614310952,0.0,stock,S5 Recycling,pillar,83.0,manual thematic assignment after stack redesign,"recycling, urban mining",52.53,53.07,,bull,stock,,,,0.06772778246916267,UMI.BR,UMICORE,BE0974320526,UMI.BR,UMI.BR,Recycling,Industrials,Waste Management,Belgium,EUR,21.100000381469727,21.36,45.47467614310952,23.0,0.0,52.1,Seitwärts,68.0,Zyklus-Tief,-0.005946935686719668,0.04455244403196468,20.200039262771607,0.47000384225273156,0.30953589454849856,0.28724392656859776,374501.35,7901978.627860927,bull,0.06772778246916267,bull,0.17364179735818652,2026-09-29,True,True,False,OK,,,UMI.BR,UMI.BR,Waste Management,True,True
8035.T,Tokyo Electron Limited,8035.T,11505.0,JPY,126.79571489252628,22.75,,,,,,,,,,,,,,,,,,,,,,64.7,MED,"{""coverage"": 1.0, ""confluence"": 0.2, ""risk_clean"": 0.6666666666666666, ""regime_align"": 0.5831091272267743, ""liquidity"": 0.972972972972973, ""weights"": {""coverage"": 0.25, ""confluence"": 0.25, ""risk_clean"": 0.2, ""regime_align"": 0.2, ""liquidity"": 0.1}}",JP3571400005,8035.T,8035.T,,,0.5732556057377259,0.3492783486302607,0.3654822097306196,15480655.0,178104935775.0,9561.8033984375,0.2032249064941074,bull,0.06772778246916267,bull,0.17364179735818652,2026-09-29,-0.1927772201939294,Technology,Semiconductor Equipment & Materials,Japan,JPY,5.7444852941176405,126.79571489252628,0.0,stock,S2 Gehirn,pillar,85.0,manual thematic assignment after stack redesign,"ai, semis, software",49.54,44.98,,bull,stock,,,,0.06772778246916267,8035.T,Tokyo Electron Limited,JP3571400005,8035.T,8035.T,,Technology,Semiconductor Equipment & Materials,Japan,JPY,11505.0,,126.79571489252628,22.75,,64.7,,,,-0.1927772201939294,0.2032249064941074,9561.8033984375,0.5732556057377259,0.3492783486302607,0.3654822097306196,15480655.0,178104935775.0,bull,0.06772778246916267,bull,0.17364179735818652,2026-09-29,True,True,False,OK,,,8035.T,8035.T,Semiconductor Equipment & Materials,True,True
NBIS,NEBIUS GROUP N.V.,NBIS,237.47250366210938,USD,115.45318547637962,22.19,,,,,,,,,,,,,,,,,,,,,,68.2,MED,"{""coverage"": 1.0, ""confluence"": 0.2, ""risk_clean"": 0.6666666666666666, ""regime_align"": 0.8062247768130122, ""liquidity"": 0.8783783783783784, ""weights"": {""coverage"": 0.25, ""confluence"": 0.25, ""risk_clean"": 0.2, ""regime_align"": 0.2, ""liquidity"": 0.1}}",NL0009805522,NBIS,NBIS,Tech 💻,,1.0903037367790578,0.5589322161265459,0.4829955702728198,15166623.5,3601656054.645584,165.50083786010742,0.4348719120252267,bull,0.06772778246916267,bull,0.17364179735818652,2026-09-29,0.0089392440896785,Communication Services,Internet Content & Information,Netherlands,USD,2.41180725441299,115.45318547637962,0.0,stock,S2 Gehirn,pillar,85.0,manual thematic assignment after stack redesign,"ai, semis, software",53.84,60.99,,bull,stock,,,,0.06772778246916267,NBIS,NEBIUS GROUP N.V.,NL0009805522,NBIS,NBIS,Tech 💻,Communication Services,Internet Content & Information,Netherlands,USD,237.47250366210938,,115.45318547637962,22.19,,68.2,,,,0.0089392440896785,0.4348719120252267,165.50083786010742,1.0903037367790578,0.5589322161265459,0.4829955702728198,15166623.5,3601656054.645584,bull,0.06772778246916267,bull,0.17364179735818652,2026-09-29,True,True,False,OK,,,NBIS,NBIS,Internet Content & Information,True,True
ADA-USD,Cardano,ADA-USD,0.24305999279022217,USD,-69.8734645172272,21.65,,,,,,,,,,,,,,,,,,,,,,62.5,MED,"{""coverage"": 1.0, ""confluence"": 0.4, ""risk_clean"": 0.3333333333333333, ""regime_align"": 0.8576800782683136, ""liquidity"": 0.3648648648648649, ""weights"": {""coverage"": 0.25, ""confluence"": 0.25, ""risk_clean"": 0.2, ""regime_align"": 0.2, ""liquidity"": 0.1}}",,ADA-USD,ADA-USD,,,0.6585213066469058,0.41234236330492513,0.8354824876107952,576868917.75,140213754.98921826,0.21381001986563206,0.1368035648795698,bull,0.06772778246916267,bull,0.17364179735818652,2026-09-29,0.19267424059690108,Cryptocurrency,Digital Currency,Global,USD,-1.6445220095185675,-69.8734645172272,0.0,crypto,S21 Finanzsystem,pillar,83.0,manual thematic assignment after stack redesign,"payments, exchanges, capital markets, crypto",55.25,67.91,,bull,crypto,,,,0.17364179735818652,ADA-USD,Cardano,,ADA-USD,ADA-USD,,Cryptocurrency,Digital Currency,Global,USD,0.24305999279022217,,-69.8734645172272,21.65,,62.5,,,,0.19267424059690108,0.1368035648795698,0.21381001986563206,0.6585213066469058,0.41234236330492513,0.8354824876107952,576868917.75,140213754.98921826,bull,0.06772778246916267,bull,0.17364179735818652,2026-09-29,True,True,True,OK,ADA,USD,CRYPTO:ADA,ADA,Krypto,True,True
AMAT,"Applied Materials, Inc.",AMAT,512.530029296875,USD,151.45880412842848,21.36,,,,,,,,,,,,,,,,,,,,,,63.3,MED,"{""coverage"": 1.0, ""confluence"": 0.2, ""risk_clean"": 0.6666666666666666, ""regime_align"": 0.5606069870775753, ""liquidity"": 0.8738738738738738, ""weights"": {""coverage"": 0.25, ""confluence"": 0.25, ""risk_clean"": 0.2, ""regime_align"": 0.2, ""liquidity"": 0.1}}",US0382221051,AMAT,AMAT,,,0.6005835001965636,0.3772157187451182,0.4248628346251607,6324579.65,3241536993.3049197,422.99579475402834,0.21166696135811636,bull,0.06772778246916267,bull,0.17364179735818652,2026-09-29,-0.23899673341748373,Technology,Semiconductor Equipment & Materials,United States,USD,5.2941940615989225,151.45880412842848,0.0,stock,S2 Gehirn,pillar,85.0,manual thematic assignment after stack redesign,"ai, semis, software",49.06,50.15,,bull,stock,,,,0.06772778246916267,AMAT,"Applied Materials, Inc.",US0382221051,AMAT,AMAT,,Technology,Semiconductor Equipment & Materials,United States,USD,512.530029296875,,151.45880412842848,21.36,,63.3,,,,-0.23899673341748373,0.21166696135811636,422.99579475402834,0.6005835001965636,0.3772157187451182,0.4248628346251607,6324579.65,3241536993.3049197,bull,0.06772778246916267,bull,0.17364179735818652,2026-09-29,True,True,False,OK,,,AMAT,AMAT,Semiconductor Equipment & Materials,True,True
LRCX,Lam Research Corporation,LRCX,323.864990234375,,148.19658041200404,21.21,,,,,,,,,,,,,,,,,,,,,,63.4,MED,"{""coverage"": 1.0, ""confluence"": 0.2, ""risk_clean"": 0.6666666666666666, ""regime_align"": 0.5718274835921895, ""liquidity"": 0.8603603603603603, ""weights"": {""coverage"": 0.25, ""confluence"": 0.25, ""risk_clean"": 0.2, ""regime_align"": 0.2, ""liquidity"": 0.1}}",US5128073062,LRCX,LRCX,,,0.6498013100371756,0.3985695604454249,0.41764934428507483,9265094.75,3000639820.729309,271.99325233459473,0.19070964979664207,bull,0.06772778246916267,bull,0.17364179735818652,2026-09-29,-0.19861607683993576,Technology,Semiconductor Equipment & Materials,United States,,2.987562876332439,148.19658041200404,0.0,stock,S2 Gehirn,pillar,85.0,manual thematic assignment after stack redesign,"ai, semis, software",49.33,51.69,,bull,stock,,,,0.06772778246916267,LRCX,Lam Research Corporation,US5128073062,LRCX,LRCX,,Technology,Semiconductor Equipment & Materials,United States,,323.864990234375,,148.19658041200404,21.21,,63.4,,,,-0.19861607683993576,0.19070964979664207,271.99325233459473,0.6498013100371756,0.3985695604454249,0.41764934428507483,9265094.75,3000639820.729309,bull,0.06772778246916267,bull,0.17364179735818652,2026-09-29,True,True,False,OK,,,LRCX,LRCX,Semiconductor Equipment & Materials,True,True
XYZ,BLOCK INC. A,XYZ,74.2699966430664,USD,-1.4856118260372586,20.92,0.0,Seitwärts,0.0,0.0,41.0,35.8,Zyklus-neutral,14.69,36.049,0.0,241061248.0,34101551104.0,23973765120.0,0.71,2.3,13.08,15.38,2.183,81.62,"[4.6, 29.38, 0.0, 64.15, 39.94]",17.737028,62.2,MED,"{""coverage"": 1.0, ""confluence"": 0.0, ""risk_clean"": 1.0, ""regime_align"": 0.6074252986017692, ""liquidity"": 0.509009009009009, ""weights"": {""coverage"": 0.25, ""confluence"": 0.25, ""risk_clean"": 0.2, ""regime_align"": 0.2, ""liquidity"": 0.1}}",US8522341036,XYZ,XYZ,Fintech,64.75,0.47191487596234255,0.3084385160266935,0.39477253380364496,3923593.4,291405268.6467575,69.98864967346191,0.0611720184569855,bull,0.06772778246916267,bull,0.17364179735818652,2026-09-29,-0.06432441768676844,Technology,Software - Infrastructure,United States,USD,1.3095063653567385,-1.4856118260372586,35.8,stock,S21 Finanzsystem,pillar,83.0,manual thematic assignment after stack redesign,"payments, exchanges, capital markets, crypto",47.06,46.05,,bull,stock,,,,0.06772778246916267,XYZ,BLOCK INC. A,US8522341036,XYZ,XYZ,Fintech,Technology,Software - Infrastructure,United States,USD,74.2699966430664,64.75,-1.4856118260372586,20.92,0.0,62.2,Seitwärts,41.0,Zyklus-neutral,-0.06432441768676844,0.0611720184569855,69.98864967346191,0.47191487596234255,0.3084385160266935,0.39477253380364496,3923593.4,291405268.6467575,bull,0.06772778246916267,bull,0.17364179735818652,2026-09-29,True,True,False,OK,,,XYZ,XYZ,Software - Infrastructure,True,True
CGNX,COGNEX CORP.,CGNX,59.58000183105469,USD,31.648391088576886,20.76,1.15,BUY,42.33,48.59,56.8,94.1,Zyklus-Hoch,7.21,5.298,78.0,180942256.0,7082582016.0,971705024.0,2.55,18.0,11.33,29.33,3.964,100.6,"[36.0, 14.42, 0.0, 25.87, 10.85]",38.553066,56.5,MED,"{""coverage"": 1.0, ""confluence"": 0.2, ""risk_clean"": 0.6666666666666666, ""regime_align"": 0.4993783376136317, ""liquidity"": 0.3153153153153153, ""weights"": {""coverage"": 0.25, ""confluence"": 0.25, ""risk_clean"": 0.2, ""regime_align"": 0.2, ""liquidity"": 0.1}}",US1924221039,CGNX,CGNX,Hardware 💻,39.72,0.5912880290336415,0.33502034581972967,0.27864217475145925,1487983.85,88654080.5075798,55.24182151794434,0.07853072534368133,bull,0.06772778246916267,bull,0.17364179735818652,2026-09-29,-0.19056432453386662,Technology,Scientific & Technical Instruments,United States,USD,1.4127690741356336,31.648391088576886,94.1,stock,S1 Hardware,pillar,85.0,manual thematic assignment after stack redesign,"robotics, automation, devices",44.83,39.89,,bull,stock,,,,0.06772778246916267,CGNX,COGNEX CORP.,US1924221039,CGNX,CGNX,Hardware 💻,Technology,Scientific & Technical Instruments,United States,USD,59.58000183105469,39.72,31.648391088576886,20.76,1.15,56.5,BUY,56.8,Zyklus-Hoch,-0.19056432453386662,0.07853072534368133,55.24182151794434,0.5912880290336415,0.33502034581972967,0.27864217475145925,1487983.85,88654080.5075798,bull,0.06772778246916267,bull,0.17364179735818652,2026-09-29,True,True,False,OK,,,CGNX,CGNX,Scientific & Technical Instruments,True,True
DOGE-EUR,DOGECOIN (KRYPTO),DOGE-EUR,0.08252999931573868,EUR,-58.81263900329834,20.42,,,,,,,,,,,,,,,,,,,,,,59.3,MED,"{""coverage"": 1.0, ""confluence"": 0.4, ""risk_clean"": 0.3333333333333333, ""regime_align"": 0.7201092495210142, ""liquidity"": 0.3198198198198199, ""weights"": {""coverage"": 0.25, ""confluence"": 0.25, ""risk_clean"": 0.2, ""regime_align"": 0.2, ""liquidity"": 0.1}}",,DOGE-EUR,DOGE-EUR,Krypto 🪙,,0.5983588906800977,0.4021415765739352,0.736780551164093,1077755785.9,88947184.27286041,0.07593423986807465,0.08686146669965034,bull,0.06772778246916267,bull,0.17364179735818652,2026-09-29,0.04297107319682669,Cryptocurrency,Digital Currency,Global,EUR,-0.03391468102286188,-58.81263900329834,0.0,crypto,Playground,playground,70.0,manual thematic assignment after stack redesign,"speculation, high volatility, optionality",52.71,65.91,,bull,stock,,,,0.06772778246916267,DOGE-EUR,DOGECOIN (KRYPTO),,DOGE-EUR,DOGE-EUR,Krypto 🪙,Cryptocurrency,Digital Currency,Global,EUR,0.08252999931573868,,-58.81263900329834,20.42,,59.3,,,,0.04297107319682669,0.08686146669965034,0.07593423986807465,0.5983588906800977,0.4021415765739352,0.736780551164093,1077755785.9,88947184.27286041,bull,0.06772778246916267,bull,0.17364179735818652,2026-09-29,True,True,True,OK,DOGE,EUR,CRYPTO:DOGE,DOGE,Krypto,True,True
UNH,UNITEDHEALTH,UNH,374.6300048828125,USD,11.421712204866985,20.35,0.0,Seitwärts,0.0,0.0,33.6,26.5,Zyklus-neutral,12.54,77.08,324.0,15929249792.0,300506185728.0,447567003648.0,5.3,12.3,2.69,14.99,0.788,83.33,"[24.6, 25.08, 0.0, 73.53, 34.9]",13.6433325,62.0,MED,"{""coverage"": 1.0, ""confluence"": 0.2, ""risk_clean"": 0.6666666666666666, ""regime_align"": 0.5196180343239167, ""liquidity"": 0.8243243243243243, ""weights"": {""coverage"": 0.25, ""confluence"": 0.25, ""risk_clean"": 0.2, ""regime_align"": 0.2, ""liquidity"": 0.1}}",US91324P1021,UNH,UNH,Pharma & Gesundheit,281.25,0.343980078040382,0.2906393181379323,0.2896065899080599,5055457.7,1893926142.8358521,352.03310241699216,0.06418970917983091,bull,0.06772778246916267,bull,0.17364179735818652,2026-09-29,-0.143536148347865,Healthcare,Healthcare Plans,United States,USD,-0.8469369301478347,11.421712204866985,26.5,stock,S13 Gesundheit,pillar,82.0,manual thematic assignment after stack redesign,"healthcare, pharma, medtech",43.39,37.41,,bull,stock,,,,0.06772778246916267,UNH,UNITEDHEALTH,US91324P1021,UNH,UNH,Pharma & Gesundheit,Healthcare,Healthcare Plans,United States,USD,374.6300048828125,281.25,11.421712204866985,20.35,0.0,62.0,Seitwärts,33.6,Zyklus-neutral,-0.143536148347865,0.06418970917983091,352.03310241699216,0.343980078040382,0.2906393181379323,0.2896065899080599,5055457.7,1893926142.8358521,bull,0.06772778246916267,bull,0.17364179735818652,2026-09-29,True,True,False,OK,,,UNH,UNH,Healthcare Plans,True,True
005930.KS,"Samsung Electronics Co., Ltd.",005930.KS,272500.0,KRW,226.2399526652766,20.2,,,,,,,,,,,,,,,,,,,,,,64.0,MED,"{""coverage"": 1.0, ""confluence"": 0.2, ""risk_clean"": 0.6666666666666666, ""regime_align"": 0.5426195426195426, ""liquidity"": 0.9819819819819819, ""weights"": {""coverage"": 0.25, ""confluence"": 0.25, ""risk_clean"": 0.2, ""regime_align"": 0.2, ""liquidity"": 0.1}}",KR7005930003,005930.KS,005930.KS,,,0.7658988097412109,0.5102031436092364,0.42833575022000525,16964603.1,4622854344750.0,223831.4075390625,0.21743415276716238,bull,0.06772778246916267,bull,0.17364179735818652,2026-09-29,-0.2823262172934361,Technology,Semiconductors,South Korea,KRW,0.92592592592593,226.2399526652766,0.0,stock,S2 Gehirn,pillar,85.0,manual thematic assignment after stack redesign,"ai, semis, software",48.67,54.44,,bull,stock,,,,0.06772778246916267,005930.KS,"Samsung Electronics Co., Ltd.",KR7005930003,005930.KS,005930.KS,,Technology,Semiconductors,South Korea,KRW,272500.0,,226.2399526652766,20.2,,64.0,,,,-0.2823262172934361,0.21743415276716238,223831.4075390625,0.7658988097412109,0.5102031436092364,0.42833575022000525,16964603.1,4622854344750.0,bull,0.06772778246916267,bull,0.17364179735818652,2026-09-29,True,True,False,OK,,,005930.KS,005930.KS,Semiconductors,True,True
KLAC,KLA Corporation,KLAC,196.52999877929688,,85.68237258078271,19.73,,,,,,,,,,,,,,,,,,,,,,60.8,MED,"{""coverage"": 1.0, ""confluence"": 0.2, ""risk_clean"": 0.6666666666666666, ""regime_align"": 0.4634442134442135, ""liquidity"": 0.8153153153153153, ""weights"": {""coverage"": 0.25, ""confluence"": 0.25, ""risk_clean"": 0.2, ""regime_align"": 0.2, ""liquidity"": 0.1}}",US4824801009,KLAC,KLAC,,,0.6075006353419857,0.4391427236356209,0.44466815138541516,9492141.2,1865490498.4489133,176.32177284240723,0.114609929398517,bull,0.06772778246916267,bull,0.17364179735818652,2026-09-29,-0.2881025114849144,Technology,Semiconductor Equipment & Materials,United States,,3.890680700741167,85.68237258078271,0.0,stock,S2 Gehirn,pillar,85.0,manual thematic assignment after stack redesign,"ai, semis, software",47.47,53.0,,bull,stock,,,,0.06772778246916267,KLAC,KLA Corporation,US4824801009,KLAC,KLAC,,Technology,Semiconductor Equipment & Materials,United States,,196.52999877929688,,85.68237258078271,19.73,,60.8,,,,-0.2881025114849144,0.114609929398517,176.32177284240723,0.6075006353419857,0.4391427236356209,0.44466815138541516,9492141.2,1865490498.4489133,bull,0.06772778246916267,bull,0.17364179735818652,2026-09-29,True,True,False,OK,,,KLAC,KLAC,Semiconductor Equipment & Materials,True,True
BAYN.DE,BAYER AG,BAYN.DE,48.880001068115234,EUR,76.87193830738997,19.39,0.0,Seitwärts,0.0,0.0,75.2,6.7,Zyklus-Tief,-0.57,133.457,24.0,5172499968.0,77877329920.0,45866000384.0,6.64,-3.1,-0.43,-3.53,1.136,53.31,"[0.0, 0.0, 0.0, 93.29, 15.79]",9.665203,60.6,MED,"{""coverage"": 1.0, ""confluence"": 0.2, ""risk_clean"": 0.6666666666666666, ""regime_align"": 0.693316619787208, ""liquidity"": 0.33783783783783783, ""weights"": {""coverage"": 0.25, ""confluence"": 0.25, ""risk_clean"": 0.2, ""regime_align"": 0.2, ""liquidity"": 0.1}}",DE000BAY0017,BAYN.DE,BAYN.DE,Pharma & Gesundheit,46.74,0.42311325013199613,0.2000643419038755,0.3065455353648504,2211045.2,108075891.73765106,42.75999959945679,0.14312445102867088,bull,0.06772778246916267,bull,0.17364179735818652,2026-09-29,-0.02969311213020487,Healthcare,Drug Manufacturers - General,Germany,EUR,-3.779524011379509,76.87193830738997,6.7,stock,S13 Gesundheit,pillar,82.0,manual thematic assignment after stack redesign,"healthcare, pharma, medtech",44.6,45.74,,bull,stock,,,,0.06772778246916267,BAYN.DE,BAYER AG,DE000BAY0017,BAYN.DE,BAYN.DE,Pharma & Gesundheit,Healthcare,Drug Manufacturers - General,Germany,EUR,48.880001068115234,46.74,76.87193830738997,19.39,0.0,60.6,Seitwärts,75.2,Zyklus-Tief,-0.02969311213020487,0.14312445102867088,42.75999959945679,0.42311325013199613,0.2000643419038755,0.3065455353648504,2211045.2,108075891.73765106,bull,0.06772778246916267,bull,0.17364179735818652,2026-09-29,True,True,False,OK,,,BAYN.DE,BAYN.DE,Drug Manufacturers - General,True,True
SNOW,SNOWFLAKE INC. A,SNOW,330.6400146484375,USD,46.78801982172587,19.26,0.0,Seitwärts,0.0,0.0,48.8,55.9,Zyklus-neutral,-53.09,125.912,0.0,1285029632.0,61811384320.0,4386721792.0,2.08,28.7,-30.76,-2.06,1.367,76.66,"[57.4, 0.0, 0.0, 44.05, 1.67]",112.415726,67.2,MED,"{""coverage"": 1.0, ""confluence"": 0.6, ""risk_clean"": 0.0, ""regime_align"": 0.9503791121438181, ""liquidity"": 0.8153153153153153, ""weights"": {""coverage"": 0.25, ""confluence"": 0.25, ""risk_clean"": 0.2, ""regime_align"": 0.2, ""liquidity"": 0.1}}",US8334451098,SNOW,SNOW,Gehirn,212.77,0.65199190303339,0.36730984332950883,0.5630006703868291,5644918.0,1866435770.2092285,226.14329986572267,0.4620818518380245,bull,0.06772778246916267,bull,0.17364179735818652,2026-09-29,0.23865427806071682,Technology,Software - Application,United States,USD,0.7680176669361494,46.78801982172587,55.9,stock,S2 Gehirn,pillar,85.0,manual thematic assignment after stack redesign,"ai, semis, software",49.32,60.97,,bull,stock,,,,0.06772778246916267,SNOW,SNOWFLAKE INC. A,US8334451098,SNOW,SNOW,Gehirn,Technology,Software - Application,United States,USD,330.6400146484375,212.77,46.78801982172587,19.26,0.0,67.2,Seitwärts,48.8,Zyklus-neutral,0.23865427806071682,0.4620818518380245,226.14329986572267,0.65199190303339,0.36730984332950883,0.5630006703868291,5644918.0,1866435770.2092285,bull,0.06772778246916267,bull,0.17364179735818652,2026-09-29,True,True,False,OK,,,SNOW,SNOW,Software - Application,True,True
TEM,Tempus AI,TEM,82.57499694824219,USD,5.0973619307291385,19.02,0.0,Seitwärts,0.0,0.0,46.7,31.3,Zyklus-neutral,-72.61,263.048,0.0,-108350376.0,10517640192.0,1105257984.0,-1.03,84.7,-18.45,66.25,3.275,55.68,"[100.0, 0.0, 0.0, 68.71, 100.0]",-119.52941,65.3,MED,"{""coverage"": 1.0, ""confluence"": 0.6, ""risk_clean"": 0.0, ""regime_align"": 0.961650564591741, ""liquidity"": 0.6081081081081081, ""weights"": {""coverage"": 0.25, ""confluence"": 0.25, ""risk_clean"": 0.2, ""regime_align"": 0.2, ""liquidity"": 0.1}}",US88023B1035,TEM,TEM,Pharma 🧪,,0.7360098528062679,0.36373958210557505,0.5975786998831909,6876673.25,567841272.6328087,56.338074836730954,0.4657049817116834,bull,0.06772778246916267,bull,0.17364179735818652,2026-09-29,0.3132590760803715,Healthcare,Health Information Services,United States,USD,-2.9442934049140557,5.0973619307291385,31.3,stock,S13 Gesundheit,pillar,82.0,manual thematic assignment after stack redesign,"healthcare, pharma, medtech",50.59,66.0,,bull,stock,,,,0.06772778246916267,TEM,Tempus AI,US88023B1035,TEM,TEM,Pharma 🧪,Healthcare,Health Information Services,United States,USD,82.57499694824219,,5.0973619307291385,19.02,0.0,65.3,Seitwärts,46.7,Zyklus-neutral,0.3132590760803715,0.4657049817116834,56.338074836730954,0.7360098528062679,0.36373958210557505,0.5975786998831909,6876673.25,567841272.6328087,bull,0.06772778246916267,bull,0.17364179735818652,2026-09-29,True,True,False,OK,,,TEM,TEM,Health Information Services,True,True
OGN,ORGANON + CO.,OGN,13.75,USD,33.93316551186061,18.91,0.0,Seitwärts,0.0,0.0,37.4,0.0,Zyklus-Tief,71.62,974.393,102.0,394000000.0,10186466304.0,6301000192.0,3.87,1.3,7.95,9.25,1.754,76.86,"[2.6, 100.0, 0.0, 100.0, 33.89]",2.035662,58.9,MED,"{""coverage"": 1.0, ""confluence"": 0.4, ""risk_clean"": 0.3333333333333333, ""regime_align"": 0.7724104194692429, ""liquidity"": 0.17567567567567566, ""weights"": {""coverage"": 0.25, ""confluence"": 0.25, ""risk_clean"": 0.2, ""regime_align"": 0.2, ""liquidity"": 0.1}}",US68622V1061,OGN,OGN,Pharma & Gesundheit,8.98,0.6571526697380834,0.42797643685086123,0.4796104013142062,2611273.9,35905016.125,10.767879767417908,0.27694590736475067,bull,0.06772778246916267,bull,0.17364179735818652,2026-09-29,-0.009500387187087567,Healthcare,Drug Manufacturers - General,United States,USD,0.14566976278582722,33.93316551186061,0.0,stock,S13 Gesundheit,pillar,82.0,manual thematic assignment after stack redesign,"healthcare, pharma, medtech",51.27,68.65,,bull,stock,,,,0.06772778246916267,OGN,ORGANON + CO.,US68622V1061,OGN,OGN,Pharma & Gesundheit,Healthcare,Drug Manufacturers - General,United States,USD,13.75,8.98,33.93316551186061,18.91,0.0,58.9,Seitwärts,37.4,Zyklus-Tief,-0.009500387187087567,0.27694590736475067,10.767879767417908,0.6571526697380834,0.42797643685086123,0.4796104013142062,2611273.9,35905016.125,bull,0.06772778246916267,bull,0.17364179735818652,2026-09-29,True,True,False,OK,,,OGN,OGN,Drug Manufacturers - General,True,True
OXY,OCCIDENTAL PET.,OXY,54.974998474121094,USD,16.568924408618415,18.77,1.07,BUY,46.95,51.24,47.2,75.7,Zyklus-neutral,5.96,62.221,206.0,3033125120.0,75094687744.0,26601000960.0,4.04,-7.7,8.17,0.47,0.935,51.31,"[0.0, 11.92, 0.0, 44.3, 7.41]",41.212414,70.8,MED,"{""coverage"": 1.0, ""confluence"": 0.2, ""risk_clean"": 1.0, ""regime_align"": 0.7447413476825242, ""liquidity"": 0.5900900900900901, ""weights"": {""coverage"": 0.25, ""confluence"": 0.25, ""risk_clean"": 0.2, ""regime_align"": 0.2, ""liquidity"": 0.1}}",US6745991058,OXY,OXY,Energie,44.53,0.35775552432055374,0.23658319979592082,0.2729251994841223,8780561.05,482711330.32567716,53.34118516921997,0.030629490134461923,bull,0.06772778246916267,bull,0.17364179735818652,2026-09-29,0.12476379464407938,Energy,Oil & Gas E&P,United States,USD,-2.005347648126876,16.568924408618415,75.7,stock,S3 Energie,pillar,82.0,manual thematic assignment after stack redesign,"energy, grid, electrification",39.18,31.9,,bull,stock,,,,0.06772778246916267,OXY,OCCIDENTAL PET.,US6745991058,OXY,OXY,Energie,Energy,Oil & Gas E&P,United States,USD,54.974998474121094,44.53,16.568924408618415,18.77,1.07,70.8,BUY,47.2,Zyklus-neutral,0.12476379464407938,0.030629490134461923,53.34118516921997,0.35775552432055374,0.23658319979592082,0.2729251994841223,8780561.05,482711330.32567716,bull,0.06772778246916267,bull,0.17364179735818652,2026-09-29,True,True,False,OK,,,OXY,OXY,Oil & Gas E&P,True,True
6861.T,KEYENCE CORP.,6861.T,79480.0,JPY,47.804039758772966,18.75,0.0,Seitwärts,0.0,0.0,45.7,38.5,Zyklus-neutral,0.0,100.0,97.0,0.0,12400190291968.0,1118560059392.0,0.0,0.0,0.0,0.0,13.552,35.37,"[0.0, 0.0, 0.0, 61.55, 21.55]",30.325748,67.7,MED,"{""coverage"": 1.0, ""confluence"": 0.2, ""risk_clean"": 0.6666666666666666, ""regime_align"": 0.7361705596999715, ""liquidity"": 0.963963963963964, ""weights"": {""coverage"": 0.25, ""confluence"": 0.25, ""risk_clean"": 0.2, ""regime_align"": 0.2, ""liquidity"": 0.1}}",JP3236200006,6861.T,6861.T,Hardware 💻,58890.0,0.4128914969159687,0.223491421365468,0.179230282939153,570865.0,45372350200.0,68418.943359375,0.16166658088427455,bull,0.06772778246916267,bull,0.17364179735818652,2026-09-29,-0.005448563275561424,Technology,Scientific & Technical Instruments,Japan,JPY,1.2484076433121105,47.804039758772966,38.5,stock,S1 Hardware,pillar,85.0,manual thematic assignment after stack redesign,"robotics, automation, devices",39.54,33.1,,bull,stock,,,,0.06772778246916267,6861.T,KEYENCE CORP.,JP3236200006,6861.T,6861.T,Hardware 💻,Technology,Scientific & Technical Instruments,Japan,JPY,79480.0,58890.0,47.804039758772966,18.75,0.0,67.7,Seitwärts,45.7,Zyklus-neutral,-0.005448563275561424,0.16166658088427455,68418.943359375,0.4128914969159687,0.223491421365468,0.179230282939153,570865.0,45372350200.0,bull,0.06772778246916267,bull,0.17364179735818652,2026-09-29,True,True,False,OK,,,6861.T,6861.T,Scientific & Technical Instruments,True,True
IFX.DE,INFINEON TECH.,IFX.DE,59.29999923706055,EUR,80.86047864480925,18.02,0.0,Seitwärts,0.0,0.0,57.6,40.9,Zyklus-neutral,5.71,41.673,83.0,1671250048.0,61230231552.0,14899999744.0,2.73,7.0,6.88,13.88,1.721,55.03,"[14.0, 11.42, 0.0, 59.12, 22.1]",18.915174,63.4,MED,"{""coverage"": 1.0, ""confluence"": 0.2, ""risk_clean"": 1.0, ""regime_align"": 0.4453039011862541, ""liquidity"": 0.44594594594594594, ""weights"": {""coverage"": 0.25, ""confluence"": 0.25, ""risk_clean"": 0.2, ""regime_align"": 0.2, ""liquidity"": 0.1}}",DE0006231004,IFX.DE,IFX.DE,Gehirn,42.32,0.5269232228314823,0.3256854916840183,0.3859090805053711,3819462.55,226494126.3009813,55.16141807556152,0.07502673618415479,bull,0.06772778246916267,bull,0.17364179735818652,2026-09-29,-0.2660118298756343,Technology,Semiconductors,Germany,EUR,4.825878658235361,80.86047864480925,40.9,stock,S2 Gehirn,pillar,85.0,manual thematic assignment after stack redesign,"ai, semis, software",43.8,49.76,,bull,stock,,,,0.06772778246916267,IFX.DE,INFINEON TECH.,DE0006231004,IFX.DE,IFX.DE,Gehirn,Technology,Semiconductors,Germany,EUR,59.29999923706055,42.32,80.86047864480925,18.02,0.0,63.4,Seitwärts,57.6,Zyklus-neutral,-0.2660118298756343,0.07502673618415479,55.16141807556152,0.5269232228314823,0.3256854916840183,0.3859090805053711,3819462.55,226494126.3009813,bull,0.06772778246916267,bull,0.17364179735818652,2026-09-29,True,True,False,OK,,,IFX.DE,IFX.DE,Semiconductors,True,True
000660.KS,SK hynix Inc.,000660.KS,1765000.0,KRW,407.2214850687124,17.94,,,,,,,,,,,,,,,,,,,,,,56.3,MED,"{""coverage"": 1.0, ""confluence"": 0.2, ""risk_clean"": 0.3333333333333333, ""regime_align"": 0.4863336186865599, ""liquidity"": 0.9864864864864865, ""weights"": {""coverage"": 0.25, ""confluence"": 0.25, ""risk_clean"": 0.2, ""regime_align"": 0.2, ""liquidity"": 0.1}}",KR7000660001,000660.KS,000660.KS,,,0.9201596512894056,0.6016297497125772,0.5471051921241235,3269664.4,5770957666000.0,1398642.813125,0.2619376322797131,bull,0.06772778246916267,bull,0.17364179735818652,2026-09-29,-0.4380712031856365,Technology,Semiconductors,South Korea,KRW,-0.16968325791855143,407.2214850687124,0.0,stock,S2 Gehirn,pillar,85.0,manual thematic assignment after stack redesign,"ai, semis, software",47.52,61.67,,bull,stock,,,,0.06772778246916267,000660.KS,SK hynix Inc.,KR7000660001,000660.KS,000660.KS,,Technology,Semiconductors,South Korea,KRW,1765000.0,,407.2214850687124,17.94,,56.3,,,,-0.4380712031856365,0.2619376322797131,1398642.813125,0.9201596512894056,0.6016297497125772,0.5471051921241235,3269664.4,5770957666000.0,bull,0.06772778246916267,bull,0.17364179735818652,2026-09-29,True,True,False,OK,,,000660.KS,000660.KS,Semiconductors,True,True
INOD,Innodata Inc.,INOD,67.19999694824219,USD,-11.509092984172176,17.7,,,,,,,,,,,,,,,,,,,,,,52.1,MED,"{""coverage"": 1.0, ""confluence"": 0.2, ""risk_clean"": 0.3333333333333333, ""regime_align"": 0.6052953405894582, ""liquidity"": 0.3288288288288288, ""weights"": {""coverage"": 0.25, ""confluence"": 0.25, ""risk_clean"": 0.2, ""regime_align"": 0.2, ""liquidity"": 0.1}}",US4576422053,INOD,INOD,Tech 💻,,1.1970479511831236,0.4858959451368901,0.6303251436805135,1428425.9,95990216.1207901,61.12400009155274,0.09940443766096307,bull,0.06772778246916267,bull,0.17364179735818652,2026-09-29,-0.09688289412507489,Technology,Information Technology Services,United States,USD,0.6138584025974003,-11.509092984172176,0.0,stock,S2 Gehirn,pillar,85.0,manual addition via ChatGPT,"ai, semis, software",50.35,71.55,,bull,stock,,,,0.06772778246916267,INOD,Innodata Inc.,US4576422053,INOD,INOD,Tech 💻,Technology,Information Technology Services,United States,USD,67.19999694824219,,-11.509092984172176,17.7,,52.1,,,,-0.09688289412507489,0.09940443766096307,61.12400009155274,1.1970479511831236,0.4858959451368901,0.6303251436805135,1428425.9,95990216.1207901,bull,0.06772778246916267,bull,0.17364179735818652,2026-09-29,True,True,False,OK,,,INOD,INOD,Information Technology Services,True,True
CNC,CENTENE CORP.,CNC,62.220001220703125,USD,76.71116966356774,16.64,0.0,Seitwärts,0.0,0.0,40.7,16.9,Zyklus-Tief,-28.68,86.762,0.0,5197749760.0,16662495232.0,176151003136.0,31.19,23.1,-3.79,19.31,1.1,96.84,"[46.2, 0.0, 0.0, 83.06, 26.02]",9.792917,66.0,MED,"{""coverage"": 1.0, ""confluence"": 0.4, ""risk_clean"": 0.6666666666666666, ""regime_align"": 0.6303656597774245, ""liquidity"": 0.5045045045045045, ""weights"": {""coverage"": 0.25, ""confluence"": 0.25, ""risk_clean"": 0.2, ""regime_align"": 0.2, ""liquidity"": 0.1}}",US15135B1017,CNC,CNC,Pharma & Gesundheit,41.68,0.4779693890468715,0.33903414574277885,0.32726890355175187,4653285.95,289527457.4892807,52.46774991989136,0.18587134603068867,bull,0.06772778246916267,bull,0.17364179735818652,2026-09-29,-0.11692955872971844,Healthcare,Healthcare Plans,United States,USD,-0.4957581395258037,76.71116966356774,16.9,stock,S13 Gesundheit,pillar,82.0,manual thematic assignment after stack redesign,"healthcare, pharma, medtech",41.59,49.5,,bull,stock,,,,0.06772778246916267,CNC,CENTENE CORP.,US15135B1017,CNC,CNC,Pharma & Gesundheit,Healthcare,Healthcare Plans,United States,USD,62.220001220703125,41.68,76.71116966356774,16.64,0.0,66.0,Seitwärts,40.7,Zyklus-Tief,-0.11692955872971844,0.18587134603068867,52.46774991989136,0.4779693890468715,0.33903414574277885,0.32726890355175187,4653285.95,289527457.4892807,bull,0.06772778246916267,bull,0.17364179735818652,2026-09-29,True,True,False,OK,,,CNC,CNC,Healthcare Plans,True,True
FME.DE,FRESEN.MED.CARE,FME.DE,39.20000076293945,EUR,-7.179552492867558,16.25,0.0,Seitwärts,0.0,0.0,60.1,93.6,Zyklus-Hoch,0.0,72.403,749.0,0.0,1.0,28795244.0,0.0,0.0,-80.39,-80.39,0.247,14.23,"[0.0, 0.0, 0.0, 6.36, 25.0]",0.0,51.4,MED,"{""coverage"": 1.0, ""confluence"": 0.0, ""risk_clean"": 0.6666666666666666, ""regime_align"": 0.5689433777669072, ""liquidity"": 0.16666666666666663, ""weights"": {""coverage"": 0.25, ""confluence"": 0.25, ""risk_clean"": 0.2, ""regime_align"": 0.2, ""liquidity"": 0.1}}",DE0005785802,FME.DE,FME.DE,Pharma & Gesundheit,37.13,0.2840325717245528,0.27573948426538103,0.26920641887056695,791091.7,31010795.24355507,38.85340045928955,0.008920719925481713,bull,0.06772778246916267,bull,0.17364179735818652,2026-09-29,-0.04944418891536062,Healthcare,Medical Care Facilities,Germany,EUR,-3.162052356155143,-7.179552492867558,93.6,stock,S13 Gesundheit,pillar,82.0,manual thematic assignment after stack redesign,"healthcare, pharma, medtech",38.61,42.11,,bull,stock,,,,0.06772778246916267,FME.DE,FRESEN.MED.CARE,DE0005785802,FME.DE,FME.DE,Pharma & Gesundheit,Healthcare,Medical Care Facilities,Germany,EUR,39.20000076293945,37.13,-7.179552492867558,16.25,0.0,51.4,Seitwärts,60.1,Zyklus-Hoch,-0.04944418891536062,0.008920719925481713,38.85340045928955,0.2840325717245528,0.27573948426538103,0.26920641887056695,791091.7,31010795.24355507,bull,0.06772778246916267,bull,0.17364179735818652,2026-09-29,True,True,False,OK,,,FME.DE,FME.DE,Medical Care Facilities,True,True
HIMS,"HIMS & HERS HEALTH, INC.",HIMS,28.690000534057617,USD,-51.47158144046507,15.67,,,,,,,,,,,,,,,,,,,,,,45.2,LOW,"{""coverage"": 1.0, ""confluence"": 0.0, ""risk_clean"": 0.3333333333333333, ""regime_align"": 0.42718397130161834, ""liquidity"": 0.49549549549549554, ""weights"": {""coverage"": 0.25, ""confluence"": 0.25, ""risk_clean"": 0.2, ""regime_align"": 0.2, ""liquidity"": 0.1}}",US4330001060,HIMS,HIMS,Pharma & Gesundheit,,0.9174325734857981,0.5222253029996523,0.7686424339373858,9274048.1,266072444.94187602,27.657149991989137,0.037344793023418754,bull,0.06772778246916267,bull,0.17364179735818652,2026-09-29,-0.2636029308311172,Healthcare,Drug Manufacturers - Specialty & Generic,United States,USD,-0.3127176874240023,-51.47158144046507,0.0,stock,S13 Gesundheit,pillar,85.0,manual thematic assignment after stack redesign,"healthcare, pharma, medtech",46.99,70.85,,bull,stock,,,,0.06772778246916267,HIMS,"HIMS & HERS HEALTH, INC.",US4330001060,HIMS,HIMS,Pharma & Gesundheit,Healthcare,Drug Manufacturers - Specialty & Generic,United States,USD,28.690000534057617,,-51.47158144046507,15.67,,45.2,,,,-0.2636029308311172,0.037344793023418754,27.657149991989137,0.9174325734857981,0.5222253029996523,0.7686424339373858,9274048.1,266072444.94187602,bull,0.06772778246916267,bull,0.17364179735818652,2026-09-29,True,True,False,OK,,,HIMS,HIMS,Drug Manufacturers - Specialty & Generic,True,True
XRP-EUR,XRP (KRYPTO),XRP-EUR,1.3162000179290771,EUR,-46.43915052698401,14.17,0.0,Seitwärts,0.0,0.0,40.7,29.1,Zyklus-neutral,0.0,100.0,0.0,0.0,1.0,1.0,0.0,0.0,0.0,0.0,1.0,0.0,"[0.0, 0.0, 0.0, 70.92, 25.0]",0.0,67.3,MED,"{""coverage"": 1.0, ""confluence"": 0.4, ""risk_clean"": 0.3333333333333333, ""regime_align"": 0.8353308059190412, ""liquidity"": 0.8918918918918919, ""weights"": {""coverage"": 0.25, ""confluence"": 0.25, ""risk_clean"": 0.2, ""regime_align"": 0.2, ""liquidity"": 0.1}}",,XRP-EUR,XRP-EUR,Krypto 🪙,1.6,0.5538488060955271,0.35695827018648135,0.669367427942961,3757550243.25,4945687697.535058,1.105462011396885,0.19063342236962022,bull,0.06772778246916267,bull,0.17364179735818652,2026-09-29,0.0992222672958547,Cryptocurrency,Digital Currency,Global,EUR,0.02363550696351524,-46.43915052698401,29.1,crypto,S21 Finanzsystem,pillar,83.0,manual thematic assignment after stack redesign,"payments, exchanges, capital markets, crypto",40.48,57.84,,bull,stock,,,,0.06772778246916267,XRP-EUR,XRP (KRYPTO),,XRP-EUR,XRP-EUR,Krypto 🪙,Cryptocurrency,Digital Currency,Global,EUR,1.3162000179290771,1.6,-46.43915052698401,14.17,0.0,67.3,Seitwärts,40.7,Zyklus-neutral,0.0992222672958547,0.19063342236962022,1.105462011396885,0.5538488060955271,0.35695827018648135,0.669367427942961,3757550243.25,4945687697.535058,bull,0.06772778246916267,bull,0.17364179735818652,2026-09-29,True,True,True,OK,XRP,EUR,CRYPTO:XRP,XRP,Krypto,True,True
PGY,Pagaya Technologies Ltd.,PGY,17.389999389648438,USD,-45.24559425590192,12.27,0.0,Seitwärts,0.0,0.0,52.6,0.5,Zyklus-Tief,-36.31,141.786,0.0,196523376.0,1852567424.0,1245945984.0,10.61,36.1,-15.32,20.78,5.113,63.62,"[72.2, 0.0, 0.0, 99.55, 76.3]",4.0632296,42.7,LOW,"{""coverage"": 1.0, ""confluence"": 0.2, ""risk_clean"": 0.0, ""regime_align"": 0.5374628021686845, ""liquidity"": 0.19819819819819817, ""weights"": {""coverage"": 0.25, ""confluence"": 0.25, ""risk_clean"": 0.2, ""regime_align"": 0.2, ""liquidity"": 0.1}}",IL0011858912,PGY,PGY,,,0.7520039978388203,0.4837315560203637,0.6649873971459555,2501838.7,43506973.46599884,17.019674949645996,0.021758608263558132,bull,0.06772778246916267,bull,0.17364179735818652,2026-09-29,-0.10076578643358558,Technology,Software - Infrastructure,United States,USD,2.294114056755525,-45.24559425590192,0.5,stock,S21 Finanzsystem,pillar,83.0,manual thematic assignment after stack redesign,"payments, exchanges, capital markets, crypto",43.13,75.04,,bull,stock,,,,0.06772778246916267,PGY,Pagaya Technologies Ltd.,IL0011858912,PGY,PGY,,Technology,Software - Infrastructure,United States,USD,17.389999389648438,,-45.24559425590192,12.27,0.0,42.7,Seitwärts,52.6,Zyklus-Tief,-0.10076578643358558,0.021758608263558132,17.019674949645996,0.7520039978388203,0.4837315560203637,0.6649873971459555,2501838.7,43506973.46599884,bull,0.06772778246916267,bull,0.17364179735818652,2026-09-29,True,True,False,OK,,,PGY,PGY,Software - Infrastructure,True,True
LC0A.MU,LUCKIN COFFEE,LC0A.MU,29.600000381469727,USD,-6.329113847646662,28.84,0.0,Seitwärts,0.0,0.0,56.1,90.2,Zyklus-Hoch,27.39,41.484,0.0,6359557632.0,94941388800.0,46124539904.0,6.7,50.2,8.48,58.68,1.66,7.79,"[100.0, 54.78, 0.0, 9.77, 32.51]",16.32204,74.7,MED,"{""coverage"": 1.0, ""confluence"": 0.6, ""risk_clean"": 1.0, ""regime_align"": 0.7356813827402062, ""liquidity"": 0, ""weights"": {""coverage"": 0.25, ""confluence"": 0.25, ""risk_clean"": 0.2, ""regime_align"": 0.2, ""liquidity"": 0.1}}",US54951L1098,LC0A.MU,LC0A.MU,Konsum & Lifestyle,32.6,0.45700826886975293,0.2956365486139312,0.3224043641806166,236.05,6987.080090045929,28.889000053405763,0.02461145511265772,bull,0.06772778246916267,bull,0.17364179735818652,2026-09-29,0.1381102088923829,Consumer Cyclical,Restaurants,China,USD,3.4965034498667835,-6.329113847646662,90.2,stock,S11 Konsum,pillar,80.0,manual thematic assignment after stack redesign,"consumer staples, food, household",60.3,49.3,,bull,stock,,,,0.06772778246916267,LC0A.MU,LUCKIN COFFEE,US54951L1098,LC0A.MU,LC0A.MU,Konsum & Lifestyle,Consumer Cyclical,Restaurants,China,USD,29.600000381469727,32.6,-6.329113847646662,28.84,0.0,74.7,Seitwärts,56.1,Zyklus-Hoch,0.1381102088923829,0.02461145511265772,28.889000053405763,0.45700826886975293,0.2956365486139312,0.3224043641806166,236.05,6987.080090045929,bull,0.06772778246916267,bull,0.17364179735818652,2026-09-29,True,False,False,OK,,,LC0A.MU,LC0A.MU,Restaurants,True,False
SGL.DE,SGL Carbon SE,SGL.DE,4.760000228881836,EUR,47.36842726853063,24.23,,,,,,,,,,,,,,,,,,,,,,71.4,MED,"{""coverage"": 1.0, ""confluence"": 0.4, ""risk_clean"": 1.0, ""regime_align"": 0.799213240389711, ""liquidity"": 0.04504504504504503, ""weights"": {""coverage"": 0.25, ""confluence"": 0.25, ""risk_clean"": 0.2, ""regime_align"": 0.2, ""liquidity"": 0.1}}",DE0007235301,SGL.DE,SGL.DE,Fundament,,0.4949395546348074,0.29673818778711475,0.32745823937031304,203006.8,966312.4144645691,4.1100500094890595,0.158136815340983,bull,0.06772778246916267,bull,0.17364179735818652,2026-09-29,0.06200077782263547,Basic Materials,Chemicals,Germany,EUR,3.253798069916325,47.36842726853063,0.0,stock,S4 Fundament,pillar,84.0,manual addition via ChatGPT,"materials, mining, metals",53.98,51.71,,bull,stock,,,,0.06772778246916267,SGL.DE,SGL Carbon SE,DE0007235301,SGL.DE,SGL.DE,Fundament,Basic Materials,Chemicals,Germany,EUR,4.760000228881836,,47.36842726853063,24.23,,71.4,,,,0.06200077782263547,0.158136815340983,4.1100500094890595,0.4949395546348074,0.29673818778711475,0.32745823937031304,203006.8,966312.4144645691,bull,0.06772778246916267,bull,0.17364179735818652,2026-09-29,True,False,False,OK,,,SGL.DE,SGL.DE,Chemicals,True,False
ACB.TO,Aurora Cannabis,ACB.TO,5.71999979019165,,-33.94919294483621,22.84,,,,,,,,,,,,,,,,,,,,,,60.2,MED,"{""coverage"": 1.0, ""confluence"": 0.4, ""risk_clean"": 0.3333333333333333, ""regime_align"": 0.898271574742163, ""liquidity"": 0.05405405405405406, ""weights"": {""coverage"": 0.25, ""confluence"": 0.25, ""risk_clean"": 0.2, ""regime_align"": 0.2, ""liquidity"": 0.1}}",CA05156X8504,ACB.TO,ACB.TO,Pharma 🧪,,0.5812392827419072,0.3686062116121937,0.5796766548452162,298730.55,1708738.6833238362,4.9814000105857845,0.1482715256827991,bull,0.06772778246916267,bull,0.17364179735818652,2026-09-29,0.35450655753122695,Healthcare,Medical Devices,Canada,,-1.038069505860606,-33.94919294483621,0.0,stock,Playground,playground,70.0,manual thematic assignment after stack redesign,"speculation, high volatility, optionality",56.01,64.58,,bull,stock,,,,0.06772778246916267,ACB.TO,Aurora Cannabis,CA05156X8504,ACB.TO,ACB.TO,Pharma 🧪,Healthcare,Medical Devices,Canada,,5.71999979019165,,-33.94919294483621,22.84,,60.2,,,,0.35450655753122695,0.1482715256827991,4.9814000105857845,0.5812392827419072,0.3686062116121937,0.5796766548452162,298730.55,1708738.6833238362,bull,0.06772778246916267,bull,0.17364179735818652,2026-09-29,True,False,False,OK,,,ACB.TO,ACB.TO,Medical Devices,True,False
XSDG.F,SAMSUNG SDI,XSDG.F,83.0,EUR,165.1757253135151,15.85,3.73,BUY,59.4,74.42,60.6,36.7,Zyklus-neutral,-2.59,46.177,40.0,0.0,9084264775680.0,13266999836672.0,0.0,2.8,-4.89,-2.09,0.892,0.05,"[5.6, 0.0, 0.0, 83.25, 25.0]",0.0,66.3,MED,"{""coverage"": 1.0, ""confluence"": 0.4, ""risk_clean"": 0.6666666666666666, ""regime_align"": 0.8894460070930659, ""liquidity"": 0.018018018018018056, ""weights"": {""coverage"": 0.25, ""confluence"": 0.25, ""risk_clean"": 0.2, ""regime_align"": 0.2, ""liquidity"": 0.1}}",US7960542030,XSDG.F,XSDG.F,Energie,57.8,0.7506972152277485,0.4685719545595497,0.4524271696516611,3992.95,331414.85,68.43100017547607,0.21290058288151514,bull,0.06772778246916267,bull,0.17364179735818652,2026-09-29,0.15847013137764754,Industrials,Electrical Equipment & Parts,South Korea,EUR,-1.1904761904761862,165.1757253135151,36.7,stock,S3 Energie,pillar,82.0,manual thematic assignment after stack redesign,"energy, grid, electrification",43.27,58.44,,bull,stock,,,,0.06772778246916267,XSDG.F,SAMSUNG SDI,US7960542030,XSDG.F,XSDG.F,Energie,Industrials,Electrical Equipment & Parts,South Korea,EUR,83.0,57.8,165.1757253135151,15.85,3.73,66.3,BUY,60.6,Zyklus-neutral,0.15847013137764754,0.21290058288151514,68.43100017547607,0.7506972152277485,0.4685719545595497,0.4524271696516611,3992.95,331414.85,bull,0.06772778246916267,bull,0.17364179735818652,2026-09-29,True,False,False,OK,,,XSDG.F,XSDG.F,Electrical Equipment & Parts,True,False
TTK.DE,TAKKT AG,TTK.DE,2.9800000190734863,EUR,-39.18367426378534,14.7,0.0,Seitwärts,0.0,0.0,58.0,86.5,Zyklus-Hoch,0.0,72.403,752.0,0.0,1.0,28795244.0,0.0,0.0,-80.39,-80.39,0.247,14.27,"[0.0, 0.0, 0.0, 13.54, 25.0]",,52.9,MED,"{""coverage"": 1.0, ""confluence"": 0.2, ""risk_clean"": 0.3333333333333333, ""regime_align"": 0.8055623496799967, ""liquidity"": 0.009009009009009028, ""weights"": {""coverage"": 0.25, ""confluence"": 0.25, ""risk_clean"": 0.2, ""regime_align"": 0.2, ""liquidity"": 0.1}}",DE0007446007,TTK.DE,TTK.DE,Medien & Digitales 📱,3.67,0.47615397976366314,0.29966883799782545,0.5820610395268901,22641.65,67472.11743185521,2.871074992418289,0.0379387605488668,bull,0.06772778246916267,bull,0.17364179735818652,2026-09-29,0.2884290823317377,Industrials,Business Equipment & Supplies,Germany,EUR,-3.40356621637371,-39.18367426378534,86.5,stock,S14 Kommunikations- & Alltagsinfrastruktur,pillar,76.0,manual thematic assignment after stack redesign,"connectivity, telecom, civic infrastructure",42.43,61.32,,bull,stock,,,,0.06772778246916267,TTK.DE,TAKKT AG,DE0007446007,TTK.DE,TTK.DE,Medien & Digitales 📱,Industrials,Business Equipment & Supplies,Germany,EUR,2.9800000190734863,3.67,-39.18367426378534,14.7,0.0,52.9,Seitwärts,58.0,Zyklus-Hoch,0.2884290823317377,0.0379387605488668,2.871074992418289,0.47615397976366314,0.29966883799782545,0.5820610395268901,22641.65,67472.11743185521,bull,0.06772778246916267,bull,0.17364179735818652,2026-09-29,True,False,False,OK,,,TTK.DE,TTK.DE,Business Equipment & Supplies,True,False
SLVR.V,SILVER TIGER,SLVR.V,0.7300000190734863,CAD,0.0,10.91,0.0,Seitwärts,0.0,0.0,67.6,11.8,Zyklus-Tief,-4.86,100.0,0.0,-4825026.0,488284608.0,1.0,-0.99,0.0,0.0,0.0,16.853,14.6,"[0.0, 0.0, 0.0, 88.22, 43.18]",35.357143,34.9,LOW,"{""coverage"": 1.0, ""confluence"": 0.0, ""risk_clean"": 0.0, ""regime_align"": 0.48119726060902535, ""liquidity"": 0.03153153153153154, ""weights"": {""coverage"": 0.25, ""confluence"": 0.25, ""risk_clean"": 0.2, ""regime_align"": 0.2, ""liquidity"": 0.1}}",CA82831T1093,SLVR.V,SLVR.V,Edelmetalle ⛏️,1.29,0.8526655510836472,0.4791551409014639,0.5037593947896938,615646.0,449421.5917425156,0.8361750009655953,0.0284928553377066,bull,0.06772778246916267,bull,0.17364179735818652,2026-09-29,-0.1600714771977183,Basic Materials,Other Precious Metals & Mining,Canada,CAD,3.614461638270328,0.0,11.8,stock,S4 Fundament,pillar,84.0,manual thematic assignment after stack redesign,"materials, mining, metals",39.96,71.73,,bull,stock,,,,0.06772778246916267,SLVR.V,SILVER TIGER,CA82831T1093,SLVR.V,SLVR.V,Edelmetalle ⛏️,Basic Materials,Other Precious Metals & Mining,Canada,CAD,0.7300000190734863,1.29,0.0,10.91,0.0,34.9,Seitwärts,67.6,Zyklus-Tief,-0.1600714771977183,0.0284928553377066,0.8361750009655953,0.8526655510836472,0.4791551409014639,0.5037593947896938,615646.0,449421.5917425156,bull,0.06772778246916267,bull,0.17364179735818652,2026-09-29,True,False,False,OK,,,SLVR.V,SLVR.V,Other Precious Metals & Mining,True,False
AEM,AGNICO EAGLE,AEM,186.1699981689453,USD,12.615432129304672,42.27,3.41,BUY,225.0,284.12,75.8,50.1,Zyklus-neutral,15.67,1.427,76.0,3510760960.0,104343330816.0,10567577600.0,3.36,41.9,32.62,74.52,2.12,72.91,"[83.8, 31.34, 28.65, 69.91, 22.95]",16.093971,80.2,HIGH,"{""coverage"": 1.0, ""confluence"": 0.6, ""risk_clean"": 1.0, ""regime_align"": 0.7378113407525173, ""liquidity"": 0.545045045045045, ""weights"": {""coverage"": 0.25, ""confluence"": 0.25, ""risk_clean"": 0.2, ""regime_align"": 0.2, ""liquidity"": 0.1}}",CA0084741085,AEM,AEM,Edelmetalle ⛏️,215.18,0.4876263093700625,0.3347532582842169,0.45804423932397453,2006508.1,373551609.3029739,188.12697463989258,-0.010402423547677064,bull,0.06772778246916267,bull,0.17364179735818652,2026-09-29,0.17768562579061342,Basic Materials,Gold,Canada,USD,1.09693420549144,12.615432129304672,50.1,stock,S4 Fundament,pillar,84.0,manual thematic assignment after stack redesign,"materials, mining, metals",77.42,38.33,,bull,stock,,,,0.06772778246916267,AEM,AGNICO EAGLE,CA0084741085,AEM,AEM,Edelmetalle ⛏️,Basic Materials,Gold,Canada,USD,186.1699981689453,215.18,12.615432129304672,42.27,3.41,80.2,BUY,75.8,Zyklus-neutral,0.17768562579061342,-0.010402423547677064,188.12697463989258,0.4876263093700625,0.3347532582842169,0.45804423932397453,2006508.1,373551609.3029739,bull,0.06772778246916267,bull,0.17364179735818652,2026-09-29,False,True,False,OK,,,AEM,AEM,Gold,False,True
FRES.L,FRESNILLO PLC,FRES.L,2724.0,GBp,17.553196028721008,36.64,5.71,BUY,4472.0,5968.4,85.5,21.4,Zyklus-neutral,13.85,20.456,90.0,1243160320.0,27399075840.0,3944284928.0,4.54,30.1,11.56,41.66,5.092,15.79,"[60.2, 27.7, 0.0, 98.63, 15.53]",15.260902,59.9,MED,"{""coverage"": 1.0, ""confluence"": 0.2, ""risk_clean"": 0.6666666666666666, ""regime_align"": 0.40376462435285965, ""liquidity"": 0.8513513513513513, ""weights"": {""coverage"": 0.25, ""confluence"": 0.25, ""risk_clean"": 0.2, ""regime_align"": 0.2, ""liquidity"": 0.1}}",GB00B2QPKJ12,FRES.L,FRES.L,Edelmetalle ⛏️,4140.0,0.5700545729560688,0.35446422779688497,0.450869549748357,1018833.8,2775303271.2000003,3266.002180175781,-0.1659527919073862,bull,0.06772778246916267,bull,0.17364179735818652,2026-09-29,-0.03195139483687126,Basic Materials,Other Precious Metals & Mining,Mexico,GBp,-0.6926722566533039,17.553196028721008,21.4,stock,S4 Fundament,pillar,84.0,manual thematic assignment after stack redesign,"materials, mining, metals",69.02,39.18,,bull,stock,,,,0.06772778246916267,FRES.L,FRESNILLO PLC,GB00B2QPKJ12,FRES.L,FRES.L,Edelmetalle ⛏️,Basic Materials,Other Precious Metals & Mining,Mexico,GBp,2724.0,4140.0,17.553196028721008,36.64,5.71,59.9,BUY,85.5,Zyklus-neutral,-0.03195139483687126,-0.1659527919073862,3266.002180175781,0.5700545729560688,0.35446422779688497,0.450869549748357,1018833.8,2775303271.2000003,bull,0.06772778246916267,bull,0.17364179735818652,2026-09-29,False,True,False,OK,,,FRES.L,FRES.L,Other Precious Metals & Mining,False,True
ABX.TO,BARRICK MINING,ABX.TO,58.459999084472656,CAD,29.40727933035241,34.97,0.0,Seitwärts,0.0,0.0,78.7,31.3,Zyklus-neutral,20.68,14.509,360.0,4054125056.0,114651471872.0,16956000256.0,3.54,64.5,29.45,93.95,2.922,63.7,"[100.0, 41.36, 0.0, 68.68, 29.71]",11.472485,83.1,HIGH,"{""coverage"": 1.0, ""confluence"": 0.8, ""risk_clean"": 1.0, ""regime_align"": 0.6702641555582731, ""liquidity"": 0.472972972972973, ""weights"": {""coverage"": 0.25, ""confluence"": 0.25, ""risk_clean"": 0.2, ""regime_align"": 0.2, ""liquidity"": 0.1}}",CA06849F1080,ABX.TO,ABX.TO,Edelmetalle ⛏️,70.41,0.47230132805656705,0.33357990615225813,0.31061419846456595,4192807.05,245111496.3043705,58.79450269699097,-0.005689368855490429,bull,0.06772778246916267,bull,0.17364179735818652,2026-09-29,0.05847114729904068,Basic Materials,Gold,Canada,CAD,0.4812629388590173,29.40727933035241,31.3,stock,S4 Fundament,pillar,84.0,manual thematic assignment after stack redesign,"materials, mining, metals",67.54,42.52,,bull,stock,,,,0.06772778246916267,ABX.TO,BARRICK MINING,CA06849F1080,ABX.TO,ABX.TO,Edelmetalle ⛏️,Basic Materials,Gold,Canada,CAD,58.459999084472656,70.41,29.40727933035241,34.97,0.0,83.1,Seitwärts,78.7,Zyklus-neutral,0.05847114729904068,-0.005689368855490429,58.79450269699097,0.47230132805656705,0.33357990615225813,0.31061419846456595,4192807.05,245111496.3043705,bull,0.06772778246916267,bull,0.17364179735818652,2026-09-29,False,True,False,OK,,,ABX.TO,ABX.TO,Gold,False,True
AG.TO,FIRST MAJESTIC,AG.TO,25.65999984741211,CAD,48.93222963223567,33.33,6.88,BUY,38.2,54.45,75.9,36.4,Zyklus-neutral,4.21,7.886,9.0,215490000.0,15916909568.0,965571008.0,1.35,95.1,7.07,102.17,3.379,54.01,"[100.0, 8.42, 0.0, 83.64, 22.11]",26.672178,50.3,MED,"{""coverage"": 1.0, ""confluence"": 0.2, ""risk_clean"": 0.3333333333333333, ""regime_align"": 0.5753536341771636, ""liquidity"": 0.21171171171171177, ""weights"": {""coverage"": 0.25, ""confluence"": 0.25, ""risk_clean"": 0.2, ""regime_align"": 0.2, ""liquidity"": 0.1}}",CA32076V1031,AG.TO,AG.TO,Edelmetalle ⛏️,34.68,0.7451880826748589,0.46699408228442885,0.5174444496202659,1853903.15,47571154.54611683,27.88702681541443,-0.07985888860591406,bull,0.06772778246916267,bull,0.17364179735818652,2026-09-29,0.03976073403997771,Basic Materials,Silver,Canada,CAD,0.8647771569814555,48.93222963223567,36.4,stock,S4 Fundament,pillar,84.0,manual thematic assignment after stack redesign,"materials, mining, metals",68.53,53.4,,bull,stock,,,,0.06772778246916267,AG.TO,FIRST MAJESTIC,CA32076V1031,AG.TO,AG.TO,Edelmetalle ⛏️,Basic Materials,Silver,Canada,CAD,25.65999984741211,34.68,48.93222963223567,33.33,6.88,50.3,BUY,75.9,Zyklus-neutral,0.03976073403997771,-0.07985888860591406,27.88702681541443,0.7451880826748589,0.46699408228442885,0.5174444496202659,1853903.15,47571154.54611683,bull,0.06772778246916267,bull,0.17364179735818652,2026-09-29,False,True,False,OK,,,AG.TO,AG.TO,Silver,False,True
ASM.TO,AVINO SILVER,ASM.TO,8.0,CAD,8.108106714865881,33.17,7.87,BUY,16.11,25.14,81.5,36.8,Zyklus-neutral,14.34,2.563,0.0,15571250.0,2153994752.0,86065000.0,0.72,44.0,24.72,68.72,2.754,32.98,"[88.0, 28.68, 0.0, 83.21, 1.54]",14.07,48.6,LOW,"{""coverage"": 1.0, ""confluence"": 0.4, ""risk_clean"": 0.3333333333333333, ""regime_align"": 0.311391708450532, ""liquidity"": 0.07207207207207211, ""weights"": {""coverage"": 0.25, ""confluence"": 0.25, ""risk_clean"": 0.2, ""regime_align"": 0.2, ""liquidity"": 0.1}}",CA0539061030,ASM.TO,ASM.TO,Edelmetalle ⛏️,13.98,0.8502300969004843,0.5480127189575752,0.5203145437830872,780921.0,6247368.0,9.712899990081787,-0.17635309658607567,bull,0.06772778246916267,bull,0.17364179735818652,2026-09-29,-0.13192636031802907,Basic Materials,Other Precious Metals & Mining,Canada,CAD,0.6289332318799801,8.108106714865881,36.8,stock,S4 Fundament,pillar,84.0,manual thematic assignment after stack redesign,"materials, mining, metals",69.57,57.36,,bull,stock,,,,0.06772778246916267,ASM.TO,AVINO SILVER,CA0539061030,ASM.TO,ASM.TO,Edelmetalle ⛏️,Basic Materials,Other Precious Metals & Mining,Canada,CAD,8.0,13.98,8.108106714865881,33.17,7.87,48.6,BUY,81.5,Zyklus-neutral,-0.13192636031802907,-0.17635309658607567,9.712899990081787,0.8502300969004843,0.5480127189575752,0.5203145437830872,780921.0,6247368.0,bull,0.06772778246916267,bull,0.17364179735818652,2026-09-29,False,True,False,OK,,,ASM.TO,ASM.TO,Other Precious Metals & Mining,False,True
INGR,INGREDION INC,INGR,96.4800033569336,USD,-17.907620595848485,31.28,0.76,BUY,117.01,127.79,47.5,29.1,Zyklus-neutral,18.1,41.609,275.0,379000000.0,8264359936.0,7218999808.0,4.59,-2.4,10.1,7.7,2.663,97.61,"[0.0, 36.2, 0.0, 90.9, 22.78]",10.015725,57.6,MED,"{""coverage"": 1.0, ""confluence"": 0.0, ""risk_clean"": 1.0, ""regime_align"": 0.505472667237373, ""liquidity"": 0.24774774774774777, ""weights"": {""coverage"": 0.25, ""confluence"": 0.25, ""risk_clean"": 0.2, ""regime_align"": 0.2, ""liquidity"": 0.1}}",US4571871023,INGR,INGR,Konsum & Lifestyle,116.93,0.17922738649980297,0.11848989133831954,0.20980565663147532,635452.6,61308468.981172174,106.4483268737793,-0.09364471767288185,bull,0.06772778246916267,bull,0.17364179735818652,2026-09-29,-0.018250213888520994,Consumer Defensive,Packaged Foods,United States,USD,0.031110844625015233,-17.907620595848485,29.1,stock,S11 Konsum,pillar,80.0,manual thematic assignment after stack redesign,"consumer staples, food, household",56.06,24.56,,bull,stock,,,,0.06772778246916267,INGR,INGREDION INC,US4571871023,INGR,INGR,Konsum & Lifestyle,Consumer Defensive,Packaged Foods,United States,USD,96.4800033569336,116.93,-17.907620595848485,31.28,0.76,57.6,BUY,47.5,Zyklus-neutral,-0.018250213888520994,-0.09364471767288185,106.4483268737793,0.17922738649980297,0.11848989133831954,0.20980565663147532,635452.6,61308468.981172174,bull,0.06772778246916267,bull,0.17364179735818652,2026-09-29,False,True,False,OK,,,INGR,INGR,Packaged Foods,False,True
RHM.DE,Rheinmetall AG,RHM.DE,960.4000244140625,EUR,-51.219518697744924,30.48,5.48,BUY,1966.0,2521.79,71.8,18.7,Zyklus-Tief,22.42,47.166,49.0,-1625000.0,76487131136.0,10997999616.0,-0.0,13.3,7.64,20.94,1.135,43.98,"[26.6, 44.84, 0.0, 100.0, 20.38]",40.79185,52.3,MED,"{""coverage"": 1.0, ""confluence"": 0.2, ""risk_clean"": 0.6666666666666666, ""regime_align"": 0.25704210998328647, ""liquidity"": 0.38288288288288286, ""weights"": {""coverage"": 0.25, ""confluence"": 0.25, ""risk_clean"": 0.2, ""regime_align"": 0.2, ""liquidity"": 0.1}}",DE0007030009,RHM.DE,RHM.DE,,,0.47528126374328067,0.3701323311224765,0.519204485256479,171113.65,164337553.63757935,1343.4386572265626,-0.2851180667997578,bull,0.06772778246916267,bull,0.17364179735818652,2026-09-29,-0.11309981135925418,Industrials,Aerospace & Defense,Germany,EUR,-0.6105726434274095,-51.219518697744924,18.7,stock,S20 Sicherheit & Verteidigung,pillar,81.0,manual thematic assignment after stack redesign,"defense, aerospace, security",62.42,48.08,,bull,stock,,,,0.06772778246916267,RHM.DE,Rheinmetall AG,DE0007030009,RHM.DE,RHM.DE,,Industrials,Aerospace & Defense,Germany,EUR,960.4000244140625,,-51.219518697744924,30.48,5.48,52.3,BUY,71.8,Zyklus-Tief,-0.11309981135925418,-0.2851180667997578,1343.4386572265626,0.47528126374328067,0.3701323311224765,0.519204485256479,171113.65,164337553.63757935,bull,0.06772778246916267,bull,0.17364179735818652,2026-09-29,False,True,False,OK,,,RHM.DE,RHM.DE,Aerospace & Defense,False,True
0700.HK,TENCENT HLDGS,0700.HK,432.0,HKD,-33.78284621136086,29.71,0.0,Seitwärts,0.0,0.0,60.8,13.1,Zyklus-Tief,19.83,32.47,82.0,129573249024.0,5078710222848.0,729841008640.0,2.55,15.4,29.86,45.26,1.356,24.22,"[30.8, 39.66, 0.0, 86.9, 36.1]",15.502593,73.3,MED,"{""coverage"": 1.0, ""confluence"": 0.4, ""risk_clean"": 1.0, ""regime_align"": 0.46250662427133016, ""liquidity"": 0.9054054054054054, ""weights"": {""coverage"": 0.25, ""confluence"": 0.25, ""risk_clean"": 0.2, ""regime_align"": 0.2, ""liquidity"": 0.1}}",KYG875721634,0700.HK,0700.HK,Gehirn,607.0,0.33245021696074323,0.1886334420155513,0.3850954246512269,19974238.9,8628871204.8,497.38344146728514,-0.13145480129857856,bull,0.06772778246916267,bull,0.17364179735818652,2026-09-29,-0.020736114482154067,Communication Services,Internet Content & Information,China,HKD,-1.7735306979227317,-33.78284621136086,13.1,stock,S2 Gehirn,pillar,85.0,manual thematic assignment after stack redesign,"ai, semis, software",56.19,32.44,,bull,stock,,,,0.06772778246916267,0700.HK,TENCENT HLDGS,KYG875721634,0700.HK,0700.HK,Gehirn,Communication Services,Internet Content & Information,China,HKD,432.0,607.0,-33.78284621136086,29.71,0.0,73.3,Seitwärts,60.8,Zyklus-Tief,-0.020736114482154067,-0.13145480129857856,497.38344146728514,0.33245021696074323,0.1886334420155513,0.3850954246512269,19974238.9,8628871204.8,bull,0.06772778246916267,bull,0.17364179735818652,2026-09-29,False,True,False,OK,,,0700.HK,0700.HK,Internet Content & Information,False,True
2899.HK,ZIJIN MINING,2899.HK,31.940000534057617,HKD,2.1894274832125804,29.68,0.0,Seitwärts,0.0,0.0,77.8,53.8,Zyklus-neutral,28.01,74.84,129.0,31392294912.0,1275161870336.0,327443021824.0,2.46,8.1,13.91,22.01,1.199,46.16,"[16.2, 56.02, 0.0, 46.24, 20.58]",16.63815,68.6,MED,"{""coverage"": 1.0, ""confluence"": 0.4, ""risk_clean"": 0.6666666666666666, ""regime_align"": 0.6496473849415025, ""liquidity"": 0.7297297297297297, ""weights"": {""coverage"": 0.25, ""confluence"": 0.25, ""risk_clean"": 0.2, ""regime_align"": 0.2, ""liquidity"": 0.1}}",CNE100000502,2899.HK,2899.HK,Fundament,43.4,0.49890089946002364,0.30190339942894234,0.3978220807776228,39528033.05,1262525396.727247,35.171853704452516,-0.09188748473572117,bull,0.06772778246916267,bull,0.17364179735818652,2026-09-29,0.15696771956366828,Basic Materials,Gold,China,HKD,0.9481705126306972,2.1894274832125804,53.8,stock,S4 Fundament,pillar,84.0,manual thematic assignment after stack redesign,"materials, mining, metals",61.22,48.16,,bull,stock,,,,0.06772778246916267,2899.HK,ZIJIN MINING,CNE100000502,2899.HK,2899.HK,Fundament,Basic Materials,Gold,China,HKD,31.940000534057617,43.4,2.1894274832125804,29.68,0.0,68.6,Seitwärts,77.8,Zyklus-neutral,0.15696771956366828,-0.09188748473572117,35.171853704452516,0.49890089946002364,0.30190339942894234,0.3978220807776228,39528033.05,1262525396.727247,bull,0.06772778246916267,bull,0.17364179735818652,2026-09-29,False,True,False,OK,,,2899.HK,2899.HK,Gold,False,True
HMY,Harmony Gold Mining Company,HMY,17.989999771118164,USD,0.47172579909982026,28.68,0.0,Seitwärts,0.0,0.0,60.2,27.3,Zyklus-neutral,32.52,4.925,98.0,10437374976.0,2812910080.0,73896001536.0,371.05,22.7,19.46,42.16,1.72,23.91,"[45.4, 65.04, 0.0, 72.74, 27.31]",8.793388,68.9,MED,"{""coverage"": 1.0, ""confluence"": 0.8, ""risk_clean"": 0.3333333333333333, ""regime_align"": 0.7220353838000897, ""liquidity"": 0.2792792792792793, ""weights"": {""coverage"": 0.25, ""confluence"": 0.25, ""risk_clean"": 0.2, ""regime_align"": 0.2, ""liquidity"": 0.1}}",US4132163001,HMY,HMY,Tech 💻,,0.6554223198670985,0.4225955326134014,0.48847927471409924,4022896.5,72371907.11423206,18.21496230125427,-0.012350425239179175,bull,0.06772778246916267,bull,0.17364179735818652,2026-09-29,0.15786779622006142,Basic Materials,Gold,South Africa,USD,1.4092446630524558,0.47172579909982026,27.3,stock,S4 Fundament,pillar,84.0,manual thematic assignment after stack redesign,"materials, mining, metals",62.53,56.97,,bull,stock,,,,0.06772778246916267,HMY,Harmony Gold Mining Company,US4132163001,HMY,HMY,Tech 💻,Basic Materials,Gold,South Africa,USD,17.989999771118164,,0.47172579909982026,28.68,0.0,68.9,Seitwärts,60.2,Zyklus-neutral,0.15786779622006142,-0.012350425239179175,18.21496230125427,0.6554223198670985,0.4225955326134014,0.48847927471409924,4022896.5,72371907.11423206,bull,0.06772778246916267,bull,0.17364179735818652,2026-09-29,False,True,False,OK,,,HMY,HMY,Gold,False,True
KEP,KOREA EL. PWR ADR 1/2,KEP,11.09000015258789,USD,-16.36500783436965,28.6,5.08,BUY,23.41,31.51,78.5,12.6,Zyklus-Tief,19.12,279.916,45.0,1394938609664.0,127486264344576.0,97275598602240.0,1.09,5.6,8.47,14.07,0.481,1.78,"[11.2, 38.24, 0.0, 100.0, 30.73]",3.3700979,38.6,LOW,"{""coverage"": 1.0, ""confluence"": 0.0, ""risk_clean"": 0.3333333333333333, ""regime_align"": 0.2931596755126167, ""liquidity"": 0.10810810810810811, ""weights"": {""coverage"": 0.25, ""confluence"": 0.25, ""risk_clean"": 0.2, ""regime_align"": 0.2, ""liquidity"": 0.1}}",US5006311063,KEP,KEP,Energie,21.38,0.4871405960919205,0.300159533715219,0.5335339520763491,949434.4,10529227.640872194,14.93850000858307,-0.25762291085343136,bull,0.06772778246916267,bull,0.17364179735818652,2026-09-29,-0.10461522503198895,Utilities,Utilities - Regulated Electric,South Korea,USD,0.18067261350533936,-16.36500783436965,12.6,stock,S3 Energie,pillar,82.0,manual thematic assignment after stack redesign,"energy, grid, electrification",61.98,55.62,,bull,stock,,,,0.06772778246916267,KEP,KOREA EL. PWR ADR 1/2,US5006311063,KEP,KEP,Energie,Utilities,Utilities - Regulated Electric,South Korea,USD,11.09000015258789,21.38,-16.36500783436965,28.6,5.08,38.6,BUY,78.5,Zyklus-Tief,-0.10461522503198895,-0.25762291085343136,14.93850000858307,0.4871405960919205,0.300159533715219,0.5335339520763491,949434.4,10529227.640872194,bull,0.06772778246916267,bull,0.17364179735818652,2026-09-29,False,True,False,OK,,,KEP,KEP,Utilities - Regulated Electric,False,True
6503.T,MITSUBISHI EL.,6503.T,5131.0,JPY,38.69275236723482,28.48,0.09,BUY,5152.0,5863.86,79.6,100.0,Zyklus-Hoch,9.51,8.262,95.0,252386869248.0,11700824702976.0,5677370048512.0,2.16,4.9,6.59,11.49,1.988,49.55,"[9.8, 19.02, 0.0, 20.0, 0.0]",35.206493,62.4,MED,"{""coverage"": 1.0, ""confluence"": 0.0, ""risk_clean"": 1.0, ""regime_align"": 0.3907504789857731, ""liquidity"": 0.9594594594594594, ""weights"": {""coverage"": 0.25, ""confluence"": 0.25, ""risk_clean"": 0.2, ""regime_align"": 0.2, ""liquidity"": 0.1}}",JP3902400005,6503.T,6503.T,Hardware 💻,4886.0,0.4292781683428858,0.27546480739815543,0.23368907431856034,6039240.0,30987340440.0,5478.050549316406,-0.06335292932988978,bull,0.06772778246916267,bull,0.17364179735818652,2026-09-29,-0.18207969336705632,Industrials,Electrical Equipment & Parts,Japan,JPY,-1.003279953694769,38.69275236723482,100.0,stock,S1 Hardware,pillar,85.0,manual thematic assignment after stack redesign,"robotics, automation, devices",51.82,24.78,,bull,stock,,,,0.06772778246916267,6503.T,MITSUBISHI EL.,JP3902400005,6503.T,6503.T,Hardware 💻,Industrials,Electrical Equipment & Parts,Japan,JPY,5131.0,4886.0,38.69275236723482,28.48,0.09,62.4,BUY,79.6,Zyklus-Hoch,-0.18207969336705632,-0.06335292932988978,5478.050549316406,0.4292781683428858,0.27546480739815543,0.23368907431856034,6039240.0,30987340440.0,bull,0.06772778246916267,bull,0.17364179735818652,2026-09-29,False,True,False,OK,,,6503.T,6503.T,Electrical Equipment & Parts,False,True
AGI.TO,ALAMOS GOLD,AGI.TO,46.95000076293945,CAD,-2.2425267047365804,28.18,0.0,Seitwärts,0.0,0.0,68.7,100.0,Zyklus-Hoch,14.27,6.831,23.0,228962496.0,25537525760.0,1609299968.0,0.9,28.1,33.46,61.56,1.717,71.77,"[56.2, 28.54, 0.0, 0.0, 26.31]",17.732689,66.1,MED,"{""coverage"": 1.0, ""confluence"": 0.6, ""risk_clean"": 0.6666666666666666, ""regime_align"": 0.5368615221556398, ""liquidity"": 0.2072072072072072, ""weights"": {""coverage"": 0.25, ""confluence"": 0.25, ""risk_clean"": 0.2, ""regime_align"": 0.2, ""liquidity"": 0.1}}",CA0115321089,AGI.TO,AGI.TO,Edelmetalle ⛏️,59.13,0.5696493646401312,0.4261001341379505,0.4839532356960978,993152.7,46628520.022715375,53.95940900802612,-0.12990150140532608,bull,0.06772778246916267,bull,0.17364179735818652,2026-09-29,0.04217847108740869,Basic Materials,Gold,Canada,CAD,1.2289773214690047,-2.2425267047365804,100.0,stock,S4 Fundament,pillar,84.0,manual thematic assignment after stack redesign,"materials, mining, metals",61.36,55.75,,bull,stock,,,,0.06772778246916267,AGI.TO,ALAMOS GOLD,CA0115321089,AGI.TO,AGI.TO,Edelmetalle ⛏️,Basic Materials,Gold,Canada,CAD,46.95000076293945,59.13,-2.2425267047365804,28.18,0.0,66.1,Seitwärts,68.7,Zyklus-Hoch,0.04217847108740869,-0.12990150140532608,53.95940900802612,0.5696493646401312,0.4261001341379505,0.4839532356960978,993152.7,46628520.022715375,bull,0.06772778246916267,bull,0.17364179735818652,2026-09-29,False,True,False,OK,,,AGI.TO,AGI.TO,Gold,False,True
ICE,"Intercontinental Exchange, Inc.",ICE,152.13999938964844,USD,-8.22892020704863,27.85,,,,,,,,,,,,,,,,,,,,,,70.4,MED,"{""coverage"": 1.0, ""confluence"": 0.2, ""risk_clean"": 1.0, ""regime_align"": 0.7287819493701847, ""liquidity"": 0.5855855855855856, ""weights"": {""coverage"": 0.25, ""confluence"": 0.25, ""risk_clean"": 0.2, ""regime_align"": 0.2, ""liquidity"": 0.1}}",US45866F1049,ICE,ICE,Finanzen,,0.2527651890976956,0.18713621731648253,0.2931752428992731,3033486.25,461514596.2235069,154.14111865997313,-0.012982384504027444,bull,0.06772778246916267,bull,0.17364179735818652,2026-09-29,0.1772527368858674,Financial Services,Financial Data & Stock Exchanges,United States,USD,-0.5035669701260681,-8.22892020704863,0.0,stock,S21 Finanzsystem,pillar,85.0,manual gap-filling addition for market infrastructure coverage,"payments, exchanges, capital markets, crypto",53.25,32.19,,bull,stock,,,,0.06772778246916267,ICE,"Intercontinental Exchange, Inc.",US45866F1049,ICE,ICE,Finanzen,Financial Services,Financial Data & Stock Exchanges,United States,USD,152.13999938964844,,-8.22892020704863,27.85,,70.4,,,,0.1772527368858674,-0.012982384504027444,154.14111865997313,0.2527651890976956,0.18713621731648253,0.2931752428992731,3033486.25,461514596.2235069,bull,0.06772778246916267,bull,0.17364179735818652,2026-09-29,False,True,False,OK,,,ICE,ICE,Financial Data & Stock Exchanges,False,True
PEP,PepsiCo,PEP,128.72000122070312,USD,-4.447696805908441,27.58,0.0,Seitwärts,0.0,0.0,61.6,78.4,Zyklus-neutral,42.85,258.081,341.0,8232750080.0,271828385792.0,93924999168.0,3.03,5.6,8.77,14.37,0.853,79.71,"[11.2, 85.7, 0.0, 21.64, 16.48]",18.30416,58.6,MED,"{""coverage"": 1.0, ""confluence"": 0.2, ""risk_clean"": 0.6666666666666666, ""regime_align"": 0.4040295952060658, ""liquidity"": 0.7207207207207207, ""weights"": {""coverage"": 0.25, ""confluence"": 0.25, ""risk_clean"": 0.2, ""regime_align"": 0.2, ""liquidity"": 0.1}}",US7134481081,PEP,PEP,Konsum 🥨,148.02,0.21121296184987925,0.12330678749435842,0.22546192036138557,9034013.55,1162858235.1838486,144.85254264831542,-0.11137216601561606,bull,0.06772778246916267,bull,0.17364179735818652,2026-09-29,-0.10562972523423675,Consumer Defensive,Beverages - Non-Alcoholic,United States,USD,0.17120717564444998,-4.447696805908441,78.4,stock,S11 Konsum,pillar,80.0,manual thematic assignment after stack redesign,"consumer staples, food, household",52.68,31.71,,bull,stock,,,,0.06772778246916267,PEP,PepsiCo,US7134481081,PEP,PEP,Konsum 🥨,Consumer Defensive,Beverages - Non-Alcoholic,United States,USD,128.72000122070312,148.02,-4.447696805908441,27.58,0.0,58.6,Seitwärts,61.6,Zyklus-neutral,-0.10562972523423675,-0.11137216601561606,144.85254264831542,0.21121296184987925,0.12330678749435842,0.22546192036138557,9034013.55,1162858235.1838486,bull,0.06772778246916267,bull,0.17364179735818652,2026-09-29,False,True,False,OK,,,PEP,PEP,Beverages - Non-Alcoholic,False,True
VALE,VALE S.A.,VALE,13.279999732971191,BRL,33.78382727671958,27.4,0.0,Seitwärts,0.0,0.0,80.6,3.6,Zyklus-Tief,13.27,50.201,792.0,-951249984.0,458628300800.0,213320007680.0,-0.21,7.0,14.15,21.15,1.237,43.69,"[14.0, 26.54, 0.0, 96.37, 18.54]",8.056645,58.2,MED,"{""coverage"": 1.0, ""confluence"": 0.0, ""risk_clean"": 1.0, ""regime_align"": 0.3859911948147242, ""liquidity"": 0.5495495495495496, ""weights"": {""coverage"": 0.25, ""confluence"": 0.25, ""risk_clean"": 0.2, ""regime_align"": 0.2, ""liquidity"": 0.1}}",BRVALEACNOR0,VALE,VALE,Fundament,85.14,0.32877395045528074,0.2194951028574129,0.23350806118685774,29394678.85,390361327.27877396,14.949211573600769,-0.11165885454302382,bull,0.06772778246916267,bull,0.17364179735818652,2026-09-29,-0.11054030407341253,Basic Materials,Other Industrial Metals & Mining,Brazil,BRL,-2.2810920981311877,33.78382727671958,3.6,stock,S4 Fundament,pillar,84.0,manual thematic assignment after stack redesign,"materials, mining, metals",53.33,34.57,,bull,stock,,,,0.06772778246916267,VALE,VALE S.A.,BRVALEACNOR0,VALE,VALE,Fundament,Basic Materials,Other Industrial Metals & Mining,Brazil,BRL,13.279999732971191,85.14,33.78382727671958,27.4,0.0,58.2,Seitwärts,80.6,Zyklus-Tief,-0.11054030407341253,-0.11165885454302382,14.949211573600769,0.32877395045528074,0.2194951028574129,0.23350806118685774,29394678.85,390361327.27877396,bull,0.06772778246916267,bull,0.17364179735818652,2026-09-29,False,True,False,OK,,,VALE,VALE,Other Industrial Metals & Mining,False,True
HL,HECLA MNG,HL,17.145000457763672,USD,44.329191090043764,27.26,0.0,Seitwärts,0.0,0.0,73.7,12.4,Zyklus-Tief,8.88,11.711,7.0,107837000.0,15551884288.0,1224562944.0,0.69,67.1,16.27,83.37,2.153,80.04,"[100.0, 17.76, 0.0, 87.58, 22.19]",21.58091,64.6,MED,"{""coverage"": 1.0, ""confluence"": 0.6, ""risk_clean"": 0.3333333333333333, ""regime_align"": 0.584250540132893, ""liquidity"": 0.6216216216216216, ""weights"": {""coverage"": 0.25, ""confluence"": 0.25, ""risk_clean"": 0.2, ""regime_align"": 0.2, ""liquidity"": 0.1}}",US4227041062,HL,HL,Edelmetalle ⛏️,28.27,0.740175707101777,0.4348986871900893,0.5581261665440812,36328412.6,622850650.6568276,19.205668592453,-0.10729478772215628,bull,0.06772778246916267,bull,0.17364179735818652,2026-09-29,0.07270962735951847,Basic Materials,Other Precious Metals & Mining,United States,USD,0.7936521285438536,44.329191090043764,12.4,stock,S4 Fundament,pillar,84.0,manual thematic assignment after stack redesign,"materials, mining, metals",60.51,57.49,,bull,stock,,,,0.06772778246916267,HL,HECLA MNG,US4227041062,HL,HL,Edelmetalle ⛏️,Basic Materials,Other Precious Metals & Mining,United States,USD,17.145000457763672,28.27,44.329191090043764,27.26,0.0,64.6,Seitwärts,73.7,Zyklus-Tief,0.07270962735951847,-0.10729478772215628,19.205668592453,0.740175707101777,0.4348986871900893,0.5581261665440812,36328412.6,622850650.6568276,bull,0.06772778246916267,bull,0.17364179735818652,2026-09-29,False,True,False,OK,,,HL,HL,Other Precious Metals & Mining,False,True
CME,CME Group Inc.,CME,263.0299987792969,USD,0.3669305127233846,27.25,,,,,,,,,,,,,,,,,,,,,,69.3,MED,"{""coverage"": 1.0, ""confluence"": 0.2, ""risk_clean"": 1.0, ""regime_align"": 0.6723941135705842, ""liquidity"": 0.5855855855855856, ""weights"": {""coverage"": 0.25, ""confluence"": 0.25, ""risk_clean"": 0.2, ""regime_align"": 0.2, ""liquidity"": 0.1}}",US12572Q1058,CME,CME,Finanzen,,0.24015650411452094,0.1665008235921408,0.3108934680698645,1735615.75,456519008.60382843,274.4641354370117,-0.04165985708664255,bull,0.06772778246916267,bull,0.17364179735818652,2026-09-29,0.116759119869281,Financial Services,Financial Data & Stock Exchanges,United States,USD,-0.07977186706744632,0.3669305127233846,0.0,stock,S21 Finanzsystem,pillar,85.0,manual gap-filling addition for derivatives and exchange infrastructure,"payments, exchanges, capital markets, crypto",52.22,31.86,,bull,stock,,,,0.06772778246916267,CME,CME Group Inc.,US12572Q1058,CME,CME,Finanzen,Financial Services,Financial Data & Stock Exchanges,United States,USD,263.0299987792969,,0.3669305127233846,27.25,,69.3,,,,0.116759119869281,-0.04165985708664255,274.4641354370117,0.24015650411452094,0.1665008235921408,0.3108934680698645,1735615.75,456519008.60382843,bull,0.06772778246916267,bull,0.17364179735818652,2026-09-29,False,True,False,OK,,,CME,CME,Financial Data & Stock Exchanges,False,True
ISRG,INTUITIVE SURGICAL INC,ISRG,412.3399963378906,USD,-6.119940988139472,26.98,0.0,Seitwärts,0.0,0.0,44.7,47.5,Zyklus-neutral,16.69,0.953,0.0,2274837504.0,170196434944.0,10064700416.0,1.34,18.8,28.38,47.18,4.875,88.83,"[37.6, 33.38, 52.35, 52.5, 15.13]",43.30517,67.7,MED,"{""coverage"": 1.0, ""confluence"": 0.2, ""risk_clean"": 1.0, ""regime_align"": 0.5347927112632995, ""liquidity"": 0.7027027027027027, ""weights"": {""coverage"": 0.25, ""confluence"": 0.25, ""risk_clean"": 0.2, ""regime_align"": 0.2, ""liquidity"": 0.1}}",US46120E6023,ISRG,ISRG,Pharma 🧪,526.07,0.3682658744171079,0.26879117944089187,0.4399595130529892,2420536.5,998084011.5457306,449.4632995605469,-0.0825947374545436,bull,0.06772778246916267,bull,0.17364179735818652,2026-09-29,-0.0024914545647425346,Healthcare,Medical Instruments & Supplies,United States,USD,-0.5906632649194887,-6.119940988139472,47.5,stock,S1 Hardware,pillar,85.0,manual thematic assignment after stack redesign,"robotics, automation, devices",53.21,36.22,,bull,stock,,,,0.06772778246916267,ISRG,INTUITIVE SURGICAL INC,US46120E6023,ISRG,ISRG,Pharma 🧪,Healthcare,Medical Instruments & Supplies,United States,USD,412.3399963378906,526.07,-6.119940988139472,26.98,0.0,67.7,Seitwärts,44.7,Zyklus-neutral,-0.0024914545647425346,-0.0825947374545436,449.4632995605469,0.3682658744171079,0.26879117944089187,0.4399595130529892,2420536.5,998084011.5457306,bull,0.06772778246916267,bull,0.17364179735818652,2026-09-29,False,True,False,OK,,,ISRG,ISRG,Medical Instruments & Supplies,False,True
PKX,POSCO HOL.ADR,PKX,56.349998474121094,USD,14.184397601695498,26.32,2.86,BUY,65.49,81.98,67.1,47.7,Zyklus-neutral,0.81,45.676,278.0,0.0,19552163332096.0,69095001161728.0,0.0,-5.4,0.95,-4.45,1.896,2.67,"[0.0, 1.62, 0.0, 72.33, 23.17]",12.655211,63.8,MED,"{""coverage"": 1.0, ""confluence"": 0.2, ""risk_clean"": 1.0, ""regime_align"": 0.6294178794178794, ""liquidity"": 0.11711711711711714, ""weights"": {""coverage"": 0.25, ""confluence"": 0.25, ""risk_clean"": 0.2, ""regime_align"": 0.2, ""liquidity"": 0.1}}",US6934831099,PKX,PKX,Fundament,63.17,0.4571017415671529,0.27518816523940554,0.4692542558079722,202154.05,11391380.409037398,61.18915000915527,-0.07908512431223724,bull,0.06772778246916267,bull,0.17364179735818652,2026-09-29,0.09953049804038505,Basic Materials,Steel,South Korea,USD,-2.5760748176625548,14.184397601695498,47.7,stock,S4 Fundament,pillar,84.0,manual thematic assignment after stack redesign,"materials, mining, metals",55.23,45.6,,bull,stock,,,,0.06772778246916267,PKX,POSCO HOL.ADR,US6934831099,PKX,PKX,Fundament,Basic Materials,Steel,South Korea,USD,56.349998474121094,63.17,14.184397601695498,26.32,2.86,63.8,BUY,67.1,Zyklus-neutral,0.09953049804038505,-0.07908512431223724,61.18915000915527,0.4571017415671529,0.27518816523940554,0.4692542558079722,202154.05,11391380.409037398,bull,0.06772778246916267,bull,0.17364179735818652,2026-09-29,False,True,False,OK,,,PKX,PKX,Steel,False,True
PAAS.TO,PAN AMER. SILVER,PAAS.TO,65.52999877929688,CAD,22.929278812296626,26.21,0.0,Seitwärts,0.0,0.0,71.7,41.7,Zyklus-neutral,11.29,13.316,97.0,996537472.0,33913999360.0,3254799872.0,2.94,19.3,19.48,38.78,2.313,68.03,"[38.6, 22.58, 0.0, 58.27, 22.51]",16.049044,56.3,MED,"{""coverage"": 1.0, ""confluence"": 0.2, ""risk_clean"": 0.6666666666666666, ""regime_align"": 0.5347417553299906, ""liquidity"": 0.22972972972972971, ""weights"": {""coverage"": 0.25, ""confluence"": 0.25, ""risk_clean"": 0.2, ""regime_align"": 0.2, ""liquidity"": 0.1}}",CA6979001089,PAAS.TO,PAAS.TO,Edelmetalle ⛏️,87.0,0.575357118373323,0.40146373072950564,0.37078769663532507,838374.8,54938699.620593265,72.76805500030518,-0.09946749601838267,bull,0.06772778246916267,bull,0.17364179735818652,2026-09-29,0.003835464770834296,Basic Materials,Gold,Canada,CAD,1.032991308418807,22.929278812296626,41.7,stock,S4 Fundament,pillar,84.0,manual thematic assignment after stack redesign,"materials, mining, metals",57.33,52.6,,bull,stock,,,,0.06772778246916267,PAAS.TO,PAN AMER. SILVER,CA6979001089,PAAS.TO,PAAS.TO,Edelmetalle ⛏️,Basic Materials,Gold,Canada,CAD,65.52999877929688,87.0,22.929278812296626,26.21,0.0,56.3,Seitwärts,71.7,Zyklus-neutral,0.003835464770834296,-0.09946749601838267,72.76805500030518,0.575357118373323,0.40146373072950564,0.37078769663532507,838374.8,54938699.620593265,bull,0.06772778246916267,bull,0.17364179735818652,2026-09-29,False,True,False,OK,,,PAAS.TO,PAAS.TO,Gold,False,True
MELI,MercadoLibre Inc.,MELI,1725.9200439453125,USD,-30.999356196743,25.94,0.0,Seitwärts,0.0,0.0,50.3,20.4,Zyklus-neutral,40.65,159.296,0.0,-4066249984.0,108489015296.0,26193000448.0,-3.75,39.5,7.93,47.43,1.174,84.75,"[79.0, 81.3, 0.0, 79.65, 27.28]",33.958015,65.7,MED,"{""coverage"": 1.0, ""confluence"": 0.4, ""risk_clean"": 0.6666666666666666, ""regime_align"": 0.5146345440463087, ""liquidity"": 0.7072072072072072, ""weights"": {""coverage"": 0.25, ""confluence"": 0.25, ""risk_clean"": 0.2, ""regime_align"": 0.2, ""liquidity"": 0.1}}",US58733R1023,MELI,MELI,Konsum 🥨,,0.41510656735296964,0.32722678401795413,0.3816000326391463,614963.55,1061377917.2407655,1842.0802996826171,-0.06305927909728937,bull,0.06772778246916267,bull,0.17364179735818652,2026-09-29,-0.03658291647402312,Consumer Cyclical,Internet Retail,Uruguay,USD,0.7889471269126647,-30.999356196743,20.4,stock,S2 Gehirn,pillar,85.0,manual thematic assignment after stack redesign,"ai, semis, software",55.53,48.34,,bull,stock,,,,0.06772778246916267,MELI,MercadoLibre Inc.,US58733R1023,MELI,MELI,Konsum 🥨,Consumer Cyclical,Internet Retail,Uruguay,USD,1725.9200439453125,,-30.999356196743,25.94,0.0,65.7,Seitwärts,50.3,Zyklus-neutral,-0.03658291647402312,-0.06305927909728937,1842.0802996826171,0.41510656735296964,0.32722678401795413,0.3816000326391463,614963.55,1061377917.2407655,bull,0.06772778246916267,bull,0.17364179735818652,2026-09-29,False,True,False,OK,,,MELI,MELI,Internet Retail,False,True
LIN,LINDE PLC,LIN,473.7200012207031,USD,0.7673462233805939,25.88,,,,,,,,,,,,,,,,,,,,,,61.0,MED,"{""coverage"": 1.0, ""confluence"": 0.0, ""risk_clean"": 1.0, ""regime_align"": 0.4517243487831723, ""liquidity"": 0.6936936936936937, ""weights"": {""coverage"": 0.25, ""confluence"": 0.25, ""risk_clean"": 0.2, ""regime_align"": 0.2, ""liquidity"": 0.1}}",IE000S9YS762,LIN,LIN,Fundament,,0.1905265874338318,0.12872733386768465,0.1798063571713736,1958254.85,927664489.9324479,482.49126358032225,-0.01817911125381222,bull,0.06772778246916267,bull,0.17364179735818652,2026-09-29,-0.13645597484831096,Basic Materials,Specialty Chemicals,Ireland,USD,0.35590048414748665,0.7673462233805939,0.0,stock,S4 Fundament,pillar,85.0,manual thematic assignment after stack redesign,"materials, mining, metals",47.75,24.53,,bull,stock,,,,0.06772778246916267,LIN,LINDE PLC,IE000S9YS762,LIN,LIN,Fundament,Basic Materials,Specialty Chemicals,Ireland,USD,473.7200012207031,,0.7673462233805939,25.88,,61.0,,,,-0.13645597484831096,-0.01817911125381222,482.49126358032225,0.1905265874338318,0.12872733386768465,0.1798063571713736,1958254.85,927664489.9324479,bull,0.06772778246916267,bull,0.17364179735818652,2026-09-29,False,True,False,OK,,,LIN,LIN,Specialty Chemicals,False,True
WM,"WASTE MANAGEMENT, INC.",WM,207.06500244140625,USD,-4.059214547817714,25.88,,,,,,,,,,,,,,,,,,,,,,60.0,MED,"{""coverage"": 1.0, ""confluence"": 0.0, ""risk_clean"": 1.0, ""regime_align"": 0.46505442093677385, ""liquidity"": 0.5720720720720721, ""weights"": {""coverage"": 0.25, ""confluence"": 0.25, ""risk_clean"": 0.2, ""regime_align"": 0.2, ""liquidity"": 0.1}}",US94106L1098,WM,WM,Recycling,,0.20292000811677832,0.13705284618226055,0.15184377916677738,2167157.65,448742504.0881622,223.22832847595214,-0.072407145387406,bull,0.06772778246916267,bull,0.17364179735818652,2026-09-29,-0.09909294725620676,Industrials,Waste Management,United States,USD,0.30275140118611876,-4.059214547817714,0.0,stock,S5 Recycling,pillar,85.0,manual thematic assignment after stack redesign,"recycling, urban mining",48.22,25.99,,bull,stock,,,,0.06772778246916267,WM,"WASTE MANAGEMENT, INC.",US94106L1098,WM,WM,Recycling,Industrials,Waste Management,United States,USD,207.06500244140625,,-4.059214547817714,25.88,,60.0,,,,-0.09909294725620676,-0.072407145387406,223.22832847595214,0.20292000811677832,0.13705284618226055,0.15184377916677738,2167157.65,448742504.0881622,bull,0.06772778246916267,bull,0.17364179735818652,2026-09-29,False,True,False,OK,,,WM,WM,Waste Management,False,True
1810.HK,XIAOMI CORP. CL.B,1810.HK,25.200000762939453,HKD,-52.94117437540653,25.77,0.0,Seitwärts,0.0,0.0,46.9,100.0,Zyklus-Hoch,19.86,10.389,0.0,32390629376.0,839264567296.0,449375305728.0,3.86,22.3,9.82,32.12,1.317,24.94,"[44.6, 39.72, 0.0, 0.0, 42.06]",18.211044,72.5,MED,"{""coverage"": 1.0, ""confluence"": 0.6, ""risk_clean"": 0.6666666666666666, ""regime_align"": 0.52526395173454, ""liquidity"": 0.8648648648648649, ""weights"": {""coverage"": 0.25, ""confluence"": 0.25, ""risk_clean"": 0.2, ""regime_align"": 0.2, ""liquidity"": 0.1}}",KYG9830T1067,1810.HK,1810.HK,Hardware 💻,35.56,0.4091426356330642,0.2296185380527374,0.6161290256422176,120335008.75,3032442312.308326,31.180500011444092,-0.19180254474141312,bull,0.06772778246916267,bull,0.17364179735818652,2026-09-29,0.1386554315883639,Technology,Consumer Electronics,China,HKD,-2.5522035260429066,-52.94117437540653,100.0,stock,S1 Hardware,pillar,85.0,manual thematic assignment after stack redesign,"robotics, automation, devices",53.17,41.88,,bull,stock,,,,0.06772778246916267,1810.HK,XIAOMI CORP. CL.B,KYG9830T1067,1810.HK,1810.HK,Hardware 💻,Technology,Consumer Electronics,China,HKD,25.200000762939453,35.56,-52.94117437540653,25.77,0.0,72.5,Seitwärts,46.9,Zyklus-Hoch,0.1386554315883639,-0.19180254474141312,31.180500011444092,0.4091426356330642,0.2296185380527374,0.6161290256422176,120335008.75,3032442312.308326,bull,0.06772778246916267,bull,0.17364179735818652,2026-09-29,False,True,False,OK,,,1810.HK,1810.HK,Consumer Electronics,False,True
GMED,Globus Medical,GMED,75.70500183105469,USD,34.18114903932099,25.6,0.0,Seitwärts,0.0,0.0,53.2,24.1,Zyklus-neutral,10.01,2.731,0.0,445762752.0,11603802112.0,2769804032.0,3.84,22.9,15.3,38.2,4.13,106.79,"[45.8, 20.02, 0.0, 75.85, 24.94]",20.902147,63.0,MED,"{""coverage"": 1.0, ""confluence"": 0.2, ""risk_clean"": 1.0, ""regime_align"": 0.4761322408381232, ""liquidity"": 0.3513513513513513, ""weights"": {""coverage"": 0.25, ""confluence"": 0.25, ""risk_clean"": 0.2, ""regime_align"": 0.2, ""liquidity"": 0.1}}",US3795772082,GMED,GMED,Pharma 🧪,,0.4881671254377449,0.21587210133869617,0.24023964273441223,1548096.2,117198625.6556488,84.82177501678467,-0.10748151855966159,bull,0.06772778246916267,bull,0.17364179735818652,2026-09-29,-0.030601148234629116,Healthcare,Medical Devices,United States,USD,1.2369658556532492,34.18114903932099,24.1,stock,S1 Hardware,pillar,85.0,manual thematic assignment after stack redesign,"robotics, automation, devices",51.32,36.95,,bull,stock,,,,0.06772778246916267,GMED,Globus Medical,US3795772082,GMED,GMED,Pharma 🧪,Healthcare,Medical Devices,United States,USD,75.70500183105469,,34.18114903932099,25.6,0.0,63.0,Seitwärts,53.2,Zyklus-neutral,-0.030601148234629116,-0.10748151855966159,84.82177501678467,0.4881671254377449,0.21587210133869617,0.24023964273441223,1548096.2,117198625.6556488,bull,0.06772778246916267,bull,0.17364179735818652,2026-09-29,False,True,False,OK,,,GMED,GMED,Medical Devices,False,True
ENSG,"THE ENSIGN GROUP, INC.",ENSG,175.50999450683594,USD,2.458931039670764,25.42,,,,,,,,,,,,,,,,,,,,,,59.9,MED,"{""coverage"": 1.0, ""confluence"": 0.0, ""risk_clean"": 1.0, ""regime_align"": 0.6183502507031919, ""liquidity"": 0.25225225225225223, ""weights"": {""coverage"": 0.25, ""confluence"": 0.25, ""risk_clean"": 0.2, ""regime_align"": 0.2, ""liquidity"": 0.1}}",US29358P1012,ENSG,ENSG,Pharma & Gesundheit,,0.2775702888263601,0.16671096377921596,0.31808492258302146,349583.15,61355336.73618241,181.76945579528808,-0.034436265768995056,bull,0.06772778246916267,bull,0.17364179735818652,2026-09-29,0.037614398676218075,Healthcare,Medical Care Facilities,United States,USD,-0.48197215954519645,2.458931039670764,0.0,stock,S13 Gesundheit,pillar,85.0,manual thematic assignment after stack redesign,"healthcare, pharma, medtech",51.12,37.2,,bull,stock,,,,0.06772778246916267,ENSG,"THE ENSIGN GROUP, INC.",US29358P1012,ENSG,ENSG,Pharma & Gesundheit,Healthcare,Medical Care Facilities,United States,USD,175.50999450683594,,2.458931039670764,25.42,,59.9,,,,0.037614398676218075,-0.034436265768995056,181.76945579528808,0.2775702888263601,0.16671096377921596,0.31808492258302146,349583.15,61355336.73618241,bull,0.06772778246916267,bull,0.17364179735818652,2026-09-29,False,True,False,OK,,,ENSG,ENSG,Medical Care Facilities,False,True
3750.HK,CONT.AMPEREX (CATL),3750.HK,482.20001220703125,HKD,-10.514907414392205,25.26,0.0,Seitwärts,0.0,0.0,73.2,82.0,Zyklus-Hoch,22.14,37.135,22.0,48903442432.0,2110351081472.0,386039808000.0,2.32,12.9,16.52,29.42,1.684,57.34,"[25.8, 44.28, 0.0, 17.96, 23.92]",23.25123,66.1,MED,"{""coverage"": 1.0, ""confluence"": 0.4, ""risk_clean"": 1.0, ""regime_align"": 0.1671864171864172, ""liquidity"": 0.7792792792792793, ""weights"": {""coverage"": 0.25, ""confluence"": 0.25, ""risk_clean"": 0.2, ""regime_align"": 0.2, ""liquidity"": 0.1}}",CNE100006WS8,3750.HK,3750.HK,Energie,467.0,0.4564631502929609,0.2821436864027008,0.3798746761074161,3068914.7,1479830705.8023376,592.7628279113769,-0.18652116917303685,bull,0.06772778246916267,bull,0.17364179735818652,2026-09-29,-0.3372683027961928,Industrials,Electrical Equipment & Parts,China,HKD,-0.49525255184823536,-10.514907414392205,82.0,stock,S3 Energie,pillar,82.0,manual thematic assignment after stack redesign,"energy, grid, electrification",51.95,40.51,,bull,stock,,,,0.06772778246916267,3750.HK,CONT.AMPEREX (CATL),CNE100006WS8,3750.HK,3750.HK,Energie,Industrials,Electrical Equipment & Parts,China,HKD,482.20001220703125,467.0,-10.514907414392205,25.26,0.0,66.1,Seitwärts,73.2,Zyklus-Hoch,-0.3372683027961928,-0.18652116917303685,592.7628279113769,0.4564631502929609,0.2821436864027008,0.3798746761074161,3068914.7,1479830705.8023376,bull,0.06772778246916267,bull,0.17364179735818652,2026-09-29,False,True,False,OK,,,3750.HK,3750.HK,Electrical Equipment & Parts,False,True
NFLX,NETFLIX INC.,NFLX,70.31400299072266,USD,-41.71632888767524,24.97,0.0,Seitwärts,0.0,0.0,39.3,93.9,Zyklus-Hoch,42.76,63.782,0.0,24817524736.0,355017424896.0,45183037440.0,6.99,17.6,24.3,41.9,1.186,86.0,"[35.2, 85.52, 0.0, 6.14, 32.01]",21.525,64.3,MED,"{""coverage"": 1.0, ""confluence"": 0.4, ""risk_clean"": 0.6666666666666666, ""regime_align"": 0.38123191064367534, ""liquidity"": 0.8378378378378378, ""weights"": {""coverage"": 0.25, ""confluence"": 0.25, ""risk_clean"": 0.2, ""regime_align"": 0.2, ""liquidity"": 0.1}}",US64110L1061,NFLX,NFLX,Medien & Digitales 📱,85.7,0.3650494295621996,0.2668156475445241,0.45543160824265916,32873928.5,2311497506.865803,84.46331985473633,-0.16752025480822064,bull,0.06772778246916267,bull,0.17364179735818652,2026-09-29,-0.07948838298112137,Communication Services,Entertainment,United States,USD,1.5657945705999987,-41.71632888767524,93.9,stock,S19 Medien & Unterhaltung,pillar,75.0,manual thematic assignment after stack redesign,"media, entertainment, streaming",51.8,41.42,,bull,stock,,,,0.06772778246916267,NFLX,NETFLIX INC.,US64110L1061,NFLX,NFLX,Medien & Digitales 📱,Communication Services,Entertainment,United States,USD,70.31400299072266,85.7,-41.71632888767524,24.97,0.0,64.3,Seitwärts,39.3,Zyklus-Hoch,-0.07948838298112137,-0.16752025480822064,84.46331985473633,0.3650494295621996,0.2668156475445241,0.45543160824265916,32873928.5,2311497506.865803,bull,0.06772778246916267,bull,0.17364179735818652,2026-09-29,False,True,False,OK,,,NFLX,NFLX,Entertainment,False,True
ABT,Abbott Laboratories,ABT,100.95999908447266,USD,-22.399843357451697,24.95,0.0,Seitwärts,0.0,0.0,40.7,80.8,Zyklus-Hoch,13.16,25.31,224.0,0.0,200792539136.0,44328001536.0,0.0,4.4,14.72,19.12,1.0,81.66,"[8.8, 26.32, 0.0, 19.21, 25.41]",17.985203,69.8,MED,"{""coverage"": 1.0, ""confluence"": 0.2, ""risk_clean"": 1.0, ""regime_align"": 0.6634156781215605, ""liquidity"": 0.6576576576576577, ""weights"": {""coverage"": 0.25, ""confluence"": 0.25, ""risk_clean"": 0.2, ""regime_align"": 0.2, ""liquidity"": 0.1}}",US0028241000,ABT,ABT,Pharma 🧪,107.46,0.26841444254976776,0.1864840538081231,0.3768476209057138,8467431.65,854871891.6318349,103.53105690002441,-0.02483368655295881,bull,0.06772778246916267,bull,0.17364179735818652,2026-09-29,0.07581592417025873,Healthcare,Medical Devices,United States,USD,-0.019810132497444233,-22.399843357451697,80.8,stock,S1 Hardware,pillar,85.0,manual thematic assignment after stack redesign,"robotics, automation, devices",48.75,32.09,,bull,stock,,,,0.06772778246916267,ABT,Abbott Laboratories,US0028241000,ABT,ABT,Pharma 🧪,Healthcare,Medical Devices,United States,USD,100.95999908447266,107.46,-22.399843357451697,24.95,0.0,69.8,Seitwärts,40.7,Zyklus-Hoch,0.07581592417025873,-0.02483368655295881,103.53105690002441,0.26841444254976776,0.1864840538081231,0.3768476209057138,8467431.65,854871891.6318349,bull,0.06772778246916267,bull,0.17364179735818652,2026-09-29,False,True,False,OK,,,ABT,ABT,Medical Devices,False,True
NDA.DE,AURUBIS AG,NDA.DE,162.10000610351562,EUR,53.57781528135539,24.74,0.0,BUY,123.5,145.46,79.5,54.1,Zyklus-neutral,11.9,10.073,95.0,-585249984.0,7707624960.0,19295000576.0,-7.59,25.3,3.14,28.44,2.108,49.51,"[50.6, 23.8, 0.0, 65.86, 6.88]",18.59068,60.7,MED,"{""coverage"": 1.0, ""confluence"": 0.2, ""risk_clean"": 1.0, ""regime_align"": 0.46061106355224, ""liquidity"": 0.15315315315315314, ""weights"": {""coverage"": 0.25, ""confluence"": 0.25, ""risk_clean"": 0.2, ""regime_align"": 0.2, ""liquidity"": 0.1}}",DE0006766504,NDA.DE,NDA.DE,Recycling,155.7,0.4091298259302736,0.26459724567932597,0.26824819283935375,141014.65,22858475.62568512,171.25743141174317,-0.0534716959885434,bull,0.06772778246916267,bull,0.17364179735818652,2026-09-29,-0.10622139238484485,Industrials,Metal Fabrication,Germany,EUR,1.0598580247630052,53.57781528135539,54.1,stock,S5 Recycling,pillar,83.0,manual thematic assignment after stack redesign,"recycling, urban mining",50.76,39.31,,bull,stock,,,,0.06772778246916267,NDA.DE,AURUBIS AG,DE0006766504,NDA.DE,NDA.DE,Recycling,Industrials,Metal Fabrication,Germany,EUR,162.10000610351562,155.7,53.57781528135539,24.74,0.0,60.7,BUY,79.5,Zyklus-neutral,-0.10622139238484485,-0.0534716959885434,171.25743141174317,0.4091298259302736,0.26459724567932597,0.26824819283935375,141014.65,22858475.62568512,bull,0.06772778246916267,bull,0.17364179735818652,2026-09-29,False,True,False,OK,,,NDA.DE,NDA.DE,Metal Fabrication,False,True
NEE,"NextEra Energy, Inc.",NEE,76.00499725341797,USD,2.5971622493394353,24.43,,,,,,,,,,,,,,,,,,,,,,58.9,MED,"{""coverage"": 1.0, ""confluence"": 0.0, ""risk_clean"": 1.0, ""regime_align"": 0.35218702865761686, ""liquidity"": 0.6846846846846847, ""weights"": {""coverage"": 0.25, ""confluence"": 0.25, ""risk_clean"": 0.2, ""regime_align"": 0.2, ""liquidity"": 0.1}}",US65339F1012,NEE,NEE,Energie,,0.21351888118330123,0.1405650407434547,0.21725826227279954,11703133.6,889496637.1243836,86.36693790435791,-0.11997577895391731,bull,0.06772778246916267,bull,0.17364179735818652,2026-09-29,-0.1406337059944326,Utilities,Utilities - Regulated Electric,United States,USD,0.6822087749662087,2.5971622493394353,0.0,stock,S3 Energie,pillar,84.0,manual gap-filling addition for power generation and utility exposure,"energy, grid, electrification",46.24,26.81,,bull,stock,,,,0.06772778246916267,NEE,"NextEra Energy, Inc.",US65339F1012,NEE,NEE,Energie,Utilities,Utilities - Regulated Electric,United States,USD,76.00499725341797,,2.5971622493394353,24.43,,58.9,,,,-0.1406337059944326,-0.11997577895391731,86.36693790435791,0.21351888118330123,0.1405650407434547,0.21725826227279954,11703133.6,889496637.1243836,bull,0.06772778246916267,bull,0.17364179735818652,2026-09-29,False,True,False,OK,,,NEE,NEE,Utilities - Regulated Electric,False,True
FSLR,FIRST SOLAR INC,FSLR,176.80999755859375,USD,-20.90099828919709,24.39,0.0,Seitwärts,0.0,0.0,59.4,31.0,Zyklus-neutral,16.86,9.893,0.0,168763744.0,23129389056.0,5050625024.0,0.73,79.7,27.73,107.43,1.91,103.86,"[100.0, 33.72, 0.0, 69.03, 32.13]",9.727635,64.2,MED,"{""coverage"": 1.0, ""confluence"": 0.4, ""risk_clean"": 1.0, ""regime_align"": 0.18058782764665116, ""liquidity"": 0.5630630630630631, ""weights"": {""coverage"": 0.25, ""confluence"": 0.25, ""risk_clean"": 0.2, ""regime_align"": 0.2, ""liquidity"": 0.1}}",US3364331070,FSLR,FSLR,Energie,236.58,0.5501347502843201,0.36585495052367356,0.4590416224285644,2411668.55,426407110.43763727,225.54035118103027,-0.2160604670838835,bull,0.06772778246916267,bull,0.17364179735818652,2026-09-29,-0.26539480857825337,Technology,Solar,United States,USD,2.220036024044969,-20.90099828919709,31.0,stock,S3 Energie,pillar,82.0,manual thematic assignment after stack redesign,"energy, grid, electrification",53.18,48.45,,bull,stock,,,,0.06772778246916267,FSLR,FIRST SOLAR INC,US3364331070,FSLR,FSLR,Energie,Technology,Solar,United States,USD,176.80999755859375,236.58,-20.90099828919709,24.39,0.0,64.2,Seitwärts,59.4,Zyklus-neutral,-0.26539480857825337,-0.2160604670838835,225.54035118103027,0.5501347502843201,0.36585495052367356,0.4590416224285644,2411668.55,426407110.43763727,bull,0.06772778246916267,bull,0.17364179735818652,2026-09-29,False,True,False,OK,,,FSLR,FSLR,Solar,False,True
GE,GE Aerospace,GE,318.8599853515625,USD,9.010709721171661,24.16,,,,,,,,,,,,,,,,,,,,,,61.2,MED,"{""coverage"": 1.0, ""confluence"": 0.0, ""risk_clean"": 1.0, ""regime_align"": 0.4359789653907301, ""liquidity"": 0.7522522522522522, ""weights"": {""coverage"": 0.25, ""confluence"": 0.25, ""risk_clean"": 0.2, ""regime_align"": 0.2, ""liquidity"": 0.1}}",US3696043013,GE,GE,,,0.33137343169189754,0.22809915935250438,0.20851491484155849,4167505.0,1328850583.2525635,323.2009515380859,-0.013431167717375625,bull,0.06772778246916267,bull,0.17364179735818652,2026-09-29,-0.175754700320099,Industrials,Aerospace & Defense,United States,USD,0.19481999001158545,9.010709721171661,0.0,stock,S20 Sicherheit & Verteidigung,pillar,81.0,manual addition via ChatGPT,"defense, aerospace, security",47.41,31.71,,bull,stock,,,,0.06772778246916267,GE,GE Aerospace,US3696043013,GE,GE,,Industrials,Aerospace & Defense,United States,USD,318.8599853515625,,9.010709721171661,24.16,,61.2,,,,-0.175754700320099,-0.013431167717375625,323.2009515380859,0.33137343169189754,0.22809915935250438,0.20851491484155849,4167505.0,1328850583.2525635,bull,0.06772778246916267,bull,0.17364179735818652,2026-09-29,False,True,False,OK,,,GE,GE,Aerospace & Defense,False,True
UBER,UBER TECH. DL,UBER,69.44499969482422,USD,-30.255097009471953,24.15,,,,,,,,,,,,,,,,,,,,,,62.2,MED,"{""coverage"": 1.0, ""confluence"": 0.0, ""risk_clean"": 1.0, ""regime_align"": 0.4943235090293914, ""liquidity"": 0.7342342342342343, ""weights"": {""coverage"": 0.25, ""confluence"": 0.25, ""risk_clean"": 0.2, ""regime_align"": 0.2, ""liquidity"": 0.1}}",US90353T1007,UBER,UBER,Tech 💻,,0.353293398036154,0.21529811956166112,0.3412587068275156,18520365.45,1286146773.023283,74.97332504272461,-0.07373723047163772,bull,0.06772778246916267,bull,0.17364179735818652,2026-09-29,-0.0714913853474689,Technology,Software - Application,United States,USD,1.8852640312124525,-30.255097009471953,0.0,stock,S15 Mobilität,pillar,85.0,manual thematic assignment after stack redesign,"mobility, autos, autonomy",48.81,36.1,,bull,stock,,,,0.06772778246916267,UBER,UBER TECH. DL,US90353T1007,UBER,UBER,Tech 💻,Technology,Software - Application,United States,USD,69.44499969482422,,-30.255097009471953,24.15,,62.2,,,,-0.0714913853474689,-0.07373723047163772,74.97332504272461,0.353293398036154,0.21529811956166112,0.3412587068275156,18520365.45,1286146773.023283,bull,0.06772778246916267,bull,0.17364179735818652,2026-09-29,False,True,False,OK,,,UBER,UBER,Software - Application,False,True
NESN.SW,NESTLE NAM.,NESN.SW,76.26000213623047,CHF,10.103884090078186,24.15,0.0,Seitwärts,0.0,0.0,53.9,95.7,Zyklus-Hoch,33.76,225.855,389.0,5756874752.0,263371161600.0,90898997248.0,2.19,-1.8,11.34,9.54,0.714,45.54,"[0.0, 67.52, 0.0, 4.27, 21.26]",17.62689,57.7,MED,"{""coverage"": 1.0, ""confluence"": 0.2, ""risk_clean"": 0.6666666666666666, ""regime_align"": 0.4832456891280421, ""liquidity"": 0.46846846846846846, ""weights"": {""coverage"": 0.25, ""confluence"": 0.25, ""risk_clean"": 0.2, ""regime_align"": 0.2, ""liquidity"": 0.1}}",CH0038863350,NESN.SW,NESN.SW,Konsum & Lifestyle,72.85,0.23013965174487613,0.1478805870643709,0.15301191025925331,3190265.95,243289688.16214335,77.71720165252685,-0.01875002554532923,bull,0.06772778246916267,bull,0.17364179735818652,2026-09-29,-0.10711861544389278,Consumer Defensive,Packaged Foods,Switzerland,,-0.9610361867136819,10.103884090078186,95.7,stock,S11 Konsum,pillar,80.0,manual thematic assignment after stack redesign,"consumer staples, food, household",47.84,33.1,,bull,stock,,,,0.06772778246916267,NESN.SW,NESTLE NAM.,CH0038863350,NESN.SW,NESN.SW,Konsum & Lifestyle,Consumer Defensive,Packaged Foods,Switzerland,,76.26000213623047,72.85,10.103884090078186,24.15,0.0,57.7,Seitwärts,53.9,Zyklus-Hoch,-0.10711861544389278,-0.01875002554532923,77.71720165252685,0.23013965174487613,0.1478805870643709,0.15301191025925331,3190265.95,243289688.16214335,bull,0.06772778246916267,bull,0.17364179735818652,2026-09-29,False,True,False,OK,,,NESN.SW,NESN.SW,Packaged Foods,False,True
ADBE,Adobe Inc.,ADBE,232.85000610351562,USD,-35.21506944400221,24.0,,,,,,,,,,,,,,,,,,,,,,69.1,MED,"{""coverage"": 1.0, ""confluence"": 0.2, ""risk_clean"": 1.0, ""regime_align"": 0.5842301577595695, ""liquidity"": 0.7387387387387387, ""weights"": {""coverage"": 0.25, ""confluence"": 0.25, ""risk_clean"": 0.2, ""regime_align"": 0.2, ""liquidity"": 0.1}}",US00724F1012,ADBE,ADBE,Tech 💻,,0.40852050628336567,0.27501628807870826,0.4626156492063318,5569510.25,1296860495.7060928,261.5659999084473,-0.10978488723680735,bull,0.06772778246916267,bull,0.17364179735818652,2026-09-29,0.0764150115504425,Technology,Software - Application,United States,USD,0.7965073548474644,-35.21506944400221,0.0,stock,S2 Gehirn,pillar,85.0,manual addition via ChatGPT,"ai, semis, software",50.81,43.01,,bull,stock,,,,0.06772778246916267,ADBE,Adobe Inc.,US00724F1012,ADBE,ADBE,Tech 💻,Technology,Software - Application,United States,USD,232.85000610351562,,-35.21506944400221,24.0,,69.1,,,,0.0764150115504425,-0.10978488723680735,261.5659999084473,0.40852050628336567,0.27501628807870826,0.4626156492063318,5569510.25,1296860495.7060928,bull,0.06772778246916267,bull,0.17364179735818652,2026-09-29,False,True,False,OK,,,ADBE,ADBE,Software - Application,False,True
EQX.TO,EQUINOX GOLD,EQX.TO,16.15999984741211,CAD,3.155639476233185,23.86,0.0,Seitwärts,0.0,0.0,69.9,55.9,Zyklus-neutral,1.41,34.774,0.0,247383744.0,18424088576.0,2296356096.0,1.34,91.2,2.71,93.91,1.074,60.19,"[100.0, 2.82, 0.0, 44.08, 30.27]",14.130916,56.1,MED,"{""coverage"": 1.0, ""confluence"": 0.4, ""risk_clean"": 0.3333333333333333, ""regime_align"": 0.6112469935999347, ""liquidity"": 0.22522522522522526, ""weights"": {""coverage"": 0.25, ""confluence"": 0.25, ""risk_clean"": 0.2, ""regime_align"": 0.2, ""liquidity"": 0.1}}",CA29446Y5020,EQX.TO,EQX.TO,Edelmetalle ⛏️,22.8,0.6199417707750995,0.3953151515768794,0.5266961035807802,3381417.1,54643699.8200367,18.173388805389404,-0.11078775563202692,bull,0.06772778246916267,bull,0.17364179735818652,2026-09-29,0.13775827891100478,Basic Materials,Gold,Canada,CAD,1.3801773702651454,3.155639476233185,55.9,stock,S4 Fundament,pillar,84.0,manual thematic assignment after stack redesign,"materials, mining, metals",56.29,60.59,,bull,stock,,,,0.06772778246916267,EQX.TO,EQUINOX GOLD,CA29446Y5020,EQX.TO,EQX.TO,Edelmetalle ⛏️,Basic Materials,Gold,Canada,CAD,16.15999984741211,22.8,3.155639476233185,23.86,0.0,56.1,Seitwärts,69.9,Zyklus-neutral,0.13775827891100478,-0.11078775563202692,18.173388805389404,0.6199417707750995,0.3953151515768794,0.5266961035807802,3381417.1,54643699.8200367,bull,0.06772778246916267,bull,0.17364179735818652,2026-09-29,False,True,False,OK,,,EQX.TO,EQX.TO,Gold,False,True
1211.HK,BYD Company Limited,1211.HK,75.75,HKD,-29.915670416938312,23.75,,,,,,,,,,,,,,,,,,,,,,61.6,MED,"{""coverage"": 1.0, ""confluence"": 0.0, ""risk_clean"": 1.0, ""regime_align"": 0.44645550527903466, ""liquidity"": 0.7702702702702703, ""weights"": {""coverage"": 0.25, ""confluence"": 0.25, ""risk_clean"": 0.2, ""regime_align"": 0.2, ""liquidity"": 0.1}}",CNE100000296,1211.HK,1211.HK,Industrie/Auto 🚗,,0.37603035664434614,0.20545513269493842,0.36087951026027554,18459569.3,1398312374.4750001,93.1590648651123,-0.1868746202027617,bull,0.06772778246916267,bull,0.17364179735818652,2026-09-29,0.01969389541420652,Consumer Cyclical,Auto Manufacturers,China,HKD,-2.5096486806056473,-29.915670416938312,0.0,stock,S15 Mobilität,pillar,85.0,manual addition via ChatGPT,"mobility, autos, autonomy",48.49,36.97,,bull,stock,,,,0.06772778246916267,1211.HK,BYD Company Limited,CNE100000296,1211.HK,1211.HK,Industrie/Auto 🚗,Consumer Cyclical,Auto Manufacturers,China,HKD,75.75,,-29.915670416938312,23.75,,61.6,,,,0.01969389541420652,-0.1868746202027617,93.1590648651123,0.37603035664434614,0.20545513269493842,0.36087951026027554,18459569.3,1398312374.4750001,bull,0.06772778246916267,bull,0.17364179735818652,2026-09-29,False,True,False,OK,,,1211.HK,1211.HK,Auto Manufacturers,False,True
SPOT,SPOTIFY TECH.,SPOT,493.6400146484375,USD,-32.23605165605217,23.68,0.0,Seitwärts,0.0,0.0,41.6,76.0,Zyklus-neutral,22.64,28.873,0.0,789000000.0,92863963136.0,16897000448.0,0.85,7.1,8.31,15.41,1.612,67.37,"[14.2, 45.28, 0.0, 24.02, 38.46]",25.314257,68.7,MED,"{""coverage"": 1.0, ""confluence"": 0.2, ""risk_clean"": 1.0, ""regime_align"": 0.6138967021319963, ""liquidity"": 0.6396396396396397, ""weights"": {""coverage"": 0.25, ""confluence"": 0.25, ""risk_clean"": 0.2, ""regime_align"": 0.2, ""liquidity"": 0.1}}",LU1778762911,SPOT,SPOT,Medien & Digitales 📱,511.74,0.4491450647144095,0.2961023176888659,0.43340148997272954,1422461.25,702183792.2868347,501.9537515258789,-0.016562754740189978,bull,0.06772778246916267,bull,0.17364179735818652,2026-09-29,0.017540816815764027,Communication Services,Internet Content & Information,Sweden,USD,-0.7778728148626901,-32.23605165605217,76.0,stock,S19 Medien & Unterhaltung,pillar,75.0,manual thematic assignment after stack redesign,"media, entertainment, streaming",50.31,42.98,,bull,stock,,,,0.06772778246916267,SPOT,SPOTIFY TECH.,LU1778762911,SPOT,SPOT,Medien & Digitales 📱,Communication Services,Internet Content & Information,Sweden,USD,493.6400146484375,511.74,-32.23605165605217,23.68,0.0,68.7,Seitwärts,41.6,Zyklus-neutral,0.017540816815764027,-0.016562754740189978,501.9537515258789,0.4491450647144095,0.2961023176888659,0.43340148997272954,1422461.25,702183792.2868347,bull,0.06772778246916267,bull,0.17364179735818652,2026-09-29,False,True,False,OK,,,SPOT,SPOT,Internet Content & Information,False,True
SN.L,SMITH + NEP. DL,SN.L,1011.5,GBp,-23.585126899822395,23.61,0.0,Seitwärts,0.0,0.0,63.3,87.2,Zyklus-Hoch,9.14,62.392,226.0,700875008.0,14034447360.0,5944000000.0,4.99,4.7,8.26,12.96,3.003,69.36,"[9.4, 18.28, 0.0, 12.76, 21.21]",15.511343,61.5,MED,"{""coverage"": 1.0, ""confluence"": 0.0, ""risk_clean"": 1.0, ""regime_align"": 0.3994333700216053, ""liquidity"": 0.8558558558558559, ""weights"": {""coverage"": 0.25, ""confluence"": 0.25, ""risk_clean"": 0.2, ""regime_align"": 0.2, ""liquidity"": 0.1}}",GB0009223206,SN.L,SN.L,Hardware 💻,1243.0,0.2623711618929192,0.22130067023440977,0.2912542045064713,2785048.15,2817076203.725,1171.9745819091797,-0.13692667433773353,bull,0.06772778246916267,bull,0.17364179735818652,2026-09-29,-0.09829863597505573,Healthcare,Medical Devices,United Kingdom,GBp,-0.09876543209876854,-23.585126899822395,87.2,stock,S1 Hardware,pillar,85.0,manual thematic assignment after stack redesign,"robotics, automation, devices",46.47,31.42,,bull,stock,,,,0.06772778246916267,SN.L,SMITH + NEP. DL,GB0009223206,SN.L,SN.L,Hardware 💻,Healthcare,Medical Devices,United Kingdom,GBp,1011.5,1243.0,-23.585126899822395,23.61,0.0,61.5,Seitwärts,63.3,Zyklus-Hoch,-0.09829863597505573,-0.13692667433773353,1171.9745819091797,0.2623711618929192,0.22130067023440977,0.2912542045064713,2785048.15,2817076203.725,bull,0.06772778246916267,bull,0.17364179735818652,2026-09-29,False,True,False,OK,,,SN.L,SN.L,Medical Devices,False,True
9988.HK,Alibaba Group Holding Limited,9988.HK,106.19999694824219,,-38.68560210127471,23.56,,,,,,,,,,,,,,,,,,,,,,62.9,MED,"{""coverage"": 1.0, ""confluence"": 0.2, ""risk_clean"": 0.6666666666666666, ""regime_align"": 0.532102237984591, ""liquidity"": 0.8963963963963963, ""weights"": {""coverage"": 0.25, ""confluence"": 0.25, ""risk_clean"": 0.2, ""regime_align"": 0.2, ""liquidity"": 0.1}}",KYG017191142,9988.HK,9988.HK,,,0.4424977452273666,0.2432859862019369,0.515935019856621,60343864.75,6408518252.295139,129.02715042114258,-0.17691744255680242,bull,0.06772778246916267,bull,0.17364179735818652,2026-09-29,0.11792547384967533,Consumer Cyclical,Internet Retail,Hong Kong,,-1.3927576996319302,-38.68560210127471,0.0,stock,S2 Gehirn,pillar,85.0,manual thematic assignment after stack redesign,"ai, semis, software",50.13,42.97,,bull,stock,,,,0.06772778246916267,9988.HK,Alibaba Group Holding Limited,KYG017191142,9988.HK,9988.HK,,Consumer Cyclical,Internet Retail,Hong Kong,,106.19999694824219,,-38.68560210127471,23.56,,62.9,,,,0.11792547384967533,-0.17691744255680242,129.02715042114258,0.4424977452273666,0.2432859862019369,0.515935019856621,60343864.75,6408518252.295139,bull,0.06772778246916267,bull,0.17364179735818652,2026-09-29,False,True,False,OK,,,9988.HK,9988.HK,Internet Retail,False,True
MCD,MCDONALD'S CORPORATION,MCD,233.9199981689453,USD,-20.81038686846125,23.41,,,,,,,,,,,,,,,,,,,,,,58.1,MED,"{""coverage"": 1.0, ""confluence"": 0.0, ""risk_clean"": 1.0, ""regime_align"": 0.27530471648118704, ""liquidity"": 0.7567567567567568, ""weights"": {""coverage"": 0.25, ""confluence"": 0.25, ""risk_clean"": 0.2, ""regime_align"": 0.2, ""liquidity"": 0.1}}",US5801351017,MCD,MCD,Konsum 🥨,,0.19165401300447643,0.13083880743346335,0.30165034332658947,5821089.8,1361669315.3572662,287.51256103515624,-0.1864007703637608,bull,0.06772778246916267,bull,0.17364179735818652,2026-09-29,-0.15286984076655463,Consumer Cyclical,Restaurants,United States,USD,0.13698290114252387,-20.81038686846125,0.0,stock,S11 Konsum,pillar,85.0,manual thematic assignment after stack redesign,"consumer staples, food, household",45.04,27.96,,bull,stock,,,,0.06772778246916267,MCD,MCDONALD'S CORPORATION,US5801351017,MCD,MCD,Konsum 🥨,Consumer Cyclical,Restaurants,United States,USD,233.9199981689453,,-20.81038686846125,23.41,,58.1,,,,-0.15286984076655463,-0.1864007703637608,287.51256103515624,0.19165401300447643,0.13083880743346335,0.30165034332658947,5821089.8,1361669315.3572662,bull,0.06772778246916267,bull,0.17364179735818652,2026-09-29,False,True,False,OK,,,MCD,MCD,Restaurants,False,True
SNN,SMITH & NEPHEW PLC,SNN,26.915000915527344,USD,-22.394769801740345,22.65,0.0,Seitwärts,0.0,0.0,67.3,100.0,Zyklus-Hoch,9.14,62.392,215.0,700875008.0,33722298368.0,5944000000.0,2.08,4.7,8.26,12.96,3.003,7.72,"[9.4, 18.28, 0.0, 0.0, 16.69]",19.562094,55.0,MED,"{""coverage"": 1.0, ""confluence"": 0.0, ""risk_clean"": 1.0, ""regime_align"": 0.3971301618360442, ""liquidity"": 0.2072072072072072, ""weights"": {""coverage"": 0.25, ""confluence"": 0.25, ""risk_clean"": 0.2, ""regime_align"": 0.2, ""liquidity"": 0.1}}",US83175M2052,SNN,SNN,Pharma 🧪,34.07,0.27914741657148545,0.22391540170210658,0.271333113087214,1670071.3,44949970.568495944,31.39697438240051,-0.14275176366629538,bull,0.06772778246916267,bull,0.17364179735818652,2026-09-29,-0.09041848972222466,Healthcare,Medical Devices,United Kingdom,USD,-0.609302099865483,-22.394769801740345,100.0,stock,S1 Hardware,pillar,85.0,manual thematic assignment after stack redesign,"robotics, automation, devices",47.52,39.21,,bull,stock,,,,0.06772778246916267,SNN,SMITH & NEPHEW PLC,US83175M2052,SNN,SNN,Pharma 🧪,Healthcare,Medical Devices,United Kingdom,USD,26.915000915527344,34.07,-22.394769801740345,22.65,0.0,55.0,Seitwärts,67.3,Zyklus-Hoch,-0.09041848972222466,-0.14275176366629538,31.39697438240051,0.27914741657148545,0.22391540170210658,0.271333113087214,1670071.3,44949970.568495944,bull,0.06772778246916267,bull,0.17364179735818652,2026-09-29,False,True,False,OK,,,SNN,SNN,Medical Devices,False,True
ORCL,ORACLE CORP,ORCL,137.75999450683594,USD,-50.72495384270783,22.62,0.0,Seitwärts,0.0,0.0,47.1,57.0,Zyklus-neutral,69.03,432.511,125.0,-10208000000.0,571854749696.0,61015998464.0,-1.79,14.2,25.28,39.48,0.909,45.01,"[28.4, 100.0, 0.0, 42.99, 50.22]",20.229126,58.7,MED,"{""coverage"": 1.0, ""confluence"": 0.4, ""risk_clean"": 0.3333333333333333, ""regime_align"": 0.40832008479067305, ""liquidity"": 0.8873873873873874, ""weights"": {""coverage"": 0.25, ""confluence"": 0.25, ""risk_clean"": 0.2, ""regime_align"": 0.2, ""liquidity"": 0.1}}",US68389X1054,ORCL,ORCL,Tech 💻,174.77,0.5656450916229424,0.31894689626424755,0.6290762078673806,35541257.55,4896163444.854041,162.96165088653564,-0.15464777291220932,bull,0.06772778246916267,bull,0.17364179735818652,2026-09-29,-0.05714410709010531,Technology,Software - Infrastructure,United States,USD,3.8913937902024687,-50.72495384270783,57.0,stock,S2 Gehirn,pillar,85.0,manual thematic assignment after stack redesign,"ai, semis, software",53.95,59.28,,bull,stock,,,,0.06772778246916267,ORCL,ORACLE CORP,US68389X1054,ORCL,ORCL,Tech 💻,Technology,Software - Infrastructure,United States,USD,137.75999450683594,174.77,-50.72495384270783,22.62,0.0,58.7,Seitwärts,47.1,Zyklus-neutral,-0.05714410709010531,-0.15464777291220932,162.96165088653564,0.5656450916229424,0.31894689626424755,0.6290762078673806,35541257.55,4896163444.854041,bull,0.06772778246916267,bull,0.17364179735818652,2026-09-29,False,True,False,OK,,,ORCL,ORCL,Software - Infrastructure,False,True
SYK,STRYKER CORP,SYK,279.239990234375,USD,-23.73660096998934,22.11,0.0,Seitwärts,0.0,0.0,45.3,47.5,Zyklus-neutral,15.08,66.276,97.0,5600750080.0,148864450560.0,25116000256.0,3.76,11.4,12.92,24.32,1.893,82.26,"[22.8, 30.16, 0.0, 52.47, 22.98]",21.582815,51.4,MED,"{""coverage"": 1.0, ""confluence"": 0.0, ""risk_clean"": 0.6666666666666666, ""regime_align"": 0.3159675512616689, ""liquidity"": 0.6756756756756757, ""weights"": {""coverage"": 0.25, ""confluence"": 0.25, ""risk_clean"": 0.2, ""regime_align"": 0.2, ""liquidity"": 0.1}}",US8636671013,SYK,SYK,Pharma 🧪,354.05,0.2966530102801877,0.21514706539041697,0.30005166960120966,3129022.8,873748296.1151366,330.3688862609863,-0.1547630486795305,bull,0.06772778246916267,bull,0.17364179735818652,2026-09-29,-0.13621388157052017,Healthcare,Medical Devices,United States,USD,1.4274791001532172,-23.73660096998934,47.5,stock,S1 Hardware,pillar,85.0,manual thematic assignment after stack redesign,"robotics, automation, devices",45.34,35.03,,bull,stock,,,,0.06772778246916267,SYK,STRYKER CORP,US8636671013,SYK,SYK,Pharma 🧪,Healthcare,Medical Devices,United States,USD,279.239990234375,354.05,-23.73660096998934,22.11,0.0,51.4,Seitwärts,45.3,Zyklus-neutral,-0.13621388157052017,-0.1547630486795305,330.3688862609863,0.2966530102801877,0.21514706539041697,0.30005166960120966,3129022.8,873748296.1151366,bull,0.06772778246916267,bull,0.17364179735818652,2026-09-29,False,True,False,OK,,,SYK,SYK,Medical Devices,False,True
CSTM,CONSTELLIUM SE,CSTM,24.584999084472656,USD,63.57285110618292,22.03,0.0,Seitwärts,0.0,0.0,75.4,36.6,Zyklus-neutral,12.18,247.045,0.0,27942560.0,5423435776.0,7968999936.0,0.52,20.2,1.42,21.62,1.277,95.58,"[40.4, 24.36, 0.0, 63.36, 17.64]",15.379264,51.7,MED,"{""coverage"": 1.0, ""confluence"": 0.2, ""risk_clean"": 0.6666666666666666, ""regime_align"": 0.3297766091883739, ""liquidity"": 0.18018018018018012, ""weights"": {""coverage"": 0.25, ""confluence"": 0.25, ""risk_clean"": 0.2, ""regime_align"": 0.2, ""liquidity"": 0.1}}",FR0013467479,CSTM,CSTM,Mining ⛏️,22.72,0.452931515082966,0.2477739554203681,0.3199170664799874,1498209.55,36833480.41509819,27.320324964523316,-0.10012054701408579,bull,0.06772778246916267,bull,0.17364179735818652,2026-09-29,-0.21424814671254178,Basic Materials,Aluminum,France,USD,-0.18270433547405984,63.57285110618292,36.6,stock,S4 Fundament,pillar,84.0,manual thematic assignment after stack redesign,"materials, mining, metals",50.44,51.23,,bull,stock,,,,0.06772778246916267,CSTM,CONSTELLIUM SE,FR0013467479,CSTM,CSTM,Mining ⛏️,Basic Materials,Aluminum,France,USD,24.584999084472656,22.72,63.57285110618292,22.03,0.0,51.7,Seitwärts,75.4,Zyklus-neutral,-0.21424814671254178,-0.10012054701408579,27.320324964523316,0.452931515082966,0.2477739554203681,0.3199170664799874,1498209.55,36833480.41509819,bull,0.06772778246916267,bull,0.17364179735818652,2026-09-29,False,True,False,OK,,,CSTM,CSTM,Aluminum,False,True
FANUY,FANUC CORP.,FANUY,19.139999389648438,USD,32.09109518275335,21.96,0.0,Seitwärts,0.0,0.0,66.4,60.4,Zyklus-neutral,9.37,100.0,153.0,0.0,-659248840704.0,835426975744.0,-0.0,9.5,19.35,28.85,6.859,0.26,"[19.0, 18.74, 0.0, 39.61, 5.97]",33.14925,52.1,MED,"{""coverage"": 1.0, ""confluence"": 0.2, ""risk_clean"": 0.6666666666666666, ""regime_align"": 0.38845746198687375, ""liquidity"": 0.10360360360360366, ""weights"": {""coverage"": 0.25, ""confluence"": 0.25, ""risk_clean"": 0.2, ""regime_align"": 0.2, ""liquidity"": 0.1}}",US3073051027,FANUY,FANUY,Hardware 💻,20.6,0.4821674239632547,0.2800734098937132,0.3198045860085911,538180.3,10300770.613520814,20.698099975585937,-0.07527746932207924,bull,0.06772778246916267,bull,0.17364179735818652,2026-09-29,-0.1743030253647696,Industrials,Specialty Industrial Machinery,Japan,USD,1.5923526254289166,32.09109518275335,60.4,stock,S1 Hardware,pillar,85.0,manual thematic assignment after stack redesign,"robotics, automation, devices",50.65,52.2,,bull,stock,,,,0.06772778246916267,FANUY,FANUC CORP.,US3073051027,FANUY,FANUY,Hardware 💻,Industrials,Specialty Industrial Machinery,Japan,USD,19.139999389648438,20.6,32.09109518275335,21.96,0.0,52.1,Seitwärts,66.4,Zyklus-neutral,-0.1743030253647696,-0.07527746932207924,20.698099975585937,0.4821674239632547,0.2800734098937132,0.3198045860085911,538180.3,10300770.613520814,bull,0.06772778246916267,bull,0.17364179735818652,2026-09-29,False,True,False,OK,,,FANUY,FANUY,Specialty Industrial Machinery,False,True
JD,JD.COM ADR,JD,26.295000076293945,USD,-23.590256995714874,21.83,0.0,Seitwärts,0.0,0.0,39.9,39.2,Zyklus-neutral,11.72,36.821,353.0,-13451249664.0,68616331264.0,1303786946560.0,-19.6,14.9,2.47,17.37,1.198,15.54,"[29.8, 23.44, 0.0, 60.83, 42.95]",9.074207,59.1,MED,"{""coverage"": 1.0, ""confluence"": 0.0, ""risk_clean"": 1.0, ""regime_align"": 0.5145733969263381, ""liquidity"": 0.3783783783783784, ""weights"": {""coverage"": 0.25, ""confluence"": 0.25, ""risk_clean"": 0.2, ""regime_align"": 0.2, ""liquidity"": 0.1}}",US47215P1066,JD,JD,E-Commerce,29.49,0.3096393388348174,0.1801256367480965,0.2977605781272903,5953737.35,156553524.0724841,28.539306707382202,-0.07863914334358124,bull,0.06772778246916267,bull,0.17364179735818652,2026-09-29,-0.02781425657734149,Consumer Cyclical,Internet Retail,China,USD,-1.1837674815200039,-23.590256995714874,39.2,stock,S2 Gehirn,pillar,85.0,manual thematic assignment after stack redesign,"ai, semis, software",44.74,34.56,,bull,stock,,,,0.06772778246916267,JD,JD.COM ADR,US47215P1066,JD,JD,E-Commerce,Consumer Cyclical,Internet Retail,China,USD,26.295000076293945,29.49,-23.590256995714874,21.83,0.0,59.1,Seitwärts,39.9,Zyklus-neutral,-0.02781425657734149,-0.07863914334358124,28.539306707382202,0.3096393388348174,0.1801256367480965,0.2977605781272903,5953737.35,156553524.0724841,bull,0.06772778246916267,bull,0.17364179735818652,2026-09-29,False,True,False,OK,,,JD,JD,Internet Retail,False,True
TME,TENCENT MUSIC ENTERTAINMENT GROUP,TME,7.945000171661377,USD,-65.62136341322586,21.6,0.0,Seitwärts,0.0,0.0,55.8,84.0,Zyklus-Hoch,14.79,4.524,107.0,5382750208.0,36124852224.0,31719000064.0,14.9,20.6,34.08,54.68,2.085,63.88,"[41.2, 29.58, 0.0, 15.98, 46.52]",16.826365,56.0,MED,"{""coverage"": 1.0, ""confluence"": 0.4, ""risk_clean"": 0.6666666666666666, ""regime_align"": 0.2615364233011292, ""liquidity"": 0.2432432432432432, ""weights"": {""coverage"": 0.25, ""confluence"": 0.25, ""risk_clean"": 0.2, ""regime_align"": 0.2, ""liquidity"": 0.1}}",US88034P1093,TME,TME,Tech 💻,16.98,0.46938686257201057,0.4403568291385714,0.6642187262203333,7415176.85,58913581.34614947,11.1732777094841,-0.2889284256384764,bull,0.06772778246916267,bull,0.17364179735818652,2026-09-29,-0.10980762874182515,Communication Services,Internet Content & Information,China,USD,-5.077654954702748,-65.62136341322586,84.0,stock,S19 Medien & Unterhaltung,pillar,75.0,manual thematic assignment after stack redesign,"media, entertainment, streaming",51.71,57.17,,bull,stock,,,,0.06772778246916267,TME,TENCENT MUSIC ENTERTAINMENT GROUP,US88034P1093,TME,TME,Tech 💻,Communication Services,Internet Content & Information,China,USD,7.945000171661377,16.98,-65.62136341322586,21.6,0.0,56.0,Seitwärts,55.8,Zyklus-Hoch,-0.10980762874182515,-0.2889284256384764,11.1732777094841,0.46938686257201057,0.4403568291385714,0.6642187262203333,7415176.85,58913581.34614947,bull,0.06772778246916267,bull,0.17364179735818652,2026-09-29,False,True,False,OK,,,TME,TME,Internet Content & Information,False,True
NPN.JO,NASPERS LIMITED CLASS N,NPN.JO,71483.0,ZAc,-42.25174922185102,21.22,,,,,,,,,,,,,,,,,,,,,,59.7,MED,"{""coverage"": 1.0, ""confluence"": 0.0, ""risk_clean"": 1.0, ""regime_align"": 0.25046879458644167, ""liquidity"": 0.9684684684684685, ""weights"": {""coverage"": 0.25, ""confluence"": 0.25, ""risk_clean"": 0.2, ""regime_align"": 0.2, ""liquidity"": 0.1}}",ZAE000351946,NPN.JO,NPN.JO,E-Commerce,,0.36513949406272894,0.20978994196769818,0.4566665615511366,2167098.95,154910734242.85,89492.9,-0.20124389756058858,bull,0.06772778246916267,bull,0.17364179735818652,2026-09-29,-0.1818100948676724,Consumer Cyclical,Internet Retail,South Africa,ZAc,-0.4955525550188633,-42.25174922185102,0.0,stock,S2 Gehirn,pillar,85.0,manual thematic assignment after stack redesign,"ai, semis, software",44.61,37.07,,bull,stock,,,,0.06772778246916267,NPN.JO,NASPERS LIMITED CLASS N,ZAE000351946,NPN.JO,NPN.JO,E-Commerce,Consumer Cyclical,Internet Retail,South Africa,ZAc,71483.0,,-42.25174922185102,21.22,,59.7,,,,-0.1818100948676724,-0.20124389756058858,89492.9,0.36513949406272894,0.20978994196769818,0.4566665615511366,2167098.95,154910734242.85,bull,0.06772778246916267,bull,0.17364179735818652,2026-09-29,False,True,False,OK,,,NPN.JO,NPN.JO,Internet Retail,False,True
ADS.DE,adidas AG,ADS.DE,145.75,EUR,-18.009246057790172,21.14,,,,,,,,,,,,,,,,,,,,,,55.3,MED,"{""coverage"": 1.0, ""confluence"": 0.0, ""risk_clean"": 1.0, ""regime_align"": 0.36599608658432187, ""liquidity"": 0.30180180180180183, ""weights"": {""coverage"": 0.25, ""confluence"": 0.25, ""risk_clean"": 0.2, ""regime_align"": 0.2, ""liquidity"": 0.1}}",DE000A1EWWW0,ADS.DE,ADS.DE,Konsum & Lifestyle,,0.33679139076494974,0.2630654569333868,0.328630068972118,544896.95,79418730.46249999,154.68124404907226,-0.057739670403987975,bull,0.06772778246916267,bull,0.17364179735818652,2026-09-29,-0.22199553555210783,Consumer Cyclical,Footwear & Accessories,Germany,EUR,-1.4203625409696108,-18.009246057790172,0.0,stock,S12 Luxus & Marken,pillar,78.0,manual addition via ChatGPT,"luxury, brands, premium consumption",46.19,42.3,,bull,stock,,,,0.06772778246916267,ADS.DE,adidas AG,DE000A1EWWW0,ADS.DE,ADS.DE,Konsum & Lifestyle,Consumer Cyclical,Footwear & Accessories,Germany,EUR,145.75,,-18.009246057790172,21.14,,55.3,,,,-0.22199553555210783,-0.057739670403987975,154.68124404907226,0.33679139076494974,0.2630654569333868,0.328630068972118,544896.95,79418730.46249999,bull,0.06772778246916267,bull,0.17364179735818652,2026-09-29,False,True,False,OK,,,ADS.DE,ADS.DE,Footwear & Accessories,False,True
PATH,"UIPATH, INC.",PATH,12.324999809265137,USD,-1.871023905258229,21.01,,,,,,,,,,,,,,,,,,,,,,50.5,MED,"{""coverage"": 1.0, ""confluence"": 0.0, ""risk_clean"": 0.3333333333333333, ""regime_align"": 0.6251171986466104, ""liquidity"": 0.6351351351351351, ""weights"": {""coverage"": 0.25, ""confluence"": 0.25, ""risk_clean"": 0.2, ""regime_align"": 0.2, ""liquidity"": 0.1}}",US90364P1057,PATH,PATH,Tech 💻,,0.6994901758572878,0.424480479374946,0.5137377050671597,56129352.0,691794252.6941757,12.739924993515015,-0.03256888752964293,bull,0.06772778246916267,bull,0.17364179735818652,2026-09-29,0.03985537862717603,Technology,Software - Infrastructure,United States,USD,1.107467051098876,-1.871023905258229,0.0,stock,S2 Gehirn,pillar,85.0,manual thematic assignment after stack redesign,"ai, semis, software",51.25,58.59,,bull,stock,,,,0.06772778246916267,PATH,"UIPATH, INC.",US90364P1057,PATH,PATH,Tech 💻,Technology,Software - Infrastructure,United States,USD,12.324999809265137,,-1.871023905258229,21.01,,50.5,,,,0.03985537862717603,-0.03256888752964293,12.739924993515015,0.6994901758572878,0.424480479374946,0.5137377050671597,56129352.0,691794252.6941757,bull,0.06772778246916267,bull,0.17364179735818652,2026-09-29,False,True,False,OK,,,PATH,PATH,Software - Infrastructure,False,True
SE,SEA LIMITED,SE,98.38999938964844,USD,-45.775695208353326,20.21,,,,,,,,,,,,,,,,,,,,,,54.0,MED,"{""coverage"": 1.0, ""confluence"": 0.0, ""risk_clean"": 0.6666666666666666, ""regime_align"": 0.5214626391096979, ""liquidity"": 0.527027027027027, ""weights"": {""coverage"": 0.25, ""confluence"": 0.25, ""risk_clean"": 0.2, ""regime_align"": 0.2, ""liquidity"": 0.1}}",US81141R1005,SE,SE,E-Commerce,,0.5099899656167529,0.335156664687541,0.5943743698592951,3314659.85,326129380.61839217,103.31180004119874,-0.04764025648171444,bull,0.06772778246916267,bull,0.17364179735818652,2026-09-29,-0.06574706033590838,Consumer Cyclical,Internet Retail,Singapore,USD,-0.5257347621150044,-45.775695208353326,0.0,stock,S2 Gehirn,pillar,85.0,manual thematic assignment after stack redesign,"ai, semis, software",49.23,56.13,,bull,stock,,,,0.06772778246916267,SE,SEA LIMITED,US81141R1005,SE,SE,E-Commerce,Consumer Cyclical,Internet Retail,Singapore,USD,98.38999938964844,,-45.775695208353326,20.21,,54.0,,,,-0.06574706033590838,-0.04764025648171444,103.31180004119874,0.5099899656167529,0.335156664687541,0.5943743698592951,3314659.85,326129380.61839217,bull,0.06772778246916267,bull,0.17364179735818652,2026-09-29,False,True,False,OK,,,SE,SE,Internet Retail,False,True
CRUS,Cirrus Logic Inc.,CRUS,120.55999755859375,USD,-2.8055492834956675,20.11,,,,,,,,,,,,,,,,,,,,,,54.4,MED,"{""coverage"": 1.0, ""confluence"": 0.0, ""risk_clean"": 1.0, ""regime_align"": 0.29581957523133995, ""liquidity"": 0.34684684684684686, ""weights"": {""coverage"": 0.25, ""confluence"": 0.25, ""risk_clean"": 0.2, ""regime_align"": 0.2, ""liquidity"": 0.1}}",US1727551004,CRUS,CRUS,Tech 💻,,0.3649125040701761,0.2546472269703128,0.3936276855341728,932331.85,112401925.5597992,139.8601499557495,-0.1379960796786086,bull,0.06772778246916267,bull,0.17364179735818652,2026-09-29,-0.20385937721427572,Technology,Semiconductors,United States,USD,0.8617073452821478,-2.8055492834956675,0.0,stock,S2 Gehirn,pillar,85.0,manual addition via ChatGPT,"ai, semis, software",45.18,44.11,,bull,stock,,,,0.06772778246916267,CRUS,Cirrus Logic Inc.,US1727551004,CRUS,CRUS,Tech 💻,Technology,Semiconductors,United States,USD,120.55999755859375,,-2.8055492834956675,20.11,,54.4,,,,-0.20385937721427572,-0.1379960796786086,139.8601499557495,0.3649125040701761,0.2546472269703128,0.3936276855341728,932331.85,112401925.5597992,bull,0.06772778246916267,bull,0.17364179735818652,2026-09-29,False,True,False,OK,,,CRUS,CRUS,Semiconductors,False,True
TOM.OL,Tomra Systems ASA,TOM.OL,92.94999694824219,NOK,-36.70041496776918,19.68,,,,,,,,,,,,,,,,,,,,,,55.6,MED,"{""coverage"": 1.0, ""confluence"": 0.0, ""risk_clean"": 1.0, ""regime_align"": 0.3948473360238066, ""liquidity"": 0.27477477477477485, ""weights"": {""coverage"": 0.25, ""confluence"": 0.25, ""risk_clean"": 0.2, ""regime_align"": 0.2, ""liquidity"": 0.1}}",NO0005668905,TOM.OL,TOM.OL,Recycling,,0.4333023107149439,0.41582299989342614,0.4003306892225875,760771.85,70713741.13580856,109.28469478607178,-0.14946921771438604,bull,0.06772778246916267,bull,0.17364179735818652,2026-09-29,-0.08597836245570467,Industrials,Specialty Industrial Machinery,Norway,NOK,1.5292122881666037,-36.70041496776918,0.0,stock,S5 Recycling,pillar,83.0,manual gap-filling addition for circular economy and sorting technology,"recycling, urban mining",47.24,52.5,,bull,stock,,,,0.06772778246916267,TOM.OL,Tomra Systems ASA,NO0005668905,TOM.OL,TOM.OL,Recycling,Industrials,Specialty Industrial Machinery,Norway,NOK,92.94999694824219,,-36.70041496776918,19.68,,55.6,,,,-0.08597836245570467,-0.14946921771438604,109.28469478607178,0.4333023107149439,0.41582299989342614,0.4003306892225875,760771.85,70713741.13580856,bull,0.06772778246916267,bull,0.17364179735818652,2026-09-29,False,True,False,OK,,,TOM.OL,TOM.OL,Specialty Industrial Machinery,False,True
SPCX,SPACE EXPLORATION TECHNOLOGIES CORP.,SPCX,149.57000732421875,USD,-7.070512482012026,19.38,,,,,,,,,,,,,,,,,,,,,,50.9,MED,"{""coverage"": 1.0, ""confluence"": 0.0, ""risk_clean"": 0.3333333333333333, ""regime_align"": 0.5, ""liquidity"": 0.9279279279279279, ""weights"": {""coverage"": 0.25, ""confluence"": 0.25, ""risk_clean"": 0.2, ""regime_align"": 0.2, ""liquidity"": 0.1}}",US84615Q1031,SPCX,SPCX,,,0.8701351429064591,0.5384597655746218,0.48781873808752996,91381216.4,13667889206.244019,,,bull,0.06772778246916267,bull,0.17364179735818652,2026-09-29,-0.07783439365090894,Industrials,Aerospace & Defense,United States,USD,2.8184547117004577,-7.070512482012026,0.0,stock,S20 Sicherheit & Verteidigung,pillar,85.0,manual thematic assignment after stack redesign,"defense, aerospace, security",48.87,59.02,,bull,stock,,,,0.06772778246916267,SPCX,SPACE EXPLORATION TECHNOLOGIES CORP.,US84615Q1031,SPCX,SPCX,,Industrials,Aerospace & Defense,United States,USD,149.57000732421875,,-7.070512482012026,19.38,,50.9,,,,-0.07783439365090894,,,0.8701351429064591,0.5384597655746218,0.48781873808752996,91381216.4,13667889206.244019,bull,0.06772778246916267,bull,0.17364179735818652,2026-09-29,False,True,False,OK,,,SPCX,SPCX,Aerospace & Defense,False,True
EDR.TO,ENDEAVOUR SILVER,EDR.TO,12.369999885559082,CAD,12.148687080946363,19.21,0.0,Seitwärts,0.0,0.0,67.6,31.0,Zyklus-neutral,-20.46,31.741,0.0,-69431752.0,4945538560.0,337136992.0,-1.4,167.3,-27.97,139.33,0.788,57.66,"[100.0, 0.0, 0.0, 68.98, 39.63]",12.301942,55.5,MED,"{""coverage"": 1.0, ""confluence"": 0.2, ""risk_clean"": 0.6666666666666666, ""regime_align"": 0.5437303819656761, ""liquidity"": 0.12612612612612617, ""weights"": {""coverage"": 0.25, ""confluence"": 0.25, ""risk_clean"": 0.2, ""regime_align"": 0.2, ""liquidity"": 0.1}}",CA29258Y1034,EDR.TO,EDR.TO,Edelmetalle ⛏️,18.71,0.7829195591049436,0.4957626441088144,0.4640455407362998,1059057.0,13100534.968800545,13.779600014686585,-0.10229615719071106,bull,0.06772778246916267,bull,0.17364179735818652,2026-09-29,0.023422020047749292,Basic Materials,Silver,Canada,CAD,-2.6750602011600066,12.148687080946363,31.0,stock,S4 Fundament,pillar,84.0,manual thematic assignment after stack redesign,"materials, mining, metals",50.24,64.03,,bull,stock,,,,0.06772778246916267,EDR.TO,ENDEAVOUR SILVER,CA29258Y1034,EDR.TO,EDR.TO,Edelmetalle ⛏️,Basic Materials,Silver,Canada,CAD,12.369999885559082,18.71,12.148687080946363,19.21,0.0,55.5,Seitwärts,67.6,Zyklus-neutral,0.023422020047749292,-0.10229615719071106,13.779600014686585,0.7829195591049436,0.4957626441088144,0.4640455407362998,1059057.0,13100534.968800545,bull,0.06772778246916267,bull,0.17364179735818652,2026-09-29,False,True,False,OK,,,EDR.TO,EDR.TO,Silver,False,True
NRDS,NERDWALLET INC,NRDS,8.515000343322754,USD,-22.590905969793152,18.96,0.0,Seitwärts,0.0,0.0,41.2,18.1,Zyklus-Tief,20.23,3.554,0.0,65625000.0,640464896.0,795000000.0,10.25,12.4,9.22,21.62,3.698,78.36,"[24.8, 40.46, 0.0, 81.85, 50.24]",6.934785,50.6,MED,"{""coverage"": 1.0, ""confluence"": 0.2, ""risk_clean"": 0.6666666666666666, ""regime_align"": 0.32266316089845504, ""liquidity"": 0.07657657657657657, ""weights"": {""coverage"": 0.25, ""confluence"": 0.25, ""risk_clean"": 0.2, ""regime_align"": 0.2, ""liquidity"": 0.1}}",US64082B1026,NRDS,NRDS,Finanzen 🏦,12.38,0.4722749643308782,0.32685882212137374,0.524168249937619,740250.4,6303232.410144806,10.290050022602081,-0.17250155979615578,bull,0.06772778246916267,bull,0.17364179735818652,2026-09-29,-0.11654896760721467,Communication Services,Internet Content & Information,United States,USD,-0.058686786059525264,-22.590905969793152,18.1,stock,S21 Finanzsystem,pillar,83.0,manual thematic assignment after stack redesign,"payments, exchanges, capital markets, crypto",45.99,52.09,,bull,stock,,,,0.06772778246916267,NRDS,NERDWALLET INC,US64082B1026,NRDS,NRDS,Finanzen 🏦,Communication Services,Internet Content & Information,United States,USD,8.515000343322754,12.38,-22.590905969793152,18.96,0.0,50.6,Seitwärts,41.2,Zyklus-Tief,-0.11654896760721467,-0.17250155979615578,10.290050022602081,0.4722749643308782,0.32685882212137374,0.524168249937619,740250.4,6303232.410144806,bull,0.06772778246916267,bull,0.17364179735818652,2026-09-29,False,True,False,OK,,,NRDS,NRDS,Internet Content & Information,False,True
CRWV,"COREWEAVE, INC.",CRWV,85.92500305175781,USD,-29.868588470435252,18.92,,,,,,,,,,,,,,,,,,,,,,50.7,MED,"{""coverage"": 1.0, ""confluence"": 0.0, ""risk_clean"": 0.3333333333333333, ""regime_align"": 0.5258754229342465, ""liquidity"": 0.8468468468468469, ""weights"": {""coverage"": 0.25, ""confluence"": 0.25, ""risk_clean"": 0.2, ""regime_align"": 0.2, ""liquidity"": 0.1}}",US21873S1087,CRWV,CRWV,Tech 💻,,0.951285465194367,0.5089104796998677,0.5749231275056945,29734753.2,2554958759.453265,92.14399997711182,-0.06749215279235521,bull,0.06772778246916267,bull,0.17364179735818652,2026-09-29,-0.024443133154371743,Technology,Software - Infrastructure,United States,USD,1.0050586105569304,-29.868588470435252,0.0,stock,S2 Gehirn,pillar,85.0,manual thematic assignment after stack redesign,"ai, semis, software",49.42,62.9,,bull,stock,,,,0.06772778246916267,CRWV,"COREWEAVE, INC.",US21873S1087,CRWV,CRWV,Tech 💻,Technology,Software - Infrastructure,United States,USD,85.92500305175781,,-29.868588470435252,18.92,,50.7,,,,-0.024443133154371743,-0.06749215279235521,92.14399997711182,0.951285465194367,0.5089104796998677,0.5749231275056945,29734753.2,2554958759.453265,bull,0.06772778246916267,bull,0.17364179735818652,2026-09-29,False,True,False,OK,,,CRWV,CRWV,Software - Infrastructure,False,True
VOW3.DE,Volkswagen AG Vz.,VOW3.DE,71.04000091552734,EUR,-17.415429430933205,18.89,0.0,Seitwärts,0.0,0.0,58.0,57.2,Zyklus-neutral,3.58,130.129,630.0,-83611090944.0,262762414080.0,326045990912.0,-31.82,2.3,2.26,4.56,1.096,27.73,"[4.6, 7.16, 0.0, 42.85, 28.51]",4.8342667,50.8,MED,"{""coverage"": 1.0, ""confluence"": 0.0, ""risk_clean"": 0.6666666666666666, ""regime_align"": 0.4488911988911989, ""liquidity"": 0.34684684684684686, ""weights"": {""coverage"": 0.25, ""confluence"": 0.25, ""risk_clean"": 0.2, ""regime_align"": 0.2, ""liquidity"": 0.1}}",DE0007664039,VOW3.DE,VOW3.DE,Andere 🌐,102.3,0.2925849810283502,0.16930878840460076,0.3130182380526333,1542692.9,109592905.02837753,83.61329307556153,-0.15037432084718483,bull,0.06772778246916267,bull,0.17364179735818652,2026-09-29,-0.011516410045484538,Consumer Cyclical,Auto Manufacturers,Germany,EUR,0.22573880969170013,-17.415429430933205,57.2,stock,S15 Mobilität,pillar,80.0,manual thematic assignment after stack redesign,"mobility, autos, autonomy",42.22,40.73,,bull,stock,,,,0.06772778246916267,VOW3.DE,Volkswagen AG Vz.,DE0007664039,VOW3.DE,VOW3.DE,Andere 🌐,Consumer Cyclical,Auto Manufacturers,Germany,EUR,71.04000091552734,102.3,-17.415429430933205,18.89,0.0,50.8,Seitwärts,58.0,Zyklus-neutral,-0.011516410045484538,-0.15037432084718483,83.61329307556153,0.2925849810283502,0.16930878840460076,0.3130182380526333,1542692.9,109592905.02837753,bull,0.06772778246916267,bull,0.17364179735818652,2026-09-29,False,True,False,OK,,,VOW3.DE,VOW3.DE,Auto Manufacturers,False,True
SOLB.BR,SOLVAY S.A. A,SOLB.BR,24.520000457763672,EUR,0.5564514823257705,18.64,0.0,Seitwärts,0.0,0.0,51.3,100.0,Zyklus-Hoch,12.58,174.545,868.0,86625000.0,4766044672.0,4905999872.0,1.82,-3.9,3.14,-0.76,1.413,29.14,"[0.0, 25.16, 0.0, 0.0, 17.0]",10.491425,49.2,LOW,"{""coverage"": 1.0, ""confluence"": 0.0, ""risk_clean"": 0.6666666666666666, ""regime_align"": 0.5012127512127512, ""liquidity"": 0.0855855855855856, ""weights"": {""coverage"": 0.25, ""confluence"": 0.25, ""risk_clean"": 0.2, ""regime_align"": 0.2, ""liquidity"": 0.1}}",BE0003470755,SOLB.BR,SOLB.BR,Experimente,25.84,0.25085502150403505,0.18105881253413378,0.14035087843632965,328637.55,8058192.876438331,25.629577693939208,-0.04329284116288523,bull,0.06772778246916267,bull,0.17364179735818652,2026-09-29,-0.0942152419658786,Basic Materials,Chemicals,Belgium,EUR,-0.5677185341228963,0.5564514823257705,100.0,stock,S4 Fundament,pillar,84.0,manual thematic assignment after stack redesign,"materials, mining, metals",41.16,38.61,,bull,stock,,,,0.06772778246916267,SOLB.BR,SOLVAY S.A. A,BE0003470755,SOLB.BR,SOLB.BR,Experimente,Basic Materials,Chemicals,Belgium,EUR,24.520000457763672,25.84,0.5564514823257705,18.64,0.0,49.2,Seitwärts,51.3,Zyklus-Hoch,-0.0942152419658786,-0.04329284116288523,25.629577693939208,0.25085502150403505,0.18105881253413378,0.14035087843632965,328637.55,8058192.876438331,bull,0.06772778246916267,bull,0.17364179735818652,2026-09-29,False,True,False,OK,,,SOLB.BR,SOLB.BR,Chemicals,False,True
CCJ,CAMECO CORP.,CCJ,86.98999786376953,USD,3.1960403402062187,18.62,0.0,Seitwärts,0.0,0.0,73.6,23.1,Zyklus-neutral,8.1,14.854,15.0,787334656.0,51645775872.0,3464176128.0,1.52,-14.7,15.18,0.48,2.991,70.09,"[0.0, 16.2, 0.0, 76.9, 0.0]",82.52247,55.6,MED,"{""coverage"": 1.0, ""confluence"": 0.0, ""risk_clean"": 1.0, ""regime_align"": 0.3023623170681994, ""liquidity"": 0.45945945945945943, ""weights"": {""coverage"": 0.25, ""confluence"": 0.25, ""risk_clean"": 0.2, ""regime_align"": 0.2, ""liquidity"": 0.1}}",CA13321L1085,CCJ,CCJ,Energie,125.9,0.5499581903069344,0.3107446157819981,0.36930418372360896,2752797.8,239465874.74138945,105.75664985656738,-0.1774512715583384,bull,0.06772778246916267,bull,0.17364179735818652,2026-09-29,-0.1340313151442839,Energy,Uranium,Canada,USD,-0.05744835849248453,3.1960403402062187,23.1,stock,S3 Energie,pillar,82.0,manual thematic assignment after stack redesign,"energy, grid, electrification",43.42,45.75,,bull,stock,,,,0.06772778246916267,CCJ,CAMECO CORP.,CA13321L1085,CCJ,CCJ,Energie,Energy,Uranium,Canada,USD,86.98999786376953,125.9,3.1960403402062187,18.62,0.0,55.6,Seitwärts,73.6,Zyklus-neutral,-0.1340313151442839,-0.1774512715583384,105.75664985656738,0.5499581903069344,0.3107446157819981,0.36930418372360896,2752797.8,239465874.74138945,bull,0.06772778246916267,bull,0.17364179735818652,2026-09-29,False,True,False,OK,,,CCJ,CCJ,Uranium,False,True
9888.HK,"Baidu, Inc. Class A",9888.HK,84.9000015258789,,-35.43726119705026,18.54,,,,,,,,,,,,,,,,,,,,,,56.2,MED,"{""coverage"": 1.0, ""confluence"": 0.0, ""risk_clean"": 1.0, ""regime_align"": 0.16698259345318167, ""liquidity"": 0.7837837837837838, ""weights"": {""coverage"": 0.25, ""confluence"": 0.25, ""risk_clean"": 0.2, ""regime_align"": 0.2, ""liquidity"": 0.1}}",KYG070341048,9888.HK,9888.HK,,,0.4630035079232553,0.2889820594449207,0.47102802787614384,17452248.6,1481695932.770018,117.94124984741211,-0.2801500608504718,bull,0.06772778246916267,bull,0.17364179735818652,2026-09-29,-0.2512197416677068,Communication Services,Internet Content & Information,China,,-0.7597913532342626,-35.43726119705026,0.0,stock,S2 Gehirn,pillar,85.0,manual thematic assignment after stack redesign,"ai, semis, software",43.11,45.18,,bull,stock,,,,0.06772778246916267,9888.HK,"Baidu, Inc. Class A",KYG070341048,9888.HK,9888.HK,,Communication Services,Internet Content & Information,China,,84.9000015258789,,-35.43726119705026,18.54,,56.2,,,,-0.2512197416677068,-0.2801500608504718,117.94124984741211,0.4630035079232553,0.2889820594449207,0.47102802787614384,17452248.6,1481695932.770018,bull,0.06772778246916267,bull,0.17364179735818652,2026-09-29,False,True,False,OK,,,9888.HK,9888.HK,Internet Content & Information,False,True
GRAB,GRAB HOLDINGS LIMITED,GRAB,3.140000104904175,USD,-48.60883737660278,18.53,,,,,,,,,,,,,,,,,,,,,,47.4,LOW,"{""coverage"": 1.0, ""confluence"": 0.0, ""risk_clean"": 0.6666666666666666, ""regime_align"": 0.22797684562390444, ""liquidity"": 0.45495495495495497, ""weights"": {""coverage"": 0.25, ""confluence"": 0.25, ""risk_clean"": 0.2, ""regime_align"": 0.2, ""liquidity"": 0.1}}",KYG4124C1096,GRAB,GRAB,Tech 💻,,0.3836525485871443,0.2210137700104148,0.5625977879978965,75011311.5,235535525.97899973,3.8680999982357025,-0.1882319210112522,bull,0.06772778246916267,bull,0.17364179735818652,2026-09-29,-0.220046205692489,Technology,Software - Application,Singapore,USD,1.4539604483994717,-48.60883737660278,0.0,stock,S15 Mobilität,pillar,85.0,manual thematic assignment after stack redesign,"mobility, autos, autonomy",44.13,48.34,,bull,stock,,,,0.06772778246916267,GRAB,GRAB HOLDINGS LIMITED,KYG4124C1096,GRAB,GRAB,Tech 💻,Technology,Software - Application,Singapore,USD,3.140000104904175,,-48.60883737660278,18.53,,47.4,,,,-0.220046205692489,-0.1882319210112522,3.8680999982357025,0.3836525485871443,0.2210137700104148,0.5625977879978965,75011311.5,235535525.97899973,bull,0.06772778246916267,bull,0.17364179735818652,2026-09-29,False,True,False,OK,,,GRAB,GRAB,Software - Application,False,True
RI.PA,PERNOD RICARD,RI.PA,60.0,EUR,-23.42614711513127,18.43,0.0,Seitwärts,0.0,0.0,42.0,100.0,Zyklus-Hoch,10.14,77.61,587.0,1170000000.0,32680491008.0,10958999552.0,3.58,-4.5,14.84,10.34,1.916,57.28,"[0.0, 20.28, 0.0, 0.0, 27.33]",13.442283,50.3,MED,"{""coverage"": 1.0, ""confluence"": 0.0, ""risk_clean"": 0.6666666666666666, ""regime_align"": 0.5009783539195304, ""liquidity"": 0.1936936936936937, ""weights"": {""coverage"": 0.25, ""confluence"": 0.25, ""risk_clean"": 0.2, ""regime_align"": 0.2, ""liquidity"": 0.1}}",FR0000120693,RI.PA,RI.PA,Konsum & Lifestyle,72.92,0.2953381977503814,0.19361843176875973,0.31613160066066215,671391.05,40283463.0,66.10119792938232,-0.09230086776793966,bull,0.06772778246916267,bull,0.17364179735818652,2026-09-29,-0.02284343876856254,Consumer Defensive,Beverages - Wineries & Distilleries,France,EUR,2.1798343880919058,-23.42614711513127,100.0,stock,S12 Luxus & Marken,pillar,78.0,manual thematic assignment after stack redesign,"luxury, brands, premium consumption",41.78,41.57,,bull,stock,,,,0.06772778246916267,RI.PA,PERNOD RICARD,FR0000120693,RI.PA,RI.PA,Konsum & Lifestyle,Consumer Defensive,Beverages - Wineries & Distilleries,France,EUR,60.0,72.92,-23.42614711513127,18.43,0.0,50.3,Seitwärts,42.0,Zyklus-Hoch,-0.02284343876856254,-0.09230086776793966,66.10119792938232,0.2953381977503814,0.19361843176875973,0.31613160066066215,671391.05,40283463.0,bull,0.06772778246916267,bull,0.17364179735818652,2026-09-29,False,True,False,OK,,,RI.PA,RI.PA,Beverages - Wineries & Distilleries,False,True
MNSO,MINISO GRP ADS,MNSO,9.229499816894531,USD,-57.91991182768413,17.89,0.0,Seitwärts,0.0,0.0,45.6,60.9,Zyklus-neutral,21.17,101.459,321.0,0.0,26843117568.0,19902461952.0,0.0,28.2,10.81,39.01,1.655,8.67,"[56.4, 42.34, 0.0, 39.06, 40.53]",11.638044,45.0,LOW,"{""coverage"": 1.0, ""confluence"": 0.4, ""risk_clean"": 0.3333333333333333, ""regime_align"": 0.11953242835595776, ""liquidity"": 0.09009009009009006, ""weights"": {""coverage"": 0.25, ""confluence"": 0.25, ""risk_clean"": 0.2, ""regime_align"": 0.2, ""liquidity"": 0.1}}",US66981J1025,MNSO,MNSO,Konsum & Lifestyle,18.79,0.3661472054598959,0.247780006164094,0.6128981327684875,913761.9,8433565.2887352,14.604654803276063,-0.368043959873382,bull,0.06772778246916267,bull,0.17364179735818652,2026-09-29,-0.26948556766627996,Consumer Cyclical,Specialty Retail,China,USD,3.585858304758771,-57.91991182768413,60.9,stock,S12 Luxus & Marken,pillar,78.0,manual thematic assignment after stack redesign,"luxury, brands, premium consumption",46.37,58.35,,bull,stock,,,,0.06772778246916267,MNSO,MINISO GRP ADS,US66981J1025,MNSO,MNSO,Konsum & Lifestyle,Consumer Cyclical,Specialty Retail,China,USD,9.229499816894531,18.79,-57.91991182768413,17.89,0.0,45.0,Seitwärts,45.6,Zyklus-neutral,-0.26948556766627996,-0.368043959873382,14.604654803276063,0.3661472054598959,0.247780006164094,0.6128981327684875,913761.9,8433565.2887352,bull,0.06772778246916267,bull,0.17364179735818652,2026-09-29,False,True,False,OK,,,MNSO,MNSO,Specialty Retail,False,True
ROL,"ROLLINS, INC.",ROL,30.485000610351562,USD,-47.14995540310834,17.87,,,,,,,,,,,,,,,,,,,,,,44.6,LOW,"{""coverage"": 1.0, ""confluence"": 0.0, ""risk_clean"": 0.6666666666666666, ""regime_align"": 0.0992213933390404, ""liquidity"": 0.43243243243243246, ""weights"": {""coverage"": 0.25, ""confluence"": 0.25, ""risk_clean"": 0.2, ""regime_align"": 0.2, ""liquidity"": 0.1}}",US7757111049,ROL,ROL,Konsum & Lifestyle,,0.2768660319950069,0.24377240084069657,0.5370257506923279,7195200.6,219345694.68260193,49.72522808074951,-0.3869309043520819,bull,0.06772778246916267,bull,0.17364179735818652,2026-09-29,-0.3002972818976003,Consumer Cyclical,Personal Services,United States,USD,-0.34324792975669594,-47.14995540310834,0.0,stock,S11 Konsum,pillar,85.0,manual thematic assignment after stack redesign,"consumer staples, food, household",41.97,44.82,,bull,stock,,,,0.06772778246916267,ROL,"ROLLINS, INC.",US7757111049,ROL,ROL,Konsum & Lifestyle,Consumer Cyclical,Personal Services,United States,USD,30.485000610351562,,-47.14995540310834,17.87,,44.6,,,,-0.3002972818976003,-0.3869309043520819,49.72522808074951,0.2768660319950069,0.24377240084069657,0.5370257506923279,7195200.6,219345694.68260193,bull,0.06772778246916267,bull,0.17364179735818652,2026-09-29,False,True,False,OK,,,ROL,ROL,Personal Services,False,True
NOVO-B.CO,NOVO-NORDISK,NOVO-B.CO,251.64999389648438,DKK,-24.994494698856617,17.85,0.0,Seitwärts,0.0,0.0,34.8,31.0,Zyklus-neutral,60.7,67.488,505.0,376875008.0,1503633735680.0,309064007680.0,0.03,-7.6,33.14,25.54,0.8,32.25,"[0.0, 100.0, 0.0, 68.95, 28.64]",14.181444,61.5,MED,"{""coverage"": 1.0, ""confluence"": 0.4, ""risk_clean"": 0.6666666666666666, ""regime_align"": 0.28459907871672574, ""liquidity"": 0.7432432432432432, ""weights"": {""coverage"": 0.25, ""confluence"": 0.25, ""risk_clean"": 0.2, ""regime_align"": 0.2, ""liquidity"": 0.1}}",DK0062498333,NOVO-B.CO,NOVO-B.CO,Pharma & Gesundheit,393.95,0.4727090698822216,0.3876348835651368,0.42319673700217453,5166458.05,1300139136.7489426,289.4862306213379,-0.13070133471855916,bull,0.06772778246916267,bull,0.17364179735818652,2026-09-29,-0.2406566125572649,Healthcare,Drug Manufacturers - General,Denmark,DKK,-0.23786168623017856,-24.994494698856617,31.0,stock,S13 Gesundheit,pillar,82.0,manual thematic assignment after stack redesign,"healthcare, pharma, medtech",43.43,49.44,,bull,stock,,,,0.06772778246916267,NOVO-B.CO,NOVO-NORDISK,DK0062498333,NOVO-B.CO,NOVO-B.CO,Pharma & Gesundheit,Healthcare,Drug Manufacturers - General,Denmark,DKK,251.64999389648438,393.95,-24.994494698856617,17.85,0.0,61.5,Seitwärts,34.8,Zyklus-neutral,-0.2406566125572649,-0.13070133471855916,289.4862306213379,0.4727090698822216,0.3876348835651368,0.42319673700217453,5166458.05,1300139136.7489426,bull,0.06772778246916267,bull,0.17364179735818652,2026-09-29,False,True,False,OK,,,NOVO-B.CO,NOVO-B.CO,Drug Manufacturers - General,False,True
IREN,IREN LIMITED,IREN,41.3650016784668,USD,-9.939034610009701,17.54,,,,,,,,,,,,,,,,,,,,,,49.0,LOW,"{""coverage"": 1.0, ""confluence"": 0.0, ""risk_clean"": 0.3333333333333333, ""regime_align"": 0.47170926582691286, ""liquidity"": 0.7882882882882883, ""weights"": {""coverage"": 0.25, ""confluence"": 0.25, ""risk_clean"": 0.2, ""regime_align"": 0.2, ""liquidity"": 0.1}}",AU0000185993,IREN,IREN,Tech 💻,,1.0818521393304585,0.5546378791436857,0.6164114898416528,36252419.9,1499581410.0119832,45.55522504806518,-0.09198118031855385,bull,0.06772778246916267,bull,0.17364179735818652,2026-09-29,-0.07237337940888589,Financial Services,Capital Markets,Australia,USD,-0.8509097120068199,-9.939034610009701,0.0,stock,S2 Gehirn,pillar,85.0,manual thematic assignment after stack redesign,"ai, semis, software",48.46,66.5,,bull,stock,,,,0.06772778246916267,IREN,IREN LIMITED,AU0000185993,IREN,IREN,Tech 💻,Financial Services,Capital Markets,Australia,USD,41.3650016784668,,-9.939034610009701,17.54,,49.0,,,,-0.07237337940888589,-0.09198118031855385,45.55522504806518,1.0818521393304585,0.5546378791436857,0.6164114898416528,36252419.9,1499581410.0119832,bull,0.06772778246916267,bull,0.17364179735818652,2026-09-29,False,True,False,OK,,,IREN,IREN,Capital Markets,False,True
6506.T,YASKAWA ELECTRIC CORPORATION,6506.T,4528.0,JPY,49.13964029779538,17.45,,,,,,,,,,,,,,,,,,,,,,51.5,MED,"{""coverage"": 1.0, ""confluence"": 0.0, ""risk_clean"": 0.6666666666666666, ""regime_align"": 0.18990257225551344, ""liquidity"": 0.9369369369369369, ""weights"": {""coverage"": 0.25, ""confluence"": 0.25, ""risk_clean"": 0.2, ""regime_align"": 0.2, ""liquidity"": 0.1}}",JP3932000007,6506.T,6506.T,Hardware 💻,,0.6243305831091472,0.3917992705444295,0.43462997798848957,3367360.0,15247406080.0,5321.376802978516,-0.14909239325703116,bull,0.06772778246916267,bull,0.17364179735818652,2026-09-29,-0.3996661157183664,Industrials,Electrical Equipment & Parts,Japan,JPY,1.6842578037278289,49.13964029779538,0.0,stock,S1 Hardware,pillar,85.0,manual thematic assignment after stack redesign,"robotics, automation, devices",43.13,50.42,,bull,stock,,,,0.06772778246916267,6506.T,YASKAWA ELECTRIC CORPORATION,JP3932000007,6506.T,6506.T,Hardware 💻,Industrials,Electrical Equipment & Parts,Japan,JPY,4528.0,,49.13964029779538,17.45,,51.5,,,,-0.3996661157183664,-0.14909239325703116,5321.376802978516,0.6243305831091472,0.3917992705444295,0.43462997798848957,3367360.0,15247406080.0,bull,0.06772778246916267,bull,0.17364179735818652,2026-09-29,False,True,False,OK,,,6506.T,6506.T,Electrical Equipment & Parts,False,True
YCA.L,YELLOW CAKE PLC,YCA.L,538.0,GBp,-7.321274763135232,16.68,0.0,Seitwärts,0.0,0.0,58.0,8.2,Zyklus-Tief,-0.45,100.0,0.0,-3478875.0,1350797696.0,5420000.0,-0.26,0.0,-153.91,-153.91,35.049,56.08,"[0.0, 0.0, 0.0, 91.83, 100.0]",-239.24458,55.3,MED,"{""coverage"": 1.0, ""confluence"": 0.0, ""risk_clean"": 0.6666666666666666, ""regime_align"": 0.5348029024499613, ""liquidity"": 0.6306306306306306, ""weights"": {""coverage"": 0.25, ""confluence"": 0.25, ""risk_clean"": 0.2, ""regime_align"": 0.2, ""liquidity"": 0.1}}",JE00BF50RG45,YCA.L,YCA.L,Energie,679.0,0.32414227259025985,0.20162820227934525,0.2832409972299169,1270274.0,683407412.0,585.9425,-0.08182116845936249,bull,0.06772778246916267,bull,0.17364179735818652,2026-09-29,-0.004981937595832875,Energy,Uranium,Jersey,GBp,0.18621973929235924,-7.321274763135232,8.2,stock,S3 Energie,pillar,82.0,manual thematic assignment after stack redesign,"energy, grid, electrification",37.42,36.37,,bull,stock,,,,0.06772778246916267,YCA.L,YELLOW CAKE PLC,JE00BF50RG45,YCA.L,YCA.L,Energie,Energy,Uranium,Jersey,GBp,538.0,679.0,-7.321274763135232,16.68,0.0,55.3,Seitwärts,58.0,Zyklus-Tief,-0.004981937595832875,-0.08182116845936249,585.9425,0.32414227259025985,0.20162820227934525,0.2832409972299169,1270274.0,683407412.0,bull,0.06772778246916267,bull,0.17364179735818652,2026-09-29,False,True,False,OK,,,YCA.L,YCA.L,Uranium,False,True
MC.PA,LVMH EO,MC.PA,394.6000061035156,EUR,-22.673299768341394,16.45,0.0,Seitwärts,0.0,0.0,40.1,46.6,Zyklus-neutral,16.24,53.342,243.0,11704625152.0,291645456384.0,80807002112.0,4.01,-4.7,13.46,8.76,1.584,18.38,"[0.0, 32.48, 0.0, 53.38, 24.94]",20.029936,54.3,MED,"{""coverage"": 1.0, ""confluence"": 0.0, ""risk_clean"": 1.0, ""regime_align"": 0.2279564632505809, ""liquidity"": 0.472972972972973, ""weights"": {""coverage"": 0.25, ""confluence"": 0.25, ""risk_clean"": 0.2, ""regime_align"": 0.2, ""liquidity"": 0.1}}",FR0000121014,MC.PA,MC.PA,Konsum & Lifestyle,589.3,0.30242777401544074,0.18466738380270645,0.3850108336806948,618429.05,244032106.90459138,493.92139877319335,-0.20108744613287288,bull,0.06772778246916267,bull,0.17364179735818652,2026-09-29,-0.20686992127319614,Consumer Cyclical,Luxury Goods,France,EUR,-1.0531549192608014,-22.673299768341394,46.6,stock,S12 Luxus & Marken,pillar,78.0,manual thematic assignment after stack redesign,"luxury, brands, premium consumption",37.68,38.27,,bull,stock,,,,0.06772778246916267,MC.PA,LVMH EO,FR0000121014,MC.PA,MC.PA,Konsum & Lifestyle,Consumer Cyclical,Luxury Goods,France,EUR,394.6000061035156,589.3,-22.673299768341394,16.45,0.0,54.3,Seitwärts,40.1,Zyklus-neutral,-0.20686992127319614,-0.20108744613287288,493.92139877319335,0.30242777401544074,0.18466738380270645,0.3850108336806948,618429.05,244032106.90459138,bull,0.06772778246916267,bull,0.17364179735818652,2026-09-29,False,True,False,OK,,,MC.PA,MC.PA,Luxury Goods,False,True
FIGR,Figure Technology Solutions,FIGR,29.19499969482422,USD,-22.66225246404181,16.4,0.0,Seitwärts,0.0,0.0,56.2,3.2,Zyklus-Tief,0.0,68.77,0.0,0.0,8038661632.0,382600000.0,0.0,54.8,32.46,87.26,2.261,53.12,"[100.0, 0.0, 0.0, 96.84, 34.69]",38.201473,44.2,LOW,"{""coverage"": 1.0, ""confluence"": 0.4, ""risk_clean"": 0.0, ""regime_align"": 0.27972769149239735, ""liquidity"": 0.36036036036036034, ""weights"": {""coverage"": 0.25, ""confluence"": 0.25, ""risk_clean"": 0.2, ""regime_align"": 0.2, ""liquidity"": 0.1}}",US3493811034,FIGR,FIGR,Finanzen 🏦,,0.960669028346446,0.5613068682057749,0.6629684939363297,4747413.85,138600745.90195426,36.67262496948242,-0.203902100841726,bull,0.06772778246916267,bull,0.17364179735818652,2026-09-29,-0.13361081086814286,Financial Services,Capital Markets,United States,USD,-0.46028035878964424,-22.66225246404181,3.2,stock,S21 Finanzsystem,pillar,83.0,manual thematic assignment after stack redesign,"payments, exchanges, capital markets, crypto",49.02,73.63,,bull,stock,,,,0.06772778246916267,FIGR,Figure Technology Solutions,US3493811034,FIGR,FIGR,Finanzen 🏦,Financial Services,Capital Markets,United States,USD,29.19499969482422,,-22.66225246404181,16.4,0.0,44.2,Seitwärts,56.2,Zyklus-Tief,-0.13361081086814286,-0.203902100841726,36.67262496948242,0.960669028346446,0.5613068682057749,0.6629684939363297,4747413.85,138600745.90195426,bull,0.06772778246916267,bull,0.17364179735818652,2026-09-29,False,True,False,OK,,,FIGR,FIGR,Capital Markets,False,True
TSLA,Tesla,TSLA,353.0950012207031,USD,-20.33234628545342,16.03,0.0,Seitwärts,0.0,0.0,56.0,35.8,Zyklus-neutral,4.93,17.763,0.0,3732624896.0,1566959599616.0,94827003904.0,0.24,-3.1,4.0,0.9,2.164,44.57,"[0.0, 9.86, 0.0, 64.22, 0.0]",151.62677,60.9,MED,"{""coverage"": 1.0, ""confluence"": 0.0, ""risk_clean"": 1.0, ""regime_align"": 0.3342607313195548, ""liquidity"": 0.9234234234234234, ""weights"": {""coverage"": 0.25, ""confluence"": 0.25, ""risk_clean"": 0.2, ""regime_align"": 0.2, ""liquidity"": 0.1}}",US88160R1014,TSLA,TSLA,Tech 💻,,0.4603607480277346,0.309726305677946,0.39103453018952694,38212788.6,13492744637.36347,394.6916744995117,-0.10539029821582935,bull,0.06772778246916267,bull,0.17364179735818652,2026-09-29,-0.19701840461809883,Consumer Cyclical,Auto Manufacturers,United States,USD,-1.2183552490147243,-20.33234628545342,35.8,stock,S15 Mobilität,pillar,80.0,manual thematic assignment after stack redesign,"mobility, autos, autonomy",37.19,38.77,,bull,stock,,,,0.06772778246916267,TSLA,Tesla,US88160R1014,TSLA,TSLA,Tech 💻,Consumer Cyclical,Auto Manufacturers,United States,USD,353.0950012207031,,-20.33234628545342,16.03,0.0,60.9,Seitwärts,56.0,Zyklus-neutral,-0.19701840461809883,-0.10539029821582935,394.6916744995117,0.4603607480277346,0.309726305677946,0.39103453018952694,38212788.6,13492744637.36347,bull,0.06772778246916267,bull,0.17364179735818652,2026-09-29,False,True,False,OK,,,TSLA,TSLA,Auto Manufacturers,False,True
NKE,NIKE INC. B,NKE,35.89500045776367,USD,-46.68796166017324,15.92,0.0,Seitwärts,0.0,0.0,45.6,61.5,Zyklus-neutral,17.95,80.099,260.0,2576624896.0,96260366336.0,46513000448.0,2.68,0.6,5.43,6.03,2.063,83.37,"[1.2, 35.9, 0.0, 38.51, 21.93]",27.24181,43.5,LOW,"{""coverage"": 1.0, ""confluence"": 0.0, ""risk_clean"": 0.3333333333333333, ""regime_align"": 0.22787493375728668, ""liquidity"": 0.7252252252252253, ""weights"": {""coverage"": 0.25, ""confluence"": 0.25, ""risk_clean"": 0.2, ""regime_align"": 0.2, ""liquidity"": 0.1}}",US6541061031,NKE,NKE,Konsum & Lifestyle,63.42,0.36312424008106453,0.27856863483055516,0.5081020437733571,32727189.7,1174742489.2628186,48.34150943756104,-0.25747042499518036,bull,0.06772778246916267,bull,0.17364179735818652,2026-09-29,-0.18479697594310263,Consumer Cyclical,Footwear & Accessories,United States,USD,-1.3602608963647733,-46.68796166017324,61.5,stock,S12 Luxus & Marken,pillar,78.0,manual thematic assignment after stack redesign,"luxury, brands, premium consumption",39.47,46.34,,bull,stock,,,,0.06772778246916267,NKE,NIKE INC. B,US6541061031,NKE,NKE,Konsum & Lifestyle,Consumer Cyclical,Footwear & Accessories,United States,USD,35.89500045776367,63.42,-46.68796166017324,15.92,0.0,43.5,Seitwärts,45.6,Zyklus-neutral,-0.18479697594310263,-0.25747042499518036,48.34150943756104,0.36312424008106453,0.27856863483055516,0.5081020437733571,32727189.7,1174742489.2628186,bull,0.06772778246916267,bull,0.17364179735818652,2026-09-29,False,True,False,OK,,,NKE,NKE,Footwear & Accessories,False,True
AXON,"Axon Enterprise, Inc.",AXON,419.5050048828125,USD,-41.411553666132704,15.86,,,,,,,,,,,,,,,,,,,,,,41.5,LOW,"{""coverage"": 1.0, ""confluence"": 0.0, ""risk_clean"": 0.3333333333333333, ""regime_align"": 0.205586808527985, ""liquidity"": 0.5765765765765766, ""weights"": {""coverage"": 0.25, ""confluence"": 0.25, ""risk_clean"": 0.2, ""regime_align"": 0.2, ""liquidity"": 0.1}}",US05464C1018,AXON,AXON,,,0.6233862332738775,0.40932202903604104,0.5444801415130922,1075552.45,451199635.78897095,499.1565258789062,-0.15957223208861127,bull,0.06772778246916267,bull,0.17364179735818652,2026-09-29,-0.32095923723135034,Industrials,Aerospace & Defense,United States,USD,-1.2348428763243047,-41.411553666132704,0.0,stock,S20 Sicherheit & Verteidigung,pillar,85.0,manual addition via ChatGPT,"defense, aerospace, security",43.54,59.21,,bull,stock,,,,0.06772778246916267,AXON,"Axon Enterprise, Inc.",US05464C1018,AXON,AXON,,Industrials,Aerospace & Defense,United States,USD,419.5050048828125,,-41.411553666132704,15.86,,41.5,,,,-0.32095923723135034,-0.15957223208861127,499.1565258789062,0.6233862332738775,0.40932202903604104,0.5444801415130922,1075552.45,451199635.78897095,bull,0.06772778246916267,bull,0.17364179735818652,2026-09-29,False,True,False,OK,,,AXON,AXON,Aerospace & Defense,False,True
FISV,Fiserv Inc.,FISV,45.44499969482422,USD,-65.16289708089825,15.77,,,,,,,,,,,,,,,,,,,,,,42.7,LOW,"{""coverage"": 1.0, ""confluence"": 0.0, ""risk_clean"": 0.3333333333333333, ""regime_align"": 0.28196975255798784, ""liquidity"": 0.5405405405405406, ""weights"": {""coverage"": 0.25, ""confluence"": 0.25, ""risk_clean"": 0.2, ""regime_align"": 0.2, ""liquidity"": 0.1}}",US3377381088,FISV,FISV,Fintech,,0.5812844146017775,0.6555520724696356,0.6516289708089825,7452725.25,338689096.71185875,57.10722507476807,-0.204216285499339,bull,0.06772778246916267,bull,0.17364179735818652,2026-09-29,-0.1314231390616818,Technology,Information Technology Services,United States,USD,-1.2494584033461265,-65.16289708089825,0.0,stock,S21 Finanzsystem,pillar,85.0,manual addition via ChatGPT,"payments, exchanges, capital markets, crypto",45.28,65.07,,bull,stock,,,,0.06772778246916267,FISV,Fiserv Inc.,US3377381088,FISV,FISV,Fintech,Technology,Information Technology Services,United States,USD,45.44499969482422,,-65.16289708089825,15.77,,42.7,,,,-0.1314231390616818,-0.204216285499339,57.10722507476807,0.5812844146017775,0.6555520724696356,0.6516289708089825,7452725.25,338689096.71185875,bull,0.06772778246916267,bull,0.17364179735818652,2026-09-29,False,True,False,OK,,,FISV,FISV,Information Technology Services,False,True
SYM,Symbotic Inc.,SYM,41.43000030517578,,-22.892237747725474,15.49,,,,,,,,,,,,,,,,,,,,,,41.0,LOW,"{""coverage"": 1.0, ""confluence"": 0.0, ""risk_clean"": 0.3333333333333333, ""regime_align"": 0.3293791529085647, ""liquidity"": 0.2702702702702703, ""weights"": {""coverage"": 0.25, ""confluence"": 0.25, ""risk_clean"": 0.2, ""regime_align"": 0.2, ""liquidity"": 0.1}}",US87151X1019,SYM,SYM,,,0.8225990331457601,0.5187166364762384,0.5621993140361803,1689146.55,69981342.08198662,50.71957498550415,-0.1831556097026319,bull,0.06772778246916267,bull,0.17364179735818652,2026-09-29,-0.10575836366000968,Industrials,Specialty Industrial Machinery,United States,,-1.3571421305338505,-22.892237747725474,0.0,stock,S1 Hardware,pillar,85.0,manual thematic assignment after stack redesign,"robotics, automation, devices",46.1,68.93,,bull,stock,,,,0.06772778246916267,SYM,Symbotic Inc.,US87151X1019,SYM,SYM,,Industrials,Specialty Industrial Machinery,United States,,41.43000030517578,,-22.892237747725474,15.49,,41.0,,,,-0.10575836366000968,-0.1831556097026319,50.71957498550415,0.8225990331457601,0.5187166364762384,0.5621993140361803,1689146.55,69981342.08198662,bull,0.06772778246916267,bull,0.17364179735818652,2026-09-29,False,True,False,OK,,,SYM,SYM,Specialty Industrial Machinery,False,True
NIO,NIO Inc.,NIO,3.4049999713897705,USD,-52.77392575070107,15.42,,,,,,,,,,,,,,,,,,,,,,43.8,LOW,"{""coverage"": 1.0, ""confluence"": 0.0, ""risk_clean"": 0.6666666666666666, ""regime_align"": 0.09480860951449187, ""liquidity"": 0.3558558558558558, ""weights"": {""coverage"": 0.25, ""confluence"": 0.25, ""risk_clean"": 0.2, ""regime_align"": 0.2, ""liquidity"": 0.1}}",US62914V1061,NIO,NIO,Industrie/Auto 🚗,,0.5190882244162527,0.2855926017451578,0.5684410609620906,40072582.3,136447141.58501422,5.077325000762939,-0.3293712789947223,bull,0.06772778246916267,bull,0.17364179735818652,2026-09-29,-0.3421334671874001,Consumer Cyclical,Auto Manufacturers,China,USD,-5.153201871937874,-52.77392575070107,0.0,stock,S15 Mobilität,pillar,85.0,manual addition via ChatGPT,"mobility, autos, autonomy",41.78,55.91,,bull,stock,,,,0.06772778246916267,NIO,NIO Inc.,US62914V1061,NIO,NIO,Industrie/Auto 🚗,Consumer Cyclical,Auto Manufacturers,China,USD,3.4049999713897705,,-52.77392575070107,15.42,,43.8,,,,-0.3421334671874001,-0.3293712789947223,5.077325000762939,0.5190882244162527,0.2855926017451578,0.5684410609620906,40072582.3,136447141.58501422,bull,0.06772778246916267,bull,0.17364179735818652,2026-09-29,False,True,False,OK,,,NIO,NIO,Auto Manufacturers,False,True
MP,MP MATERIALS CORP.,MP,45.3390007019043,USD,-33.50102596220954,15.34,,,,,,,,,,,,,,,,,,,,,,40.9,LOW,"{""coverage"": 1.0, ""confluence"": 0.0, ""risk_clean"": 0.3333333333333333, ""regime_align"": 0.23694508988626636, ""liquidity"": 0.4504504504504505, ""weights"": {""coverage"": 0.25, ""confluence"": 0.25, ""risk_clean"": 0.2, ""regime_align"": 0.2, ""liquidity"": 0.1}}",US5533681012,MP,MP,Mining ⛏️,,0.749540776073172,0.3977196329300758,0.6137861339604105,5003546.5,226855798.2755108,56.86464496612549,-0.20268559262239427,bull,0.06772778246916267,bull,0.17364179735818652,2026-09-29,-0.1919640931440575,Basic Materials,Other Industrial Metals & Mining,United States,USD,-2.39181925250167,-33.50102596220954,0.0,stock,S4 Fundament,pillar,85.0,manual thematic assignment after stack redesign,"materials, mining, metals",44.35,64.25,,bull,stock,,,,0.06772778246916267,MP,MP MATERIALS CORP.,US5533681012,MP,MP,Mining ⛏️,Basic Materials,Other Industrial Metals & Mining,United States,USD,45.3390007019043,,-33.50102596220954,15.34,,40.9,,,,-0.1919640931440575,-0.20268559262239427,56.86464496612549,0.749540776073172,0.3977196329300758,0.6137861339604105,5003546.5,226855798.2755108,bull,0.06772778246916267,bull,0.17364179735818652,2026-09-29,False,True,False,OK,,,MP,MP,Other Industrial Metals & Mining,False,True
AMKR,"Amkor Technology, Inc.",AMKR,54.23500061035156,,91.49031024587873,15.23,,,,,,,,,,,,,,,,,,,,,,42.0,LOW,"{""coverage"": 1.0, ""confluence"": 0.0, ""risk_clean"": 0.3333333333333333, ""regime_align"": 0.3074884839590722, ""liquidity"": 0.41891891891891886, ""weights"": {""coverage"": 0.25, ""confluence"": 0.25, ""risk_clean"": 0.2, ""regime_align"": 0.2, ""liquidity"": 0.1}}",US0316521006,AMKR,AMKR,,,0.7857468389185512,0.556036017698189,0.543238922412152,3822090.9,207291102.29431915,56.98471338272095,-0.04825351588419435,bull,0.06772778246916267,bull,0.17364179735818652,2026-09-29,-0.34797411719445537,Technology,Semiconductor Equipment & Materials,United States,,1.9838290694276228,91.49031024587873,0.0,stock,S2 Gehirn,pillar,85.0,manual thematic assignment after stack redesign,"ai, semis, software",44.96,66.66,,bull,stock,,,,0.06772778246916267,AMKR,"Amkor Technology, Inc.",US0316521006,AMKR,AMKR,,Technology,Semiconductor Equipment & Materials,United States,,54.23500061035156,,91.49031024587873,15.23,,42.0,,,,-0.34797411719445537,-0.04825351588419435,56.98471338272095,0.7857468389185512,0.556036017698189,0.543238922412152,3822090.9,207291102.29431915,bull,0.06772778246916267,bull,0.17364179735818652,2026-09-29,False,True,False,OK,,,AMKR,AMKR,Semiconductor Equipment & Materials,False,True
CPB,CAMPBELLS CO.,CPB,20.264999389648438,USD,-30.1851922794244,14.94,0.0,Seitwärts,0.0,0.0,40.1,100.0,Zyklus-Hoch,14.82,184.567,535.0,630499968.0,15831613440.0,10158000128.0,3.98,-3.4,5.69,2.29,0.819,65.77,"[0.0, 29.64, 0.0, 0.0, 23.49]",11.27821,49.3,LOW,"{""coverage"": 1.0, ""confluence"": 0.0, ""risk_clean"": 0.6666666666666666, ""regime_align"": 0.3476927153397742, ""liquidity"": 0.4054054054054055, ""weights"": {""coverage"": 0.25, ""confluence"": 0.25, ""risk_clean"": 0.2, ""regime_align"": 0.2, ""liquidity"": 0.1}}",US1344291091,CPB,CPB,Konsum & Lifestyle,27.25,0.31888703099970045,0.23208395901788473,0.363102997551491,9048993.3,183377843.70143282,22.870192041397093,-0.1139121458636213,bull,0.06772778246916267,bull,0.17364179735818652,2026-09-29,-0.14921124893642013,Consumer Defensive,Packaged Foods,United States,USD,1.1227468255590844,-30.1851922794244,100.0,stock,S11 Konsum,pillar,80.0,manual thematic assignment after stack redesign,"consumer staples, food, household",37.55,45.09,,bull,stock,,,,0.06772778246916267,CPB,CAMPBELLS CO.,US1344291091,CPB,CPB,Konsum & Lifestyle,Consumer Defensive,Packaged Foods,United States,USD,20.264999389648438,27.25,-30.1851922794244,14.94,0.0,49.3,Seitwärts,40.1,Zyklus-Hoch,-0.14921124893642013,-0.1139121458636213,22.870192041397093,0.31888703099970045,0.23208395901788473,0.363102997551491,9048993.3,183377843.70143282,bull,0.06772778246916267,bull,0.17364179735818652,2026-09-29,False,True,False,OK,,,CPB,CPB,Packaged Foods,False,True
RKLB,"Rocket Lab USA, Inc.",RKLB,69.68000030517578,,48.22378811542831,14.77,,,,,,,,,,,,,,,,,,,,,,43.7,LOW,"{""coverage"": 1.0, ""confluence"": 0.0, ""risk_clean"": 0.3333333333333333, ""regime_align"": 0.2214646773470303, ""liquidity"": 0.7612612612612613, ""weights"": {""coverage"": 0.25, ""confluence"": 0.25, ""risk_clean"": 0.2, ""regime_align"": 0.2, ""liquidity"": 0.1}}",US7731211089,RKLB,RKLB,,,0.9382993624142801,0.5120728315857145,0.609931437524637,19921950.3,1388161502.9836967,81.24570014953613,-0.14235460858941695,bull,0.06772778246916267,bull,0.17364179735818652,2026-09-29,-0.3309315679703594,Industrials,Aerospace & Defense,United States,,-3.47693870528365,48.22378811542831,0.0,stock,S20 Sicherheit & Verteidigung,pillar,81.0,manual thematic assignment after stack redesign,"defense, aerospace, security",43.73,64.99,,bull,stock,,,,0.06772778246916267,RKLB,"Rocket Lab USA, Inc.",US7731211089,RKLB,RKLB,,Industrials,Aerospace & Defense,United States,,69.68000030517578,,48.22378811542831,14.77,,43.7,,,,-0.3309315679703594,-0.14235460858941695,81.24570014953613,0.9382993624142801,0.5120728315857145,0.609931437524637,19921950.3,1388161502.9836967,bull,0.06772778246916267,bull,0.17364179735818652,2026-09-29,False,True,False,OK,,,RKLB,RKLB,Aerospace & Defense,False,True
RGTI,"Rigetti Computing, Inc.",RGTI,15.765000343322754,,-46.82967775328352,14.4,,,,,,,,,,,,,,,,,,,,,,42.6,LOW,"{""coverage"": 1.0, ""confluence"": 0.0, ""risk_clean"": 0.3333333333333333, ""regime_align"": 0.3025253760547878, ""liquidity"": 0.4864864864864865, ""weights"": {""coverage"": 0.25, ""confluence"": 0.25, ""risk_clean"": 0.2, ""regime_align"": 0.2, ""liquidity"": 0.1}}",US76655K1034,RGTI,RGTI,,,1.0332646600083455,0.523957203382488,0.7710330212354866,16777399.8,264495713.6070631,18.47515003204346,-0.14669162004206726,bull,0.06772778246916267,bull,0.17364179735818652,2026-09-29,-0.18329340028045926,Technology,Computer Hardware,United States,,-1.159871273696944,-46.82967775328352,0.0,stock,Playground,playground,70.0,manual thematic assignment after stack redesign,"speculation, high volatility, optionality",45.37,71.86,,bull,stock,,,,0.06772778246916267,RGTI,"Rigetti Computing, Inc.",US76655K1034,RGTI,RGTI,,Technology,Computer Hardware,United States,,15.765000343322754,,-46.82967775328352,14.4,,42.6,,,,-0.18329340028045926,-0.14669162004206726,18.47515003204346,1.0332646600083455,0.523957203382488,0.7710330212354866,16777399.8,264495713.6070631,bull,0.06772778246916267,bull,0.17364179735818652,2026-09-29,False,True,False,OK,,,RGTI,RGTI,Computer Hardware,False,True
AVAV,"AeroVironment, Inc.",AVAV,143.2899932861328,USD,-53.581265297592104,14.33,,,,,,,,,,,,,,,,,,,,,,40.7,LOW,"{""coverage"": 1.0, ""confluence"": 0.0, ""risk_clean"": 0.3333333333333333, ""regime_align"": 0.1871917166034813, ""liquidity"": 0.5315315315315315, ""weights"": {""coverage"": 0.25, ""confluence"": 0.25, ""risk_clean"": 0.2, ""regime_align"": 0.2, ""liquidity"": 0.1}}",US0080731088,AVAV,AVAV,,,0.7604501051695471,0.48117091416063,0.6664958710831659,2303843.65,330117741.1407997,202.74879989624023,-0.29326342074792233,bull,0.06772778246916267,bull,0.17364179735818652,2026-09-29,-0.19628851030142302,Industrials,Aerospace & Defense,United States,USD,-2.6760867729002324,-53.581265297592104,0.0,stock,S20 Sicherheit & Verteidigung,pillar,85.0,manual thematic assignment after stack redesign,"defense, aerospace, security",43.59,66.67,,bull,stock,,,,0.06772778246916267,AVAV,"AeroVironment, Inc.",US0080731088,AVAV,AVAV,,Industrials,Aerospace & Defense,United States,USD,143.2899932861328,,-53.581265297592104,14.33,,40.7,,,,-0.19628851030142302,-0.29326342074792233,202.74879989624023,0.7604501051695471,0.48117091416063,0.6664958710831659,2303843.65,330117741.1407997,bull,0.06772778246916267,bull,0.17364179735818652,2026-09-29,False,True,False,OK,,,AVAV,AVAV,Aerospace & Defense,False,True
XPEV,XPeng Inc.,XPEV,9.46500015258789,USD,-59.18499381366003,14.32,,,,,,,,,,,,,,,,,,,,,,42.5,LOW,"{""coverage"": 1.0, ""confluence"": 0.0, ""risk_clean"": 0.6666666666666666, ""regime_align"": 0.07894093188210835, ""liquidity"": 0.2567567567567568, ""weights"": {""coverage"": 0.25, ""confluence"": 0.25, ""risk_clean"": 0.2, ""regime_align"": 0.2, ""liquidity"": 0.1}}",US98422D1054,XPEV,XPEV,Industrie/Auto 🚗,,0.5348801938213875,0.31869332896666097,0.6628072584435002,6946235.8,65746122.90691147,15.681074986457824,-0.39640616725818456,bull,0.06772778246916267,bull,0.17364179735818652,2026-09-29,-0.33128828028503576,Consumer Cyclical,Auto Manufacturers,China,USD,-4.874368502254933,-59.18499381366003,0.0,stock,S15 Mobilität,pillar,85.0,manual addition via ChatGPT,"mobility, autos, autonomy",41.58,60.51,,bull,stock,,,,0.06772778246916267,XPEV,XPeng Inc.,US98422D1054,XPEV,XPEV,Industrie/Auto 🚗,Consumer Cyclical,Auto Manufacturers,China,USD,9.46500015258789,,-59.18499381366003,14.32,,42.5,,,,-0.33128828028503576,-0.39640616725818456,15.681074986457824,0.5348801938213875,0.31869332896666097,0.6628072584435002,6946235.8,65746122.90691147,bull,0.06772778246916267,bull,0.17364179735818652,2026-09-29,False,True,False,OK,,,XPEV,XPEV,Auto Manufacturers,False,True
ENR.DE,SIEMENS ENERGY,ENR.DE,145.82000732421875,EUR,47.77178954914378,14.22,0.0,Seitwärts,0.0,0.0,62.5,86.5,Zyklus-Hoch,0.0,72.403,752.0,0.0,1.0,28795244.0,0.0,0.0,-80.39,-80.39,0.247,14.27,"[0.0, 0.0, 0.0, 13.54, 25.0]",,51.9,MED,"{""coverage"": 1.0, ""confluence"": 0.0, ""risk_clean"": 0.6666666666666666, ""regime_align"": 0.4403917492152786, ""liquidity"": 0.4774774774774775, ""weights"": {""coverage"": 0.25, ""confluence"": 0.25, ""risk_clean"": 0.2, ""regime_align"": 0.2, ""liquidity"": 0.1}}",DE000ENER6Y0,ENR.DE,ENR.DE,Energie,142.2,0.5061132891783374,0.32472013811122086,0.29293248526496385,1783236.9,260031617.81881714,152.88830310821533,-0.046231762929526354,bull,0.06772778246916267,bull,0.17364179735818652,2026-09-29,-0.1345050176063387,Industrials,Specialty Industrial Machinery,Germany,EUR,3.506531991900097,47.77178954914378,86.5,stock,S3 Energie,pillar,82.0,manual thematic assignment after stack redesign,"energy, grid, electrification",37.34,47.86,,bull,stock,,,,0.06772778246916267,ENR.DE,SIEMENS ENERGY,DE000ENER6Y0,ENR.DE,ENR.DE,Energie,Industrials,Specialty Industrial Machinery,Germany,EUR,145.82000732421875,142.2,47.77178954914378,14.22,0.0,51.9,Seitwärts,62.5,Zyklus-Hoch,-0.1345050176063387,-0.046231762929526354,152.88830310821533,0.5061132891783374,0.32472013811122086,0.29293248526496385,1783236.9,260031617.81881714,bull,0.06772778246916267,bull,0.17364179735818652,2026-09-29,False,True,False,OK,,,ENR.DE,ENR.DE,Specialty Industrial Machinery,False,True
APP,APPLOVIN CORPORATION,APP,305.54998779296875,USD,-57.10736227805183,13.55,,,,,,,,,,,,,,,,,,,,,,40.6,LOW,"{""coverage"": 1.0, ""confluence"": 0.0, ""risk_clean"": 0.3333333333333333, ""regime_align"": 0.06326688679629856, ""liquidity"": 0.7702702702702703, ""weights"": {""coverage"": 0.25, ""confluence"": 0.25, ""risk_clean"": 0.2, ""regime_align"": 0.2, ""liquidity"": 0.1}}",US03831W1080,APP,APP,Medien & Digitales 📱,,0.7330946206142178,0.5798865978605333,0.5929798169644127,4675353.55,1428554220.1303132,462.32987518310546,-0.3391082770241576,bull,0.06772778246916267,bull,0.17364179735818652,2026-09-29,-0.48607415075848026,Communication Services,Advertising Agencies,United States,USD,-0.8726974197477921,-57.10736227805183,0.0,stock,S2 Gehirn,pillar,85.0,manual thematic assignment after stack redesign,"ai, semis, software",41.16,62.88,,bull,stock,,,,0.06772778246916267,APP,APPLOVIN CORPORATION,US03831W1080,APP,APP,Medien & Digitales 📱,Communication Services,Advertising Agencies,United States,USD,305.54998779296875,,-57.10736227805183,13.55,,40.6,,,,-0.48607415075848026,-0.3391082770241576,462.32987518310546,0.7330946206142178,0.5798865978605333,0.5929798169644127,4675353.55,1428554220.1303132,bull,0.06772778246916267,bull,0.17364179735818652,2026-09-29,False,True,False,OK,,,APP,APP,Advertising Agencies,False,True
TTD,"THE TRADE DESK, INC.",TTD,12.024999618530273,USD,-75.77558467690497,13.51,,,,,,,,,,,,,,,,,,,,,,44.5,LOW,"{""coverage"": 1.0, ""confluence"": 0.0, ""risk_clean"": 0.6666666666666666, ""regime_align"": 0.04509600097835392, ""liquidity"": 0.5225225225225225, ""weights"": {""coverage"": 0.25, ""confluence"": 0.25, ""risk_clean"": 0.2, ""regime_align"": 0.2, ""liquidity"": 0.1}}",US88339J1051,TTD,TTD,Medien & Digitales 📱,,0.5625331640467839,0.39423994497419435,0.7778496327129488,26003102.15,312687293.4343537,22.968200078010558,-0.4764500667145074,bull,0.06772778246916267,bull,0.17364179735818652,2026-09-29,-0.39930682493353875,Communication Services,Advertising Agencies,United States,USD,-2.552678526438723,-75.77558467690497,0.0,stock,S2 Gehirn,pillar,85.0,manual thematic assignment after stack redesign,"ai, semis, software",40.97,62.49,,bull,stock,,,,0.06772778246916267,TTD,"THE TRADE DESK, INC.",US88339J1051,TTD,TTD,Medien & Digitales 📱,Communication Services,Advertising Agencies,United States,USD,12.024999618530273,,-75.77558467690497,13.51,,44.5,,,,-0.39930682493353875,-0.4764500667145074,22.968200078010558,0.5625331640467839,0.39423994497419435,0.7778496327129488,26003102.15,312687293.4343537,bull,0.06772778246916267,bull,0.17364179735818652,2026-09-29,False,True,False,OK,,,TTD,TTD,Advertising Agencies,False,True
APLD,Applied Digital,APLD,25.364999771118164,USD,14.514673625087937,13.34,0.0,Seitwärts,0.0,0.0,66.8,50.9,Zyklus-neutral,-7.9,125.912,0.0,-1606530304.0,11793511424.0,263986000.0,-13.62,250.1,-47.35,202.75,4.823,67.1,"[100.0, 0.0, 0.0, 49.06, 56.34]",-41.865925,38.9,LOW,"{""coverage"": 1.0, ""confluence"": 0.2, ""risk_clean"": 0.0, ""regime_align"": 0.16484244425420896, ""liquidity"": 0.5585585585585585, ""weights"": {""coverage"": 0.25, ""confluence"": 0.25, ""risk_clean"": 0.2, ""regime_align"": 0.2, ""liquidity"": 0.1}}",US0381692070,APLD,APLD,Tech 💻,,1.0312143119168273,0.5536490881804037,0.532326312190512,15569717.55,394925882.09212446,32.15012502670288,-0.21104506591962569,bull,0.06772778246916267,bull,0.17364179735818652,2026-09-29,-0.3131394402536717,Technology,Information Technology Services,United States,USD,3.4039912804700423,14.514673625087937,50.9,stock,S2 Gehirn,pillar,85.0,manual thematic assignment after stack redesign,"ai, semis, software",43.23,70.28,,bull,stock,,,,0.06772778246916267,APLD,Applied Digital,US0381692070,APLD,APLD,Tech 💻,Technology,Information Technology Services,United States,USD,25.364999771118164,,14.514673625087937,13.34,0.0,38.9,Seitwärts,66.8,Zyklus-neutral,-0.3131394402536717,-0.21104506591962569,32.15012502670288,1.0312143119168273,0.5536490881804037,0.532326312190512,15569717.55,394925882.09212446,bull,0.06772778246916267,bull,0.17364179735818652,2026-09-29,False,True,False,OK,,,APLD,APLD,Information Technology Services,False,True
BIDU,BAIDU INC,BIDU,86.62999725341797,USD,-35.76301582281882,13.18,0.0,Seitwärts,0.0,0.0,65.8,26.0,Zyklus-neutral,3.08,33.81,0.0,21750999040.0,396094570496.0,130462998528.0,5.49,-7.1,6.9,-0.2,1.907,23.06,"[0.0, 6.16, 0.0, 73.98, 26.0]",17.818422,52.1,MED,"{""coverage"": 1.0, ""confluence"": 0.0, ""risk_clean"": 1.0, ""regime_align"": 0.14219762749174514, ""liquidity"": 0.427927927927928, ""weights"": {""coverage"": 0.25, ""confluence"": 0.25, ""risk_clean"": 0.2, ""regime_align"": 0.2, ""liquidity"": 0.1}}",US0567521085,BIDU,BIDU,Tech 💻,158.08,0.48897935342351223,0.316673854494527,0.4669579437852781,2495028.8,216144338.0911987,120.39670013427734,-0.2804620296336999,bull,0.06772778246916267,bull,0.17364179735818652,2026-09-29,-0.29271816264474726,Communication Services,Internet Content & Information,China,USD,-0.39094396057594016,-35.76301582281882,26.0,stock,S2 Gehirn,pillar,85.0,manual thematic assignment after stack redesign,"ai, semis, software",36.45,50.07,,bull,stock,,,,0.06772778246916267,BIDU,BAIDU INC,US0567521085,BIDU,BIDU,Tech 💻,Communication Services,Internet Content & Information,China,USD,86.62999725341797,158.08,-35.76301582281882,13.18,0.0,52.1,Seitwärts,65.8,Zyklus-neutral,-0.29271816264474726,-0.2804620296336999,120.39670013427734,0.48897935342351223,0.316673854494527,0.4669579437852781,2495028.8,216144338.0911987,bull,0.06772778246916267,bull,0.17364179735818652,2026-09-29,False,True,False,OK,,,BIDU,BIDU,Internet Content & Information,False,True
ASTS,"AST SpaceMobile, Inc.",ASTS,59.35499954223633,,21.529482712524683,13.05,,,,,,,,,,,,,,,,,,,,,,40.4,LOW,"{""coverage"": 1.0, ""confluence"": 0.0, ""risk_clean"": 0.3333333333333333, ""regime_align"": 0.12647262647262647, ""liquidity"": 0.6171171171171171, ""weights"": {""coverage"": 0.25, ""confluence"": 0.25, ""risk_clean"": 0.2, ""regime_align"": 0.2, ""liquidity"": 0.1}}",US00217D1000,ASTS,ASTS,,,1.1020470512191274,0.5975417189389948,0.6015478229884115,10047786.7,596386374.9789882,81.3665998840332,-0.27052378215592954,bull,0.06772778246916267,bull,0.17364179735818652,2026-09-29,-0.3378713251364548,Technology,Communication Equipment,United States,,-2.6967220619076637,21.529482712524683,0.0,stock,S14 Kommunikations- & Alltagsinfrastruktur,pillar,76.0,manual thematic assignment after stack redesign,"connectivity, telecom, civic infrastructure",42.27,68.68,,bull,stock,,,,0.06772778246916267,ASTS,"AST SpaceMobile, Inc.",US00217D1000,ASTS,ASTS,,Technology,Communication Equipment,United States,,59.35499954223633,,21.529482712524683,13.05,,40.4,,,,-0.3378713251364548,-0.27052378215592954,81.3665998840332,1.1020470512191274,0.5975417189389948,0.6015478229884115,10047786.7,596386374.9789882,bull,0.06772778246916267,bull,0.17364179735818652,2026-09-29,False,True,False,OK,,,ASTS,ASTS,Communication Equipment,False,True
UUUU,Energy Fuels Inc.,UUUU,10.994999885559082,USD,-33.444312464338246,13.0,,,,,,,,,,,,,,,,,,,,,,37.3,LOW,"{""coverage"": 1.0, ""confluence"": 0.0, ""risk_clean"": 0.3333333333333333, ""regime_align"": 0.13305613305613306, ""liquidity"": 0.2927927927927928, ""weights"": {""coverage"": 0.25, ""confluence"": 0.25, ""risk_clean"": 0.2, ""regime_align"": 0.2, ""liquidity"": 0.1}}",CA2926717083,UUUU,UUUU,Energie,,0.8933496796587139,0.49572053998724463,0.6125541112137034,6721280.8,73900481.62681045,17.185225038528444,-0.36020623175379873,bull,0.06772778246916267,bull,0.17364179735818652,2026-09-29,-0.2540374258492535,Energy,Uranium,Canada,USD,-0.3173150340836983,-33.444312464338246,0.0,stock,S3 Energie,pillar,82.0,manual addition via ChatGPT,"energy, grid, electrification",42.59,69.91,,bull,stock,,,,0.06772778246916267,UUUU,Energy Fuels Inc.,CA2926717083,UUUU,UUUU,Energie,Energy,Uranium,Canada,USD,10.994999885559082,,-33.444312464338246,13.0,,37.3,,,,-0.2540374258492535,-0.36020623175379873,17.185225038528444,0.8933496796587139,0.49572053998724463,0.6125541112137034,6721280.8,73900481.62681045,bull,0.06772778246916267,bull,0.17364179735818652,2026-09-29,False,True,False,OK,,,UUUU,UUUU,Uranium,False,True
OCGN,"Ocugen, Inc.",OCGN,1.090000033378601,USD,-24.82758637699304,12.72,,,,,,,,,,,,,,,,,,,,,,35.6,LOW,"{""coverage"": 1.0, ""confluence"": 0.0, ""risk_clean"": 0.3333333333333333, ""regime_align"": 0.14897476662182546, ""liquidity"": 0.09459459459459463, ""weights"": {""coverage"": 0.25, ""confluence"": 0.25, ""risk_clean"": 0.2, ""regime_align"": 0.2, ""liquidity"": 0.1}}",US67577C1053,OCGN,OCGN,Pharma & Gesundheit,,0.7941498818165089,0.5153317089400581,0.5991935443555652,8920582.85,9723435.604256576,1.4993599984049797,-0.2730231335115356,bull,0.06772778246916267,bull,0.17364179735818652,2026-09-29,-0.2907576547885058,Healthcare,Biotechnology,United States,USD,5.825248898587154,-24.82758637699304,0.0,stock,S13 Gesundheit,pillar,85.0,manual addition via ChatGPT,"healthcare, pharma, medtech",42.74,71.71,,bull,stock,,,,0.06772778246916267,OCGN,"Ocugen, Inc.",US67577C1053,OCGN,OCGN,Pharma & Gesundheit,Healthcare,Biotechnology,United States,USD,1.090000033378601,,-24.82758637699304,12.72,,35.6,,,,-0.2907576547885058,-0.2730231335115356,1.4993599984049797,0.7941498818165089,0.5153317089400581,0.5991935443555652,8920582.85,9723435.604256576,bull,0.06772778246916267,bull,0.17364179735818652,2026-09-29,False,True,False,OK,,,OCGN,OCGN,Biotechnology,False,True
QBTS,D-Wave Quantum Inc.,QBTS,16.434999465942383,,-35.06519236376266,12.69,,,,,,,,,,,,,,,,,,,,,,39.5,LOW,"{""coverage"": 1.0, ""confluence"": 0.0, ""risk_clean"": 0.3333333333333333, ""regime_align"": 0.1513187395540337, ""liquidity"": 0.48198198198198194, ""weights"": {""coverage"": 0.25, ""confluence"": 0.25, ""risk_clean"": 0.2, ""regime_align"": 0.2, ""liquidity"": 0.1}}",US26740W1099,QBTS,QBTS,,,1.1023406429082856,0.5294662990197229,0.710138456988137,15933715.95,261870613.1287276,20.94882493495941,-0.21546914841435105,bull,0.06772778246916267,bull,0.17364179735818652,2026-09-29,-0.3278824749348347,Technology,Computer Hardware,United States,,-2.0560262609386926,-35.06519236376266,0.0,stock,Playground,playground,70.0,manual thematic assignment after stack redesign,"speculation, high volatility, optionality",42.69,71.72,,bull,stock,,,,0.06772778246916267,QBTS,D-Wave Quantum Inc.,US26740W1099,QBTS,QBTS,,Technology,Computer Hardware,United States,,16.434999465942383,,-35.06519236376266,12.69,,39.5,,,,-0.3278824749348347,-0.21546914841435105,20.94882493495941,1.1023406429082856,0.5294662990197229,0.710138456988137,15933715.95,261870613.1287276,bull,0.06772778246916267,bull,0.17364179735818652,2026-09-29,False,True,False,OK,,,QBTS,QBTS,Computer Hardware,False,True
PPTA,Perpetua Resources,PPTA,21.579999923706055,USD,4.757279243149259,12.36,0.0,Seitwärts,0.0,0.0,64.9,33.6,Zyklus-neutral,-14.54,0.009,0.0,-62575000.0,3159208448.0,1.0,-1.98,0.0,0.0,0.0,42.247,69.23,"[0.0, 0.0, 99.55, 66.44, 100.0]",-434.99997,41.9,LOW,"{""coverage"": 1.0, ""confluence"": 0.0, ""risk_clean"": 0.3333333333333333, ""regime_align"": 0.4397293220822633, ""liquidity"": 0.14864864864864868, ""weights"": {""coverage"": 0.25, ""confluence"": 0.25, ""risk_clean"": 0.2, ""regime_align"": 0.2, ""liquidity"": 0.1}}",CA7142661031,PPTA,PPTA,Edelmetalle ⛏️,,0.7423244558672846,0.45992218431447734,0.5459430665163472,901001.1,19443603.66925907,26.486700010299682,-0.18525146902730794,bull,0.06772778246916267,bull,0.17364179735818652,2026-09-29,0.000864476393302116,Basic Materials,Other Precious Metals & Mining,United States,USD,-1.099907307400616,4.757279243149259,33.6,stock,S4 Fundament,pillar,84.0,manual thematic assignment after stack redesign,"materials, mining, metals",38.73,60.99,,bull,stock,,,,0.06772778246916267,PPTA,Perpetua Resources,CA7142661031,PPTA,PPTA,Edelmetalle ⛏️,Basic Materials,Other Precious Metals & Mining,United States,USD,21.579999923706055,,4.757279243149259,12.36,0.0,41.9,Seitwärts,64.9,Zyklus-neutral,0.000864476393302116,-0.18525146902730794,26.486700010299682,0.7423244558672846,0.45992218431447734,0.5459430665163472,901001.1,19443603.66925907,bull,0.06772778246916267,bull,0.17364179735818652,2026-09-29,False,True,False,OK,,,PPTA,PPTA,Other Precious Metals & Mining,False,True
USAR,"USA RARE EARTH, INC.",USAR,14.0649995803833,USD,-19.81186518677879,12.28,,,,,,,,,,,,,,,,,,,,,,38.5,LOW,"{""coverage"": 1.0, ""confluence"": 0.0, ""risk_clean"": 0.3333333333333333, ""regime_align"": 0.13772369654722594, ""liquidity"": 0.4054054054054055, ""weights"": {""coverage"": 0.25, ""confluence"": 0.25, ""risk_clean"": 0.2, ""regime_align"": 0.2, ""liquidity"": 0.1}}",US91733P1075,USAR,USAR,Mining ⛏️,,1.1270830735949289,0.574400469853905,0.6923474786803988,13087361.15,184073729.08307472,19.346050033569338,-0.2729782278047632,bull,0.06772778246916267,bull,0.17364179735818652,2026-09-29,-0.3232902052561655,Basic Materials,Other Industrial Metals & Mining,United States,USD,-2.428029014193178,-19.81186518677879,0.0,stock,S4 Fundament,pillar,85.0,manual thematic assignment after stack redesign,"materials, mining, metals",42.51,73.11,,bull,stock,,,,0.06772778246916267,USAR,"USA RARE EARTH, INC.",US91733P1075,USAR,USAR,Mining ⛏️,Basic Materials,Other Industrial Metals & Mining,United States,USD,14.0649995803833,,-19.81186518677879,12.28,,38.5,,,,-0.3232902052561655,-0.2729782278047632,19.346050033569338,1.1270830735949289,0.574400469853905,0.6923474786803988,13087361.15,184073729.08307472,bull,0.06772778246916267,bull,0.17364179735818652,2026-09-29,False,True,False,OK,,,USAR,USAR,Other Industrial Metals & Mining,False,True
9880.HK,UBTECH ROBOT.CORP.,9880.HK,72.75,HKD,-48.55020994324896,12.24,0.0,Seitwärts,0.0,0.0,62.0,14.4,Zyklus-Tief,-48.53,57.216,0.0,-506247008.0,56993132544.0,1439591936.0,-0.89,27.6,-70.91,-43.31,1.495,16.68,"[55.2, 0.0, 0.0, 85.56, 72.86]",-73.768105,44.4,LOW,"{""coverage"": 1.0, ""confluence"": 0.2, ""risk_clean"": 0.3333333333333333, ""regime_align"": 0.1196037666625902, ""liquidity"": 0.536036036036036, ""weights"": {""coverage"": 0.25, ""confluence"": 0.25, ""risk_clean"": 0.2, ""regime_align"": 0.2, ""liquidity"": 0.1}}",CNE100006CQ4,9880.HK,9880.HK,Hardware 💻,141.1,0.6265769599540627,0.35100370335666475,0.5386810310219798,4570962.95,332537554.6125,105.15924991607666,-0.30819209857374574,bull,0.06772778246916267,bull,0.17364179735818652,2026-09-29,-0.3181699989768372,Industrials,Specialty Industrial Machinery,China,HKD,-1.2890054105556437,-48.55020994324896,14.4,stock,S1 Hardware,pillar,85.0,manual thematic assignment after stack redesign,"robotics, automation, devices",37.7,58.41,,bull,stock,,,,0.06772778246916267,9880.HK,UBTECH ROBOT.CORP.,CNE100006CQ4,9880.HK,9880.HK,Hardware 💻,Industrials,Specialty Industrial Machinery,China,HKD,72.75,141.1,-48.55020994324896,12.24,0.0,44.4,Seitwärts,62.0,Zyklus-Tief,-0.3181699989768372,-0.30819209857374574,105.15924991607666,0.6265769599540627,0.35100370335666475,0.5386810310219798,4570962.95,332537554.6125,bull,0.06772778246916267,bull,0.17364179735818652,2026-09-29,False,True,False,OK,,,9880.HK,9880.HK,Specialty Industrial Machinery,False,True
KLAR,KLARNA GROUP PLC,KLAR,12.354999542236328,USD,-67.85900108317955,12.09,,,,,,,,,,,,,,,,,,,,,,36.2,LOW,"{""coverage"": 1.0, ""confluence"": 0.0, ""risk_clean"": 0.3333333333333333, ""regime_align"": 0.07680078268313562, ""liquidity"": 0.29729729729729737, ""weights"": {""coverage"": 0.25, ""confluence"": 0.25, ""risk_clean"": 0.2, ""regime_align"": 0.2, ""liquidity"": 0.1}}",GB00BMHVL512,KLAR,KLAR,Fintech,,0.7011845773491893,0.5574443357626968,0.709654497276409,6080141.15,75120141.12498227,18.32542504787445,-0.3258001105044287,bull,0.06772778246916267,bull,0.17364179735818652,2026-09-29,-0.4227921377307613,Financial Services,Credit Services,United Kingdom,USD,-0.4431934395813131,-67.85900108317955,0.0,stock,S21 Finanzsystem,pillar,85.0,manual thematic assignment after stack redesign,"payments, exchanges, capital markets, crypto",41.41,70.6,,bull,stock,,,,0.06772778246916267,KLAR,KLARNA GROUP PLC,GB00BMHVL512,KLAR,KLAR,Fintech,Financial Services,Credit Services,United Kingdom,USD,12.354999542236328,,-67.85900108317955,12.09,,36.2,,,,-0.4227921377307613,-0.3258001105044287,18.32542504787445,0.7011845773491893,0.5574443357626968,0.709654497276409,6080141.15,75120141.12498227,bull,0.06772778246916267,bull,0.17364179735818652,2026-09-29,False,True,False,OK,,,KLAR,KLAR,Credit Services,False,True
WYFI,"WHITEFIBER, INC.",WYFI,18.5,USD,-30.81525744820004,11.71,,,,,,,,,,,,,,,,,,,,,,36.9,LOW,"{""coverage"": 1.0, ""confluence"": 0.0, ""risk_clean"": 0.3333333333333333, ""regime_align"": 0.18318658024540377, ""liquidity"": 0.1576576576576576, ""weights"": {""coverage"": 0.25, ""confluence"": 0.25, ""risk_clean"": 0.2, ""regime_align"": 0.2, ""liquidity"": 0.1}}",KYG961151035,WYFI,WYFI,Tech 💻,,1.248194328281394,0.706866368546342,0.7245080644335788,1369402.0,25333937.0,21.53182500362396,-0.14080668977728006,bull,0.06772778246916267,bull,0.17364179735818652,2026-09-29,-0.49776502648520915,Technology,Information Technology Services,United States,USD,-1.752522172294868,-30.81525744820004,0.0,stock,S2 Gehirn,pillar,85.0,manual thematic assignment after stack redesign,"ai, semis, software",42.95,77.19,,bull,stock,,,,0.06772778246916267,WYFI,"WHITEFIBER, INC.",KYG961151035,WYFI,WYFI,Tech 💻,Technology,Information Technology Services,United States,USD,18.5,,-30.81525744820004,11.71,,36.9,,,,-0.49776502648520915,-0.14080668977728006,21.53182500362396,1.248194328281394,0.706866368546342,0.7245080644335788,1369402.0,25333937.0,bull,0.06772778246916267,bull,0.17364179735818652,2026-09-29,False,True,False,OK,,,WYFI,WYFI,Information Technology Services,False,True
ON,ON SEMICOND.,ON,75.86000061035156,USD,52.451774857725056,11.65,1.76,BUY,66.86,79.21,59.9,88.0,Zyklus-Hoch,1.5,39.064,0.0,1250724992.0,27005202432.0,5995400192.0,4.63,-11.2,2.02,-9.18,4.522,109.63,"[0.0, 3.0, 0.0, 31.95, 17.06]",16.742908,45.7,LOW,"{""coverage"": 1.0, ""confluence"": 0.0, ""risk_clean"": 0.3333333333333333, ""regime_align"": 0.36827891239655947, ""liquidity"": 0.6621621621621622, ""weights"": {""coverage"": 0.25, ""confluence"": 0.25, ""risk_clean"": 0.2, ""regime_align"": 0.2, ""liquidity"": 0.1}}",US6821891057,ON,ON,Gehirn,63.03,0.6334570357916228,0.45932686488988717,0.5027252884621081,11323559.85,859005257.1323525,80.07534996032715,-0.0526422844491351,bull,0.06772778246916267,bull,0.17364179735818652,2026-09-29,-0.22559559878189783,Technology,Semiconductors,United States,USD,0.27759296792719823,52.451774857725056,88.0,stock,S2 Gehirn,pillar,85.0,manual thematic assignment after stack redesign,"ai, semis, software",34.29,50.66,,bull,stock,,,,0.06772778246916267,ON,ON SEMICOND.,US6821891057,ON,ON,Gehirn,Technology,Semiconductors,United States,USD,75.86000061035156,63.03,52.451774857725056,11.65,1.76,45.7,BUY,59.9,Zyklus-Hoch,-0.22559559878189783,-0.0526422844491351,80.07534996032715,0.6334570357916228,0.45932686488988717,0.5027252884621081,11323559.85,859005257.1323525,bull,0.06772778246916267,bull,0.17364179735818652,2026-09-29,False,True,False,OK,,,ON,ON,Semiconductors,False,True
ALB,ALBEMARLE CORP.,ALB,107.73500061035156,USD,25.4261866289208,11.64,0.0,Seitwärts,0.0,0.0,67.0,25.2,Zyklus-neutral,0.21,36.655,96.0,-155030256.0,24179556352.0,4946415104.0,-0.64,-3.5,-0.43,-3.93,2.273,93.0,"[0.0, 0.42, 0.0, 74.79, 0.0]",64.59475,39.9,LOW,"{""coverage"": 1.0, ""confluence"": 0.0, ""risk_clean"": 0.3333333333333333, ""regime_align"": 0.16240675064204477, ""liquidity"": 0.5, ""weights"": {""coverage"": 0.25, ""confluence"": 0.25, ""risk_clean"": 0.2, ""regime_align"": 0.2, ""liquidity"": 0.1}}",US0126531013,ALB,ALB,Energie,194.95,0.5800760194125394,0.3408991445614694,0.4989942741682082,2648647.85,285352077.7363564,154.87725410461425,-0.3043846158482363,bull,0.06772778246916267,bull,0.17364179735818652,2026-09-29,-0.23287353127987587,Basic Materials,Specialty Chemicals,United States,USD,0.32126010118627146,25.4261866289208,25.2,stock,S3 Energie,pillar,82.0,manual thematic assignment after stack redesign,"energy, grid, electrification",35.32,53.91,,bull,stock,,,,0.06772778246916267,ALB,ALBEMARLE CORP.,US0126531013,ALB,ALB,Energie,Basic Materials,Specialty Chemicals,United States,USD,107.73500061035156,194.95,25.4261866289208,11.64,0.0,39.9,Seitwärts,67.0,Zyklus-neutral,-0.23287353127987587,-0.3043846158482363,154.87725410461425,0.5800760194125394,0.3408991445614694,0.4989942741682082,2648647.85,285352077.7363564,bull,0.06772778246916267,bull,0.17364179735818652,2026-09-29,False,True,False,OK,,,ALB,ALB,Specialty Chemicals,False,True
PL,Planet Labs PBC,PL,16.334999084472656,,27.716959602758486,11.53,,,,,,,,,,,,,,,,,,,,,,36.6,LOW,"{""coverage"": 1.0, ""confluence"": 0.0, ""risk_clean"": 0.3333333333333333, ""regime_align"": 0.033875504463739756, ""liquidity"": 0.42342342342342343, ""weights"": {""coverage"": 0.25, ""confluence"": 0.25, ""risk_clean"": 0.2, ""regime_align"": 0.2, ""liquidity"": 0.1}}",US72703X1063,PL,PL,,,0.9325293865457184,0.5496788482376975,0.6883268485955606,12968416.25,211839067.57081032,27.357125005722047,-0.40289781616101805,bull,0.06772778246916267,bull,0.17364179735818652,2026-09-29,-0.5104773473431795,Industrials,Aerospace & Defense,United States,,-2.5939258283659283,27.716959602758486,0.0,stock,S20 Sicherheit & Verteidigung,pillar,81.0,manual thematic assignment after stack redesign,"defense, aerospace, security",40.7,71.06,,bull,stock,,,,0.06772778246916267,PL,Planet Labs PBC,US72703X1063,PL,PL,,Industrials,Aerospace & Defense,United States,,16.334999084472656,,27.716959602758486,11.53,,36.6,,,,-0.5104773473431795,-0.40289781616101805,27.357125005722047,0.9325293865457184,0.5496788482376975,0.6883268485955606,12968416.25,211839067.57081032,bull,0.06772778246916267,bull,0.17364179735818652,2026-09-29,False,True,False,OK,,,PL,PL,Aerospace & Defense,False,True
TTAN,ServiceTitan,TTAN,63.400001525878906,USD,-38.44062254497614,11.32,0.0,Seitwärts,0.0,0.0,38.4,26.4,Zyklus-neutral,-16.86,10.505,0.0,124609000.0,5720048128.0,916259008.0,2.18,25.0,-23.91,1.09,4.139,95.05,"[50.0, 0.0, 0.0, 73.56, 48.95]",58.844948,47.4,LOW,"{""coverage"": 1.0, ""confluence"": 0.2, ""risk_clean"": 0.3333333333333333, ""regime_align"": 0.2911622029269088, ""liquidity"": 0.49549549549549554, ""weights"": {""coverage"": 0.25, ""confluence"": 0.25, ""risk_clean"": 0.2, ""regime_align"": 0.2, ""liquidity"": 0.1}}",US81764X1037,TTAN,TTAN,Tech 💻,,0.638503093238489,0.5097251954897679,0.5082041410509157,4418174.1,280112244.68159866,75.68947486877441,-0.16236700497925516,bull,0.06772778246916267,bull,0.17364179735818652,2026-09-29,-0.17089245055024926,Technology,Software - Application,United States,USD,5.807749438045162,-38.44062254497614,26.4,stock,S2 Gehirn,pillar,85.0,manual thematic assignment after stack redesign,"ai, semis, software",35.9,57.2,,bull,stock,,,,0.06772778246916267,TTAN,ServiceTitan,US81764X1037,TTAN,TTAN,Tech 💻,Technology,Software - Application,United States,USD,63.400001525878906,,-38.44062254497614,11.32,0.0,47.4,Seitwärts,38.4,Zyklus-neutral,-0.17089245055024926,-0.16236700497925516,75.68947486877441,0.638503093238489,0.5097251954897679,0.5082041410509157,4418174.1,280112244.68159866,bull,0.06772778246916267,bull,0.17364179735818652,2026-09-29,False,True,False,OK,,,TTAN,TTAN,Software - Application,False,True
RCAT,Red Cat Holdings,RCAT,6.445000171661377,USD,-36.56495798764203,10.96,0.0,Seitwärts,0.0,0.0,52.6,13.2,Zyklus-Tief,0.0,8.852,0.0,0.0,1322458240.0,7443942.0,0.0,646.4,0.0,646.4,10.416,41.83,"[100.0, 0.0, 0.0, 86.81, 73.29]",-42.066666,40.0,LOW,"{""coverage"": 1.0, ""confluence"": 0.2, ""risk_clean"": 0.3333333333333333, ""regime_align"": 0.047378826790591494, ""liquidity"": 0.23423423423423428, ""weights"": {""coverage"": 0.25, ""confluence"": 0.25, ""risk_clean"": 0.2, ""regime_align"": 0.2, ""liquidity"": 0.1}}",US75644T1007,RCAT,RCAT,,,1.1014926003926908,0.5540309082025294,0.6287442427958039,8584121.3,55324663.25206209,10.971974952220917,-0.41259434151763186,bull,0.06772778246916267,bull,0.17364179735818652,2026-09-29,-0.41634367517632,Industrials,Aerospace & Defense,United States,USD,-0.8461512052095888,-36.56495798764203,13.2,stock,S20 Sicherheit & Verteidigung,pillar,81.0,manual thematic assignment after stack redesign,"defense, aerospace, security",39.14,68.98,,bull,stock,,,,0.06772778246916267,RCAT,Red Cat Holdings,US75644T1007,RCAT,RCAT,,Industrials,Aerospace & Defense,United States,USD,6.445000171661377,,-36.56495798764203,10.96,0.0,40.0,Seitwärts,52.6,Zyklus-Tief,-0.41634367517632,-0.41259434151763186,10.971974952220917,1.1014926003926908,0.5540309082025294,0.6287442427958039,8584121.3,55324663.25206209,bull,0.06772778246916267,bull,0.17364179735818652,2026-09-29,False,True,False,OK,,,RCAT,RCAT,Aerospace & Defense,False,True
DRO.AX,DroneShield Limited,DRO.AX,1.6150000095367432,AUD,-63.295455124259966,10.61,,,,,,,,,,,,,,,,,,,,,,34.1,LOW,"{""coverage"": 1.0, ""confluence"": 0.0, ""risk_clean"": 0.3333333333333333, ""regime_align"": 0.056367453426276956, ""liquidity"": 0.13063063063063063, ""weights"": {""coverage"": 0.25, ""confluence"": 0.25, ""risk_clean"": 0.2, ""regime_align"": 0.2, ""liquidity"": 0.1}}",AU000000DRO2,DRO.AX,DRO.AX,,,1.0207168349890048,0.6594116587169349,0.7613636256906282,8378957.5,13532016.442407966,2.9612500059604643,-0.454622201338611,bull,0.06772778246916267,bull,0.17364179735818652,2026-09-29,-0.3515119624330335,Industrials,Aerospace & Defense,Australia,AUD,2.5396800407627707,-63.295455124259966,0.0,stock,S20 Sicherheit & Verteidigung,pillar,85.0,manual addition via ChatGPT,"defense, aerospace, security",41.18,76.97,,bull,stock,,,,0.06772778246916267,DRO.AX,DroneShield Limited,AU000000DRO2,DRO.AX,DRO.AX,,Industrials,Aerospace & Defense,Australia,AUD,1.6150000095367432,,-63.295455124259966,10.61,,34.1,,,,-0.3515119624330335,-0.454622201338611,2.9612500059604643,1.0207168349890048,0.6594116587169349,0.7613636256906282,8378957.5,13532016.442407966,bull,0.06772778246916267,bull,0.17364179735818652,2026-09-29,False,True,False,OK,,,DRO.AX,DRO.AX,Aerospace & Defense,False,True
TE,T1 ENERGY INC.,TE,3.7950000762939453,USD,62.87554508833153,10.48,,,,,,,,,,,,,,,,,,,,,,35.0,LOW,"{""coverage"": 1.0, ""confluence"": 0.0, ""risk_clean"": 0.3333333333333333, ""regime_align"": 0.020341608576902693, ""liquidity"": 0.28828828828828823, ""weights"": {""coverage"": 0.25, ""confluence"": 0.25, ""risk_clean"": 0.2, ""regime_align"": 0.2, ""liquidity"": 0.1}}",US35834F1049,TE,TE,Energie,,1.315065071570961,0.6395924665255434,0.7034883766981879,19468155.05,73881649.90005235,6.505575015544891,-0.4166541670450501,bull,0.06772778246916267,bull,0.17364179735818652,2026-09-29,-0.613845466958133,Industrials,Electrical Equipment & Parts,United States,USD,6.302525133292347,62.87554508833153,0.0,stock,S3 Energie,pillar,85.0,manual thematic assignment after stack redesign,"energy, grid, electrification",40.45,75.31,,bull,stock,,,,0.06772778246916267,TE,T1 ENERGY INC.,US35834F1049,TE,TE,Energie,Industrials,Electrical Equipment & Parts,United States,USD,3.7950000762939453,,62.87554508833153,10.48,,35.0,,,,-0.613845466958133,-0.4166541670450501,6.505575015544891,1.315065071570961,0.6395924665255434,0.7034883766981879,19468155.05,73881649.90005235,bull,0.06772778246916267,bull,0.17364179735818652,2026-09-29,False,True,False,OK,,,TE,TE,Electrical Equipment & Parts,False,True
CDNL,Cardinal Infrastructure,CDNL,27.43000030517578,USD,16.723405553939497,9.77,0.0,Datenmangel,0.0,0.0,60.2,50.0,Zyklus-neutral,0.0,230.784,0.0,0.0,77877880.0,395162976.0,0.0,60.2,6.11,66.31,1.203,34.65,"[100.0, 0.0, 0.0, 50.0, 21.79]",20.158104,32.1,LOW,"{""coverage"": 1.0, ""confluence"": 0.2, ""risk_clean"": 0.0, ""regime_align"": 0.033936651583710405, ""liquidity"": 0.13963963963963966, ""weights"": {""coverage"": 0.25, ""confluence"": 0.25, ""risk_clean"": 0.2, ""regime_align"": 0.2, ""liquidity"": 0.1}}",US14154A1025,CDNL,CDNL,,,0.9700822557425394,0.6690638157804576,0.7091506625463135,583814.85,16014041.513666153,44.1843499660492,-0.37919194632821995,bull,0.06772778246916267,bull,0.17364179735818652,2026-09-29,-0.7082906624159895,Industrials,Engineering & Construction,United States,USD,-1.0461724940916572,16.723405553939497,50.0,stock,S14 Kommunikations- & Alltagsinfrastruktur,pillar,76.0,manual thematic assignment after stack redesign,"connectivity, telecom, civic infrastructure",41.26,81.19,,bull,stock,,,,0.06772778246916267,CDNL,Cardinal Infrastructure,US14154A1025,CDNL,CDNL,,Industrials,Engineering & Construction,United States,USD,27.43000030517578,,16.723405553939497,9.77,0.0,32.1,Datenmangel,60.2,Zyklus-neutral,-0.7082906624159895,-0.37919194632821995,44.1843499660492,0.9700822557425394,0.6690638157804576,0.7091506625463135,583814.85,16014041.513666153,bull,0.06772778246916267,bull,0.17364179735818652,2026-09-29,False,True,False,OK,,,CDNL,CDNL,Engineering & Construction,False,True
UEC,URANIUM ENERGY CORP,UEC,9.274999618530273,USD,-33.22534636949105,9.09,0.0,Seitwärts,0.0,0.0,65.3,15.0,Zyklus-Tief,-7.29,0.147,0.0,-61173248.0,7445595648.0,49750000.0,-0.82,0.0,-156.46,-156.46,27.716,85.09,"[0.0, 0.0, 92.65, 85.02, 0.0]",225.37932,39.1,LOW,"{""coverage"": 1.0, ""confluence"": 0.0, ""risk_clean"": 0.3333333333333333, ""regime_align"": 0.2209856915739269, ""liquidity"": 0.3063063063063063, ""weights"": {""coverage"": 0.25, ""confluence"": 0.25, ""risk_clean"": 0.2, ""regime_align"": 0.2, ""liquidity"": 0.1}}",US9168961038,UEC,UEC,Mining ⛏️,19.25,0.789448089366389,0.464060982704998,0.5511419942495426,8984504.15,83331272.56393366,13.085725016593933,-0.29121240078263155,bull,0.06772778246916267,bull,0.17364179735818652,2026-09-29,-0.1480972869578404,Energy,Uranium,United States,USD,0.7057500555274432,-33.22534636949105,15.0,stock,S3 Energie,pillar,82.0,manual thematic assignment after stack redesign,"energy, grid, electrification",33.65,60.86,,bull,stock,,,,0.06772778246916267,UEC,URANIUM ENERGY CORP,US9168961038,UEC,UEC,Mining ⛏️,Energy,Uranium,United States,USD,9.274999618530273,19.25,-33.22534636949105,9.09,0.0,39.1,Seitwärts,65.3,Zyklus-Tief,-0.1480972869578404,-0.29121240078263155,13.085725016593933,0.789448089366389,0.464060982704998,0.5511419942495426,8984504.15,83331272.56393366,bull,0.06772778246916267,bull,0.17364179735818652,2026-09-29,False,True,False,OK,,,UEC,UEC,Uranium,False,True
FLNC,FLUENCE ENER.,FLNC,7.835000038146973,USD,-31.271927190142424,9.05,0.0,Seitwärts,0.0,0.0,61.3,3.7,Zyklus-Tief,-14.46,82.778,0.0,-98396624.0,2566774016.0,2551276032.0,-3.83,154.4,-2.04,152.36,1.483,75.93,"[100.0, 0.0, 0.0, 96.3, 0.0]",87.467186,32.8,LOW,"{""coverage"": 1.0, ""confluence"": 0.2, ""risk_clean"": 0.0, ""regime_align"": 0.011281643634584813, ""liquidity"": 0.26126126126126126, ""weights"": {""coverage"": 0.25, ""confluence"": 0.25, ""risk_clean"": 0.2, ""regime_align"": 0.2, ""liquidity"": 0.1}}",US34379V1035,FLNC,FLNC,Experimente,29.21,1.263657116887856,0.73106697998147,0.7744337547569796,8651276.95,67782755.23327002,17.173175005912782,-0.5437652015163559,bull,0.06772778246916267,bull,0.17364179735818652,2026-09-29,-0.600501247055387,Utilities,Utilities - Renewable,United States,USD,4.46666717529296,-31.271927190142424,3.7,stock,S3 Energie,pillar,82.0,manual thematic assignment after stack redesign,"energy, grid, electrification",39.55,79.33,,bull,stock,,,,0.06772778246916267,FLNC,FLUENCE ENER.,US34379V1035,FLNC,FLNC,Experimente,Utilities,Utilities - Renewable,United States,USD,7.835000038146973,29.21,-31.271927190142424,9.05,0.0,32.8,Seitwärts,61.3,Zyklus-Tief,-0.600501247055387,-0.5437652015163559,17.173175005912782,1.263657116887856,0.73106697998147,0.7744337547569796,8651276.95,67782755.23327002,bull,0.06772778246916267,bull,0.17364179735818652,2026-09-29,False,True,False,OK,,,FLNC,FLNC,Utilities - Renewable,False,True
DVLT,Datavault AI Inc.,DVLT,0.15199999511241913,USD,-86.78260884663558,5.9,0.0,Seitwärts,0.0,0.0,44.8,71.3,Zyklus-neutral,-165.72,29.069,0.0,-28070000.0,238018480.0,6170000.0,-11.79,147.8,0.0,147.8,0.684,3.15,"[100.0, 0.0, 0.0, 28.75, 100.0]",0.0,37.8,LOW,"{""coverage"": 1.0, ""confluence"": 0.2, ""risk_clean"": 0.3333333333333333, ""regime_align"": 0.00451469569116628, ""liquidity"": 0.10360360360360366, ""weights"": {""coverage"": 0.25, ""confluence"": 0.25, ""risk_clean"": 0.2, ""regime_align"": 0.2, ""liquidity"": 0.1}}",US86633R6099,DVLT,DVLT,Tech 💻,,1.8464237808675101,0.8310604889960046,0.9561403501127956,65397252.3,9940382.029965641,0.5638600009679794,-0.7304295483781782,bull,0.06772778246916267,bull,0.17364179735818652,2026-09-29,-0.6472441722180313,Technology,Software - Infrastructure,United States,USD,-5.000000931322591,-86.78260884663558,71.3,stock,S2 Gehirn,pillar,85.0,manual thematic assignment after stack redesign,"ai, semis, software",34.14,77.61,,bull,stock,,,,0.06772778246916267,DVLT,Datavault AI Inc.,US86633R6099,DVLT,DVLT,Tech 💻,Technology,Software - Infrastructure,United States,USD,0.15199999511241913,,-86.78260884663558,5.9,0.0,37.8,Seitwärts,44.8,Zyklus-neutral,-0.6472441722180313,-0.7304295483781782,0.5638600009679794,1.8464237808675101,0.8310604889960046,0.9561403501127956,65397252.3,9940382.029965641,bull,0.06772778246916267,bull,0.17364179735818652,2026-09-29,False,True,False,OK,,,DVLT,DVLT,Software - Infrastructure,False,True
LUMN,LUMEN TECHN.,LUMN,5.59499979019165,USD,-5.008490373191876,5.89,0.0,Seitwärts,0.0,0.0,60.8,49.3,Zyklus-neutral,0.0,100.0,0.0,-5826500096.0,24455852032.0,12401999872.0,-23.82,-8.7,-14.02,-22.72,1.802,69.05,"[0.0, 0.0, 0.0, 50.71, 38.17]",-28.083603,31.4,LOW,"{""coverage"": 1.0, ""confluence"": 0.0, ""risk_clean"": 0.0, ""regime_align"": 0.18053687171334232, ""liquidity"": 0.28378378378378377, ""weights"": {""coverage"": 0.25, ""confluence"": 0.25, ""risk_clean"": 0.2, ""regime_align"": 0.2, ""liquidity"": 0.1}}",US5502411037,LUMN,LUMN,Medien & Digitales 📱,9.32,0.7687629266373425,0.47726519119446964,0.5325443579482345,13060493.3,73073457.27329946,7.595225002765655,-0.2633529897857748,bull,0.06772778246916267,bull,0.17364179735818652,2026-09-29,-0.24472671160027848,Communication Services,Telecom Services,United States,USD,1.1753992390093115,-5.008490373191876,49.3,stock,S14 Kommunikations- & Alltagsinfrastruktur,pillar,76.0,manual thematic assignment after stack redesign,"connectivity, telecom, civic infrastructure",31.27,68.74,,bull,stock,,,,0.06772778246916267,LUMN,LUMEN TECHN.,US5502411037,LUMN,LUMN,Medien & Digitales 📱,Communication Services,Telecom Services,United States,USD,5.59499979019165,9.32,-5.008490373191876,5.89,0.0,31.4,Seitwärts,60.8,Zyklus-neutral,-0.24472671160027848,-0.2633529897857748,7.595225002765655,0.7687629266373425,0.47726519119446964,0.5325443579482345,13060493.3,73073457.27329946,bull,0.06772778246916267,bull,0.17364179735818652,2026-09-29,False,True,False,OK,,,LUMN,LUMN,Telecom Services,False,True
MBLY,Mobileye Global,MBLY,7.554999828338623,USD,-46.57001665557756,5.09,0.0,Seitwärts,0.0,0.0,34.0,44.0,Zyklus-neutral,-3.27,0.564,0.0,632000000.0,5882599936.0,1894000000.0,10.74,-9.0,-20.7,-29.7,6.103,67.31,"[0.0, 0.0, 71.8, 56.05, 45.94]",24.514277,38.3,LOW,"{""coverage"": 1.0, ""confluence"": 0.0, ""risk_clean"": 0.3333333333333333, ""regime_align"": 0.2416330357506828, ""liquidity"": 0.18468468468468469, ""weights"": {""coverage"": 0.25, ""confluence"": 0.25, ""risk_clean"": 0.2, ""regime_align"": 0.2, ""liquidity"": 0.1}}",US60741F1049,MBLY,MBLY,Tech 💻,,0.567576636350136,0.36211662633838915,0.5778635805094745,5201796.65,39299572.797802426,8.964924964904785,-0.15727127020980447,bull,0.06772778246916267,bull,0.17364179735818652,2026-09-29,-0.24596186181011137,Consumer Cyclical,Auto Parts,Israel,USD,-3.1410302103230814,-46.57001665557756,44.0,stock,S15 Mobilität,pillar,80.0,manual thematic assignment after stack redesign,"mobility, autos, autonomy",26.02,56.31,,bull,stock,,,,0.06772778246916267,MBLY,Mobileye Global,US60741F1049,MBLY,MBLY,Tech 💻,Consumer Cyclical,Auto Parts,Israel,USD,7.554999828338623,,-46.57001665557756,5.09,0.0,38.3,Seitwärts,34.0,Zyklus-neutral,-0.24596186181011137,-0.15727127020980447,8.964924964904785,0.567576636350136,0.36211662633838915,0.5778635805094745,5201796.65,39299572.797802426,bull,0.06772778246916267,bull,0.17364179735818652,2026-09-29,False,True,False,OK,,,MBLY,MBLY,Auto Parts,False,True
