Ticker,Name,Yahoo,Akt. Kurs,Währung,Perf %,Score,CRV,Elliott-Signal,Elliott-Einstieg,Elliott-Ausstieg,MC-Chance,Zyklus %,Zyklus-Status,ROE %,Debt/Equity,Div. Rendite %,FCF,Enterprise Value,Revenue,FCF Yield %,Growth %,Margin %,Rule of 40,Current Ratio,Institutional Ownership %,Radar Vector,PE,ConfidenceScore,ConfidenceLabel,ConfidenceBreakdown,ISIN,Symbol,YahooSymbol,Sektor,Akt. Kurs [€],Volatility,DownsideDev,MaxDrawdown,AvgVolume,DollarVolume,SMA200,Trend200,MarketRegimeStock,MarketTrend200Stock,MarketRegimeCrypto,MarketTrend200Crypto,MarketDate,RS3M,Sector,Industry,Country,Currency,Perf 1D %,Perf 1Y %,cycle,AssetType,pillar_primary,bucket_type,pillar_confidence,pillar_reason,pillar_tags,cycle_quality,cycle_source,cycle_formula_version,cycle_price_source,cycle_price_basis,cycle_price_symbol,cycle_currency,cycle_currency_lineage,cycle_session_time_quality,cycle_last_bar,cycle_as_of,cycle_computed_at,cycle_price_sha256,cycle_eligible_bars,cycle_quality_reason,OpportunityScore,RiskScore,ScoreError,ScoreMarketRegime,ScoreAssetClass,ScoreRiskMult,ScoreOppW,ScoreRiskW,ScoreMarketTrend200,ticker,name,isin,symbol,yahoo_symbol,category,sector,industry,country,currency,price,price_eur,perf_pct,score,crv,confidence,elliott_signal,mc_chance,cycle_status,rs3m,trend200,sma200,volatility,downside_dev,max_drawdown,avg_volume,dollar_volume,regime_stock,trend200_stock,regime_crypto,trend200_crypto,market_date,trend_ok,liquidity_ok,is_crypto,score_status,crypto_base,quote_currency,asset_id,ticker_display,cluster_official,TrendOK,LiquidityOK
WPM.TO,WHEATON PREC.,WPM.TO,197.66000366210938,CAD,37.1535545152156,43.14,3.74,BUY,214.41,269.3,76.2,24.7167,Zyklus-neutral,13.05,0.099,48.0,376391360.0,87851417600.0,1830402048.0,0.43,54.5,54.72,109.22,8.089,73.33,"[100.0, 26.1, 95.05, 81.5, 16.33]",34.90334,85.2,HIGH,"{""coverage"": 1.0, ""confluence"": 0.8, ""risk_clean"": 1.0, ""regime_align"": 0.8155072112471216, ""liquidity"": 0.38565022421524664, ""weights"": {""coverage"": 0.25, ""confluence"": 0.25, ""risk_clean"": 0.2, ""regime_align"": 0.2, ""liquidity"": 0.1}}",CA9628791027,WPM.TO,WPM.TO,Edelmetalle ⛏️,202.53,0.5086695558432911,0.35664279505313745,0.35599557018995076,879215.0,173785640.1197815,184.68858673095704,0.0702339931272975,bull,0.08186137489637324,bull,0.1510202079004126,2026-10-10,0.25457805869779015,Basic Materials,Gold,Canada,CAD,2.9157587080605785,37.1535545152156,24.7167,stock,S4 Fundament,pillar,84.0,manual thematic assignment after stack redesign,"materials, mining, metals",VALID,YAHOO_PIT_CYCLE_V1,cycle_detrended_sma20_range40_v1,yfinance.download,1d_auto_adjust_true_close,WPM.TO,CAD,WATCHLIST_DECLARED_ONLY,SESSION_DATE_CUTOFF_ONLY,2026-10-09,2026-10-10T09:05:09.890731+00:00,2026-10-10T09:05:25.765178+00:00,4695c56ea86c72c986f489bb6664367d97c14f5285f4e64776cd28c02c200497,252.0,COMPLETED_DAILY_BARS,78.88,38.72,,bull,stock,,,,0.08186137489637324,WPM.TO,WHEATON PREC.,CA9628791027,WPM.TO,WPM.TO,Edelmetalle ⛏️,Basic Materials,Gold,Canada,CAD,197.66000366210938,202.53,37.1535545152156,43.14,3.74,85.2,BUY,76.2,Zyklus-neutral,0.25457805869779015,0.0702339931272975,184.68858673095704,0.5086695558432911,0.35664279505313745,0.35599557018995076,879215.0,173785640.1197815,bull,0.08186137489637324,bull,0.1510202079004126,2026-10-10,True,True,False,OK,,,WPM.TO,WPM.TO,Gold,True,True
AEM,AGNICO EAGLE,AEM,189.02000427246094,USD,16.001862380320198,42.38,3.41,BUY,225.0,284.12,75.8,23.4929,Zyklus-neutral,15.67,1.427,76.0,3510760960.0,104343330816.0,10567577600.0,3.36,41.9,32.62,74.52,2.12,72.91,"[83.8, 31.34, 28.65, 69.91, 22.95]",16.093971,80.5,HIGH,"{""coverage"": 1.0, ""confluence"": 0.6, ""risk_clean"": 1.0, ""regime_align"": 0.7591908051549308, ""liquidity"": 0.5291479820627802, ""weights"": {""coverage"": 0.25, ""confluence"": 0.25, ""risk_clean"": 0.2, ""regime_align"": 0.2, ""liquidity"": 0.1}}",CA0084741085,AEM,AEM,Edelmetalle ⛏️,215.18,0.4876429164335537,0.3337081304947362,0.45804423932397453,1754660.0,331665840.6967163,188.69989822387694,0.001696376371142616,bull,0.08186137489637324,bull,0.1510202079004126,2026-10-10,0.2736804742539878,Basic Materials,Gold,Canada,USD,2.800896988108992,16.001862380320198,23.4929,stock,S4 Fundament,pillar,84.0,manual thematic assignment after stack redesign,"materials, mining, metals",VALID,YAHOO_PIT_CYCLE_V1,cycle_detrended_sma20_range40_v1,yfinance.download,1d_auto_adjust_true_close,AEM,USD,WATCHLIST_DECLARED_ONLY,SESSION_DATE_CUTOFF_ONLY,2026-10-09,2026-10-10T09:05:09.890731+00:00,2026-10-10T09:05:25.609936+00:00,8abb6d0102c0ed85e423556b3aa4e7d75403e926a94616a5ce47356ce05a05fc,251.0,COMPLETED_DAILY_BARS,77.76,38.91,,bull,stock,,,,0.08186137489637324,AEM,AGNICO EAGLE,CA0084741085,AEM,AEM,Edelmetalle ⛏️,Basic Materials,Gold,Canada,USD,189.02000427246094,215.18,16.001862380320198,42.38,3.41,80.5,BUY,75.8,Zyklus-neutral,0.2736804742539878,0.001696376371142616,188.69989822387694,0.4876429164335537,0.3337081304947362,0.45804423932397453,1754660.0,331665840.6967163,bull,0.08186137489637324,bull,0.1510202079004126,2026-10-10,True,True,False,OK,,,AEM,AEM,Gold,True,True
NVDA,NVIDIA CORP.,NVDA,229.27999877929688,USD,25.480069328431966,38.43,0.0,Seitwärts,0.0,0.0,60.0,47.0191,Zyklus-neutral,107.36,9.102,2.0,53282873344.0,4531735756800.0,187141996544.0,1.18,62.5,53.01,115.51,4.468,69.59,"[100.0, 100.0, 0.0, 26.36, 30.04]",24.441496,89.5,HIGH,"{""coverage"": 1.0, ""confluence"": 0.8, ""risk_clean"": 1.0, ""regime_align"": 0.7529289379065164, ""liquidity"": 0.9461883408071748, ""weights"": {""coverage"": 0.25, ""confluence"": 0.25, ""risk_clean"": 0.2, ""regime_align"": 0.2, ""liquidity"": 0.1}}",US67066G1040,NVDA,NVDA,Gehirn,186.47,0.37526896319324315,0.22156410494501036,0.20214390449746988,108851535.0,24957479811.92459,201.82889541625977,0.13601176038951657,bull,0.08186137489637324,bull,0.1510202079004126,2026-10-10,0.045603910746652154,Technology,Semiconductors,United States,USD,-0.5206512367610272,25.480069328431966,47.0191,stock,S2 Gehirn,pillar,85.0,manual thematic assignment after stack redesign,"ai, semis, software",VALID,YAHOO_PIT_CYCLE_V1,cycle_detrended_sma20_range40_v1,yfinance.download,1d_auto_adjust_true_close,NVDA,USD,WATCHLIST_DECLARED_ONLY,SESSION_DATE_CUTOFF_ONLY,2026-10-09,2026-10-10T09:05:09.890731+00:00,2026-10-10T09:05:25.413643+00:00,08a6beb5f8970dbdbbad3a4ab7c078f3824ff220b17d1a0d9ce9d2651a91d90b,251.0,COMPLETED_DAILY_BARS,67.78,26.79,,bull,stock,,,,0.08186137489637324,NVDA,NVIDIA CORP.,US67066G1040,NVDA,NVDA,Gehirn,Technology,Semiconductors,United States,USD,229.27999877929688,186.47,25.480069328431966,38.43,0.0,89.5,Seitwärts,60.0,Zyklus-neutral,0.045603910746652154,0.13601176038951657,201.82889541625977,0.37526896319324315,0.22156410494501036,0.20214390449746988,108851535.0,24957479811.92459,bull,0.08186137489637324,bull,0.1510202079004126,2026-10-10,True,True,False,OK,,,NVDA,NVDA,Semiconductors,True,True
JNJ,Johnson & Johnson,JNJ,261.44000244140625,USD,40.16973778506425,36.89,0.0,Seitwärts,0.0,0.0,79.0,40.5297,Zyklus-neutral,35.56,57.766,218.0,0.0,601488490496.0,94193000448.0,0.0,9.1,28.46,37.56,1.0,75.59,"[18.2, 71.12, 0.0, 23.78, 14.01]",18.998785,81.6,HIGH,"{""coverage"": 1.0, ""confluence"": 0.6, ""risk_clean"": 1.0, ""regime_align"": 0.676544257261746, ""liquidity"": 0.8026905829596412, ""weights"": {""coverage"": 0.25, ""confluence"": 0.25, ""risk_clean"": 0.2, ""regime_align"": 0.2, ""liquidity"": 0.1}}",US4781601046,JNJ,JNJ,Pharma 🧪,224.44,0.19303771034899633,0.1170001841283329,0.10959122461615511,6823955.0,1784054811.8600464,241.02034591674806,0.08472171279561369,bull,0.08186137489637324,bull,0.1510202079004126,2026-10-10,-0.0031591396979098185,Healthcare,Drug Manufacturers - General,United States,USD,1.9338705718249916,40.16973778506425,40.5297,stock,S13 Gesundheit,pillar,82.0,manual thematic assignment after stack redesign,"healthcare, pharma, medtech",VALID,YAHOO_PIT_CYCLE_V1,cycle_detrended_sma20_range40_v1,yfinance.download,1d_auto_adjust_true_close,JNJ,USD,WATCHLIST_DECLARED_ONLY,SESSION_DATE_CUTOFF_ONLY,2026-10-09,2026-10-10T09:05:09.890731+00:00,2026-10-10T09:05:25.905459+00:00,48f6e054943101582a4eee1e3c4db0bbe51fac24ad603010994d7e2f30d1ddb3,251.0,COMPLETED_DAILY_BARS,64.12,22.79,,bull,stock,,,,0.08186137489637324,JNJ,Johnson & Johnson,US4781601046,JNJ,JNJ,Pharma 🧪,Healthcare,Drug Manufacturers - General,United States,USD,261.44000244140625,224.44,40.16973778506425,36.89,0.0,81.6,Seitwärts,79.0,Zyklus-neutral,-0.0031591396979098185,0.08472171279561369,241.02034591674806,0.19303771034899633,0.1170001841283329,0.10959122461615511,6823955.0,1784054811.8600464,bull,0.08186137489637324,bull,0.1510202079004126,2026-10-10,True,True,False,OK,,,JNJ,JNJ,Drug Manufacturers - General,True,True
GOOGL,ALPHABET INC.A,GOOGL,351.6600036621094,USD,49.03602561286198,36.54,0.0,Seitwärts,0.0,0.0,75.0,70.8975,Zyklus-Tief,35.71,16.133,26.0,38088376320.0,3794015354880.0,402835996672.0,1.0,18.0,32.81,50.81,2.005,81.35,"[36.0, 71.42, 0.0, 95.07, 21.4]",23.884943,76.1,HIGH,"{""coverage"": 1.0, ""confluence"": 0.4, ""risk_clean"": 1.0, ""regime_align"": 0.5978871247929545, ""liquidity"": 0.9147982062780269, ""weights"": {""coverage"": 0.25, ""confluence"": 0.25, ""risk_clean"": 0.2, ""regime_align"": 0.2, ""liquidity"": 0.1}}",US02079K3059,GOOGL,GOOGL,Gehirn,335.67,0.3163253314908799,0.18940568672763544,0.21047200943300937,26297015.0,9247608391.202545,339.66839721679685,0.035303862660083674,bull,0.08186137489637324,bull,0.1510202079004126,2026-10-10,-0.0593446122056116,Communication Services,Internet Content & Information,United States,USD,0.9675830585168299,49.03602561286198,70.8975,stock,S2 Gehirn,pillar,85.0,manual thematic assignment after stack redesign,"ai, semis, software",VALID,YAHOO_PIT_CYCLE_V1,cycle_detrended_sma20_range40_v1,yfinance.download,1d_auto_adjust_true_close,GOOGL,USD,WATCHLIST_DECLARED_ONLY,SESSION_DATE_CUTOFF_ONLY,2026-10-09,2026-10-10T09:05:09.890731+00:00,2026-10-10T09:05:25.363140+00:00,918c342a06b124e91ad1c219bd8ff5224da2a72f40466d5a23486e1e47660b16,251.0,COMPLETED_DAILY_BARS,64.24,24.85,,bull,stock,,,,0.08186137489637324,GOOGL,ALPHABET INC.A,US02079K3059,GOOGL,GOOGL,Gehirn,Communication Services,Internet Content & Information,United States,USD,351.6600036621094,335.67,49.03602561286198,36.54,0.0,76.1,Seitwärts,75.0,Zyklus-Tief,-0.0593446122056116,0.035303862660083674,339.66839721679685,0.3163253314908799,0.18940568672763544,0.21047200943300937,26297015.0,9247608391.202545,bull,0.08186137489637324,bull,0.1510202079004126,2026-10-10,True,True,False,OK,,,GOOGL,GOOGL,Internet Content & Information,True,True
MSFT,MICROSOFT DL,MSFT,535.0700073242188,USD,5.58016304936908,35.62,0.0,Seitwärts,0.0,0.0,53.6,60.5309,Zyklus-neutral,34.39,31.539,88.0,53640626176.0,3102605836288.0,305453006848.0,1.73,16.7,39.04,55.74,1.386,76.1,"[33.4, 68.78, 0.0, 56.83, 36.18]",21.908993,92.8,HIGH,"{""coverage"": 1.0, ""confluence"": 0.8, ""risk_clean"": 1.0, ""regime_align"": 0.9302912778249102, ""liquidity"": 0.9237668161434978, ""weights"": {""coverage"": 0.25, ""confluence"": 0.25, ""risk_clean"": 0.2, ""regime_align"": 0.2, ""liquidity"": 0.1}}",US5949181045,MSFT,MSFT,Gehirn,481.15,0.328182169369653,0.2072982232677209,0.34498397568158834,22394535.0,11982644006.472473,432.7045622253418,0.236571217489423,bull,0.08186137489637324,bull,0.1510202079004126,2026-10-10,0.35452370406452904,Technology,Software - Infrastructure,United States,USD,2.3841913323325192,5.58016304936908,60.5309,stock,S2 Gehirn,pillar,85.0,manual thematic assignment after stack redesign,"ai, semis, software",VALID,YAHOO_PIT_CYCLE_V1,cycle_detrended_sma20_range40_v1,yfinance.download,1d_auto_adjust_true_close,MSFT,USD,WATCHLIST_DECLARED_ONLY,SESSION_DATE_CUTOFF_ONLY,2026-10-09,2026-10-10T09:05:09.890731+00:00,2026-10-10T09:05:25.402767+00:00,a90793542159b3b5c5fd66138612e9bd05b6acb1a4c99fb8a273f8d29a114c03,251.0,COMPLETED_DAILY_BARS,64.94,31.35,,bull,stock,,,,0.08186137489637324,MSFT,MICROSOFT DL,US5949181045,MSFT,MSFT,Gehirn,Technology,Software - Infrastructure,United States,USD,535.0700073242188,481.15,5.58016304936908,35.62,0.0,92.8,Seitwärts,53.6,Zyklus-neutral,0.35452370406452904,0.236571217489423,432.7045622253418,0.328182169369653,0.2072982232677209,0.34498397568158834,22394535.0,11982644006.472473,bull,0.08186137489637324,bull,0.1510202079004126,2026-10-10,True,True,False,OK,,,MSFT,MSFT,Software - Infrastructure,True,True
AAPL,Apple Inc.,AAPL,336.6400146484375,USD,37.75983998857062,34.92,0.0,Seitwärts,0.0,0.0,58.9,48.4748,Zyklus-Hoch,152.02,102.63,38.0,106312753152.0,4041536438272.0,435617005568.0,2.63,15.7,27.04,42.74,0.974,65.09,"[31.4, 100.0, 0.0, 15.71, 13.81]",29.453894,77.9,HIGH,"{""coverage"": 1.0, ""confluence"": 0.6, ""risk_clean"": 0.6666666666666666, ""regime_align"": 0.766482850563568, ""liquidity"": 0.9237668161434978, ""weights"": {""coverage"": 0.25, ""confluence"": 0.25, ""risk_clean"": 0.2, ""regime_align"": 0.2, ""liquidity"": 0.1}}",US0378331005,AAPL,AAPL,,,0.2446699619654057,0.18129674866989628,0.13798523953754416,37772480.0,12715728220.507812,290.402325668335,0.1592194169715777,bull,0.08186137489637324,bull,0.1510202079004126,2026-10-10,0.0319577175114818,Technology,Consumer Electronics,United States,USD,-1.1103926415005905,37.75983998857062,48.4748,stock,S14 Kommunikations- & Alltagsinfrastruktur,pillar,76.0,manual thematic assignment after stack redesign,"connectivity, telecom, civic infrastructure",VALID,YAHOO_PIT_CYCLE_V1,cycle_detrended_sma20_range40_v1,yfinance.download,1d_auto_adjust_true_close,AAPL,USD,WATCHLIST_DECLARED_ONLY,SESSION_DATE_CUTOFF_ONLY,2026-10-09,2026-10-10T09:05:09.890731+00:00,2026-10-10T09:05:25.938608+00:00,34632d12e9051fb9d17be148fab87ddd2cae509b2bc6bc32262bb6fc193b33c0,251.0,COMPLETED_DAILY_BARS,62.64,27.59,,bull,stock,,,,0.08186137489637324,AAPL,Apple Inc.,US0378331005,AAPL,AAPL,,Technology,Consumer Electronics,United States,USD,336.6400146484375,,37.75983998857062,34.92,0.0,77.9,Seitwärts,58.9,Zyklus-Hoch,0.0319577175114818,0.1592194169715777,290.402325668335,0.2446699619654057,0.18129674866989628,0.13798523953754416,37772480.0,12715728220.507812,bull,0.08186137489637324,bull,0.1510202079004126,2026-10-10,True,True,False,OK,,,AAPL,AAPL,Consumer Electronics,True,True
PLTR,PALANTIR TECHN.,PLTR,209.0500030517578,USD,19.157546820929095,34.82,0.0,Seitwärts,0.0,0.0,54.0,83.3656,Zyklus-neutral,25.98,3.063,0.0,1260918400.0,326150029312.0,4475445760.0,0.39,70.0,36.31,106.31,7.11,60.57,"[100.0, 51.96, 0.0, 69.5, 4.56]",77.01267,91.7,HIGH,"{""coverage"": 1.0, ""confluence"": 1.0, ""risk_clean"": 0.6666666666666666, ""regime_align"": 0.9730133721165111, ""liquidity"": 0.8878923766816144, ""weights"": {""coverage"": 0.25, ""confluence"": 0.25, ""risk_clean"": 0.2, ""regime_align"": 0.2, ""liquidity"": 0.1}}",US69608A1088,PLTR,PLTR,Gehirn,167.47,0.6019956185892251,0.3507175008043935,0.4822376656276136,24073015.0,5032463859.215012,152.33117465972902,0.3723389419055223,bull,0.08186137489637324,bull,0.1510202079004126,2026-10-10,0.525203283674446,Technology,Software - Infrastructure,United States,USD,5.166517927119818,19.157546820929095,83.3656,stock,S2 Gehirn,pillar,85.0,manual thematic assignment after stack redesign,"ai, semis, software",VALID,YAHOO_PIT_CYCLE_V1,cycle_detrended_sma20_range40_v1,yfinance.download,1d_auto_adjust_true_close,PLTR,USD,WATCHLIST_DECLARED_ONLY,SESSION_DATE_CUTOFF_ONLY,2026-10-09,2026-10-10T09:05:09.890731+00:00,2026-10-10T09:05:25.441108+00:00,080cd1cbfc5885e0944cc122d324721816615a6900dd6184d8d6ce53367a1400,251.0,COMPLETED_DAILY_BARS,68.54,46.35,,bull,stock,,,,0.08186137489637324,PLTR,PALANTIR TECHN.,US69608A1088,PLTR,PLTR,Gehirn,Technology,Software - Infrastructure,United States,USD,209.0500030517578,167.47,19.157546820929095,34.82,0.0,91.7,Seitwärts,54.0,Zyklus-neutral,0.525203283674446,0.3723389419055223,152.33117465972902,0.6019956185892251,0.3507175008043935,0.4822376656276136,24073015.0,5032463859.215012,bull,0.08186137489637324,bull,0.1510202079004126,2026-10-10,True,True,False,OK,,,PLTR,PLTR,Software - Infrastructure,True,True
TSMN.MX,TAIWAN SEMICON.MANU.ADR/5,TSMN.MX,8339.990234375,MXN,51.44922749393614,34.34,2.45,BUY,6231.98,7734.88,62.8,43.4153,Zyklus-Hoch,35.22,18.187,116.0,619089625088.0,159076159848448.0,3809054031872.0,0.39,20.5,45.1,65.6,2.618,16.13,"[41.0, 70.44, 0.0, 38.21, 25.0]",0.0,88.4,HIGH,"{""coverage"": 1.0, ""confluence"": 1.0, ""risk_clean"": 1.0, ""regime_align"": 0.8450692845311679, ""liquidity"": 0.14798206278026904, ""weights"": {""coverage"": 0.25, ""confluence"": 0.25, ""risk_clean"": 0.2, ""regime_align"": 0.2, ""liquidity"": 0.1}}",US8740391003,TSMN.MX,TSMN.MX,Gehirn,5876.64,0.37205034529062986,0.23069319802319999,0.21477518008997998,3082.5,25708019.897460938,6853.539533691406,0.21688803185220284,bull,0.08186137489637324,bull,0.1510202079004126,2026-10-10,0.08127205812095073,Technology,Semiconductors,Taiwan,MXN,0.4675304997124874,51.44922749393614,43.4153,stock,S2 Gehirn,pillar,85.0,manual thematic assignment after stack redesign,"ai, semis, software",VALID,YAHOO_PIT_CYCLE_V1,cycle_detrended_sma20_range40_v1,yfinance.download,1d_auto_adjust_true_close,TSMN.MX,MXN,WATCHLIST_DECLARED_ONLY,SESSION_DATE_CUTOFF_ONLY,2026-10-09,2026-10-10T09:05:09.890731+00:00,2026-10-10T09:05:25.458497+00:00,60cf65a85b168b34723b9891265e794c9331570d4a8ae53b28397a8cae071570,252.0,COMPLETED_DAILY_BARS,63.18,32.01,,bull,stock,,,,0.08186137489637324,TSMN.MX,TAIWAN SEMICON.MANU.ADR/5,US8740391003,TSMN.MX,TSMN.MX,Gehirn,Technology,Semiconductors,Taiwan,MXN,8339.990234375,5876.64,51.44922749393614,34.34,2.45,88.4,BUY,62.8,Zyklus-Hoch,0.08127205812095073,0.21688803185220284,6853.539533691406,0.37205034529062986,0.23069319802319999,0.21477518008997998,3082.5,25708019.897460938,bull,0.08186137489637324,bull,0.1510202079004126,2026-10-10,True,True,False,OK,,,TSMN.MX,TSMN.MX,Semiconductors,True,True
NEM.AX,NEWMONT CORP.,NEM.AX,167.72000122070312,AUD,26.87761110782134,34.21,0.0,Seitwärts,0.0,0.0,76.4,14.5515,Zyklus-neutral,22.88,16.914,90.0,9337749504.0,182633725952.0,21503000576.0,5.11,20.0,33.42,53.42,2.039,11.57,"[40.0, 45.76, 0.0, 56.08, 21.98]",13.116383,77.9,HIGH,"{""coverage"": 1.0, ""confluence"": 0.6, ""risk_clean"": 1.0, ""regime_align"": 0.7997616450531249, ""liquidity"": 0.18834080717488788, ""weights"": {""coverage"": 0.25, ""confluence"": 0.25, ""risk_clean"": 0.2, ""regime_align"": 0.2, ""liquidity"": 0.1}}",AU0000297962,NEM.AX,NEM.AX,Edelmetalle ⛏️,180.94,0.4789135765523953,0.32500306112941335,0.31607120882560125,264141.05,44301737.2284378,158.29823127746582,0.059519110650849916,bull,0.08186137489637324,bull,0.1510202079004126,2026-10-10,0.20643864549914892,Basic Materials,Gold,United States,AUD,2.712969634830964,26.87761110782134,14.5515,stock,S4 Fundament,pillar,84.0,manual thematic assignment after stack redesign,"materials, mining, metals",VALID,YAHOO_PIT_CYCLE_V1,cycle_detrended_sma20_range40_v1,yfinance.download,1d_auto_adjust_true_close,NEM.AX,AUD,WATCHLIST_DECLARED_ONLY,SESSION_DATE_CUTOFF_ONLY,2026-10-09,2026-10-10T09:05:09.890731+00:00,2026-10-10T09:05:25.706254+00:00,fac2aae6d754cc02ea8407973073ce43945bb981afb2946aedff531a32488cde,255.0,COMPLETED_DAILY_BARS,67.81,46.99,,bull,stock,,,,0.08186137489637324,NEM.AX,NEWMONT CORP.,AU0000297962,NEM.AX,NEM.AX,Edelmetalle ⛏️,Basic Materials,Gold,United States,AUD,167.72000122070312,180.94,26.87761110782134,34.21,0.0,77.9,Seitwärts,76.4,Zyklus-neutral,0.20643864549914892,0.059519110650849916,158.29823127746582,0.4789135765523953,0.32500306112941335,0.31607120882560125,264141.05,44301737.2284378,bull,0.08186137489637324,bull,0.1510202079004126,2026-10-10,True,True,False,OK,,,NEM.AX,NEM.AX,Gold,True,True
INCY,INCYTE CORP,INCY,112.79000091552734,USD,34.59426826734635,33.94,0.0,Seitwärts,0.0,0.0,66.1,9.9836,Zyklus-Tief,30.39,0.887,0.0,531249760.0,18516510720.0,4813105152.0,2.87,20.0,24.7,44.7,3.195,106.03,"[40.0, 60.78, 55.65, 85.47, 21.36]",11.185932,71.4,MED,"{""coverage"": 1.0, ""confluence"": 0.4, ""risk_clean"": 1.0, ""regime_align"": 0.6136427907728357, ""liquidity"": 0.4125560538116593, ""weights"": {""coverage"": 0.25, ""confluence"": 0.25, ""risk_clean"": 0.2, ""regime_align"": 0.2, ""liquidity"": 0.1}}",US45337C1027,INCY,INCY,Pharma 🧪,103.95,0.3336574039801244,0.19467847250554798,0.18332275209380544,1731670.0,195315060.88539124,107.20790008544923,0.05206799895930203,bull,0.08186137489637324,bull,0.1510202079004126,2026-10-10,-0.05633090056974266,Healthcare,Biotechnology,United States,USD,0.03547753040118451,34.59426826734635,9.9836,stock,S13 Gesundheit,pillar,82.0,manual thematic assignment after stack redesign,"healthcare, pharma, medtech",VALID,YAHOO_PIT_CYCLE_V1,cycle_detrended_sma20_range40_v1,yfinance.download,1d_auto_adjust_true_close,INCY,USD,WATCHLIST_DECLARED_ONLY,SESSION_DATE_CUTOFF_ONLY,2026-10-09,2026-10-10T09:05:09.890731+00:00,2026-10-10T09:05:25.894567+00:00,f4814b5e19b799fcf94d3d85ad02178c4c5202043aa076f6ad2f48b696b6d3b4,251.0,COMPLETED_DAILY_BARS,61.37,28.34,,bull,stock,,,,0.08186137489637324,INCY,INCYTE CORP,US45337C1027,INCY,INCY,Pharma 🧪,Healthcare,Biotechnology,United States,USD,112.79000091552734,103.95,34.59426826734635,33.94,0.0,71.4,Seitwärts,66.1,Zyklus-Tief,-0.05633090056974266,0.05206799895930203,107.20790008544923,0.3336574039801244,0.19467847250554798,0.18332275209380544,1731670.0,195315060.88539124,bull,0.08186137489637324,bull,0.1510202079004126,2026-10-10,True,True,False,OK,,,INCY,INCY,Biotechnology,True,True
ASML,ASML HOLDING,ASML,1780.3399658203125,USD,91.42122652662535,33.84,0.0,Seitwärts,0.0,0.0,73.9,61.2751,Zyklus-neutral,50.46,13.813,62.0,12685974528.0,535751229440.0,32667299840.0,2.37,4.9,29.42,34.32,1.262,18.74,"[9.8, 100.0, 0.0, 64.53, 12.03]",31.993082,82.3,HIGH,"{""coverage"": 1.0, ""confluence"": 0.6, ""risk_clean"": 1.0, ""regime_align"": 0.6946531733527249, ""liquidity"": 0.8385650224215246, ""weights"": {""coverage"": 0.25, ""confluence"": 0.25, ""risk_clean"": 0.2, ""regime_align"": 0.2, ""liquidity"": 0.1}}",NL0010273215,ASML,ASML,Gehirn,1466.93,0.4620891930148926,0.2740575082528082,0.2195313939004605,1449765.0,2581074570.5474854,1558.8832885742188,0.14206110160347007,bull,0.08186137489637324,bull,0.1510202079004126,2026-10-10,-0.03419441324296146,Technology,Semiconductor Equipment & Materials,Netherlands,USD,0.5961117717331543,91.42122652662535,61.2751,stock,S2 Gehirn,pillar,85.0,manual thematic assignment after stack redesign,"ai, semis, software",VALID,YAHOO_PIT_CYCLE_V1,cycle_detrended_sma20_range40_v1,yfinance.download,1d_auto_adjust_true_close,ASML,USD,WATCHLIST_DECLARED_ONLY,SESSION_DATE_CUTOFF_ONLY,2026-10-09,2026-10-10T09:05:09.890731+00:00,2026-10-10T09:05:25.340514+00:00,fac594145c3b1f1ca6d5c360726890979cfea13730849312ea566d287dd4e8c9,251.0,COMPLETED_DAILY_BARS,62.62,32.66,,bull,stock,,,,0.08186137489637324,ASML,ASML HOLDING,NL0010273215,ASML,ASML,Gehirn,Technology,Semiconductor Equipment & Materials,Netherlands,USD,1780.3399658203125,1466.93,91.42122652662535,33.84,0.0,82.3,Seitwärts,73.9,Zyklus-neutral,-0.03419441324296146,0.14206110160347007,1558.8832885742188,0.4620891930148926,0.2740575082528082,0.2195313939004605,1449765.0,2581074570.5474854,bull,0.08186137489637324,bull,0.1510202079004126,2026-10-10,True,True,False,OK,,,ASML,ASML,Semiconductor Equipment & Materials,True,True
MU,MICRON TECHNOLOGY INC,MU,1029.0,USD,467.18418988927226,33.8,0.0,Seitwärts,0.0,0.0,76.3,16.983,Zyklus-Tief,22.55,21.244,12.0,444249984.0,422271320064.0,42311999488.0,0.11,56.7,28.15,84.85,2.46,83.37,"[100.0, 45.1, 0.0, 100.0, 21.56]",8.597669,84.0,HIGH,"{""coverage"": 1.0, ""confluence"": 0.8, ""risk_clean"": 0.6666666666666666, ""regime_align"": 0.8071041893911849, ""liquidity"": 0.9506726457399103, ""weights"": {""coverage"": 0.25, ""confluence"": 0.25, ""risk_clean"": 0.2, ""regime_align"": 0.2, ""liquidity"": 0.1}}",US5951121038,MU,MU,Tech 💻,414.04,0.8114522901243313,0.47322321761367797,0.3909541844002312,25721585.0,26467510965.0,701.5695658874512,0.4667112857131499,bull,0.08186137489637324,bull,0.1510202079004126,2026-10-10,0.008529721769704457,Technology,Semiconductors,United States,USD,-0.6603303643430758,467.18418988927226,16.983,stock,S2 Gehirn,pillar,85.0,manual thematic assignment after stack redesign,"ai, semis, software",VALID,YAHOO_PIT_CYCLE_V1,cycle_detrended_sma20_range40_v1,yfinance.download,1d_auto_adjust_true_close,MU,USD,WATCHLIST_DECLARED_ONLY,SESSION_DATE_CUTOFF_ONLY,2026-10-09,2026-10-10T09:05:09.890731+00:00,2026-10-10T09:05:25.408240+00:00,69be73c2d97a7a5e6717fb214d16a7dfd80993478dfcf06c948ad9c3bc89e1a0,251.0,COMPLETED_DAILY_BARS,68.76,51.87,,bull,stock,,,,0.08186137489637324,MU,MICRON TECHNOLOGY INC,US5951121038,MU,MU,Tech 💻,Technology,Semiconductors,United States,USD,1029.0,414.04,467.18418988927226,33.8,0.0,84.0,Seitwärts,76.3,Zyklus-Tief,0.008529721769704457,0.4667112857131499,701.5695658874512,0.8114522901243313,0.47322321761367797,0.3909541844002312,25721585.0,26467510965.0,bull,0.08186137489637324,bull,0.1510202079004126,2026-10-10,True,True,False,OK,,,MU,MU,Semiconductors,True,True
MA,MASTERCARD INC,MA,589.1400146484375,USD,6.358453730044711,33.57,0.0,Seitwärts,0.0,0.0,45.5,90.322,Zyklus-neutral,209.91,245.288,64.0,16265374720.0,491219648512.0,32790999040.0,3.31,17.6,45.65,63.25,1.035,91.48,"[35.2, 100.0, 0.0, 41.63, 24.28]",23.911453,81.2,HIGH,"{""coverage"": 1.0, ""confluence"": 0.8, ""risk_clean"": 0.6666666666666666, ""regime_align"": 0.74835373490082, ""liquidity"": 0.7937219730941704, ""weights"": {""coverage"": 0.25, ""confluence"": 0.25, ""risk_clean"": 0.2, ""regime_align"": 0.2, ""liquidity"": 0.1}}",US57636Q1040,MA,MA,Finanzen,521.34,0.22608764666622896,0.1471947970353202,0.18484026563472478,2860210.0,1685064161.2976074,530.5131436157227,0.11050974276177628,bull,0.08186137489637324,bull,0.1510202079004126,2026-10-10,0.05853702667659544,Financial Services,Credit Services,United States,USD,2.6573035966381164,6.358453730044711,90.322,stock,S21 Finanzsystem,pillar,83.0,manual thematic assignment after stack redesign,"payments, exchanges, capital markets, crypto",VALID,YAHOO_PIT_CYCLE_V1,cycle_detrended_sma20_range40_v1,yfinance.download,1d_auto_adjust_true_close,MA,USD,WATCHLIST_DECLARED_ONLY,SESSION_DATE_CUTOFF_ONLY,2026-10-09,2026-10-10T09:05:09.890731+00:00,2026-10-10T09:05:26.084987+00:00,db8382de461dde6dbae8d60082382ce4f49f7274366e8be346a932d210435a34,251.0,COMPLETED_DAILY_BARS,61.37,30.08,,bull,stock,,,,0.08186137489637324,MA,MASTERCARD INC,US57636Q1040,MA,MA,Finanzen,Financial Services,Credit Services,United States,USD,589.1400146484375,521.34,6.358453730044711,33.57,0.0,81.2,Seitwärts,45.5,Zyklus-neutral,0.05853702667659544,0.11050974276177628,530.5131436157227,0.22608764666622896,0.1471947970353202,0.18484026563472478,2860210.0,1685064161.2976074,bull,0.08186137489637324,bull,0.1510202079004126,2026-10-10,True,True,False,OK,,,MA,MA,Credit Services,True,True
KO,Coca-Cola,KO,88.05000305175781,USD,34.83101042324559,32.73,0.0,Seitwärts,0.0,0.0,59.6,44.6463,Zyklus-neutral,42.44,144.771,262.0,1412875008.0,369796448256.0,47663001600.0,0.38,5.1,27.34,32.44,1.211,66.16,"[10.2, 84.88, 0.0, 37.01, 15.88]",22.126135,75.2,HIGH,"{""coverage"": 1.0, ""confluence"": 0.6, ""risk_clean"": 0.6666666666666666, ""regime_align"": 0.7191956530521553, ""liquidity"": 0.7443946188340808, ""weights"": {""coverage"": 0.25, ""confluence"": 0.25, ""risk_clean"": 0.2, ""regime_align"": 0.2, ""liquidity"": 0.1}}",US1912161007,KO,KO,Konsum 🥤,73.26,0.1885945803075872,0.09849357906221506,0.07867634192195805,16111690.0,1418634353.6689758,79.5724908065796,0.10653822896891452,bull,0.08186137489637324,bull,0.1510202079004126,2026-10-10,0.028007892416898716,Consumer Defensive,Beverages - Non-Alcoholic,United States,USD,0.3190229228674957,34.83101042324559,44.6463,stock,S11 Konsum,pillar,80.0,manual thematic assignment after stack redesign,"consumer staples, food, household",VALID,YAHOO_PIT_CYCLE_V1,cycle_detrended_sma20_range40_v1,yfinance.download,1d_auto_adjust_true_close,KO,USD,WATCHLIST_DECLARED_ONLY,SESSION_DATE_CUTOFF_ONLY,2026-10-09,2026-10-10T09:05:09.890731+00:00,2026-10-10T09:05:25.806834+00:00,dfcad17f1a6c3bb65ef88f15eba25b9cf2f646c006e92064c77e2b571cbae66c,251.0,COMPLETED_DAILY_BARS,59.05,26.9,,bull,stock,,,,0.08186137489637324,KO,Coca-Cola,US1912161007,KO,KO,Konsum 🥤,Consumer Defensive,Beverages - Non-Alcoholic,United States,USD,88.05000305175781,73.26,34.83101042324559,32.73,0.0,75.2,Seitwärts,59.6,Zyklus-neutral,0.028007892416898716,0.10653822896891452,79.5724908065796,0.1885945803075872,0.09849357906221506,0.07867634192195805,16111690.0,1418634353.6689758,bull,0.08186137489637324,bull,0.1510202079004126,2026-10-10,True,True,False,OK,,,KO,KO,Beverages - Non-Alcoholic,True,True
TER,TERADYNE INC.,TER,402.67999267578125,USD,205.46635875452773,32.4,0.0,Seitwärts,0.0,0.0,72.8,49.4116,Zyklus-Hoch,19.73,10.131,17.0,276822624.0,47649693696.0,3190023936.0,0.58,43.9,17.37,61.27,1.757,105.27,"[87.8, 39.46, 0.0, 13.9, 5.44]",38.050655,87.2,HIGH,"{""coverage"": 1.0, ""confluence"": 1.0, ""risk_clean"": 0.6666666666666666, ""regime_align"": 0.8494929907485962, ""liquidity"": 0.6860986547085202, ""weights"": {""coverage"": 0.25, ""confluence"": 0.25, ""risk_clean"": 0.2, ""regime_align"": 0.2, ""liquidity"": 0.1}}",US8807701029,TER,TER,Hardware 💻,239.62,0.7683217057929077,0.5330181643728744,0.3398437354578995,2509025.0,1010334168.623352,340.51180229187014,0.1825727917959905,bull,0.08186137489637324,bull,0.1510202079004126,2026-10-10,0.10229354098045973,Technology,Semiconductor Equipment & Materials,United States,USD,0.9931760240154519,205.46635875452773,49.4116,stock,S1 Hardware,pillar,85.0,manual thematic assignment after stack redesign,"robotics, automation, devices",VALID,YAHOO_PIT_CYCLE_V1,cycle_detrended_sma20_range40_v1,yfinance.download,1d_auto_adjust_true_close,TER,USD,WATCHLIST_DECLARED_ONLY,SESSION_DATE_CUTOFF_ONLY,2026-10-09,2026-10-10T09:05:09.890731+00:00,2026-10-10T09:05:25.265045+00:00,2f8b40abdc96da2cd479a2bd9e793953ef67f22b0a9ddd4fa3b514ed1a2ccfe3,251.0,COMPLETED_DAILY_BARS,66.75,52.33,,bull,stock,,,,0.08186137489637324,TER,TERADYNE INC.,US8807701029,TER,TER,Hardware 💻,Technology,Semiconductor Equipment & Materials,United States,USD,402.67999267578125,239.62,205.46635875452773,32.4,0.0,87.2,Seitwärts,72.8,Zyklus-Hoch,0.10229354098045973,0.1825727917959905,340.51180229187014,0.7683217057929077,0.5330181643728744,0.3398437354578995,2509025.0,1010334168.623352,bull,0.08186137489637324,bull,0.1510202079004126,2026-10-10,True,True,False,OK,,,TER,TER,Semiconductor Equipment & Materials,True,True
META,META PLATFORMS INC,META,718.6699829101562,USD,2.241283646085601,32.29,0.0,Seitwärts,0.0,0.0,47.0,24.8027,Zyklus-neutral,30.24,39.164,31.0,23432374272.0,1700112498688.0,200965996544.0,1.38,23.8,30.08,53.88,2.599,79.52,"[47.6, 60.48, 0.0, 60.14, 29.7]",18.803259,94.7,HIGH,"{""coverage"": 1.0, ""confluence"": 1.0, ""risk_clean"": 1.0, ""regime_align"": 0.7664121520623762, ""liquidity"": 0.9372197309417041, ""weights"": {""coverage"": 0.25, ""confluence"": 0.25, ""risk_clean"": 0.2, ""regime_align"": 0.2, ""liquidity"": 0.1}}",US30303M1027,META,META,Tech 💻,673.89,0.41752819876840236,0.2917847291967951,0.29942763106919357,21687010.0,15585803106.072388,629.1808837890625,0.14223111576780778,bull,0.08186137489637324,bull,0.1510202079004126,2026-10-10,0.0499008171142572,Communication Services,Internet Content & Information,United States,USD,-0.3079570660115105,2.241283646085601,24.8027,stock,S2 Gehirn,pillar,85.0,manual thematic assignment after stack redesign,"ai, semis, software",VALID,YAHOO_PIT_CYCLE_V1,cycle_detrended_sma20_range40_v1,yfinance.download,1d_auto_adjust_true_close,META,USD,WATCHLIST_DECLARED_ONLY,SESSION_DATE_CUTOFF_ONLY,2026-10-09,2026-10-10T09:05:09.890731+00:00,2026-10-10T09:05:25.397280+00:00,9f6e676cb265be793953d35b231cf5786480ac0eb0e955e89af1e0ad249a5702,251.0,COMPLETED_DAILY_BARS,61.33,36.07,,bull,stock,,,,0.08186137489637324,META,META PLATFORMS INC,US30303M1027,META,META,Tech 💻,Communication Services,Internet Content & Information,United States,USD,718.6699829101562,673.89,2.241283646085601,32.29,0.0,94.7,Seitwärts,47.0,Zyklus-neutral,0.0499008171142572,0.14223111576780778,629.1808837890625,0.41752819876840236,0.2917847291967951,0.29942763106919357,21687010.0,15585803106.072388,bull,0.08186137489637324,bull,0.1510202079004126,2026-10-10,True,True,False,OK,,,META,META,Internet Content & Information,True,True
BLK,BLACKROCK INC,BLK,1082.3900146484375,USD,-2.37015234522997,30.81,0.0,Seitwärts,0.0,0.0,58.7,64.5443,Zyklus-neutral,10.69,24.32,192.0,0.0,177495670784.0,24216000512.0,0.0,23.4,22.93,46.33,1.0,84.09,"[46.8, 21.38, 0.0, 71.87, 27.29]",17.549316,74.0,MED,"{""coverage"": 1.0, ""confluence"": 0.4, ""risk_clean"": 1.0, ""regime_align"": 0.6539005373086091, ""liquidity"": 0.5919282511210763, ""weights"": {""coverage"": 0.25, ""confluence"": 0.25, ""risk_clean"": 0.2, ""regime_align"": 0.2, ""liquidity"": 0.1}}",US09247X1019,BLK,BLK,Finanzen 🏦,1107.99,0.2725134760487322,0.17994054539969942,0.22454441911078005,529100.0,572692556.7504883,1051.4414868164063,0.029434379582774728,bull,0.08186137489637324,bull,0.1510202079004126,2026-10-10,0.022815968595601532,Financial Services,Asset Management,United States,USD,1.5994780544419829,-2.37015234522997,64.5443,stock,S21 Finanzsystem,pillar,83.0,manual thematic assignment after stack redesign,"payments, exchanges, capital markets, crypto",VALID,YAHOO_PIT_CYCLE_V1,cycle_detrended_sma20_range40_v1,yfinance.download,1d_auto_adjust_true_close,BLK,USD,WATCHLIST_DECLARED_ONLY,SESSION_DATE_CUTOFF_ONLY,2026-10-09,2026-10-10T09:05:09.890731+00:00,2026-10-10T09:05:26.040570+00:00,f865006dc66892b31d8cca248abe67a17f56571e6e6a3010d827a2cefb0d9b57,251.0,COMPLETED_DAILY_BARS,56.5,28.17,,bull,stock,,,,0.08186137489637324,BLK,BLACKROCK INC,US09247X1019,BLK,BLK,Finanzen 🏦,Financial Services,Asset Management,United States,USD,1082.3900146484375,1107.99,-2.37015234522997,30.81,0.0,74.0,Seitwärts,58.7,Zyklus-neutral,0.022815968595601532,0.029434379582774728,1051.4414868164063,0.2725134760487322,0.17994054539969942,0.22454441911078005,529100.0,572692556.7504883,bull,0.08186137489637324,bull,0.1510202079004126,2026-10-10,True,True,False,OK,,,BLK,BLK,Asset Management,True,True
DB1.DE,DEUTSCHE BOERSE AG,DB1.DE,296.0,EUR,31.971304185202044,29.81,0.0,Seitwärts,0.0,0.0,42.2,86.1502,Zyklus-neutral,19.48,54.664,189.0,0.0,1.0,7302400000.0,0.0,4.2,27.59,31.79,1.009,64.75,"[8.4, 38.96, 0.0, 41.03, 28.01]",17.867914,85.5,HIGH,"{""coverage"": 1.0, ""confluence"": 0.8, ""risk_clean"": 1.0, ""regime_align"": 0.867450410051307, ""liquidity"": 0.3183856502242153, ""weights"": {""coverage"": 0.25, ""confluence"": 0.25, ""risk_clean"": 0.2, ""regime_align"": 0.2, ""liquidity"": 0.1}}",DE0005140008,DB1.DE,DB1.DE,Finanzen,33.53,0.2269041815079026,0.1405042332861419,0.11800429950284552,319561.1,94590085.6,248.7308423614502,0.19004140053471663,bull,0.08186137489637324,bull,0.1510202079004126,2026-10-10,0.12264627864894773,Financial Services,Financial Data & Stock Exchanges,Germany,EUR,1.1619937886404363,31.971304185202044,86.1502,stock,S21 Finanzsystem,pillar,83.0,manual thematic assignment after stack redesign,"payments, exchanges, capital markets, crypto",VALID,YAHOO_PIT_CYCLE_V1,cycle_detrended_sma20_range40_v1,yfinance.download,1d_auto_adjust_true_close,DB1.DE,EUR,WATCHLIST_DECLARED_ONLY,SESSION_DATE_CUTOFF_ONLY,2026-10-09,2026-10-10T09:05:09.890731+00:00,2026-10-10T09:05:26.062410+00:00,abf402333d614feafa2e5859dd5aec24a77bc140fb6d2c85ace95c5487dd3c71,254.0,COMPLETED_DAILY_BARS,55.37,29.44,,bull,stock,,,,0.08186137489637324,DB1.DE,DEUTSCHE BOERSE AG,DE0005140008,DB1.DE,DB1.DE,Finanzen,Financial Services,Financial Data & Stock Exchanges,Germany,EUR,296.0,33.53,31.971304185202044,29.81,0.0,85.5,Seitwärts,42.2,Zyklus-neutral,0.12264627864894773,0.19004140053471663,248.7308423614502,0.2269041815079026,0.1405042332861419,0.11800429950284552,319561.1,94590085.6,bull,0.08186137489637324,bull,0.1510202079004126,2026-10-10,True,True,False,OK,,,DB1.DE,DB1.DE,Financial Data & Stock Exchanges,True,True
V,Visa Inc.,V,385.45001220703125,USD,13.0605809721432,29.73,,,,,,97.8974,,,,,,,,,,,,,,,,78.6,HIGH,"{""coverage"": 1.0, ""confluence"": 0.4, ""risk_clean"": 1.0, ""regime_align"": 0.7641800993818931, ""liquidity"": 0.8295964125560538, ""weights"": {""coverage"": 0.25, ""confluence"": 0.25, ""risk_clean"": 0.2, ""regime_align"": 0.2, ""liquidity"": 0.1}}",US92826C8394,V,V,Finanzen,,0.2229346866246899,0.13400664056008213,0.17180513781287055,6304660.0,2430131273.9611816,337.24332336425783,0.14294334536225994,bull,0.08186137489637324,bull,0.1510202079004126,2026-10-10,0.04653720581758103,Financial Services,Credit Services,United States,USD,2.7592657784866415,13.0605809721432,97.8974,stock,S21 Finanzsystem,pillar,86.0,manual gap-filling addition for payments infrastructure coverage,"payments, exchanges, capital markets, crypto",VALID,YAHOO_PIT_CYCLE_V1,cycle_detrended_sma20_range40_v1,yfinance.download,1d_auto_adjust_true_close,V,USD,WATCHLIST_DECLARED_ONLY,SESSION_DATE_CUTOFF_ONLY,2026-10-09,2026-10-10T09:05:09.890731+00:00,2026-10-10T09:05:26.112238+00:00,b5b3ee393703f3d1d4ab3224658ddb335075076434e31bdb667c834554dc9ef4,251.0,COMPLETED_DAILY_BARS,53.35,23.53,,bull,stock,,,,0.08186137489637324,V,Visa Inc.,US92826C8394,V,V,Finanzen,Financial Services,Credit Services,United States,USD,385.45001220703125,,13.0605809721432,29.73,,78.6,,,,0.04653720581758103,0.14294334536225994,337.24332336425783,0.2229346866246899,0.13400664056008213,0.17180513781287055,6304660.0,2430131273.9611816,bull,0.08186137489637324,bull,0.1510202079004126,2026-10-10,True,True,False,OK,,,V,V,Credit Services,True,True
AMZN,AMAZON.COM,AMZN,262.42999267578125,USD,21.287608540013746,29.55,0.0,Seitwärts,0.0,0.0,47.3,100.0,Zyklus-Tief,22.29,43.435,0.0,23793125376.0,2277217140736.0,716923994112.0,1.04,13.6,10.83,24.43,1.051,66.62,"[27.2, 44.58, 0.0, 98.71, 32.39]",22.206844,78.1,HIGH,"{""coverage"": 1.0, ""confluence"": 0.4, ""risk_clean"": 1.0, ""regime_align"": 0.6989556821395386, ""liquidity"": 0.9147982062780269, ""weights"": {""coverage"": 0.25, ""confluence"": 0.25, ""risk_clean"": 0.2, ""regime_align"": 0.2, ""liquidity"": 0.1}}",US0231351067,AMZN,AMZN,E-Commerce,244.38,0.3433377691047455,0.1759999620654482,0.2173622311569574,37060190.0,9725705390.263062,242.15154998779298,0.08374277467565472,bull,0.08186137489637324,bull,0.1510202079004126,2026-10-10,0.022227987191091314,Consumer Cyclical,Internet Retail,United States,USD,3.294495472573211,21.287608540013746,100.0,stock,S2 Gehirn,pillar,85.0,manual thematic assignment after stack redesign,"ai, semis, software",VALID,YAHOO_PIT_CYCLE_V1,cycle_detrended_sma20_range40_v1,yfinance.download,1d_auto_adjust_true_close,AMZN,USD,WATCHLIST_DECLARED_ONLY,SESSION_DATE_CUTOFF_ONLY,2026-10-09,2026-10-10T09:05:09.890731+00:00,2026-10-10T09:05:25.329378+00:00,54c0b1ab1c170c9c6d1f9d0e33f56eb7e3af15a8bf8b1d16a438d32522d90744,251.0,COMPLETED_DAILY_BARS,54.53,28.1,,bull,stock,,,,0.08186137489637324,AMZN,AMAZON.COM,US0231351067,AMZN,AMZN,E-Commerce,Consumer Cyclical,Internet Retail,United States,USD,262.42999267578125,244.38,21.287608540013746,29.55,0.0,78.1,Seitwärts,47.3,Zyklus-Tief,0.022227987191091314,0.08374277467565472,242.15154998779298,0.3433377691047455,0.1759999620654482,0.2173622311569574,37060190.0,9725705390.263062,bull,0.08186137489637324,bull,0.1510202079004126,2026-10-10,True,True,False,OK,,,AMZN,AMZN,Internet Retail,True,True
ABBN.SW,ABB LTD. NA,ABBN.SW,79.63999938964844,CHF,37.30640637672818,29.41,0.0,Seitwärts,0.0,0.0,64.9,38.7054,Zyklus-Hoch,29.33,55.485,131.0,880625024.0,127925157888.0,33219999744.0,0.69,5.4,14.25,19.65,1.558,56.54,"[10.8, 58.66, 0.0, 17.74, 6.46]",27.666952,70.1,MED,"{""coverage"": 1.0, ""confluence"": 0.4, ""risk_clean"": 1.0, ""regime_align"": 0.5598715307235487, ""liquidity"": 0.3901345291479821, ""weights"": {""coverage"": 0.25, ""confluence"": 0.25, ""risk_clean"": 0.2, ""regime_align"": 0.2, ""liquidity"": 0.1}}",CH0012221716,ABBN.SW,ABBN.SW,Hardware 💻,61.46,0.2861567261830343,0.17650801088927154,0.1481480970966259,2214399.55,176354778.81043777,74.98178205490112,0.062124654910663546,bull,0.08186137489637324,bull,0.1510202079004126,2026-10-10,-0.10645815367667189,Industrials,Electrical Equipment & Parts,Switzerland,CHF,1.0659851590854474,37.30640637672818,38.7054,stock,S1 Hardware,pillar,85.0,manual thematic assignment after stack redesign,"robotics, automation, devices",VALID,YAHOO_PIT_CYCLE_V1,cycle_detrended_sma20_range40_v1,yfinance.download,1d_auto_adjust_true_close,ABBN.SW,CHF,WATCHLIST_DECLARED_ONLY,SESSION_DATE_CUTOFF_ONLY,2026-10-09,2026-10-10T09:05:09.890731+00:00,2026-10-10T09:05:25.195258+00:00,4e4348ff3e5457e265437f7bf686a07338f0db64e5e07c1f32f9b3d8cd101634,251.0,COMPLETED_DAILY_BARS,55.42,31.51,,bull,stock,,,,0.08186137489637324,ABBN.SW,ABB LTD. NA,CH0012221716,ABBN.SW,ABBN.SW,Hardware 💻,Industrials,Electrical Equipment & Parts,Switzerland,CHF,79.63999938964844,61.46,37.30640637672818,29.41,0.0,70.1,Seitwärts,64.9,Zyklus-Hoch,-0.10645815367667189,0.062124654910663546,74.98178205490112,0.2861567261830343,0.17650801088927154,0.1481480970966259,2214399.55,176354778.81043777,bull,0.08186137489637324,bull,0.1510202079004126,2026-10-10,True,True,False,OK,,,ABBN.SW,ABBN.SW,Electrical Equipment & Parts,True,True
ALV.DE,ALLIANZ SE,ALV.DE,417.0,EUR,18.208448873640968,29.29,0.0,Seitwärts,0.0,0.0,65.4,47.8548,Zyklus-neutral,17.98,100.0,398.0,0.0,114918481920.0,105018998784.0,0.0,5.8,10.08,15.88,127.745,41.77,"[11.6, 35.96, 0.0, 41.3, 20.39]",12.127932,60.5,MED,"{""coverage"": 1.0, ""confluence"": 0.2, ""risk_clean"": 0.6666666666666666, ""regime_align"": 0.6338827616854523, ""liquidity"": 0.44843049327354256, ""weights"": {""coverage"": 0.25, ""confluence"": 0.25, ""risk_clean"": 0.2, ""regime_align"": 0.2, ""liquidity"": 0.1}}",DE0008404005,ALV.DE,ALV.DE,Finanzen,365.3,0.1833568513956708,0.14834543532695232,0.12350398048430755,549099.35,228974428.95,390.345525970459,0.06828430776367655,bull,0.08186137489637324,bull,0.1510202079004126,2026-10-10,-0.04763922272499865,Financial Services,Insurance - Diversified,Germany,EUR,0.8708287751975741,18.208448873640968,47.8548,stock,S21 Finanzsystem,pillar,83.0,manual thematic assignment after stack redesign,"payments, exchanges, capital markets, crypto",VALID,YAHOO_PIT_CYCLE_V1,cycle_detrended_sma20_range40_v1,yfinance.download,1d_auto_adjust_true_close,ALV.DE,EUR,WATCHLIST_DECLARED_ONLY,SESSION_DATE_CUTOFF_ONLY,2026-10-09,2026-10-10T09:05:09.890731+00:00,2026-10-10T09:05:26.034300+00:00,1ae1e40c3dcb76e472827aa41fbe9aa1eb27131cd1a315c2ea21dfa837ca3f99,254.0,COMPLETED_DAILY_BARS,54.63,29.61,,bull,stock,,,,0.08186137489637324,ALV.DE,ALLIANZ SE,DE0008404005,ALV.DE,ALV.DE,Finanzen,Financial Services,Insurance - Diversified,Germany,EUR,417.0,365.3,18.208448873640968,29.29,0.0,60.5,Seitwärts,65.4,Zyklus-neutral,-0.04763922272499865,0.06828430776367655,390.345525970459,0.1833568513956708,0.14834543532695232,0.12350398048430755,549099.35,228974428.95,bull,0.08186137489637324,bull,0.1510202079004126,2026-10-10,True,True,False,OK,,,ALV.DE,ALV.DE,Insurance - Diversified,True,True
PG,Procter & Gamble,PG,151.22999572753906,USD,3.999720037331156,29.23,0.0,Seitwärts,0.0,0.0,47.5,100.0,Zyklus-Hoch,31.56,68.719,266.0,13253374976.0,396559024128.0,85259001856.0,3.34,1.5,19.3,20.8,0.724,70.71,"[3.0, 63.12, 0.0, 13.71, 16.78]",21.694807,68.5,MED,"{""coverage"": 1.0, ""confluence"": 0.4, ""risk_clean"": 0.6666666666666666, ""regime_align"": 0.6449622268007917, ""liquidity"": 0.7219730941704036, ""weights"": {""coverage"": 0.25, ""confluence"": 0.25, ""risk_clean"": 0.2, ""regime_align"": 0.2, ""liquidity"": 0.1}}",US7427181091,PG,PG,Konsum 🧼,148.27,0.19944720743285313,0.11305857253063886,0.15522932638749032,8073370.0,1220935710.606842,146.37956703186035,0.03313596831874066,bull,0.08186137489637324,bull,0.1510202079004126,2026-10-10,0.004844794185713264,Consumer Defensive,Household & Personal Products,United States,USD,0.4249946246179803,3.999720037331156,100.0,stock,S11 Konsum,pillar,80.0,manual thematic assignment after stack redesign,"consumer staples, food, household",VALID,YAHOO_PIT_CYCLE_V1,cycle_detrended_sma20_range40_v1,yfinance.download,1d_auto_adjust_true_close,PG,USD,WATCHLIST_DECLARED_ONLY,SESSION_DATE_CUTOFF_ONLY,2026-10-09,2026-10-10T09:05:09.890731+00:00,2026-10-10T09:05:25.830291+00:00,05e986790dac45077fdc0faf790077540bc9d7284daead98fc6aedf7f97c42d8,251.0,COMPLETED_DAILY_BARS,53.17,25.41,,bull,stock,,,,0.08186137489637324,PG,Procter & Gamble,US7427181091,PG,PG,Konsum 🧼,Consumer Defensive,Household & Personal Products,United States,USD,151.22999572753906,148.27,3.999720037331156,29.23,0.0,68.5,Seitwärts,47.5,Zyklus-Hoch,0.004844794185713264,0.03313596831874066,146.37956703186035,0.19944720743285313,0.11305857253063886,0.15522932638749032,8073370.0,1220935710.606842,bull,0.08186137489637324,bull,0.1510202079004126,2026-10-10,True,True,False,OK,,,PG,PG,Household & Personal Products,True,True
BTO.TO,B2GOLD CORP.,BTO.TO,7.480000019073486,CAD,6.839588908573724,29.19,0.0,Seitwärts,0.0,0.0,71.4,22.4593,Zyklus-neutral,7.23,18.916,145.0,45092624.0,10475671552.0,2507048960.0,0.43,74.7,8.75,83.45,1.034,66.1,"[100.0, 14.46, 0.0, 35.11, 31.38]",6.9789095,72.3,MED,"{""coverage"": 1.0, ""confluence"": 0.6, ""risk_clean"": 0.6666666666666666, ""regime_align"": 0.871722619480467, ""liquidity"": 0.15246636771300448, ""weights"": {""coverage"": 0.25, ""confluence"": 0.25, ""risk_clean"": 0.2, ""regime_align"": 0.2, ""liquidity"": 0.1}}",CA11777Q2099,BTO.TO,BTO.TO,Edelmetalle ⛏️,7.47,0.6053305096425421,0.3794679113228737,0.3889864586475612,3562605.0,26648285.467951298,6.603370661735535,0.1327548311679283,bull,0.08186137489637324,bull,0.1510202079004126,2026-10-10,0.36144294815848177,Basic Materials,Gold,Canada,CAD,2.606310812272805,6.839588908573724,22.4593,stock,S4 Fundament,pillar,84.0,manual thematic assignment after stack redesign,"materials, mining, metals",VALID,YAHOO_PIT_CYCLE_V1,cycle_detrended_sma20_range40_v1,yfinance.download,1d_auto_adjust_true_close,BTO.TO,CAD,WATCHLIST_DECLARED_ONLY,SESSION_DATE_CUTOFF_ONLY,2026-10-09,2026-10-10T09:05:09.890731+00:00,2026-10-10T09:05:25.633918+00:00,1e65783457b3c2228a01b05e0ea9c5587f6c54381fe60b35b25fb0dbeca26c23,252.0,COMPLETED_DAILY_BARS,62.96,55.87,,bull,stock,,,,0.08186137489637324,BTO.TO,B2GOLD CORP.,CA11777Q2099,BTO.TO,BTO.TO,Edelmetalle ⛏️,Basic Materials,Gold,Canada,CAD,7.480000019073486,7.47,6.839588908573724,29.19,0.0,72.3,Seitwärts,71.4,Zyklus-neutral,0.36144294815848177,0.1327548311679283,6.603370661735535,0.6053305096425421,0.3794679113228737,0.3889864586475612,3562605.0,26648285.467951298,bull,0.08186137489637324,bull,0.1510202079004126,2026-10-10,True,True,False,OK,,,BTO.TO,BTO.TO,Gold,True,True
PM,PHILIP MORRIS INTERNATIONAL INC,PM,201.19000244140625,USD,29.81041648514635,29.07,0.0,Seitwärts,0.0,0.0,62.7,100.0,Zyklus-neutral,0.0,100.0,322.0,8938874880.0,331078795264.0,40647999488.0,2.7,6.8,27.92,34.72,0.958,82.91,"[13.6, 0.0, 0.0, 42.6, 16.42]",19.94217,76.5,HIGH,"{""coverage"": 1.0, ""confluence"": 0.6, ""risk_clean"": 0.6666666666666666, ""regime_align"": 0.8336868258392922, ""liquidity"": 0.6502242152466368, ""weights"": {""coverage"": 0.25, ""confluence"": 0.25, ""risk_clean"": 0.2, ""regime_align"": 0.2, ""liquidity"": 0.1}}",US7181721090,PM,PM,Konsum 🚬,177.68,0.28109358980379173,0.18167311076214332,0.18536339357881737,4484940.0,902325089.5495605,176.01747291564942,0.1430115380523611,bull,0.08186137489637324,bull,0.1510202079004126,2026-10-10,0.11511741387935848,Consumer Defensive,Tobacco,United States,USD,0.3441408685318059,29.81041648514635,100.0,stock,S11 Konsum,pillar,80.0,manual thematic assignment after stack redesign,"consumer staples, food, household",VALID,YAHOO_PIT_CYCLE_V1,cycle_detrended_sma20_range40_v1,yfinance.download,1d_auto_adjust_true_close,PM,USD,WATCHLIST_DECLARED_ONLY,SESSION_DATE_CUTOFF_ONLY,2026-10-09,2026-10-10T09:05:09.890731+00:00,2026-10-10T09:05:25.836320+00:00,2565ecc5c60abc6ec5789e8884f06790a7d19411eced7392514ab0d54f97011c,251.0,COMPLETED_DAILY_BARS,55.11,32.12,,bull,stock,,,,0.08186137489637324,PM,PHILIP MORRIS INTERNATIONAL INC,US7181721090,PM,PM,Konsum 🚬,Consumer Defensive,Tobacco,United States,USD,201.19000244140625,177.68,29.81041648514635,29.07,0.0,76.5,Seitwärts,62.7,Zyklus-neutral,0.11511741387935848,0.1430115380523611,176.01747291564942,0.28109358980379173,0.18167311076214332,0.18536339357881737,4484940.0,902325089.5495605,bull,0.08186137489637324,bull,0.1510202079004126,2026-10-10,True,True,False,OK,,,PM,PM,Tobacco,True,True
ILMN,ILLUMINA INC.,ILMN,278.1700134277344,USD,196.36694184834232,29.02,,,,,,50.2827,,,,,,,,,,,,,,,,81.9,HIGH,"{""coverage"": 1.0, ""confluence"": 0.4, ""risk_clean"": 1.0, ""regime_align"": 0.9820324809114047, ""liquidity"": 0.726457399103139, ""weights"": {""coverage"": 0.25, ""confluence"": 0.25, ""risk_clean"": 0.2, ""regime_align"": 0.2, ""liquidity"": 0.1}}",US4523271090,ILMN,ILMN,Pharma & Gesundheit,,0.4977240890509792,0.24125542880343379,0.2566417362133443,4551625.0,1266125587.3680115,166.27194988250733,0.6729822055030781,bull,0.08186137489637324,bull,0.1510202079004126,2026-10-10,0.41672607510979254,Healthcare,Diagnostics & Research,United States,USD,5.140418689579351,196.36694184834232,50.2827,stock,S13 Gesundheit,pillar,85.0,manual thematic assignment after stack redesign,"healthcare, pharma, medtech",VALID,YAHOO_PIT_CYCLE_V1,cycle_detrended_sma20_range40_v1,yfinance.download,1d_auto_adjust_true_close,ILMN,USD,WATCHLIST_DECLARED_ONLY,SESSION_DATE_CUTOFF_ONLY,2026-10-09,2026-10-10T09:05:09.890731+00:00,2026-10-10T09:05:26.200235+00:00,dc34f5909788e38bc0bf3dd8a36865247059e2e73aed7c9978279b28185b4d85,251.0,COMPLETED_DAILY_BARS,57.3,39.17,,bull,stock,,,,0.08186137489637324,ILMN,ILLUMINA INC.,US4523271090,ILMN,ILMN,Pharma & Gesundheit,Healthcare,Diagnostics & Research,United States,USD,278.1700134277344,,196.36694184834232,29.02,,81.9,,,,0.41672607510979254,0.6729822055030781,166.27194988250733,0.4977240890509792,0.24125542880343379,0.2566417362133443,4551625.0,1266125587.3680115,bull,0.08186137489637324,bull,0.1510202079004126,2026-10-10,True,True,False,OK,,,ILMN,ILMN,Diagnostics & Research,True,True
ROK,ROCKWELL AU.,ROK,432.5899963378906,USD,31.34880330809262,28.74,0.0,Seitwärts,0.0,0.0,66.6,44.5043,Zyklus-Tief,23.74,99.289,134.0,1025500032.0,49741873152.0,8566000128.0,2.06,11.9,11.56,23.46,1.156,86.72,"[23.8, 47.48, 0.0, 81.79, 11.78]",30.140837,58.6,MED,"{""coverage"": 1.0, ""confluence"": 0.2, ""risk_clean"": 0.6666666666666666, ""regime_align"": 0.5081505272088231, ""liquidity"": 0.5067264573991032, ""weights"": {""coverage"": 0.25, ""confluence"": 0.25, ""risk_clean"": 0.2, ""regime_align"": 0.2, ""liquidity"": 0.1}}",US7739031091,ROK,ROK,Hardware 💻,420.36,0.30979661558254357,0.20253964495300114,0.18728308848486097,720830.0,311823847.0602417,423.0589370727539,0.022528916020742695,bull,0.08186137489637324,bull,0.1510202079004126,2026-10-10,-0.11444655048213193,Industrials,Specialty Industrial Machinery,United States,USD,-0.3570318925340432,31.34880330809262,44.5043,stock,S1 Hardware,pillar,85.0,manual thematic assignment after stack redesign,"robotics, automation, devices",VALID,YAHOO_PIT_CYCLE_V1,cycle_detrended_sma20_range40_v1,yfinance.download,1d_auto_adjust_true_close,ROK,USD,WATCHLIST_DECLARED_ONLY,SESSION_DATE_CUTOFF_ONLY,2026-10-09,2026-10-10T09:05:09.890731+00:00,2026-10-10T09:05:25.236033+00:00,50017a798cf24c56a39069be2c9100e7b51381dc1eb76a5e281ae2391c41b548,251.0,COMPLETED_DAILY_BARS,55.65,35.39,,bull,stock,,,,0.08186137489637324,ROK,ROCKWELL AU.,US7739031091,ROK,ROK,Hardware 💻,Industrials,Specialty Industrial Machinery,United States,USD,432.5899963378906,420.36,31.34880330809262,28.74,0.0,58.6,Seitwärts,66.6,Zyklus-Tief,-0.11444655048213193,0.022528916020742695,423.0589370727539,0.30979661558254357,0.20253964495300114,0.18728308848486097,720830.0,311823847.0602417,bull,0.08186137489637324,bull,0.1510202079004126,2026-10-10,True,True,False,OK,,,ROK,ROK,Specialty Industrial Machinery,True,True
DIS,THE WALT DISNEY COMPANY,DIS,108.05000305175781,USD,0.3888506467458752,28.38,,,,,,61.4104,,,,,,,,,,,,,,,,71.5,MED,"{""coverage"": 1.0, ""confluence"": 0.2, ""risk_clean"": 1.0, ""regime_align"": 0.7324465721326707, ""liquidity"": 0.6816143497757847, ""weights"": {""coverage"": 0.25, ""confluence"": 0.25, ""risk_clean"": 0.2, ""regime_align"": 0.2, ""liquidity"": 0.1}}",US2546871060,DIS,DIS,Medien & Digitales 📱,,0.26987815408130866,0.1888141189071127,0.20245083866478664,9053395.0,978219357.3787689,103.19410892486572,0.047055923806925914,bull,0.08186137489637324,bull,0.1510202079004126,2026-10-10,0.08890900733746232,Communication Services,Entertainment,United States,USD,0.9624429461782658,0.3888506467458752,61.4104,stock,S19 Medien & Unterhaltung,pillar,75.0,manual thematic assignment after stack redesign,"media, entertainment, streaming",VALID,YAHOO_PIT_CYCLE_V1,cycle_detrended_sma20_range40_v1,yfinance.download,1d_auto_adjust_true_close,DIS,USD,WATCHLIST_DECLARED_ONLY,SESSION_DATE_CUTOFF_ONLY,2026-10-09,2026-10-10T09:05:09.890731+00:00,2026-10-10T09:05:26.178620+00:00,8a37a9c02a440ee26b6e78b28326ed1f8df9883441ae7af46cce1c3ac762fb97,251.0,COMPLETED_DAILY_BARS,53.1,29.19,,bull,stock,,,,0.08186137489637324,DIS,THE WALT DISNEY COMPANY,US2546871060,DIS,DIS,Medien & Digitales 📱,Communication Services,Entertainment,United States,USD,108.05000305175781,,0.3888506467458752,28.38,,71.5,,,,0.08890900733746232,0.047055923806925914,103.19410892486572,0.26987815408130866,0.1888141189071127,0.20245083866478664,9053395.0,978219357.3787689,bull,0.08186137489637324,bull,0.1510202079004126,2026-10-10,True,True,False,OK,,,DIS,DIS,Entertainment,True,True
CME,CME Group Inc.,CME,280.55999755859375,USD,7.367581901534326,27.89,,,,,,79.8291,,,,,,,,,,,,,,,,70.6,MED,"{""coverage"": 1.0, ""confluence"": 0.2, ""risk_clean"": 1.0, ""regime_align"": 0.7390821314588131, ""liquidity"": 0.57847533632287, ""weights"": {""coverage"": 0.25, ""confluence"": 0.25, ""risk_clean"": 0.2, ""regime_align"": 0.2, ""liquidity"": 0.1}}",US12572Q1058,CME,CME,Finanzen,,0.24234627210877996,0.16772004690115866,0.3108934680698645,1898400.0,532615099.3652344,274.7516357421875,0.02114040850281418,bull,0.08186137489637324,bull,0.1510202079004126,2026-10-10,0.11894517415324946,Financial Services,Financial Data & Stock Exchanges,United States,USD,1.4903758793233246,7.367581901534326,79.8291,stock,S21 Finanzsystem,pillar,85.0,manual gap-filling addition for derivatives and exchange infrastructure,"payments, exchanges, capital markets, crypto",VALID,YAHOO_PIT_CYCLE_V1,cycle_detrended_sma20_range40_v1,yfinance.download,1d_auto_adjust_true_close,CME,USD,WATCHLIST_DECLARED_ONLY,SESSION_DATE_CUTOFF_ONLY,2026-10-09,2026-10-10T09:05:09.890731+00:00,2026-10-10T09:05:26.051624+00:00,014ac868ca70d93efdd8f3e7c8effce4cdd9510ba95f645d2b2fd0b00a15eeba,251.0,COMPLETED_DAILY_BARS,53.33,32.26,,bull,stock,,,,0.08186137489637324,CME,CME Group Inc.,US12572Q1058,CME,CME,Finanzen,Financial Services,Financial Data & Stock Exchanges,United States,USD,280.55999755859375,,7.367581901534326,27.89,,70.6,,,,0.11894517415324946,0.02114040850281418,274.7516357421875,0.24234627210877996,0.16772004690115866,0.3108934680698645,1898400.0,532615099.3652344,bull,0.08186137489637324,bull,0.1510202079004126,2026-10-10,True,True,False,OK,,,CME,CME,Financial Data & Stock Exchanges,True,True
ICE,"Intercontinental Exchange, Inc.",ICE,156.19000244140625,USD,0.48902172584526227,27.55,,,,,,52.6198,,,,,,,,,,,,,,,,69.8,MED,"{""coverage"": 1.0, ""confluence"": 0.2, ""risk_clean"": 1.0, ""regime_align"": 0.7166303074374824, ""liquidity"": 0.547085201793722, ""weights"": {""coverage"": 0.25, ""confluence"": 0.25, ""risk_clean"": 0.2, ""regime_align"": 0.2, ""liquidity"": 0.1}}",US45866F1049,ICE,ICE,Finanzen,,0.2494835311030095,0.18593646652995444,0.2931752428992731,2582120.0,403301329.1040039,153.87925716400147,0.015016613154962277,bull,0.08186137489637324,bull,0.1510202079004126,2026-10-10,0.10065544816652738,Financial Services,Financial Data & Stock Exchanges,United States,USD,0.5407121370377688,0.48902172584526227,52.6198,stock,S21 Finanzsystem,pillar,85.0,manual gap-filling addition for market infrastructure coverage,"payments, exchanges, capital markets, crypto",VALID,YAHOO_PIT_CYCLE_V1,cycle_detrended_sma20_range40_v1,yfinance.download,1d_auto_adjust_true_close,ICE,USD,WATCHLIST_DECLARED_ONLY,SESSION_DATE_CUTOFF_ONLY,2026-10-09,2026-10-10T09:05:09.890731+00:00,2026-10-10T09:05:26.079628+00:00,d5d31925b3b9a467045c6f15f80d1d1d467994df47a16bb0b26a02cadd7221b5,251.0,COMPLETED_DAILY_BARS,52.91,32.61,,bull,stock,,,,0.08186137489637324,ICE,"Intercontinental Exchange, Inc.",US45866F1049,ICE,ICE,Finanzen,Financial Services,Financial Data & Stock Exchanges,United States,USD,156.19000244140625,,0.48902172584526227,27.55,,69.8,,,,0.10065544816652738,0.015016613154962277,153.87925716400147,0.2494835311030095,0.18593646652995444,0.2931752428992731,2582120.0,403301329.1040039,bull,0.08186137489637324,bull,0.1510202079004126,2026-10-10,True,True,False,OK,,,ICE,ICE,Financial Data & Stock Exchanges,True,True
0857.HK,PETROCHINA CO.,0857.HK,9.829999923706055,HKD,43.657583383751096,27.41,0.0,Seitwärts,0.0,0.0,72.7,71.6589,Zyklus-neutral,10.21,20.439,552.0,37757001728.0,1962411294720.0,2849543028736.0,1.92,2.3,5.55,7.85,1.148,26.73,"[4.6, 20.42, 0.0, 30.38, 21.24]",9.865313,70.0,MED,"{""coverage"": 1.0, ""confluence"": 0.2, ""risk_clean"": 1.0, ""regime_align"": 0.6943198804185351, ""liquidity"": 0.6098654708520179, ""weights"": {""coverage"": 0.25, ""confluence"": 0.25, ""risk_clean"": 0.2, ""regime_align"": 0.2, ""liquidity"": 0.1}}",CNE1000003W8,0857.HK,0857.HK,Energie,8.81,0.29470981674101515,0.20564145041605664,0.2736484957735713,64952213.85,638480257.1900394,9.391333243846894,0.04670973422720048,bull,0.08186137489637324,bull,0.1510202079004126,2026-10-10,0.052401365197636496,Energy,Oil & Gas Integrated,China,HKD,0.0,43.657583383751096,71.6589,stock,S3 Energie,pillar,82.0,manual thematic assignment after stack redesign,"energy, grid, electrification",VALID,YAHOO_PIT_CYCLE_V1,cycle_detrended_sma20_range40_v1,yfinance.download,1d_auto_adjust_true_close,0857.HK,HKD,WATCHLIST_DECLARED_ONLY,SESSION_DATE_CUTOFF_ONLY,2026-10-09,2026-10-10T09:05:09.890731+00:00,2026-10-10T09:05:25.476025+00:00,27e48f05b56bee52e982b5a0de06bfe869ba16f66d8903339077902ccffc8584,247.0,COMPLETED_DAILY_BARS,52.02,30.48,,bull,stock,,,,0.08186137489637324,0857.HK,PETROCHINA CO.,CNE1000003W8,0857.HK,0857.HK,Energie,Energy,Oil & Gas Integrated,China,HKD,9.829999923706055,8.81,43.657583383751096,27.41,0.0,70.0,Seitwärts,72.7,Zyklus-neutral,0.052401365197636496,0.04670973422720048,9.391333243846894,0.29470981674101515,0.20564145041605664,0.2736484957735713,64952213.85,638480257.1900394,bull,0.08186137489637324,bull,0.1510202079004126,2026-10-10,True,True,False,OK,,,0857.HK,0857.HK,Oil & Gas Integrated,True,True
MELI,MercadoLibre Inc.,MELI,1889.8499755859375,USD,-11.427257036777338,27.37,0.0,Seitwärts,0.0,0.0,50.3,88.2787,Zyklus-neutral,40.65,159.296,0.0,-4066249984.0,108489015296.0,26193000448.0,-3.75,39.5,7.93,47.43,1.174,84.75,"[79.0, 81.3, 0.0, 79.65, 27.28]",33.958015,67.9,MED,"{""coverage"": 1.0, ""confluence"": 0.4, ""risk_clean"": 0.6666666666666666, ""regime_align"": 0.6135518926998748, ""liquidity"": 0.7309417040358744, ""weights"": {""coverage"": 0.25, ""confluence"": 0.25, ""risk_clean"": 0.2, ""regime_align"": 0.2, ""liquidity"": 0.1}}",US58733R1023,MELI,MELI,Konsum 🥨,,0.40807433818295563,0.31014491804813804,0.3447830138619993,694470.0,1312444112.545166,1835.2747998046875,0.029736786985283148,bull,0.08186137489637324,bull,0.1510202079004126,2026-10-10,-0.029615626671782636,Consumer Cyclical,Internet Retail,Uruguay,USD,1.7876154382196363,-11.427257036777338,88.2787,stock,S2 Gehirn,pillar,85.0,manual thematic assignment after stack redesign,"ai, semis, software",VALID,YAHOO_PIT_CYCLE_V1,cycle_detrended_sma20_range40_v1,yfinance.download,1d_auto_adjust_true_close,MELI,USD,WATCHLIST_DECLARED_ONLY,SESSION_DATE_CUTOFF_ONLY,2026-10-09,2026-10-10T09:05:09.890731+00:00,2026-10-10T09:05:25.391700+00:00,b74d40a12bdfbc61adf8f58dcbba1ad6d31e84a5f1359935ff9ca3bee53e02ca,251.0,COMPLETED_DAILY_BARS,57.11,46.41,,bull,stock,,,,0.08186137489637324,MELI,MercadoLibre Inc.,US58733R1023,MELI,MELI,Konsum 🥨,Consumer Cyclical,Internet Retail,Uruguay,USD,1889.8499755859375,,-11.427257036777338,27.37,0.0,67.9,Seitwärts,50.3,Zyklus-neutral,-0.029615626671782636,0.029736786985283148,1835.2747998046875,0.40807433818295563,0.31014491804813804,0.3447830138619993,694470.0,1312444112.545166,bull,0.08186137489637324,bull,0.1510202079004126,2026-10-10,True,True,False,OK,,,MELI,MELI,Internet Retail,True,True
BAS.DE,BASF SE,BAS.DE,51.68000030517578,EUR,25.425359812304514,27.32,,,,,,70.2596,,,,,,,,,,,,,,,,61.5,MED,"{""coverage"": 1.0, ""confluence"": 0.0, ""risk_clean"": 1.0, ""regime_align"": 0.6652223972851775, ""liquidity"": 0.3228699551569507, ""weights"": {""coverage"": 0.25, ""confluence"": 0.25, ""risk_clean"": 0.2, ""regime_align"": 0.2, ""liquidity"": 0.1}}",DE000BASF111,BAS.DE,BAS.DE,Fundament,,0.2486479716110235,0.15636474385874785,0.13370372630931715,1857556.8,95998535.99088135,48.99970762252808,0.05470017705606489,bull,0.08186137489637324,bull,0.1510202079004126,2026-10-10,0.007592483336358091,Basic Materials,Chemicals,Germany,EUR,-0.17384614987847602,25.425359812304514,70.2596,stock,S4 Fundament,pillar,85.0,manual addition via ChatGPT,"materials, mining, metals",VALID,YAHOO_PIT_CYCLE_V1,cycle_detrended_sma20_range40_v1,yfinance.download,1d_auto_adjust_true_close,BAS.DE,EUR,WATCHLIST_DECLARED_ONLY,SESSION_DATE_CUTOFF_ONLY,2026-10-09,2026-10-10T09:05:09.890731+00:00,2026-10-10T09:05:26.387408+00:00,60d024812655255c2fbaca4ea2c0eed0c68ee61e78d74490dd1b846bfd55a334,254.0,COMPLETED_DAILY_BARS,51.71,29.95,,bull,stock,,,,0.08186137489637324,BAS.DE,BASF SE,DE000BASF111,BAS.DE,BAS.DE,Fundament,Basic Materials,Chemicals,Germany,EUR,51.68000030517578,,25.425359812304514,27.32,,61.5,,,,0.007592483336358091,0.05470017705606489,48.99970762252808,0.2486479716110235,0.15636474385874785,0.13370372630931715,1857556.8,95998535.99088135,bull,0.08186137489637324,bull,0.1510202079004126,2026-10-10,True,True,False,OK,,,BAS.DE,BAS.DE,Chemicals,True,True
XOM,EXXON MOBIL CORP,XOM,168.94000244140625,USD,56.99117634213808,27.31,0.0,BUY,125.93,136.59,68.0,69.8752,Zyklus-Hoch,11.08,16.329,272.0,12923750400.0,673590607872.0,323904995328.0,1.92,-1.3,8.9,7.6,1.153,67.11,"[0.0, 22.16, 0.0, 28.24, 12.41]",18.14254,79.8,HIGH,"{""coverage"": 1.0, ""confluence"": 0.4, ""risk_clean"": 1.0, ""regime_align"": 0.8268997697248819, ""liquidity"": 0.8251121076233184, ""weights"": {""coverage"": 0.25, ""confluence"": 0.25, ""risk_clean"": 0.2, ""regime_align"": 0.2, ""liquidity"": 0.1}}",US30231G1022,XOM,XOM,Energie ⚡,136.58,0.2596568113647452,0.17225006522096006,0.20112264413803926,13251390.0,2238689858.9520264,148.93827884674073,0.13429538564258237,bull,0.08186137489637324,bull,0.1510202079004126,2026-10-10,0.13378232772211485,Energy,Oil & Gas Integrated,United States,USD,0.2611290453449655,56.99117634213808,69.8752,stock,S3 Energie,pillar,82.0,manual thematic assignment after stack redesign,"energy, grid, electrification",VALID,YAHOO_PIT_CYCLE_V1,cycle_detrended_sma20_range40_v1,yfinance.download,1d_auto_adjust_true_close,XOM,USD,WATCHLIST_DECLARED_ONLY,SESSION_DATE_CUTOFF_ONLY,2026-10-09,2026-10-10T09:05:09.890731+00:00,2026-10-10T09:05:25.573395+00:00,9916cc42968df3ce305aed68391a2509381d22df51b9a19e755a92eaa5c4412c,251.0,COMPLETED_DAILY_BARS,49.43,22.94,,bull,stock,,,,0.08186137489637324,XOM,EXXON MOBIL CORP,US30231G1022,XOM,XOM,Energie ⚡,Energy,Oil & Gas Integrated,United States,USD,168.94000244140625,136.58,56.99117634213808,27.31,0.0,79.8,BUY,68.0,Zyklus-Hoch,0.13378232772211485,0.13429538564258237,148.93827884674073,0.2596568113647452,0.17225006522096006,0.20112264413803926,13251390.0,2238689858.9520264,bull,0.08186137489637324,bull,0.1510202079004126,2026-10-10,True,True,False,OK,,,XOM,XOM,Oil & Gas Integrated,True,True
ANET,Arista Networks Inc.,ANET,216.74000549316406,USD,40.64892726063258,27.02,,,,,,82.5358,,,,,,,,,,,,,,,,80.4,HIGH,"{""coverage"": 1.0, ""confluence"": 0.4, ""risk_clean"": 1.0, ""regime_align"": 0.9214337656041691, ""liquidity"": 0.695067264573991, ""weights"": {""coverage"": 0.25, ""confluence"": 0.25, ""risk_clean"": 0.2, ""regime_align"": 0.2, ""liquidity"": 0.1}}",US0404132054,ANET,ANET,Hardware 💻,,0.5354098335186234,0.35289788609968425,0.28328088546368435,5016075.0,1087184123.054123,161.0721499633789,0.345608198204604,bull,0.08186137489637324,bull,0.1510202079004126,2026-10-10,0.14902303628313684,Technology,Computer Hardware,United States,USD,2.7349880262951487,40.64892726063258,82.5358,stock,S1 Hardware,pillar,85.0,manual addition from finanzen.net Trading Idee 2026-10-07,"robotics, automation, devices",VALID,YAHOO_PIT_CYCLE_V1,cycle_detrended_sma20_range40_v1,yfinance.download,1d_auto_adjust_true_close,ANET,USD,WATCHLIST_DECLARED_ONLY,SESSION_DATE_CUTOFF_ONLY,2026-10-09,2026-10-10T09:05:09.890731+00:00,2026-10-10T09:05:26.438953+00:00,23d821558c4fed43e38cf0f6110ce9243c72c50388467aded92691072d276dbf,251.0,COMPLETED_DAILY_BARS,56.16,45.17,,bull,stock,,,,0.08186137489637324,ANET,Arista Networks Inc.,US0404132054,ANET,ANET,Hardware 💻,Technology,Computer Hardware,United States,USD,216.74000549316406,,40.64892726063258,27.02,,80.4,,,,0.14902303628313684,0.345608198204604,161.0721499633789,0.5354098335186234,0.35289788609968425,0.28328088546368435,5016075.0,1087184123.054123,bull,0.08186137489637324,bull,0.1510202079004126,2026-10-10,True,True,False,OK,,,ANET,ANET,Computer Hardware,True,True
PFE,PFIZER INC.,PFE,28.280000686645508,USD,22.12808582765904,26.84,0.48,BUY,26.83,28.94,60.4,31.6504,Zyklus-Hoch,8.58,66.531,636.0,0.0,204229378048.0,62578999296.0,0.0,-1.2,12.42,11.22,1.0,68.0,"[0.0, 17.16, 0.0, 20.0, 21.85]",9.772898,71.2,MED,"{""coverage"": 1.0, ""confluence"": 0.4, ""risk_clean"": 0.6666666666666666, ""regime_align"": 0.8133357572819456, ""liquidity"": 0.6636771300448431, ""weights"": {""coverage"": 0.25, ""confluence"": 0.25, ""risk_clean"": 0.2, ""regime_align"": 0.2, ""liquidity"": 0.1}}",US7170811035,PFE,PFE,Pharma & Gesundheit,26.43,0.20855387152104535,0.12139854680051367,0.1572429309198753,33236440.0,939926546.0216522,25.900809907913207,0.09185777538197404,bull,0.08186137489637324,bull,0.1510202079004126,2026-10-10,0.14844868317821236,Healthcare,Drug Manufacturers - General,United States,USD,1.65349028349151,22.12808582765904,31.6504,stock,S13 Gesundheit,pillar,82.0,manual thematic assignment after stack redesign,"healthcare, pharma, medtech",VALID,YAHOO_PIT_CYCLE_V1,cycle_detrended_sma20_range40_v1,yfinance.download,1d_auto_adjust_true_close,PFE,USD,WATCHLIST_DECLARED_ONLY,SESSION_DATE_CUTOFF_ONLY,2026-10-09,2026-10-10T09:05:09.890731+00:00,2026-10-10T09:05:25.922470+00:00,422e56e5a35aef0fdce433165545e6824250aee1e513b367faa889396374070f,251.0,COMPLETED_DAILY_BARS,48.09,21.07,,bull,stock,,,,0.08186137489637324,PFE,PFIZER INC.,US7170811035,PFE,PFE,Pharma & Gesundheit,Healthcare,Drug Manufacturers - General,United States,USD,28.280000686645508,26.43,22.12808582765904,26.84,0.48,71.2,BUY,60.4,Zyklus-Hoch,0.14844868317821236,0.09185777538197404,25.900809907913207,0.20855387152104535,0.12139854680051367,0.1572429309198753,33236440.0,939926546.0216522,bull,0.08186137489637324,bull,0.1510202079004126,2026-10-10,True,True,False,OK,,,PFE,PFE,Drug Manufacturers - General,True,True
FCX,FREEPORT-MCMORAN,FCX,73.69000244140625,USD,82.19709180973867,26.58,0.0,Seitwärts,0.0,0.0,65.4,43.6368,Zyklus-neutral,13.95,33.768,95.0,1371124992.0,106995998720.0,25915000832.0,1.28,-1.5,8.51,7.01,2.291,85.98,"[0.0, 27.9, 0.0, 62.93, 14.34]",18.48081,78.7,HIGH,"{""coverage"": 1.0, ""confluence"": 0.4, ""risk_clean"": 1.0, ""regime_align"": 0.8628752070456106, ""liquidity"": 0.6412556053811659, ""weights"": {""coverage"": 0.25, ""confluence"": 0.25, ""risk_clean"": 0.2, ""regime_align"": 0.2, ""liquidity"": 0.1}}",US35671D8570,FCX,FCX,Fundament,62.52,0.47401703612503854,0.3182689737433104,0.24309796349452595,10793370.0,795363461.651001,64.04297882080078,0.15063358697912665,bull,0.08186137489637324,bull,0.1510202079004126,2026-10-10,0.1542568411553562,Basic Materials,Copper,United States,USD,3.5844856250151436,82.19709180973867,43.6368,stock,S4 Fundament,pillar,84.0,manual thematic assignment after stack redesign,"materials, mining, metals",VALID,YAHOO_PIT_CYCLE_V1,cycle_detrended_sma20_range40_v1,yfinance.download,1d_auto_adjust_true_close,FCX,USD,WATCHLIST_DECLARED_ONLY,SESSION_DATE_CUTOFF_ONLY,2026-10-09,2026-10-10T09:05:09.890731+00:00,2026-10-10T09:05:25.664597+00:00,81ec4e608351ee922f2c927ae733f830d2b19631bd4fe6995f4c7110f9931dc8,251.0,COMPLETED_DAILY_BARS,53.85,40.09,,bull,stock,,,,0.08186137489637324,FCX,FREEPORT-MCMORAN,US35671D8570,FCX,FCX,Fundament,Basic Materials,Copper,United States,USD,73.69000244140625,62.52,82.19709180973867,26.58,0.0,78.7,Seitwärts,65.4,Zyklus-neutral,0.1542568411553562,0.15063358697912665,64.04297882080078,0.47401703612503854,0.3182689737433104,0.24309796349452595,10793370.0,795363461.651001,bull,0.08186137489637324,bull,0.1510202079004126,2026-10-10,True,True,False,OK,,,FCX,FCX,Copper,True,True
CVX,CHEVRON CORP,CVX,211.97999572753906,USD,47.97382163708181,26.42,0.0,Seitwärts,0.0,0.0,61.0,54.769,Zyklus-Hoch,7.16,21.239,391.0,0.0,400448815104.0,186030997504.0,0.0,-6.0,6.61,0.61,1.0,68.9,"[0.0, 14.32, 0.0, 19.2, 14.89]",19.885374,80.0,HIGH,"{""coverage"": 1.0, ""confluence"": 0.4, ""risk_clean"": 1.0, ""regime_align"": 0.8403829838807417, ""liquidity"": 0.820627802690583, ""weights"": {""coverage"": 0.25, ""confluence"": 0.25, ""risk_clean"": 0.2, ""regime_align"": 0.2, ""liquidity"": 0.1}}",US1667641005,CVX,CVX,Energie ⚡,168.91,0.23895171559730147,0.1622482043275889,0.2081099638965056,9515570.0,2017110487.9450989,185.73751419067383,0.14128799801813496,bull,0.08186137489637324,bull,0.1510202079004126,2026-10-10,0.13830334753701767,Energy,Oil & Gas Integrated,United States,USD,0.20325817517290456,47.97382163708181,54.769,stock,S3 Energie,pillar,82.0,manual thematic assignment after stack redesign,"energy, grid, electrification",VALID,YAHOO_PIT_CYCLE_V1,cycle_detrended_sma20_range40_v1,yfinance.download,1d_auto_adjust_true_close,CVX,USD,WATCHLIST_DECLARED_ONLY,SESSION_DATE_CUTOFF_ONLY,2026-10-09,2026-10-10T09:05:09.890731+00:00,2026-10-10T09:05:25.499851+00:00,0d2f82725511e7e79b3eadd008b363a5faaf4811ef95ec2f5e4e8d75216860bb,251.0,COMPLETED_DAILY_BARS,48.1,23.1,,bull,stock,,,,0.08186137489637324,CVX,CHEVRON CORP,US1667641005,CVX,CVX,Energie ⚡,Energy,Oil & Gas Integrated,United States,USD,211.97999572753906,168.91,47.97382163708181,26.42,0.0,80.0,Seitwärts,61.0,Zyklus-Hoch,0.13830334753701767,0.14128799801813496,185.73751419067383,0.23895171559730147,0.1622482043275889,0.2081099638965056,9515570.0,2017110487.9450989,bull,0.08186137489637324,bull,0.1510202079004126,2026-10-10,True,True,False,OK,,,CVX,CVX,Oil & Gas Integrated,True,True
RACE,Ferrari N.V.,RACE,389.9100036621094,USD,-0.3310474570263122,26.38,,,,,,20.7478,,,,,,,,,,,,,,,,67.4,MED,"{""coverage"": 1.0, ""confluence"": 0.2, ""risk_clean"": 1.0, ""regime_align"": 0.6787056114410375, ""liquidity"": 0.3811659192825112, ""weights"": {""coverage"": 0.25, ""confluence"": 0.25, ""risk_clean"": 0.2, ""regime_align"": 0.2, ""liquidity"": 0.1}}",NL0011585146,RACE,RACE,,,0.31955745961995174,0.18147240780847973,0.25524311726798543,444425.0,173285753.37753296,365.8913606262207,0.0656441928412328,bull,0.08186137489637324,bull,0.1510202079004126,2026-10-10,0.018070654364777283,Consumer Cyclical,Auto Manufacturers,Italy,USD,0.41980140309494374,-0.3310474570263122,20.7478,stock,S12 Luxus & Marken,pillar,78.0,manual thematic assignment after stack redesign,"luxury, brands, premium consumption",VALID,YAHOO_PIT_CYCLE_V1,cycle_detrended_sma20_range40_v1,yfinance.download,1d_auto_adjust_true_close,RACE,USD,WATCHLIST_DECLARED_ONLY,SESSION_DATE_CUTOFF_ONLY,2026-10-09,2026-10-10T09:05:09.890731+00:00,2026-10-10T09:05:25.859013+00:00,6a02cbaf628f29e96625bc65525d8e5266a4df542be5fc17f4439224efce1a8d,251.0,COMPLETED_DAILY_BARS,51.94,35.17,,bull,stock,,,,0.08186137489637324,RACE,Ferrari N.V.,NL0011585146,RACE,RACE,,Consumer Cyclical,Auto Manufacturers,Italy,USD,389.9100036621094,,-0.3310474570263122,26.38,,67.4,,,,0.018070654364777283,0.0656441928412328,365.8913606262207,0.31955745961995174,0.18147240780847973,0.25524311726798543,444425.0,173285753.37753296,bull,0.08186137489637324,bull,0.1510202079004126,2026-10-10,True,True,False,OK,,,RACE,RACE,Auto Manufacturers,True,True
ETN,Eaton Corporation plc,ETN,429.6499938964844,USD,17.708980942523244,26.36,,,,,,58.4825,,,,,,,,,,,,,,,,70.2,MED,"{""coverage"": 1.0, ""confluence"": 0.2, ""risk_clean"": 1.0, ""regime_align"": 0.6855431664848706, ""liquidity"": 0.6502242152466368, ""weights"": {""coverage"": 0.25, ""confluence"": 0.25, ""risk_clean"": 0.2, ""regime_align"": 0.2, ""liquidity"": 0.1}}",IE00B8KQN827,ETN,ETN,Energie,,0.3951443115085811,0.2739197365419177,0.18325736724131592,2117170.0,909642077.5778198,390.4595771789551,0.1003699717155806,bull,0.08186137489637324,bull,0.1510202079004126,2026-10-10,-0.0015883710679596152,Industrials,Electrical Equipment & Parts,Ireland,USD,1.2108039887439137,17.708980942523244,58.4825,stock,S3 Energie,pillar,86.0,manual gap-filling addition for grid and power management coverage,"energy, grid, electrification",VALID,YAHOO_PIT_CYCLE_V1,cycle_detrended_sma20_range40_v1,yfinance.download,1d_auto_adjust_true_close,ETN,USD,WATCHLIST_DECLARED_ONLY,SESSION_DATE_CUTOFF_ONLY,2026-10-09,2026-10-10T09:05:09.890731+00:00,2026-10-10T09:05:25.511634+00:00,8dba02b2f70f56f7035abb00dd73c3aaabb54f9da8cea0b8ab6280932b8d6869,251.0,COMPLETED_DAILY_BARS,51.96,35.27,,bull,stock,,,,0.08186137489637324,ETN,Eaton Corporation plc,IE00B8KQN827,ETN,ETN,Energie,Industrials,Electrical Equipment & Parts,Ireland,USD,429.6499938964844,,17.708980942523244,26.36,,70.2,,,,-0.0015883710679596152,0.1003699717155806,390.4595771789551,0.3951443115085811,0.2739197365419177,0.18325736724131592,2117170.0,909642077.5778198,bull,0.08186137489637324,bull,0.1510202079004126,2026-10-10,True,True,False,OK,,,ETN,ETN,Electrical Equipment & Parts,True,True
RR.L,ROLLS-ROYCE HOLDINGS PLC,RR.L,1385.199951171875,GBp,19.940593904522807,26.33,,,,,,12.3375,,,,,,,,,,,,,,,,66.4,MED,"{""coverage"": 1.0, ""confluence"": 0.0, ""risk_clean"": 1.0, ""regime_align"": 0.5911707671797357, ""liquidity"": 0.9551569506726457, ""weights"": {""coverage"": 0.25, ""confluence"": 0.25, ""risk_clean"": 0.2, ""regime_align"": 0.2, ""liquidity"": 0.1}}",GB00B63H8491,RR.L,RR.L,,,0.3735544187947311,0.2207391254535363,0.19394848747118054,20097043.65,27838423882.67904,1330.9200268554687,0.04078376102330661,bull,0.08186137489637324,bull,0.1510202079004126,2026-10-10,-0.06312347083093284,Industrials,Aerospace & Defense,United Kingdom,GBp,1.3313790176938456,19.940593904522807,12.3375,stock,S20 Sicherheit & Verteidigung,pillar,85.0,manual thematic assignment after stack redesign,"defense, aerospace, security",VALID,YAHOO_PIT_CYCLE_V1,cycle_detrended_sma20_range40_v1,yfinance.download,1d_auto_adjust_true_close,RR.L,GBp,WATCHLIST_DECLARED_ONLY,SESSION_DATE_CUTOFF_ONLY,2026-10-09,2026-10-10T09:05:09.890731+00:00,2026-10-10T09:05:26.325415+00:00,09bac1dfc427c23fe472aa0a4ab7461c87253b7bcccabfead82c605b22987a4f,253.0,COMPLETED_DAILY_BARS,50.29,30.27,,bull,stock,,,,0.08186137489637324,RR.L,ROLLS-ROYCE HOLDINGS PLC,GB00B63H8491,RR.L,RR.L,,Industrials,Aerospace & Defense,United Kingdom,GBp,1385.199951171875,,19.940593904522807,26.33,,66.4,,,,-0.06312347083093284,0.04078376102330661,1330.9200268554687,0.3735544187947311,0.2207391254535363,0.19394848747118054,20097043.65,27838423882.67904,bull,0.08186137489637324,bull,0.1510202079004126,2026-10-10,True,True,False,OK,,,RR.L,RR.L,Aerospace & Defense,True,True
ASX,"ASE Technology Holding Co., Ltd.",ASX,46.43000030517578,USD,323.25874758998276,25.87,,,,,,55.894,,,,,,,,,,,,,,,,71.6,MED,"{""coverage"": 1.0, ""confluence"": 0.4, ""risk_clean"": 0.6666666666666666, ""regime_align"": 0.9035268452308811, ""liquidity"": 0.515695067264574, ""weights"": {""coverage"": 0.25, ""confluence"": 0.25, ""risk_clean"": 0.2, ""regime_align"": 0.2, ""liquidity"": 0.1}}",US00215W1009,ASX,ASX,,,0.5637219083483886,0.36252436204463934,0.303345400370175,6745215.0,313180334.50847626,31.276293029785155,0.4845109764433846,bull,0.08186137489637324,bull,0.1510202079004126,2026-10-10,0.11225838719871817,Technology,Semiconductors,Taiwan,USD,2.5850685528769235,323.25874758998276,55.894,stock,S2 Gehirn,pillar,85.0,manual thematic assignment after stack redesign,"ai, semis, software",VALID,YAHOO_PIT_CYCLE_V1,cycle_detrended_sma20_range40_v1,yfinance.download,1d_auto_adjust_true_close,ASX,USD,WATCHLIST_DECLARED_ONLY,SESSION_DATE_CUTOFF_ONLY,2026-10-09,2026-10-10T09:05:09.890731+00:00,2026-10-10T09:05:25.346367+00:00,a5e5144e7b027d669a0fc33f35e740f8cc1fcf01467cb0480c0c95e4074bb900,251.0,COMPLETED_DAILY_BARS,55.76,49.4,,bull,stock,,,,0.08186137489637324,ASX,"ASE Technology Holding Co., Ltd.",US00215W1009,ASX,ASX,,Technology,Semiconductors,Taiwan,USD,46.43000030517578,,323.25874758998276,25.87,,71.6,,,,0.11225838719871817,0.4845109764433846,31.276293029785155,0.5637219083483886,0.36252436204463934,0.303345400370175,6745215.0,313180334.50847626,bull,0.08186137489637324,bull,0.1510202079004126,2026-10-10,True,True,False,OK,,,ASX,ASX,Semiconductors,True,True
BTC-USD,Bitcoin,BTC-USD,82778.609375,USD,-26.883299857246755,25.82,,,,,,9.0645,,,,,,,,,,,,,,,,67.9,MED,"{""coverage"": 1.0, ""confluence"": 0.2, ""risk_clean"": 0.6666666666666666, ""regime_align"": 0.7328303639962832, ""liquidity"": 0.9955156950672646, ""weights"": {""coverage"": 0.25, ""confluence"": 0.25, ""risk_clean"": 0.2, ""regime_align"": 0.2, ""liquidity"": 0.1}}",,BTC-USD,BTC-USD,,,0.3692632459865512,0.25343522722999423,0.4919900088771726,32482296900.1,2688839366696151.0,71917.598671875,0.1510202079004126,bull,0.08186137489637324,bull,0.1510202079004126,2026-10-10,0.0,Cryptocurrency,Digital Currency,Global,USD,0.28140450309670495,-26.883299857246755,9.0645,crypto,S21 Finanzsystem,pillar,83.0,manual thematic assignment after stack redesign,"payments, exchanges, capital markets, crypto",VALID,YAHOO_PIT_CYCLE_V1,cycle_detrended_sma20_range40_v1,yfinance.download,1d_auto_adjust_true_close,BTC-USD,USD,WATCHLIST_DECLARED_ONLY,SESSION_DATE_CUTOFF_ONLY,2026-10-09,2026-10-10T09:05:09.890731+00:00,2026-10-10T09:05:26.046162+00:00,88cec216b89038c3dcf0f385b6cb365bc2629223933dbc4ebe1be5cbe7ddb849,365.0,COMPLETED_DAILY_BARS,52.68,40.11,,bull,crypto,,,,0.1510202079004126,BTC-USD,Bitcoin,,BTC-USD,BTC-USD,,Cryptocurrency,Digital Currency,Global,USD,82778.609375,,-26.883299857246755,25.82,,67.9,,,,0.0,0.1510202079004126,71917.598671875,0.3692632459865512,0.25343522722999423,0.4919900088771726,32482296900.1,2688839366696151.0,bull,0.08186137489637324,bull,0.1510202079004126,2026-10-10,True,True,True,OK,BTC,USD,CRYPTO:BTC,BTC,Krypto,True,True
SHOP,SHOPIFY INC.,SHOP,170.85000610351562,USD,13.130712005065659,25.66,,,,,,100.0,,,,,,,,,,,,,,,,75.2,HIGH,"{""coverage"": 1.0, ""confluence"": 0.4, ""risk_clean"": 0.6666666666666666, ""regime_align"": 0.9505716478810649, ""liquidity"": 0.7847533632286996, ""weights"": {""coverage"": 0.25, ""confluence"": 0.25, ""risk_clean"": 0.2, ""regime_align"": 0.2, ""liquidity"": 0.1}}",CA82509L1076,SHOP,SHOP,E-Commerce,,0.584978248924342,0.3955458616212118,0.4670688539558845,9524600.0,1627277968.133545,129.52419998168946,0.3190585707355713,bull,0.08186137489637324,bull,0.1510202079004126,2026-10-10,0.32126684786949644,Technology,Software - Application,Canada,USD,3.822319298881993,13.130712005065659,100.0,stock,S2 Gehirn,pillar,85.0,manual thematic assignment after stack redesign,"ai, semis, software",VALID,YAHOO_PIT_CYCLE_V1,cycle_detrended_sma20_range40_v1,yfinance.download,1d_auto_adjust_true_close,SHOP,USD,WATCHLIST_DECLARED_ONLY,SESSION_DATE_CUTOFF_ONLY,2026-10-09,2026-10-10T09:05:09.890731+00:00,2026-10-10T09:05:26.210976+00:00,35c1d55c326da05ab65cd7fff01b668430601ff69f30f88117d2ef0aae6b07fd,251.0,COMPLETED_DAILY_BARS,56.75,53.45,,bull,stock,,,,0.08186137489637324,SHOP,SHOPIFY INC.,CA82509L1076,SHOP,SHOP,E-Commerce,Technology,Software - Application,Canada,USD,170.85000610351562,,13.130712005065659,25.66,,75.2,,,,0.32126684786949644,0.3190585707355713,129.52419998168946,0.584978248924342,0.3955458616212118,0.4670688539558845,9524600.0,1627277968.133545,bull,0.08186137489637324,bull,0.1510202079004126,2026-10-10,True,True,False,OK,,,SHOP,SHOP,Software - Application,True,True
MRNA,Moderna Inc.,MRNA,225.0,USD,738.6134947439855,25.61,,,,,,38.1066,,,,,,,,,,,,,,,,77.0,HIGH,"{""coverage"": 1.0, ""confluence"": 0.4, ""risk_clean"": 0.6666666666666666, ""regime_align"": 0.99550559528138, ""liquidity"": 0.874439461883408, ""weights"": {""coverage"": 0.25, ""confluence"": 0.25, ""risk_clean"": 0.2, ""regime_align"": 0.2, ""liquidity"": 0.1}}",US60770K1079,MRNA,MRNA,Pharma & Gesundheit,,1.9391638690350823,0.47268651861369015,0.34156480927913413,17648690.0,3970955250.0,72.63127527236938,2.09783903912252,bull,0.08186137489637324,bull,0.1510202079004126,2026-10-10,2.298160776529911,Healthcare,Biotechnology,United States,USD,14.213197969543145,738.6134947439855,38.1066,stock,S13 Gesundheit,pillar,85.0,manual addition via ChatGPT,"healthcare, pharma, medtech",VALID,YAHOO_PIT_CYCLE_V1,cycle_detrended_sma20_range40_v1,yfinance.download,1d_auto_adjust_true_close,MRNA,USD,WATCHLIST_DECLARED_ONLY,SESSION_DATE_CUTOFF_ONLY,2026-10-09,2026-10-10T09:05:09.890731+00:00,2026-10-10T09:05:26.369809+00:00,5a072fbacb52d5d7731c258e2304d6d901921aaa3297ed06c031b68b1ffec6bd,251.0,COMPLETED_DAILY_BARS,57.55,56.17,,bull,stock,,,,0.08186137489637324,MRNA,Moderna Inc.,US60770K1079,MRNA,MRNA,Pharma & Gesundheit,Healthcare,Biotechnology,United States,USD,225.0,,738.6134947439855,25.61,,77.0,,,,2.298160776529911,2.09783903912252,72.63127527236938,1.9391638690350823,0.47268651861369015,0.34156480927913413,17648690.0,3970955250.0,bull,0.08186137489637324,bull,0.1510202079004126,2026-10-10,True,True,False,OK,,,MRNA,MRNA,Biotechnology,True,True
SAP.DE,SAP SE O.N.,SAP.DE,191.4600067138672,EUR,-18.120480361578252,25.58,0.0,Seitwärts,0.0,0.0,35.8,49.4129,Zyklus-neutral,16.46,17.84,134.0,7799625216.0,206661484544.0,36800000000.0,3.77,3.3,19.91,23.21,1.174,40.19,"[6.6, 32.92, 0.0, 31.24, 36.01]",20.883703,83.6,HIGH,"{""coverage"": 1.0, ""confluence"": 0.6, ""risk_clean"": 1.0, ""regime_align"": 0.9100008079828708, ""liquidity"": 0.5426008968609866, ""weights"": {""coverage"": 0.25, ""confluence"": 0.25, ""risk_clean"": 0.2, ""regime_align"": 0.2, ""liquidity"": 0.1}}",DE0007164600,SAP.DE,SAP.DE,Gehirn,195.54,0.41109312428059214,0.3105413072354868,0.46075256027080425,2087209.45,399617135.310247,164.01011039733888,0.16736709858939092,bull,0.08186137489637324,bull,0.1510202079004126,2026-10-10,0.36224234090662355,Technology,Software - Application,Germany,EUR,3.7049137566805834,-18.120480361578252,49.4129,stock,S2 Gehirn,pillar,85.0,manual thematic assignment after stack redesign,"ai, semis, software",VALID,YAHOO_PIT_CYCLE_V1,cycle_detrended_sma20_range40_v1,yfinance.download,1d_auto_adjust_true_close,SAP.DE,EUR,WATCHLIST_DECLARED_ONLY,SESSION_DATE_CUTOFF_ONLY,2026-10-09,2026-10-10T09:05:09.890731+00:00,2026-10-10T09:05:25.446634+00:00,777f43c78aae3deb23df3e9633e706e3f1bf8a47451cd69cb198072a8b468412,254.0,COMPLETED_DAILY_BARS,53.74,44.52,,bull,stock,,,,0.08186137489637324,SAP.DE,SAP SE O.N.,DE0007164600,SAP.DE,SAP.DE,Gehirn,Technology,Software - Application,Germany,EUR,191.4600067138672,195.54,-18.120480361578252,25.58,0.0,83.6,Seitwärts,35.8,Zyklus-neutral,0.36224234090662355,0.16736709858939092,164.01011039733888,0.41109312428059214,0.3105413072354868,0.46075256027080425,2087209.45,399617135.310247,bull,0.08186137489637324,bull,0.1510202079004126,2026-10-10,True,True,False,OK,,,SAP.DE,SAP.DE,Software - Application,True,True
SOL-EUR,SOLANA (KRYPTO),SOL-EUR,98.20999908447266,EUR,-39.511589407863426,25.25,,,,,,0.0,,,,,,,,,,,,,,,,76.7,HIGH,"{""coverage"": 1.0, ""confluence"": 0.4, ""risk_clean"": 0.6666666666666666, ""regime_align"": 0.930382175897871, ""liquidity"": 0.9775784753363229, ""weights"": {""coverage"": 0.25, ""confluence"": 0.25, ""risk_clean"": 0.2, ""regime_align"": 0.2, ""liquidity"": 0.1}}",,SOL-EUR,SOL-EUR,Krypto 🪙,,0.5356233523608005,0.3436583867076799,0.7004074638149197,3253212077.5,319497955152.87036,75.12070970535278,0.3073625032255869,bull,0.08186137489637324,bull,0.1510202079004126,2026-10-10,0.21253791127013222,Cryptocurrency,Digital Currency,Global,EUR,0.8245354737998811,-39.511589407863426,0.0,crypto,S21 Finanzsystem,pillar,83.0,manual thematic assignment after stack redesign,"payments, exchanges, capital markets, crypto",VALID,YAHOO_PIT_CYCLE_V1,cycle_detrended_sma20_range40_v1,yfinance.download,1d_auto_adjust_true_close,SOL-EUR,EUR,WATCHLIST_DECLARED_ONLY,SESSION_DATE_CUTOFF_ONLY,2026-10-09,2026-10-10T09:05:09.890731+00:00,2026-10-10T09:05:26.106728+00:00,e59ab895eff0546ee28cb6b4620b6e0313a98b1438ae8f4841291a7e84fc309e,365.0,COMPLETED_DAILY_BARS,56.36,54.18,,bull,stock,,,,0.08186137489637324,SOL-EUR,SOLANA (KRYPTO),,SOL-EUR,SOL-EUR,Krypto 🪙,Cryptocurrency,Digital Currency,Global,EUR,98.20999908447266,,-39.511589407863426,25.25,,76.7,,,,0.21253791127013222,0.3073625032255869,75.12070970535278,0.5356233523608005,0.3436583867076799,0.7004074638149197,3253212077.5,319497955152.87036,bull,0.08186137489637324,bull,0.1510202079004126,2026-10-10,True,True,True,OK,SOL,EUR,CRYPTO:SOL,SOL,Krypto,True,True
WDAY,"WORKDAY, INC.",WDAY,186.58999633789062,USD,-19.980271807740557,25.07,,,,,,17.306,,,,,,,,,,,,,,,,72.1,MED,"{""coverage"": 1.0, ""confluence"": 0.4, ""risk_clean"": 0.6666666666666666, ""regime_align"": 0.910061406698178, ""liquidity"": 0.5560538116591929, ""weights"": {""coverage"": 0.25, ""confluence"": 0.25, ""risk_clean"": 0.2, ""regime_align"": 0.2, ""liquidity"": 0.1}}",US98138H1014,WDAY,WDAY,Tech 💻,,0.5397322478540865,0.31079235435795843,0.542068625235082,2350585.0,438595646.54190063,156.48249950408936,0.19240168663726176,bull,0.08186137489637324,bull,0.1510202079004126,2026-10-10,0.29645891504279054,Technology,Software - Application,United States,USD,-0.6495933318579117,-19.980271807740557,17.306,stock,S2 Gehirn,pillar,85.0,manual thematic assignment after stack redesign,"ai, semis, software",VALID,YAHOO_PIT_CYCLE_V1,cycle_detrended_sma20_range40_v1,yfinance.download,1d_auto_adjust_true_close,WDAY,USD,WATCHLIST_DECLARED_ONLY,SESSION_DATE_CUTOFF_ONLY,2026-10-09,2026-10-10T09:05:09.890731+00:00,2026-10-10T09:05:26.243338+00:00,beeb8b40065656553a3e9372ec01a81bd95a3100b7976f46a308f631c6545f05,251.0,COMPLETED_DAILY_BARS,56.11,54.28,,bull,stock,,,,0.08186137489637324,WDAY,"WORKDAY, INC.",US98138H1014,WDAY,WDAY,Tech 💻,Technology,Software - Application,United States,USD,186.58999633789062,,-19.980271807740557,25.07,,72.1,,,,0.29645891504279054,0.19240168663726176,156.48249950408936,0.5397322478540865,0.31079235435795843,0.542068625235082,2350585.0,438595646.54190063,bull,0.08186137489637324,bull,0.1510202079004126,2026-10-10,True,True,False,OK,,,WDAY,WDAY,Software - Application,True,True
SU.PA,Schneider Electric S.E.,SU.PA,266.3999938964844,EUR,8.662129594233958,25.06,,,,,,28.2007,,,,,,,,,,,,,,,,61.2,MED,"{""coverage"": 1.0, ""confluence"": 0.0, ""risk_clean"": 1.0, ""regime_align"": 0.5596291358623198, ""liquidity"": 0.4977578475336323, ""weights"": {""coverage"": 0.25, ""confluence"": 0.25, ""risk_clean"": 0.2, ""regime_align"": 0.2, ""liquidity"": 0.1}}",FR0000121972,SU.PA,SU.PA,Energie,,0.35156869614254,0.23810016847572782,0.1815112442065665,1159958.85,309013030.56017303,266.10386627197266,0.0011128272154041774,bull,0.08186137489637324,bull,0.1510202079004126,2026-10-10,-0.06267121727094971,Industrials,Electrical Equipment & Parts,France,EUR,2.0298688889603067,8.662129594233958,28.2007,stock,S3 Energie,pillar,86.0,manual gap-filling addition for grid and electrification coverage,"energy, grid, electrification",VALID,YAHOO_PIT_CYCLE_V1,cycle_detrended_sma20_range40_v1,yfinance.download,1d_auto_adjust_true_close,SU.PA,EUR,WATCHLIST_DECLARED_ONLY,SESSION_DATE_CUTOFF_ONLY,2026-10-09,2026-10-10T09:05:09.890731+00:00,2026-10-10T09:05:25.561411+00:00,688f8d0d5fbe1f1e2efa0680ae99d417faa00ac95d127b6af0e86adac9aab3ba,256.0,COMPLETED_DAILY_BARS,49.83,34.89,,bull,stock,,,,0.08186137489637324,SU.PA,Schneider Electric S.E.,FR0000121972,SU.PA,SU.PA,Energie,Industrials,Electrical Equipment & Parts,France,EUR,266.3999938964844,,8.662129594233958,25.06,,61.2,,,,-0.06267121727094971,0.0011128272154041774,266.10386627197266,0.35156869614254,0.23810016847572782,0.1815112442065665,1159958.85,309013030.56017303,bull,0.08186137489637324,bull,0.1510202079004126,2026-10-10,True,True,False,OK,,,SU.PA,SU.PA,Electrical Equipment & Parts,True,True
SPOT,SPOTIFY TECH.,SPOT,529.1400146484375,USD,-22.785969208012514,24.84,0.0,Seitwärts,0.0,0.0,41.6,69.758,Zyklus-neutral,22.64,28.873,0.0,789000000.0,92863963136.0,16897000448.0,0.85,7.1,8.31,15.41,1.612,67.37,"[14.2, 45.28, 0.0, 24.02, 38.46]",25.314257,75.7,HIGH,"{""coverage"": 1.0, ""confluence"": 0.4, ""risk_clean"": 1.0, ""regime_align"": 0.7190542560497717, ""liquidity"": 0.6367713004484304, ""weights"": {""coverage"": 0.25, ""confluence"": 0.25, ""risk_clean"": 0.2, ""regime_align"": 0.2, ""liquidity"": 0.1}}",LU1778762911,SPOT,SPOT,Medien & Digitales 📱,511.74,0.4523929373208952,0.295245967970144,0.4035749189280341,1490040.0,788439787.4267578,498.69100158691407,0.06105787544718044,bull,0.08186137489637324,bull,0.1510202079004126,2026-10-10,0.061807953643892466,Communication Services,Internet Content & Information,Sweden,USD,0.516703739710711,-22.785969208012514,69.758,stock,S19 Medien & Unterhaltung,pillar,75.0,manual thematic assignment after stack redesign,"media, entertainment, streaming",VALID,YAHOO_PIT_CYCLE_V1,cycle_detrended_sma20_range40_v1,yfinance.download,1d_auto_adjust_true_close,SPOT,USD,WATCHLIST_DECLARED_ONLY,SESSION_DATE_CUTOFF_ONLY,2026-10-09,2026-10-10T09:05:09.890731+00:00,2026-10-10T09:05:25.995423+00:00,c360a2093d6ff38baa8326652738b724424a3c4d96811103df035ac825c4d96d,251.0,COMPLETED_DAILY_BARS,52.01,42.69,,bull,stock,,,,0.08186137489637324,SPOT,SPOTIFY TECH.,LU1778762911,SPOT,SPOT,Medien & Digitales 📱,Communication Services,Internet Content & Information,Sweden,USD,529.1400146484375,511.74,-22.785969208012514,24.84,0.0,75.7,Seitwärts,41.6,Zyklus-neutral,0.061807953643892466,0.06105787544718044,498.69100158691407,0.4523929373208952,0.295245967970144,0.4035749189280341,1490040.0,788439787.4267578,bull,0.08186137489637324,bull,0.1510202079004126,2026-10-10,True,True,False,OK,,,SPOT,SPOT,Internet Content & Information,True,True
NOW,SERVICENOW INC.,NOW,140.86000061035156,USD,-20.75030261407048,24.64,,,,,,38.3352,,,,,,,,,,,,,,,,67.8,MED,"{""coverage"": 1.0, ""confluence"": 0.4, ""risk_clean"": 0.3333333333333333, ""regime_align"": 0.9213125681735548, ""liquidity"": 0.7713004484304933, ""weights"": {""coverage"": 0.25, ""confluence"": 0.25, ""risk_clean"": 0.2, ""regime_align"": 0.2, ""liquidity"": 0.1}}",US81762P1021,NOW,NOW,Tech 💻,,0.576665937296075,0.4018818900685162,0.5614452127400548,10870460.0,1531213002.2348022,115.3357000732422,0.22130442283612584,bull,0.08186137489637324,bull,0.1510202079004126,2026-10-10,0.3053050041250116,Technology,Software - Application,United States,USD,0.7942759286952095,-20.75030261407048,38.3352,stock,S2 Gehirn,pillar,85.0,manual thematic assignment after stack redesign,"ai, semis, software",VALID,YAHOO_PIT_CYCLE_V1,cycle_detrended_sma20_range40_v1,yfinance.download,1d_auto_adjust_true_close,NOW,USD,WATCHLIST_DECLARED_ONLY,SESSION_DATE_CUTOFF_ONLY,2026-10-09,2026-10-10T09:05:09.890731+00:00,2026-10-10T09:05:26.194815+00:00,e7a80e077b375442e6731aa0b832903b92ca0c3c7cdaf1ba7502e9f35dee1277,251.0,COMPLETED_DAILY_BARS,56.29,56.88,,bull,stock,,,,0.08186137489637324,NOW,SERVICENOW INC.,US81762P1021,NOW,NOW,Tech 💻,Technology,Software - Application,United States,USD,140.86000061035156,,-20.75030261407048,24.64,,67.8,,,,0.3053050041250116,0.22130442283612584,115.3357000732422,0.576665937296075,0.4018818900685162,0.5614452127400548,10870460.0,1531213002.2348022,bull,0.08186137489637324,bull,0.1510202079004126,2026-10-10,True,True,False,OK,,,NOW,NOW,Software - Application,True,True
PYPL,PAYPAL HDGS,PYPL,55.529998779296875,USD,-19.603000471992548,24.09,0.0,Seitwärts,0.0,0.0,30.9,83.8496,Zyklus-neutral,25.73,60.703,135.0,3274249984.0,40072372224.0,33172000768.0,8.17,3.7,15.78,19.48,1.287,82.92,"[7.4, 51.46, 0.0, 70.46, 34.62]",7.116504,82.6,HIGH,"{""coverage"": 1.0, ""confluence"": 0.6, ""risk_clean"": 1.0, ""regime_align"": 0.8223750656486082, ""liquidity"": 0.6143497757847534, ""weights"": {""coverage"": 0.25, ""confluence"": 0.25, ""risk_clean"": 0.2, ""regime_align"": 0.2, ""liquidity"": 0.1}}",US70450Y1038,PYPL,PYPL,Finanzen,55.47,0.43073996335236037,0.3638555541992124,0.46356684575198237,11932065.0,662587554.884491,49.893564548492435,0.11296916309369509,bull,0.08186137489637324,bull,0.1510202079004126,2026-10-10,0.13701844141799646,Financial Services,Credit Services,United States,USD,0.9269326013995771,-19.603000471992548,83.8496,stock,S21 Finanzsystem,pillar,83.0,manual thematic assignment after stack redesign,"payments, exchanges, capital markets, crypto",VALID,YAHOO_PIT_CYCLE_V1,cycle_detrended_sma20_range40_v1,yfinance.download,1d_auto_adjust_true_close,PYPL,USD,WATCHLIST_DECLARED_ONLY,SESSION_DATE_CUTOFF_ONLY,2026-10-09,2026-10-10T09:05:09.890731+00:00,2026-10-10T09:05:26.101351+00:00,68a80226bb0278e05a6c9891f8befe75c4003624a916f66c83c5a5481d35faf7,251.0,COMPLETED_DAILY_BARS,53.25,50.1,,bull,stock,,,,0.08186137489637324,PYPL,PAYPAL HDGS,US70450Y1038,PYPL,PYPL,Finanzen,Financial Services,Credit Services,United States,USD,55.529998779296875,55.47,-19.603000471992548,24.09,0.0,82.6,Seitwärts,30.9,Zyklus-neutral,0.13701844141799646,0.11296916309369509,49.893564548492435,0.43073996335236037,0.3638555541992124,0.46356684575198237,11932065.0,662587554.884491,bull,0.08186137489637324,bull,0.1510202079004126,2026-10-10,True,True,False,OK,,,PYPL,PYPL,Credit Services,True,True
TEAM,ATLASSIAN CORP.,TEAM,206.7899932861328,USD,43.04786716831239,23.84,,,,,,45.6166,,,,,,,,,,,,,,,,67.5,MED,"{""coverage"": 1.0, ""confluence"": 0.4, ""risk_clean"": 0.3333333333333333, ""regime_align"": 0.9910111905627601, ""liquidity"": 0.6053811659192825, ""weights"": {""coverage"": 0.25, ""confluence"": 0.25, ""risk_clean"": 0.2, ""regime_align"": 0.2, ""liquidity"": 0.1}}",US0494681010,TEAM,TEAM,Tech 💻,,0.7868056675589039,0.3668663594328499,0.6754316166993615,2945675.0,609136113.4731293,113.28077491760254,0.8254641481446998,bull,0.08186137489637324,bull,0.1510202079004126,2026-10-10,1.2832583393681039,Technology,Software - Application,Australia,USD,1.581758533213451,43.04786716831239,45.6166,stock,S2 Gehirn,pillar,85.0,manual thematic assignment after stack redesign,"ai, semis, software",VALID,YAHOO_PIT_CYCLE_V1,cycle_detrended_sma20_range40_v1,yfinance.download,1d_auto_adjust_true_close,TEAM,USD,WATCHLIST_DECLARED_ONLY,SESSION_DATE_CUTOFF_ONLY,2026-10-09,2026-10-10T09:05:09.890731+00:00,2026-10-10T09:05:26.183948+00:00,5ef060262ac4de8a312d881dc53a89e45384cdfcdbede4a7da55c73e42bb80ec,251.0,COMPLETED_DAILY_BARS,57.47,64.34,,bull,stock,,,,0.08186137489637324,TEAM,ATLASSIAN CORP.,US0494681010,TEAM,TEAM,Tech 💻,Technology,Software - Application,Australia,USD,206.7899932861328,,43.04786716831239,23.84,,67.5,,,,1.2832583393681039,0.8254641481446998,113.28077491760254,0.7868056675589039,0.3668663594328499,0.6754316166993615,2945675.0,609136113.4731293,bull,0.08186137489637324,bull,0.1510202079004126,2026-10-10,True,True,False,OK,,,TEAM,TEAM,Software - Application,True,True
ETH-USD,Ethereum,ETH-USD,2494.0,USD,-35.10293270475684,23.74,,,,,,4.4369,,,,,,,,,,,,,,,,68.8,MED,"{""coverage"": 1.0, ""confluence"": 0.2, ""risk_clean"": 0.6666666666666666, ""regime_align"": 0.775491859572577, ""liquidity"": 0.9910313901345291, ""weights"": {""coverage"": 0.25, ""confluence"": 0.25, ""risk_clean"": 0.2, ""regime_align"": 0.2, ""liquidity"": 0.1}}",,ETH-USD,ETH-USD,,,0.5179013232633273,0.34652872314176963,0.6314147853903944,13463410163.15,33577744946896.098,2131.9855310058592,0.16980155996806623,bull,0.08186137489637324,bull,0.1510202079004126,2026-10-10,0.03009691577655449,Cryptocurrency,Digital Currency,Global,USD,0.34042625083416933,-35.10293270475684,4.4369,crypto,S21 Finanzsystem,pillar,83.0,manual thematic assignment after stack redesign,"payments, exchanges, capital markets, crypto",VALID,YAHOO_PIT_CYCLE_V1,cycle_detrended_sma20_range40_v1,yfinance.download,1d_auto_adjust_true_close,ETH-USD,USD,WATCHLIST_DECLARED_ONLY,SESSION_DATE_CUTOFF_ONLY,2026-10-09,2026-10-10T09:05:09.890731+00:00,2026-10-10T09:05:26.068637+00:00,20e284afcd6bd68b18e6b0c6e7dcb1734132fabc7d3b5a54e247734fa18ed2dc,365.0,COMPLETED_DAILY_BARS,53.46,52.45,,bull,crypto,,,,0.1510202079004126,ETH-USD,Ethereum,,ETH-USD,ETH-USD,,Cryptocurrency,Digital Currency,Global,USD,2494.0,,-35.10293270475684,23.74,,68.8,,,,0.03009691577655449,0.16980155996806623,2131.9855310058592,0.5179013232633273,0.34652872314176963,0.6314147853903944,13463410163.15,33577744946896.098,bull,0.08186137489637324,bull,0.1510202079004126,2026-10-10,True,True,True,OK,ETH,USD,CRYPTO:ETH,ETH,Krypto,True,True
DSV.TO,DISCOVERY SILVER,DSV.TO,11.710000038146973,CAD,123.04761977422807,23.44,0.0,Seitwärts,0.0,0.0,78.9,25.5775,Zyklus-neutral,11.07,100.0,0.0,152799680.0,7792443392.0,378971008.0,1.96,0.0,9.5,9.5,2.042,36.13,"[0.0, 22.14, 0.0, 72.12, 35.12]",14.400001,61.8,MED,"{""coverage"": 1.0, ""confluence"": 0.4, ""risk_clean"": 0.3333333333333333, ""regime_align"": 0.925756473962752, ""liquidity"": 0.1659192825112108, ""weights"": {""coverage"": 0.25, ""confluence"": 0.25, ""risk_clean"": 0.2, ""regime_align"": 0.2, ""liquidity"": 0.1}}",CA2546771072,DSV.TO,DSV.TO,Edelmetalle ⛏️,11.36,0.7820420700666695,0.47589845123747976,0.3848768488073805,2784865.0,32610769.25623417,9.81605000257492,0.1929442122926468,bull,0.08186137489637324,bull,0.1510202079004126,2026-10-10,0.4020724026495981,Basic Materials,Silver,Canada,CAD,2.0034887202255103,123.04761977422807,25.5775,stock,S4 Fundament,pillar,84.0,manual thematic assignment after stack redesign,"materials, mining, metals",VALID,YAHOO_PIT_CYCLE_V1,cycle_detrended_sma20_range40_v1,yfinance.download,1d_auto_adjust_true_close,DSV.TO,CAD,WATCHLIST_DECLARED_ONLY,SESSION_DATE_CUTOFF_ONLY,2026-10-09,2026-10-10T09:05:09.890731+00:00,2026-10-10T09:05:25.645478+00:00,542dc55661204ce9fcb96354b7b77f8775caa84f75af77cf8d4d9ebefdbdd342,252.0,COMPLETED_DAILY_BARS,57.27,65.64,,bull,stock,,,,0.08186137489637324,DSV.TO,DISCOVERY SILVER,CA2546771072,DSV.TO,DSV.TO,Edelmetalle ⛏️,Basic Materials,Silver,Canada,CAD,11.710000038146973,11.36,123.04761977422807,23.44,0.0,61.8,Seitwärts,78.9,Zyklus-neutral,0.4020724026495981,0.1929442122926468,9.81605000257492,0.7820420700666695,0.47589845123747976,0.3848768488073805,2784865.0,32610769.25623417,bull,0.08186137489637324,bull,0.1510202079004126,2026-10-10,True,True,False,OK,,,DSV.TO,DSV.TO,Silver,True,True
8035.T,Tokyo Electron Limited,8035.T,12445.0,JPY,118.9346271141642,23.36,,,,,,,,,,,,,,,,,,,,,,66.1,MED,"{""coverage"": 1.0, ""confluence"": 0.2, ""risk_clean"": 0.6666666666666666, ""regime_align"": 0.6500626186724842, ""liquidity"": 0.9730941704035875, ""weights"": {""coverage"": 0.25, ""confluence"": 0.25, ""risk_clean"": 0.2, ""regime_align"": 0.2, ""liquidity"": 0.1}}",JP3571400005,8035.T,8035.T,,,0.570986672774236,0.34968589162867963,0.3654822097306196,15546435.0,193475383575.0,9805.634765625,0.2691682178116257,bull,0.08186137489637324,bull,0.1510202079004126,2026-10-10,-0.11653465766352822,Technology,Semiconductor Equipment & Materials,Japan,JPY,2.09187858900739,118.9346271141642,,stock,S2 Gehirn,pillar,85.0,manual thematic assignment after stack redesign,"ai, semis, software",INSUFFICIENT_HISTORY,YAHOO_PIT_CYCLE_V1,cycle_detrended_sma20_range40_v1,yfinance.download,1d_auto_adjust_true_close,8035.T,JPY,WATCHLIST_DECLARED_ONLY,SESSION_DATE_CUTOFF_ONLY,2026-10-09,2026-10-10T09:05:09.890731+00:00,2026-10-10T09:05:25.300156+00:00,,243.0,GAP_IN_DAILY_BARS,50.81,46.01,,bull,stock,,,,0.08186137489637324,8035.T,Tokyo Electron Limited,JP3571400005,8035.T,8035.T,,Technology,Semiconductor Equipment & Materials,Japan,JPY,12445.0,,118.9346271141642,23.36,,66.1,,,,-0.11653465766352822,0.2691682178116257,9805.634765625,0.570986672774236,0.34968589162867963,0.3654822097306196,15546435.0,193475383575.0,bull,0.08186137489637324,bull,0.1510202079004126,2026-10-10,True,True,False,OK,,,8035.T,8035.T,Semiconductor Equipment & Materials,True,True
NBIS,NEBIUS GROUP N.V.,NBIS,221.07000732421875,USD,70.6050348821942,23.06,,,,,,14.4105,,,,,,,,,,,,,,,,74.6,MED,"{""coverage"": 1.0, ""confluence"": 0.4, ""risk_clean"": 0.6666666666666666, ""regime_align"": 0.87878236981376, ""liquidity"": 0.8699551569506726, ""weights"": {""coverage"": 0.25, ""confluence"": 0.25, ""risk_clean"": 0.2, ""regime_align"": 0.2, ""liquidity"": 0.1}}",NL0009805522,NBIS,NBIS,Tech 💻,,1.0911668368446756,0.5583669374431216,0.4829955702728198,16039450.0,3545841328.9764404,171.45550041198732,0.28937250069559517,bull,0.08186137489637324,bull,0.1510202079004126,2026-10-10,0.10086970100151227,Communication Services,Internet Content & Information,Netherlands,USD,0.618998028670914,70.6050348821942,14.4105,stock,S2 Gehirn,pillar,85.0,manual thematic assignment after stack redesign,"ai, semis, software",VALID,YAHOO_PIT_CYCLE_V1,cycle_detrended_sma20_range40_v1,yfinance.download,1d_auto_adjust_true_close,NBIS,USD,WATCHLIST_DECLARED_ONLY,SESSION_DATE_CUTOFF_ONLY,2026-10-09,2026-10-10T09:05:09.890731+00:00,2026-10-10T09:05:26.254910+00:00,27ce69b62e8b96d1374cbcb3f7734b0d5ad12a57a7ebca2380171171c087b0f1,251.0,COMPLETED_DAILY_BARS,55.36,61.56,,bull,stock,,,,0.08186137489637324,NBIS,NEBIUS GROUP N.V.,NL0009805522,NBIS,NBIS,Tech 💻,Communication Services,Internet Content & Information,Netherlands,USD,221.07000732421875,,70.6050348821942,23.06,,74.6,,,,0.10086970100151227,0.28937250069559517,171.45550041198732,1.0911668368446756,0.5583669374431216,0.4829955702728198,16039450.0,3545841328.9764404,bull,0.08186137489637324,bull,0.1510202079004126,2026-10-10,True,True,False,OK,,,NBIS,NBIS,Internet Content & Information,True,True
AUTO.OL,AUTOSTORE HOLDINGS,AUTO.OL,15.890000343322754,NOK,55.17578807121042,22.88,0.0,Seitwärts,0.0,0.0,53.0,23.2106,Zyklus-neutral,5.71,35.222,0.0,163850000.0,39791874048.0,523800000.0,0.41,-3.6,15.48,11.88,4.24,95.1,"[0.0, 11.42, 0.0, 56.35, 8.19]",28.716442,76.9,HIGH,"{""coverage"": 1.0, ""confluence"": 0.4, ""risk_clean"": 1.0, ""regime_align"": 0.94377449198077, ""liquidity"": 0.3004484304932735, ""weights"": {""coverage"": 0.25, ""confluence"": 0.25, ""risk_clean"": 0.2, ""regime_align"": 0.2, ""liquidity"": 0.1}}",BMG0670A1099,AUTO.OL,AUTO.OL,Hardware 💻,11.83,0.5570863752341573,0.28156439817931855,0.3009188498396024,5187598.35,82430939.56252055,12.53947500705719,0.2671982147880909,bull,0.08186137489637324,bull,0.1510202079004126,2026-10-10,0.38953493706528564,Technology,Computer Hardware,Norway,NOK,-0.3761722047641025,55.17578807121042,23.2106,stock,S1 Hardware,pillar,85.0,manual thematic assignment after stack redesign,"robotics, automation, devices",VALID,YAHOO_PIT_CYCLE_V1,cycle_detrended_sma20_range40_v1,yfinance.download,1d_auto_adjust_true_close,AUTO.OL,NOK,WATCHLIST_DECLARED_ONLY,SESSION_DATE_CUTOFF_ONLY,2026-10-09,2026-10-10T09:05:09.890731+00:00,2026-10-10T09:05:25.207218+00:00,777715e572d69963a01dae4ec5c8e86ac9ba6f2798c16097be9ed86c0a5b2714,251.0,COMPLETED_DAILY_BARS,50.43,47.14,,bull,stock,,,,0.08186137489637324,AUTO.OL,AUTOSTORE HOLDINGS,BMG0670A1099,AUTO.OL,AUTO.OL,Hardware 💻,Technology,Computer Hardware,Norway,NOK,15.890000343322754,11.83,55.17578807121042,22.88,0.0,76.9,Seitwärts,53.0,Zyklus-neutral,0.38953493706528564,0.2671982147880909,12.53947500705719,0.5570863752341573,0.28156439817931855,0.3009188498396024,5187598.35,82430939.56252055,bull,0.08186137489637324,bull,0.1510202079004126,2026-10-10,True,True,False,OK,,,AUTO.OL,AUTO.OL,Computer Hardware,True,True
CGNX,COGNEX CORP.,CGNX,62.91999816894531,USD,55.290517384307435,22.73,1.15,BUY,42.33,48.59,56.8,68.2486,Zyklus-Hoch,7.21,5.298,78.0,180942256.0,7082582016.0,971705024.0,2.55,18.0,11.33,29.33,3.964,100.6,"[36.0, 14.42, 0.0, 25.87, 10.85]",38.553066,59.8,MED,"{""coverage"": 1.0, ""confluence"": 0.2, ""risk_clean"": 0.6666666666666666, ""regime_align"": 0.6497394255241788, ""liquidity"": 0.3452914798206278, ""weights"": {""coverage"": 0.25, ""confluence"": 0.25, ""risk_clean"": 0.2, ""regime_align"": 0.2, ""liquidity"": 0.1}}",US1924221039,CGNX,CGNX,Hardware 💻,39.72,0.5870733071011242,0.31300897243337206,0.2786422320334081,1781315.0,112080336.53831482,56.319025630950925,0.11720679582153015,bull,0.08186137489637324,bull,0.1510202079004126,2026-10-10,-0.06922643330278833,Technology,Scientific & Technical Instruments,United States,USD,3.2999479996199677,55.290517384307435,68.2486,stock,S1 Hardware,pillar,85.0,manual thematic assignment after stack redesign,"robotics, automation, devices",VALID,YAHOO_PIT_CYCLE_V1,cycle_detrended_sma20_range40_v1,yfinance.download,1d_auto_adjust_true_close,CGNX,USD,WATCHLIST_DECLARED_ONLY,SESSION_DATE_CUTOFF_ONLY,2026-10-09,2026-10-10T09:05:09.890731+00:00,2026-10-10T09:05:25.213597+00:00,119d5e65fd99449813888dfcb56a42bb969d0bbe4825b49e795309dead674b10,251.0,COMPLETED_DAILY_BARS,47.61,39.15,,bull,stock,,,,0.08186137489637324,CGNX,COGNEX CORP.,US1924221039,CGNX,CGNX,Hardware 💻,Technology,Scientific & Technical Instruments,United States,USD,62.91999816894531,39.72,55.290517384307435,22.73,1.15,59.8,BUY,56.8,Zyklus-Hoch,-0.06922643330278833,0.11720679582153015,56.319025630950925,0.5870733071011242,0.31300897243337206,0.2786422320334081,1781315.0,112080336.53831482,bull,0.08186137489637324,bull,0.1510202079004126,2026-10-10,True,True,False,OK,,,CGNX,CGNX,Scientific & Technical Instruments,True,True
UMI.BR,UMICORE,UMI.BR,20.979999542236328,EUR,26.832786566166522,22.55,0.0,Seitwärts,0.0,0.0,68.0,34.6592,Zyklus-Tief,7.19,142.464,258.0,972513728.0,6383084544.0,16115299328.0,15.24,16.8,0.8,17.6,1.385,41.43,"[33.6, 14.38, 0.0, 100.0, 14.62]",14.204213,51.5,MED,"{""coverage"": 1.0, ""confluence"": 0.0, ""risk_clean"": 0.6666666666666666, ""regime_align"": 0.6180462974184948, ""liquidity"": 0.08071748878923768, ""weights"": {""coverage"": 0.25, ""confluence"": 0.25, ""risk_clean"": 0.2, ""regime_align"": 0.2, ""liquidity"": 0.1}}",BE0974320526,UMI.BR,UMI.BR,Recycling,21.36,0.46620980466144646,0.3078749307199479,0.28724392656859776,355471.1,7457783.515278243,20.351486740112303,0.030882893724183846,bull,0.08186137489637324,bull,0.1510202079004126,2026-10-10,-0.018701707573474113,Industrials,Waste Management,Belgium,EUR,2.0428019805626807,26.832786566166522,34.6592,stock,S5 Recycling,pillar,83.0,manual thematic assignment after stack redesign,"recycling, urban mining",VALID,YAHOO_PIT_CYCLE_V1,cycle_detrended_sma20_range40_v1,yfinance.download,1d_auto_adjust_true_close,UMI.BR,EUR,WATCHLIST_DECLARED_ONLY,SESSION_DATE_CUTOFF_ONLY,2026-10-09,2026-10-10T09:05:09.890731+00:00,2026-10-10T09:05:25.789648+00:00,2b8c86519d53be2a5e7969af5e1545c41d6399b3200b4eaa66f9065dbf18a325,256.0,COMPLETED_DAILY_BARS,51.92,53.35,,bull,stock,,,,0.08186137489637324,UMI.BR,UMICORE,BE0974320526,UMI.BR,UMI.BR,Recycling,Industrials,Waste Management,Belgium,EUR,20.979999542236328,21.36,26.832786566166522,22.55,0.0,51.5,Seitwärts,68.0,Zyklus-Tief,-0.018701707573474113,0.030882893724183846,20.351486740112303,0.46620980466144646,0.3078749307199479,0.28724392656859776,355471.1,7457783.515278243,bull,0.08186137489637324,bull,0.1510202079004126,2026-10-10,True,True,False,OK,,,UMI.BR,UMI.BR,Waste Management,True,True
PATH,"UIPATH, INC.",PATH,13.479999542236328,USD,-20.9384155693352,22.37,,,,,,55.289,,,,,,,,,,,,,,,,62.8,MED,"{""coverage"": 1.0, ""confluence"": 0.4, ""risk_clean"": 0.3333333333333333, ""regime_align"": 0.7616955520542965, ""liquidity"": 0.5874439461883408, ""weights"": {""coverage"": 0.25, ""confluence"": 0.25, ""risk_clean"": 0.2, ""regime_align"": 0.2, ""liquidity"": 0.1}}",US90364P1057,PATH,PATH,Tech 💻,,0.6546825413513541,0.42264466087827757,0.5137377050671597,42077510.0,567204815.5384445,12.604499979019165,0.06945928554678704,bull,0.08186137489637324,bull,0.1510202079004126,2026-10-10,0.09084019071696203,Technology,Software - Infrastructure,United States,USD,1.7358456017836144,-20.9384155693352,55.289,stock,S2 Gehirn,pillar,85.0,manual thematic assignment after stack redesign,"ai, semis, software",VALID,YAHOO_PIT_CYCLE_V1,cycle_detrended_sma20_range40_v1,yfinance.download,1d_auto_adjust_true_close,PATH,USD,WATCHLIST_DECLARED_ONLY,SESSION_DATE_CUTOFF_ONLY,2026-10-09,2026-10-10T09:05:09.890731+00:00,2026-10-10T09:05:26.292726+00:00,d9a06db01b07313fc43d402dea50ab02fdef9d19ac4d1f03c3646a7ec9fe9afd,251.0,COMPLETED_DAILY_BARS,53.57,59.28,,bull,stock,,,,0.08186137489637324,PATH,"UIPATH, INC.",US90364P1057,PATH,PATH,Tech 💻,Technology,Software - Infrastructure,United States,USD,13.479999542236328,,-20.9384155693352,22.37,,62.8,,,,0.09084019071696203,0.06945928554678704,12.604499979019165,0.6546825413513541,0.42264466087827757,0.5137377050671597,42077510.0,567204815.5384445,bull,0.08186137489637324,bull,0.1510202079004126,2026-10-10,True,True,False,OK,,,PATH,PATH,Software - Infrastructure,True,True
LRCX,Lam Research Corporation,LRCX,318.8399963378906,USD,143.82486102489182,21.68,,,,,,55.1314,,,,,,,,,,,,,,,,64.0,MED,"{""coverage"": 1.0, ""confluence"": 0.2, ""risk_clean"": 0.6666666666666666, ""regime_align"": 0.6050074738415545, ""liquidity"": 0.8565022421524664, ""weights"": {""coverage"": 0.25, ""confluence"": 0.25, ""risk_clean"": 0.2, ""regime_align"": 0.2, ""liquidity"": 0.1}}",US5128073062,LRCX,LRCX,,,0.64283331735594,0.3920567664681945,0.41764934428507483,9109895.0,2904598888.438568,278.7164654541016,0.14395823662020613,bull,0.08186137489637324,bull,0.1510202079004126,2026-10-10,-0.11592277631956815,Technology,Semiconductor Equipment & Materials,United States,USD,-0.5458685610874703,143.82486102489182,55.1314,stock,S2 Gehirn,pillar,85.0,manual thematic assignment after stack redesign,"ai, semis, software",VALID,YAHOO_PIT_CYCLE_V1,cycle_detrended_sma20_range40_v1,yfinance.download,1d_auto_adjust_true_close,LRCX,USD,WATCHLIST_DECLARED_ONLY,SESSION_DATE_CUTOFF_ONLY,2026-10-09,2026-10-10T09:05:09.890731+00:00,2026-10-10T09:05:25.386189+00:00,aaa6b4db9144248d7776c847e81983e26f2e196ac959554e9bfc6c0d887bf5dc,251.0,COMPLETED_DAILY_BARS,50.14,51.96,,bull,stock,,,,0.08186137489637324,LRCX,Lam Research Corporation,US5128073062,LRCX,LRCX,,Technology,Semiconductor Equipment & Materials,United States,USD,318.8399963378906,,143.82486102489182,21.68,,64.0,,,,-0.11592277631956815,0.14395823662020613,278.7164654541016,0.64283331735594,0.3920567664681945,0.41764934428507483,9109895.0,2904598888.438568,bull,0.08186137489637324,bull,0.1510202079004126,2026-10-10,True,True,False,OK,,,LRCX,LRCX,Semiconductor Equipment & Materials,True,True
XYZ,BLOCK INC. A,XYZ,77.23999786376953,USD,3.4418103091544694,21.24,0.0,Seitwärts,0.0,0.0,41.0,73.5504,Zyklus-neutral,14.69,36.049,0.0,241061248.0,34101551104.0,23973765120.0,0.71,2.3,13.08,15.38,2.183,81.62,"[4.6, 29.38, 0.0, 64.15, 39.94]",17.737028,67.9,MED,"{""coverage"": 1.0, ""confluence"": 0.2, ""risk_clean"": 1.0, ""regime_align"": 0.6272371025734255, ""liquidity"": 0.5336322869955157, ""weights"": {""coverage"": 0.25, ""confluence"": 0.25, ""risk_clean"": 0.2, ""regime_align"": 0.2, ""liquidity"": 0.1}}",US8522341036,XYZ,XYZ,Fintech,64.75,0.46258746325298616,0.2975372644027488,0.38775255717454726,4319665.0,333650915.3722,70.4257497215271,0.096757907003999,bull,0.08186137489637324,bull,0.1510202079004126,2026-10-10,-0.07251733340686017,Technology,Software - Infrastructure,United States,USD,2.671799039140521,3.4418103091544694,73.5504,stock,S21 Finanzsystem,pillar,83.0,manual thematic assignment after stack redesign,"payments, exchanges, capital markets, crypto",VALID,YAHOO_PIT_CYCLE_V1,cycle_detrended_sma20_range40_v1,yfinance.download,1d_auto_adjust_true_close,XYZ,USD,WATCHLIST_DECLARED_ONLY,SESSION_DATE_CUTOFF_ONLY,2026-10-09,2026-10-10T09:05:09.890731+00:00,2026-10-10T09:05:26.123028+00:00,461b7a0706a1c125f66634d9df2e068d051ff7e3ae3a9781743d38383a223772,251.0,COMPLETED_DAILY_BARS,47.23,45.05,,bull,stock,,,,0.08186137489637324,XYZ,BLOCK INC. A,US8522341036,XYZ,XYZ,Fintech,Technology,Software - Infrastructure,United States,USD,77.23999786376953,64.75,3.4418103091544694,21.24,0.0,67.9,Seitwärts,41.0,Zyklus-neutral,-0.07251733340686017,0.096757907003999,70.4257497215271,0.46258746325298616,0.2975372644027488,0.38775255717454726,4319665.0,333650915.3722,bull,0.08186137489637324,bull,0.1510202079004126,2026-10-10,True,True,False,OK,,,XYZ,XYZ,Software - Infrastructure,True,True
ADA-USD,Cardano,ADA-USD,0.25613000988960266,USD,-59.65408209213911,21.15,,,,,,18.9046,,,,,,,,,,,,,,,,56.5,MED,"{""coverage"": 1.0, ""confluence"": 0.2, ""risk_clean"": 0.3333333333333333, ""regime_align"": 0.7957318304851937, ""liquidity"": 0.3946188340807175, ""weights"": {""coverage"": 0.25, ""confluence"": 0.25, ""risk_clean"": 0.2, ""regime_align"": 0.2, ""liquidity"": 0.1}}",,ADA-USD,ADA-USD,,,0.6386488205800385,0.36122778868842353,0.8033220121849601,692025014.6,177248373.83335042,0.21285906456410886,0.20328448503757035,bull,0.08186137489637324,bull,0.1510202079004126,2026-10-10,0.039258547072609895,Cryptocurrency,Digital Currency,Global,USD,5.439309959511429,-59.65408209213911,18.9046,crypto,S21 Finanzsystem,pillar,83.0,manual thematic assignment after stack redesign,"payments, exchanges, capital markets, crypto",VALID,YAHOO_PIT_CYCLE_V1,cycle_detrended_sma20_range40_v1,yfinance.download,1d_auto_adjust_true_close,ADA-USD,USD,WATCHLIST_DECLARED_ONLY,SESSION_DATE_CUTOFF_ONLY,2026-10-09,2026-10-10T09:05:09.890731+00:00,2026-10-10T09:05:26.028773+00:00,24b2c6bd5c8013c21cb12d2268c4fe54b5c367b8ea0ecabc7fa04bbb558722e4,365.0,COMPLETED_DAILY_BARS,53.8,65.82,,bull,crypto,,,,0.1510202079004126,ADA-USD,Cardano,,ADA-USD,ADA-USD,,Cryptocurrency,Digital Currency,Global,USD,0.25613000988960266,,-59.65408209213911,21.15,,56.5,,,,0.039258547072609895,0.20328448503757035,0.21285906456410886,0.6386488205800385,0.36122778868842353,0.8033220121849601,692025014.6,177248373.83335042,bull,0.08186137489637324,bull,0.1510202079004126,2026-10-10,True,True,True,OK,ADA,USD,CRYPTO:ADA,ADA,Krypto,True,True
AMAT,"Applied Materials, Inc.",AMAT,507.0299987792969,USD,142.8361166412518,21.13,,,,,,63.5071,,,,,,,,,,,,,,,,63.0,MED,"{""coverage"": 1.0, ""confluence"": 0.2, ""risk_clean"": 0.6666666666666666, ""regime_align"": 0.5490243606835535, ""liquidity"": 0.8654708520179372, ""weights"": {""coverage"": 0.25, ""confluence"": 0.25, ""risk_clean"": 0.2, ""regime_align"": 0.2, ""liquidity"": 0.1}}",US0382221051,AMAT,AMAT,,,0.5938435799619965,0.37420091675779693,0.4248628346251607,6237615.0,3162657925.835724,433.6493902587891,0.16921644574829542,bull,0.08186137489637324,bull,0.1510202079004126,2026-10-10,-0.1860780268135751,Technology,Semiconductor Equipment & Materials,United States,USD,-0.4984611551726914,142.8361166412518,63.5071,stock,S2 Gehirn,pillar,85.0,manual thematic assignment after stack redesign,"ai, semis, software",VALID,YAHOO_PIT_CYCLE_V1,cycle_detrended_sma20_range40_v1,yfinance.download,1d_auto_adjust_true_close,AMAT,USD,WATCHLIST_DECLARED_ONLY,SESSION_DATE_CUTOFF_ONLY,2026-10-09,2026-10-10T09:05:09.890731+00:00,2026-10-10T09:05:25.318237+00:00,e082d5e3c460116429789e18efcb4437b046430ebe63fc91c11a2fdced3e067c,251.0,COMPLETED_DAILY_BARS,48.94,50.86,,bull,stock,,,,0.08186137489637324,AMAT,"Applied Materials, Inc.",US0382221051,AMAT,AMAT,,Technology,Semiconductor Equipment & Materials,United States,USD,507.0299987792969,,142.8361166412518,21.13,,63.0,,,,-0.1860780268135751,0.16921644574829542,433.6493902587891,0.5938435799619965,0.37420091675779693,0.4248628346251607,6237615.0,3162657925.835724,bull,0.08186137489637324,bull,0.1510202079004126,2026-10-10,True,True,False,OK,,,AMAT,AMAT,Semiconductor Equipment & Materials,True,True
ZETA,ZETA GLOBAL,ZETA,33.09000015258789,USD,79.83696107941007,20.54,8.58,BUY,24.9,31.9,46.3,52.081,Zyklus-neutral,-3.92,30.196,0.0,160941248.0,3953812480.0,1224702976.0,4.07,25.7,-1.86,23.84,3.011,83.76,"[51.4, 0.0, 0.0, 95.27, 53.49]",17.743103,77.1,HIGH,"{""coverage"": 1.0, ""confluence"": 0.6, ""risk_clean"": 0.6666666666666666, ""regime_align"": 0.9775279764069003, ""liquidity"": 0.4260089686098655, ""weights"": {""coverage"": 0.25, ""confluence"": 0.25, ""risk_clean"": 0.2, ""regime_align"": 0.2, ""liquidity"": 0.1}}",US98956A1051,ZETA,ZETA,Medien & Digitales 📱,20.1,0.6596705076602983,0.34715591605256585,0.4036885074504244,6010615.0,198891251.26714706,21.64560001373291,0.528717158757168,bull,0.08186137489637324,bull,0.1510202079004126,2026-10-10,0.4305703157492853,Technology,Software - Infrastructure,United States,USD,0.1816572071102307,79.83696107941007,52.081,stock,S2 Gehirn,pillar,85.0,manual thematic assignment after stack redesign,"ai, semis, software",VALID,YAHOO_PIT_CYCLE_V1,cycle_detrended_sma20_range40_v1,yfinance.download,1d_auto_adjust_true_close,ZETA,USD,WATCHLIST_DECLARED_ONLY,SESSION_DATE_CUTOFF_ONLY,2026-10-09,2026-10-10T09:05:09.890731+00:00,2026-10-10T09:05:25.470445+00:00,d824af6977cc21d1c76c9985890210ac74828f3b75103447f89a34c757360035,251.0,COMPLETED_DAILY_BARS,46.61,46.48,,bull,stock,,,,0.08186137489637324,ZETA,ZETA GLOBAL,US98956A1051,ZETA,ZETA,Medien & Digitales 📱,Technology,Software - Infrastructure,United States,USD,33.09000015258789,20.1,79.83696107941007,20.54,8.58,77.1,BUY,46.3,Zyklus-neutral,0.4305703157492853,0.528717158757168,21.64560001373291,0.6596705076602983,0.34715591605256585,0.4036885074504244,6010615.0,198891251.26714706,bull,0.08186137489637324,bull,0.1510202079004126,2026-10-10,True,True,False,OK,,,ZETA,ZETA,Software - Infrastructure,True,True
UNH,UNITEDHEALTH,UNH,379.29998779296875,USD,9.844792300322226,20.35,0.0,Seitwärts,0.0,0.0,33.6,100.0,Zyklus-neutral,12.54,77.08,324.0,15929249792.0,300506185728.0,447567003648.0,5.3,12.3,2.69,14.99,0.788,83.33,"[24.6, 25.08, 0.0, 73.53, 34.9]",13.6433325,62.1,MED,"{""coverage"": 1.0, ""confluence"": 0.2, ""risk_clean"": 0.6666666666666666, ""regime_align"": 0.5307740475901911, ""liquidity"": 0.8161434977578476, ""weights"": {""coverage"": 0.25, ""confluence"": 0.25, ""risk_clean"": 0.2, ""regime_align"": 0.2, ""liquidity"": 0.1}}",US91324P1021,UNH,UNH,Pharma & Gesundheit,281.25,0.3437554903198066,0.2873551318740805,0.2855894945077633,5037970.0,1910901959.5013428,353.8885621643066,0.07180629256071835,bull,0.08186137489637324,bull,0.1510202079004126,2026-10-10,-0.14057330071562468,Healthcare,Healthcare Plans,United States,USD,2.25097056507908,9.844792300322226,100.0,stock,S13 Gesundheit,pillar,82.0,manual thematic assignment after stack redesign,"healthcare, pharma, medtech",VALID,YAHOO_PIT_CYCLE_V1,cycle_detrended_sma20_range40_v1,yfinance.download,1d_auto_adjust_true_close,UNH,USD,WATCHLIST_DECLARED_ONLY,SESSION_DATE_CUTOFF_ONLY,2026-10-09,2026-10-10T09:05:09.890731+00:00,2026-10-10T09:05:25.933233+00:00,1826683c8ac291010ca87a6536ea2925ded861b32521e0abec45d5dacb99667d,251.0,COMPLETED_DAILY_BARS,43.46,37.61,,bull,stock,,,,0.08186137489637324,UNH,UNITEDHEALTH,US91324P1021,UNH,UNH,Pharma & Gesundheit,Healthcare,Healthcare Plans,United States,USD,379.29998779296875,281.25,9.844792300322226,20.35,0.0,62.1,Seitwärts,33.6,Zyklus-neutral,-0.14057330071562468,0.07180629256071835,353.8885621643066,0.3437554903198066,0.2873551318740805,0.2855894945077633,5037970.0,1910901959.5013428,bull,0.08186137489637324,bull,0.1510202079004126,2026-10-10,True,True,False,OK,,,UNH,UNH,Healthcare Plans,True,True
KLAC,KLA Corporation,KLAC,195.57000732421875,USD,100.07633476964459,19.98,,,,,,63.7543,,,,,,,,,,,,,,,,61.0,MED,"{""coverage"": 1.0, ""confluence"": 0.2, ""risk_clean"": 0.6666666666666666, ""regime_align"": 0.48597139740637496, ""liquidity"": 0.7982062780269058, ""weights"": {""coverage"": 0.25, ""confluence"": 0.25, ""risk_clean"": 0.2, ""regime_align"": 0.2, ""liquidity"": 0.1}}",US4824801009,KLAC,KLAC,,,0.6015836614351825,0.4395525515715275,0.44466815138541516,8949670.0,1750287027.4493408,179.4206167602539,0.09000855562515464,bull,0.08186137489637324,bull,0.1510202079004126,2026-10-10,-0.18823979242741784,Technology,Semiconductor Equipment & Materials,United States,USD,-0.5845841243129035,100.07633476964459,63.7543,stock,S2 Gehirn,pillar,85.0,manual thematic assignment after stack redesign,"ai, semis, software",VALID,YAHOO_PIT_CYCLE_V1,cycle_detrended_sma20_range40_v1,yfinance.download,1d_auto_adjust_true_close,KLAC,USD,WATCHLIST_DECLARED_ONLY,SESSION_DATE_CUTOFF_ONLY,2026-10-09,2026-10-10T09:05:09.890731+00:00,2026-10-10T09:05:25.380653+00:00,3f264ac4e3371accdc713c1954b74107d5ea3578ec55a4afc408a94e75f334ee,251.0,COMPLETED_DAILY_BARS,47.99,53.39,,bull,stock,,,,0.08186137489637324,KLAC,KLA Corporation,US4824801009,KLAC,KLAC,,Technology,Semiconductor Equipment & Materials,United States,USD,195.57000732421875,,100.07633476964459,19.98,,61.0,,,,-0.18823979242741784,0.09000855562515464,179.4206167602539,0.6015836614351825,0.4395525515715275,0.44466815138541516,8949670.0,1750287027.4493408,bull,0.08186137489637324,bull,0.1510202079004126,2026-10-10,True,True,False,OK,,,KLAC,KLAC,Semiconductor Equipment & Materials,True,True
005930.KS,"Samsung Electronics Co., Ltd.",005930.KS,262000.0,KRW,179.77700931424852,19.96,,,,,,,,,,,,,,,,,,,,,,63.5,MED,"{""coverage"": 1.0, ""confluence"": 0.2, ""risk_clean"": 0.6666666666666666, ""regime_align"": 0.5175635276532138, ""liquidity"": 0.9820627802690582, ""weights"": {""coverage"": 0.25, ""confluence"": 0.25, ""risk_clean"": 0.2, ""regime_align"": 0.2, ""liquidity"": 0.1}}",KR7005930003,005930.KS,005930.KS,,,0.7617521373919607,0.5037230816921331,0.42833575022000525,16835550.95,4410914348900.0,228752.62234375,0.145342061287012,bull,0.08186137489637324,bull,0.1510202079004126,2026-10-10,-0.20880719640389778,Technology,Semiconductors,South Korea,KRW,-2.420856610800748,179.77700931424852,,stock,S2 Gehirn,pillar,85.0,manual thematic assignment after stack redesign,"ai, semis, software",INSUFFICIENT_HISTORY,YAHOO_PIT_CYCLE_V1,cycle_detrended_sma20_range40_v1,yfinance.download,1d_auto_adjust_true_close,005930.KS,KRW,WATCHLIST_DECLARED_ONLY,SESSION_DATE_CUTOFF_ONLY,2026-10-08,2026-10-10T09:05:09.890731+00:00,2026-10-10T09:05:25.281975+00:00,,244.0,GAP_IN_DAILY_BARS,48.39,54.75,,bull,stock,,,,0.08186137489637324,005930.KS,"Samsung Electronics Co., Ltd.",KR7005930003,005930.KS,005930.KS,,Technology,Semiconductors,South Korea,KRW,262000.0,,179.77700931424852,19.96,,63.5,,,,-0.20880719640389778,0.145342061287012,228752.62234375,0.7617521373919607,0.5037230816921331,0.42833575022000525,16835550.95,4410914348900.0,bull,0.08186137489637324,bull,0.1510202079004126,2026-10-10,True,True,False,OK,,,005930.KS,005930.KS,Semiconductors,True,True
SNOW,SNOWFLAKE INC. A,SNOW,368.8900146484375,USD,52.32688501367886,19.14,0.0,Seitwärts,0.0,0.0,48.8,100.0,Zyklus-neutral,-53.09,125.912,0.0,1285029632.0,61811384320.0,4386721792.0,2.08,28.7,-30.76,-2.06,1.367,76.66,"[57.4, 0.0, 0.0, 44.05, 1.67]",112.415726,66.9,MED,"{""coverage"": 1.0, ""confluence"": 0.6, ""risk_clean"": 0.0, ""regime_align"": 0.9573587039954753, ""liquidity"": 0.7757847533632287, ""weights"": {""coverage"": 0.25, ""confluence"": 0.25, ""risk_clean"": 0.2, ""regime_align"": 0.2, ""liquidity"": 0.1}}",US8334451098,SNOW,SNOW,Gehirn,212.77,0.6509878461482299,0.368307949749167,0.5630006703868291,4188660.0,1545154848.7573242,231.04889991760254,0.5965884917867703,bull,0.08186137489637324,bull,0.1510202079004126,2026-10-10,0.298710596454395,Technology,Software - Application,United States,USD,7.422836693362589,52.32688501367886,100.0,stock,S2 Gehirn,pillar,85.0,manual thematic assignment after stack redesign,"ai, semis, software",VALID,YAHOO_PIT_CYCLE_V1,cycle_detrended_sma20_range40_v1,yfinance.download,1d_auto_adjust_true_close,SNOW,USD,WATCHLIST_DECLARED_ONLY,SESSION_DATE_CUTOFF_ONLY,2026-10-09,2026-10-10T09:05:09.890731+00:00,2026-10-10T09:05:25.452896+00:00,bacd832694a1a8280723d32ed6b9297e9f0de6fd676aed8dd00c51ea5ec21658,251.0,COMPLETED_DAILY_BARS,49.44,61.88,,bull,stock,,,,0.08186137489637324,SNOW,SNOWFLAKE INC. A,US8334451098,SNOW,SNOW,Gehirn,Technology,Software - Application,United States,USD,368.8900146484375,212.77,52.32688501367886,19.14,0.0,66.9,Seitwärts,48.8,Zyklus-neutral,0.298710596454395,0.5965884917867703,231.04889991760254,0.6509878461482299,0.368307949749167,0.5630006703868291,4188660.0,1545154848.7573242,bull,0.08186137489637324,bull,0.1510202079004126,2026-10-10,True,True,False,OK,,,SNOW,SNOW,Software - Application,True,True
OXY,OCCIDENTAL PET.,OXY,60.11000061035156,USD,45.44934616692507,19.04,1.07,BUY,46.95,51.24,47.2,71.1326,Zyklus-neutral,5.96,62.221,206.0,3033125120.0,75094687744.0,26601000960.0,4.04,-7.7,8.17,0.47,0.935,51.31,"[0.0, 11.92, 0.0, 44.3, 7.41]",41.212414,76.2,HIGH,"{""coverage"": 1.0, ""confluence"": 0.4, ""risk_clean"": 1.0, ""regime_align"": 0.7640690017371632, ""liquidity"": 0.5964125560538116, ""weights"": {""coverage"": 0.25, ""confluence"": 0.25, ""risk_clean"": 0.2, ""regime_align"": 0.2, ""liquidity"": 0.1}}",US6745991058,OXY,OXY,Energie,44.53,0.3495694442228336,0.21940307823750396,0.2729251994841223,9593790.0,576682722.7555847,54.08749568939209,0.11134745368032695,bull,0.08186137489637324,bull,0.1510202079004126,2026-10-10,0.06843748085564094,Energy,Oil & Gas E&P,United States,USD,-0.2820142209486898,45.44934616692507,71.1326,stock,S3 Energie,pillar,82.0,manual thematic assignment after stack redesign,"energy, grid, electrification",VALID,YAHOO_PIT_CYCLE_V1,cycle_detrended_sma20_range40_v1,yfinance.download,1d_auto_adjust_true_close,OXY,USD,WATCHLIST_DECLARED_ONLY,SESSION_DATE_CUTOFF_ONLY,2026-10-09,2026-10-10T09:05:09.890731+00:00,2026-10-10T09:05:25.550318+00:00,63efea1f19540f9b3e9ac505cdbba1fa96d54e3093bc4218ca27e1a006724614,251.0,COMPLETED_DAILY_BARS,39.23,30.76,,bull,stock,,,,0.08186137489637324,OXY,OCCIDENTAL PET.,US6745991058,OXY,OXY,Energie,Energy,Oil & Gas E&P,United States,USD,60.11000061035156,44.53,45.44934616692507,19.04,1.07,76.2,BUY,47.2,Zyklus-neutral,0.06843748085564094,0.11134745368032695,54.08749568939209,0.3495694442228336,0.21940307823750396,0.2729251994841223,9593790.0,576682722.7555847,bull,0.08186137489637324,bull,0.1510202079004126,2026-10-10,True,True,False,OK,,,OXY,OXY,Oil & Gas E&P,True,True
OGN,ORGANON + CO.,OGN,13.8100004196167,USD,45.026789350119145,18.99,0.0,Seitwärts,0.0,0.0,37.4,74.5465,Zyklus-Tief,71.62,974.393,102.0,394000000.0,10186466304.0,6301000192.0,3.87,1.3,7.95,9.25,1.754,76.86,"[2.6, 100.0, 0.0, 100.0, 33.89]",2.035662,58.4,MED,"{""coverage"": 1.0, ""confluence"": 0.4, ""risk_clean"": 0.3333333333333333, ""regime_align"": 0.7531713327677454, ""liquidity"": 0.1659192825112108, ""weights"": {""coverage"": 0.25, ""confluence"": 0.25, ""risk_clean"": 0.2, ""regime_align"": 0.2, ""liquidity"": 0.1}}",US68622V1061,OGN,OGN,Pharma & Gesundheit,8.98,0.6537732885136317,0.43391331482964524,0.41453807512743057,2215070.0,30590117.629480362,11.038150436878205,0.2511154380971117,bull,0.08186137489637324,bull,0.1510202079004126,2026-10-10,-0.01368160945925112,Healthcare,Drug Manufacturers - General,United States,USD,0.43636668812145896,45.026789350119145,74.5465,stock,S13 Gesundheit,pillar,82.0,manual thematic assignment after stack redesign,"healthcare, pharma, medtech",VALID,YAHOO_PIT_CYCLE_V1,cycle_detrended_sma20_range40_v1,yfinance.download,1d_auto_adjust_true_close,OGN,USD,WATCHLIST_DECLARED_ONLY,SESSION_DATE_CUTOFF_ONLY,2026-10-09,2026-10-10T09:05:09.890731+00:00,2026-10-10T09:05:25.917045+00:00,0100e69d8b129a46af14e802b1af5f17054b7fb1bc5ae77cad9bc89b50cfd476,251.0,COMPLETED_DAILY_BARS,50.88,67.08,,bull,stock,,,,0.08186137489637324,OGN,ORGANON + CO.,US68622V1061,OGN,OGN,Pharma & Gesundheit,Healthcare,Drug Manufacturers - General,United States,USD,13.8100004196167,8.98,45.026789350119145,18.99,0.0,58.4,Seitwärts,37.4,Zyklus-Tief,-0.01368160945925112,0.2511154380971117,11.038150436878205,0.6537732885136317,0.43391331482964524,0.41453807512743057,2215070.0,30590117.629480362,bull,0.08186137489637324,bull,0.1510202079004126,2026-10-10,True,True,False,OK,,,OGN,OGN,Drug Manufacturers - General,True,True
6861.T,KEYENCE CORP.,6861.T,80540.0,JPY,37.36153664584994,18.61,0.0,Seitwärts,0.0,0.0,45.7,,Zyklus-neutral,0.0,100.0,97.0,0.0,12400190291968.0,1118560059392.0,0.0,0.0,0.0,0.0,13.552,35.37,"[0.0, 0.0, 0.0, 61.55, 21.55]",30.325748,67.5,MED,"{""coverage"": 1.0, ""confluence"": 0.2, ""risk_clean"": 0.6666666666666666, ""regime_align"": 0.7261140063830647, ""liquidity"": 0.9641255605381166, ""weights"": {""coverage"": 0.25, ""confluence"": 0.25, ""risk_clean"": 0.2, ""regime_align"": 0.2, ""liquidity"": 0.1}}",JP3236200006,6861.T,6861.T,Hardware 💻,58890.0,0.4082950730874028,0.22282014331045247,0.179230282939153,562450.0,45299723000.0,69504.236015625,0.1587782934826314,bull,0.08186137489637324,bull,0.1510202079004126,2026-10-10,-0.009925508274718275,Technology,Scientific & Technical Instruments,Japan,JPY,0.6750000000000034,37.36153664584994,,stock,S1 Hardware,pillar,85.0,manual thematic assignment after stack redesign,"robotics, automation, devices",INSUFFICIENT_HISTORY,YAHOO_PIT_CYCLE_V1,cycle_detrended_sma20_range40_v1,yfinance.download,1d_auto_adjust_true_close,6861.T,JPY,WATCHLIST_DECLARED_ONLY,SESSION_DATE_CUTOFF_ONLY,2026-10-09,2026-10-10T09:05:09.890731+00:00,2026-10-10T09:05:25.182896+00:00,,243.0,GAP_IN_DAILY_BARS,39.35,33.19,,bull,stock,,,,0.08186137489637324,6861.T,KEYENCE CORP.,JP3236200006,6861.T,6861.T,Hardware 💻,Technology,Scientific & Technical Instruments,Japan,JPY,80540.0,58890.0,37.36153664584994,18.61,0.0,67.5,Seitwärts,45.7,,-0.009925508274718275,0.1587782934826314,69504.236015625,0.4082950730874028,0.22282014331045247,0.179230282939153,562450.0,45299723000.0,bull,0.08186137489637324,bull,0.1510202079004126,2026-10-10,True,True,False,OK,,,6861.T,6861.T,Scientific & Technical Instruments,True,True
TEM,Tempus AI,TEM,70.93000030517578,USD,-26.413527591750217,18.2,0.0,Seitwärts,0.0,0.0,46.7,3.7878,Zyklus-neutral,-72.61,263.048,0.0,-108350376.0,10517640192.0,1105257984.0,-1.03,84.7,-18.45,66.25,3.275,55.68,"[100.0, 0.0, 0.0, 68.71, 100.0]",-119.52941,64.0,MED,"{""coverage"": 1.0, ""confluence"": 0.6, ""risk_clean"": 0.0, ""regime_align"": 0.9078899527330021, ""liquidity"": 0.5829596412556054, ""weights"": {""coverage"": 0.25, ""confluence"": 0.25, ""risk_clean"": 0.2, ""regime_align"": 0.2, ""liquidity"": 0.1}}",US88023B1035,TEM,TEM,Pharma 🧪,,0.743603814482532,0.39176204560380545,0.5689386917713508,7980680.0,566069634.8355103,56.65142490386963,0.2520426525111257,bull,0.08186137489637324,bull,0.1510202079004126,2026-10-10,0.17082740754929038,Healthcare,Health Information Services,United States,USD,2.3816419673090117,-26.413527591750217,3.7878,stock,S13 Gesundheit,pillar,82.0,manual thematic assignment after stack redesign,"healthcare, pharma, medtech",VALID,YAHOO_PIT_CYCLE_V1,cycle_detrended_sma20_range40_v1,yfinance.download,1d_auto_adjust_true_close,TEM,USD,WATCHLIST_DECLARED_ONLY,SESSION_DATE_CUTOFF_ONLY,2026-10-09,2026-10-10T09:05:09.890731+00:00,2026-10-10T09:05:25.927854+00:00,35f3b93aecfdd78ab7ee06b64b227ea0008a1cd34dbb02b97e1e2e9c39219ba1,251.0,COMPLETED_DAILY_BARS,49.67,67.07,,bull,stock,,,,0.08186137489637324,TEM,Tempus AI,US88023B1035,TEM,TEM,Pharma 🧪,Healthcare,Health Information Services,United States,USD,70.93000030517578,,-26.413527591750217,18.2,0.0,64.0,Seitwärts,46.7,Zyklus-neutral,0.17082740754929038,0.2520426525111257,56.65142490386963,0.743603814482532,0.39176204560380545,0.5689386917713508,7980680.0,566069634.8355103,bull,0.08186137489637324,bull,0.1510202079004126,2026-10-10,True,True,False,OK,,,TEM,TEM,Health Information Services,True,True
000660.KS,SK hynix Inc.,000660.KS,1681000.0,KRW,293.9147667216423,18.07,,,,,,,,,,,,,,,,,,,,,,56.3,MED,"{""coverage"": 1.0, ""confluence"": 0.2, ""risk_clean"": 0.3333333333333333, ""regime_align"": 0.4885064436633943, ""liquidity"": 0.9865470852017937, ""weights"": {""coverage"": 0.25, ""confluence"": 0.25, ""risk_clean"": 0.2, ""regime_align"": 0.2, ""liquidity"": 0.1}}",KR7000660001,000660.KS,000660.KS,,,0.9107887224000284,0.5939313543155043,0.5471051921241235,3166330.8,5322602074800.0,1434975.285,0.17144874728626425,bull,0.08186137489637324,bull,0.1510202079004126,2026-10-10,-0.3150947250420282,Technology,Semiconductors,South Korea,KRW,-2.4376088218224012,293.9147667216423,,stock,S2 Gehirn,pillar,85.0,manual thematic assignment after stack redesign,"ai, semis, software",INSUFFICIENT_HISTORY,YAHOO_PIT_CYCLE_V1,cycle_detrended_sma20_range40_v1,yfinance.download,1d_auto_adjust_true_close,000660.KS,KRW,WATCHLIST_DECLARED_ONLY,SESSION_DATE_CUTOFF_ONLY,2026-10-08,2026-10-10T09:05:09.890731+00:00,2026-10-10T09:05:25.276210+00:00,,244.0,GAP_IN_DAILY_BARS,47.71,61.65,,bull,stock,,,,0.08186137489637324,000660.KS,SK hynix Inc.,KR7000660001,000660.KS,000660.KS,,Technology,Semiconductors,South Korea,KRW,1681000.0,,293.9147667216423,18.07,,56.3,,,,-0.3150947250420282,0.17144874728626425,1434975.285,0.9107887224000284,0.5939313543155043,0.5471051921241235,3166330.8,5322602074800.0,bull,0.08186137489637324,bull,0.1510202079004126,2026-10-10,True,True,False,OK,,,000660.KS,000660.KS,Semiconductors,True,True
IFX.DE,INFINEON TECH.,IFX.DE,58.86000061035156,EUR,78.76105251450498,17.58,0.0,Seitwärts,0.0,0.0,57.6,49.0636,Zyklus-neutral,5.71,41.673,83.0,1671250048.0,61230231552.0,14899999744.0,2.73,7.0,6.88,13.88,1.721,55.03,"[14.0, 11.42, 0.0, 59.12, 22.1]",18.915174,58.1,MED,"{""coverage"": 1.0, ""confluence"": 0.0, ""risk_clean"": 1.0, ""regime_align"": 0.4252716842402941, ""liquidity"": 0.45739910313901344, ""weights"": {""coverage"": 0.25, ""confluence"": 0.25, ""risk_clean"": 0.2, ""regime_align"": 0.2, ""liquidity"": 0.1}}",DE0006231004,IFX.DE,IFX.DE,Gehirn,42.32,0.5380797006420523,0.3282620818665073,0.3859090805053711,3979923.6,234258305.5251526,56.18486133575439,0.0476131685830965,bull,0.08186137489637324,bull,0.1510202079004126,2026-10-10,-0.21858915091533349,Technology,Semiconductors,Germany,EUR,-0.0679132673872096,78.76105251450498,49.0636,stock,S2 Gehirn,pillar,85.0,manual thematic assignment after stack redesign,"ai, semis, software",VALID,YAHOO_PIT_CYCLE_V1,cycle_detrended_sma20_range40_v1,yfinance.download,1d_auto_adjust_true_close,IFX.DE,EUR,WATCHLIST_DECLARED_ONLY,SESSION_DATE_CUTOFF_ONLY,2026-10-09,2026-10-10T09:05:09.890731+00:00,2026-10-10T09:05:25.368759+00:00,975bad18ac5be42952b7931fcd953331486baf8e9b73043ac69fcf9c2e1a9cc5,254.0,COMPLETED_DAILY_BARS,43.4,50.61,,bull,stock,,,,0.08186137489637324,IFX.DE,INFINEON TECH.,DE0006231004,IFX.DE,IFX.DE,Gehirn,Technology,Semiconductors,Germany,EUR,58.86000061035156,42.32,78.76105251450498,17.58,0.0,58.1,Seitwärts,57.6,Zyklus-neutral,-0.21858915091533349,0.0476131685830965,56.18486133575439,0.5380797006420523,0.3282620818665073,0.3859090805053711,3979923.6,234258305.5251526,bull,0.08186137489637324,bull,0.1510202079004126,2026-10-10,True,True,False,OK,,,IFX.DE,IFX.DE,Semiconductors,True,True
CNC,CENTENE CORP.,CNC,65.36000061035156,USD,82.77405950266629,17.18,0.0,Seitwärts,0.0,0.0,40.7,64.2408,Zyklus-Tief,-28.68,86.762,0.0,5197749760.0,16662495232.0,176151003136.0,31.19,23.1,-3.79,19.31,1.1,96.84,"[46.2, 0.0, 0.0, 83.06, 26.02]",9.792917,66.9,MED,"{""coverage"": 1.0, ""confluence"": 0.4, ""risk_clean"": 0.6666666666666666, ""regime_align"": 0.6791702015917263, ""liquidity"": 0.5022421524663677, ""weights"": {""coverage"": 0.25, ""confluence"": 0.25, ""risk_clean"": 0.2, ""regime_align"": 0.2, ""liquidity"": 0.1}}",US15135B1017,CNC,CNC,Pharma & Gesundheit,41.68,0.47232658386154275,0.33629896148282923,0.32726890355175187,4742665.0,309980587.294693,53.42824993133545,0.22332288058003913,bull,0.08186137489637324,bull,0.1510202079004126,2026-10-10,-0.08703210595352773,Healthcare,Healthcare Plans,United States,USD,1.2705294130650469,82.77405950266629,64.2408,stock,S13 Gesundheit,pillar,82.0,manual thematic assignment after stack redesign,"healthcare, pharma, medtech",VALID,YAHOO_PIT_CYCLE_V1,cycle_detrended_sma20_range40_v1,yfinance.download,1d_auto_adjust_true_close,CNC,USD,WATCHLIST_DECLARED_ONLY,SESSION_DATE_CUTOFF_ONLY,2026-10-09,2026-10-10T09:05:09.890731+00:00,2026-10-10T09:05:25.882528+00:00,897f93816ed95b237443e4cf2d58d44963d151e75948790eb5421394e933ca6e,251.0,COMPLETED_DAILY_BARS,42.49,49.73,,bull,stock,,,,0.08186137489637324,CNC,CENTENE CORP.,US15135B1017,CNC,CNC,Pharma & Gesundheit,Healthcare,Healthcare Plans,United States,USD,65.36000061035156,41.68,82.77405950266629,17.18,0.0,66.9,Seitwärts,40.7,Zyklus-Tief,-0.08703210595352773,0.22332288058003913,53.42824993133545,0.47232658386154275,0.33629896148282923,0.32726890355175187,4742665.0,309980587.294693,bull,0.08186137489637324,bull,0.1510202079004126,2026-10-10,True,True,False,OK,,,CNC,CNC,Healthcare Plans,True,True
HIMS,"HIMS & HERS HEALTH, INC.",HIMS,30.920000076293945,USD,-42.687674441083225,16.91,,,,,,67.074,,,,,,,,,,,,,,,,52.5,MED,"{""coverage"": 1.0, ""confluence"": 0.2, ""risk_clean"": 0.3333333333333333, ""regime_align"": 0.5286631923403224, ""liquidity"": 0.5246636771300448, ""weights"": {""coverage"": 0.25, ""confluence"": 0.25, ""risk_clean"": 0.2, ""regime_align"": 0.2, ""liquidity"": 0.1}}",US4330001060,HIMS,HIMS,Pharma & Gesundheit,,0.9159493323452436,0.5171742062256773,0.7686424339373858,10297865.0,318409986.58566475,27.393749980926515,0.1287246214126454,bull,0.08186137489637324,bull,0.1510202079004126,2026-10-10,-0.15847946511803646,Healthcare,Drug Manufacturers - Specialty & Generic,United States,USD,10.192447130381698,-42.687674441083225,67.074,stock,S13 Gesundheit,pillar,85.0,manual thematic assignment after stack redesign,"healthcare, pharma, medtech",VALID,YAHOO_PIT_CYCLE_V1,cycle_detrended_sma20_range40_v1,yfinance.download,1d_auto_adjust_true_close,HIMS,USD,WATCHLIST_DECLARED_ONLY,SESSION_DATE_CUTOFF_ONLY,2026-10-09,2026-10-10T09:05:09.890731+00:00,2026-10-10T09:05:26.205614+00:00,dd383a3adcd3c477328b9e19c3cf91e1e84fb006b74287e99eb68e7020934e4a,251.0,COMPLETED_DAILY_BARS,48.74,70.32,,bull,stock,,,,0.08186137489637324,HIMS,"HIMS & HERS HEALTH, INC.",US4330001060,HIMS,HIMS,Pharma & Gesundheit,Healthcare,Drug Manufacturers - Specialty & Generic,United States,USD,30.920000076293945,,-42.687674441083225,16.91,,52.5,,,,-0.15847946511803646,0.1287246214126454,27.393749980926515,0.9159493323452436,0.5171742062256773,0.7686424339373858,10297865.0,318409986.58566475,bull,0.08186137489637324,bull,0.1510202079004126,2026-10-10,True,True,False,OK,,,HIMS,HIMS,Drug Manufacturers - Specialty & Generic,True,True
INOD,Innodata Inc.,INOD,62.040000915527344,USD,-25.504320575290073,16.84,,,,,,21.3332,,,,,,,,,,,,,,,,45.0,LOW,"{""coverage"": 1.0, ""confluence"": 0.0, ""risk_clean"": 0.3333333333333333, ""regime_align"": 0.49686906637579287, ""liquidity"": 0.33632286995515703, ""weights"": {""coverage"": 0.25, ""confluence"": 0.25, ""risk_clean"": 0.2, ""regime_align"": 0.2, ""liquidity"": 0.1}}",US4576422053,INOD,INOD,Tech 💻,,1.1955544857502625,0.4762807968049476,0.5863352393383607,1708585.0,106000614.96425629,61.710750102996826,0.005335388274830377,bull,0.08186137489637324,bull,0.1510202079004126,2026-10-10,-0.11409869221809454,Technology,Information Technology Services,United States,USD,1.372549251823818,-25.504320575290073,21.3332,stock,S2 Gehirn,pillar,85.0,manual addition via ChatGPT,"ai, semis, software",VALID,YAHOO_PIT_CYCLE_V1,cycle_detrended_sma20_range40_v1,yfinance.download,1d_auto_adjust_true_close,INOD,USD,WATCHLIST_DECLARED_ONLY,SESSION_DATE_CUTOFF_ONLY,2026-10-09,2026-10-10T09:05:09.890731+00:00,2026-10-10T09:05:26.353624+00:00,df24c96c5312716759ed9e3967e222123c984c578bd22fc2340942aa8acb43ab,251.0,COMPLETED_DAILY_BARS,48.55,70.11,,bull,stock,,,,0.08186137489637324,INOD,Innodata Inc.,US4576422053,INOD,INOD,Tech 💻,Technology,Information Technology Services,United States,USD,62.040000915527344,,-25.504320575290073,16.84,,45.0,,,,-0.11409869221809454,0.005335388274830377,61.710750102996826,1.1955544857502625,0.4762807968049476,0.5863352393383607,1708585.0,106000614.96425629,bull,0.08186137489637324,bull,0.1510202079004126,2026-10-10,True,True,False,OK,,,INOD,INOD,Information Technology Services,True,True
BAYN.DE,BAYER AG,BAYN.DE,43.77000045776367,EUR,55.65750295451728,16.64,0.0,Seitwärts,0.0,0.0,75.2,20.8955,Zyklus-Tief,-0.57,133.457,24.0,5172499968.0,77877329920.0,45866000384.0,6.64,-3.1,-0.43,-3.53,1.136,53.31,"[0.0, 0.0, 0.0, 93.29, 15.79]",9.665203,50.9,MED,"{""coverage"": 1.0, ""confluence"": 0.0, ""risk_clean"": 0.6666666666666666, ""regime_align"": 0.4632569789520462, ""liquidity"": 0.3318385650224216, ""weights"": {""coverage"": 0.25, ""confluence"": 0.25, ""risk_clean"": 0.2, ""regime_align"": 0.2, ""liquidity"": 0.1}}",DE000BAY0017,BAYN.DE,BAYN.DE,Pharma & Gesundheit,46.74,0.424804117694171,0.20780084346359193,0.3065455353648504,2408806.95,105433481.30416432,43.122999382019046,0.015003619530565615,bull,0.08186137489637324,bull,0.1510202079004126,2026-10-10,-0.1470549444913818,Healthcare,Drug Manufacturers - General,Germany,EUR,2.770604134651733,55.65750295451728,20.8955,stock,S13 Gesundheit,pillar,82.0,manual thematic assignment after stack redesign,"healthcare, pharma, medtech",VALID,YAHOO_PIT_CYCLE_V1,cycle_detrended_sma20_range40_v1,yfinance.download,1d_auto_adjust_true_close,BAYN.DE,EUR,WATCHLIST_DECLARED_ONLY,SESSION_DATE_CUTOFF_ONLY,2026-10-09,2026-10-10T09:05:09.890731+00:00,2026-10-10T09:05:25.876147+00:00,db043be392fddfae60cd4299b313ddd3a209110bdc9d7e2fff2a59773e72ba7f,254.0,COMPLETED_DAILY_BARS,40.5,46.13,,bull,stock,,,,0.08186137489637324,BAYN.DE,BAYER AG,DE000BAY0017,BAYN.DE,BAYN.DE,Pharma & Gesundheit,Healthcare,Drug Manufacturers - General,Germany,EUR,43.77000045776367,46.74,55.65750295451728,16.64,0.0,50.9,Seitwärts,75.2,Zyklus-Tief,-0.1470549444913818,0.015003619530565615,43.122999382019046,0.424804117694171,0.20780084346359193,0.3065455353648504,2408806.95,105433481.30416432,bull,0.08186137489637324,bull,0.1510202079004126,2026-10-10,True,True,False,OK,,,BAYN.DE,BAYN.DE,Drug Manufacturers - General,True,True
XRP-EUR,XRP (KRYPTO),XRP-EUR,1.2574000358581543,EUR,-38.05233707476098,14.61,0.0,Seitwärts,0.0,0.0,40.7,5.8307,Zyklus-neutral,0.0,100.0,0.0,0.0,1.0,1.0,0.0,0.0,0.0,0.0,1.0,0.0,"[0.0, 0.0, 0.0, 70.92, 25.0]",0.0,67.1,MED,"{""coverage"": 1.0, ""confluence"": 0.4, ""risk_clean"": 0.3333333333333333, ""regime_align"": 0.8313941744435018, ""liquidity"": 0.8789237668161435, ""weights"": {""coverage"": 0.25, ""confluence"": 0.25, ""risk_clean"": 0.2, ""regime_align"": 0.2, ""liquidity"": 0.1}}",,XRP-EUR,XRP-EUR,Krypto 🪙,1.6,0.5364468463989073,0.3220603869534997,0.623123464788821,3431073543.35,4314231996.440254,1.1080319663882257,0.13480483776728325,bull,0.08186137489637324,bull,0.1510202079004126,2026-10-10,0.13560461740221297,Cryptocurrency,Digital Currency,Global,EUR,0.9681723232249251,-38.05233707476098,5.8307,crypto,S21 Finanzsystem,pillar,83.0,manual thematic assignment after stack redesign,"payments, exchanges, capital markets, crypto",VALID,YAHOO_PIT_CYCLE_V1,cycle_detrended_sma20_range40_v1,yfinance.download,1d_auto_adjust_true_close,XRP-EUR,EUR,WATCHLIST_DECLARED_ONLY,SESSION_DATE_CUTOFF_ONLY,2026-10-09,2026-10-10T09:05:09.890731+00:00,2026-10-10T09:05:26.117631+00:00,579bdfdd440ec3c1162052ed7495f7669073d870107afca117bebf20b430058f,365.0,COMPLETED_DAILY_BARS,40.59,56.07,,bull,stock,,,,0.08186137489637324,XRP-EUR,XRP (KRYPTO),,XRP-EUR,XRP-EUR,Krypto 🪙,Cryptocurrency,Digital Currency,Global,EUR,1.2574000358581543,1.6,-38.05233707476098,14.61,0.0,67.1,Seitwärts,40.7,Zyklus-neutral,0.13560461740221297,0.13480483776728325,1.1080319663882257,0.5364468463989073,0.3220603869534997,0.623123464788821,3431073543.35,4314231996.440254,bull,0.08186137489637324,bull,0.1510202079004126,2026-10-10,True,True,True,OK,XRP,EUR,CRYPTO:XRP,XRP,Krypto,True,True
PGY,Pagaya Technologies Ltd.,PGY,18.219999313354492,USD,-32.99007372018067,13.71,0.0,Seitwärts,0.0,0.0,52.6,48.2831,Zyklus-Tief,-36.31,141.786,0.0,196523376.0,1852567424.0,1245945984.0,10.61,36.1,-15.32,20.78,5.113,63.62,"[72.2, 0.0, 0.0, 99.55, 76.3]",4.0632296,49.9,LOW,"{""coverage"": 1.0, ""confluence"": 0.4, ""risk_clean"": 0.0, ""regime_align"": 0.6473760756271967, ""liquidity"": 0.19730941704035876, ""weights"": {""coverage"": 0.25, ""confluence"": 0.25, ""risk_clean"": 0.2, ""regime_align"": 0.2, ""liquidity"": 0.1}}",IL0011858912,PGY,PGY,,,0.7416136421041506,0.476647576038204,0.644266118435191,2558755.0,46620514.34304237,16.825924949645994,0.08285276250075202,bull,0.08186137489637324,bull,0.1510202079004126,2026-10-10,-0.04087482452133606,Technology,Software - Infrastructure,United States,USD,-0.21906306147835286,-32.99007372018067,48.2831,stock,S21 Finanzsystem,pillar,83.0,manual thematic assignment after stack redesign,"payments, exchanges, capital markets, crypto",VALID,YAHOO_PIT_CYCLE_V1,cycle_detrended_sma20_range40_v1,yfinance.download,1d_auto_adjust_true_close,PGY,USD,WATCHLIST_DECLARED_ONLY,SESSION_DATE_CUTOFF_ONLY,2026-10-09,2026-10-10T09:05:09.890731+00:00,2026-10-10T09:05:26.095940+00:00,ca8a930457bcaf5d7efd24e7d8fa004617b4852de050114bc7d33118e1a7afa6,251.0,COMPLETED_DAILY_BARS,45.1,74.34,,bull,stock,,,,0.08186137489637324,PGY,Pagaya Technologies Ltd.,IL0011858912,PGY,PGY,,Technology,Software - Infrastructure,United States,USD,18.219999313354492,,-32.99007372018067,13.71,0.0,49.9,Seitwärts,52.6,Zyklus-Tief,-0.04087482452133606,0.08285276250075202,16.825924949645994,0.7416136421041506,0.476647576038204,0.644266118435191,2558755.0,46620514.34304237,bull,0.08186137489637324,bull,0.1510202079004126,2026-10-10,True,True,False,OK,,,PGY,PGY,Software - Infrastructure,True,True
LC0A.MU,LUCKIN COFFEE,LC0A.MU,29.200000762939453,USD,-19.78022104702536,27.63,0.0,Seitwärts,0.0,0.0,56.1,49.8499,Zyklus-Hoch,27.39,41.484,0.0,6359557632.0,94941388800.0,46124539904.0,6.7,50.2,8.48,58.68,1.66,7.79,"[100.0, 54.78, 0.0, 9.77, 32.51]",16.32204,67.8,MED,"{""coverage"": 1.0, ""confluence"": 0.4, ""risk_clean"": 1.0, ""regime_align"": 0.640376924009211, ""liquidity"": 0, ""weights"": {""coverage"": 0.25, ""confluence"": 0.25, ""risk_clean"": 0.2, ""regime_align"": 0.2, ""liquidity"": 0.1}}",US54951L1098,LC0A.MU,LC0A.MU,Konsum & Lifestyle,32.6,0.45394083008765834,0.2947201969303544,0.3186813682019006,142.2,4152.24010848999,28.886000080108644,0.010870341409679352,bull,0.08186137489637324,bull,0.1510202079004126,2026-10-10,0.02755543826175133,Consumer Cyclical,Restaurants,China,USD,0.0,-19.78022104702536,49.8499,stock,S11 Konsum,pillar,80.0,manual thematic assignment after stack redesign,"consumer staples, food, household",VALID,YAHOO_PIT_CYCLE_V1,cycle_detrended_sma20_range40_v1,yfinance.download,1d_auto_adjust_true_close,LC0A.MU,USD,WATCHLIST_DECLARED_ONLY,SESSION_DATE_CUTOFF_ONLY,2026-10-09,2026-10-10T09:05:09.890731+00:00,2026-10-10T09:05:25.812271+00:00,c9e9a4777b5f4fe6373c07bbaf21669df2d902dac1fdd73f9f91dc59ac4867c2,254.0,COMPLETED_DAILY_BARS,58.45,49.34,,bull,stock,,,,0.08186137489637324,LC0A.MU,LUCKIN COFFEE,US54951L1098,LC0A.MU,LC0A.MU,Konsum & Lifestyle,Consumer Cyclical,Restaurants,China,USD,29.200000762939453,32.6,-19.78022104702536,27.63,0.0,67.8,Seitwärts,56.1,Zyklus-Hoch,0.02755543826175133,0.010870341409679352,28.886000080108644,0.45394083008765834,0.2947201969303544,0.3186813682019006,142.2,4152.24010848999,bull,0.08186137489637324,bull,0.1510202079004126,2026-10-10,True,False,False,OK,,,LC0A.MU,LC0A.MU,Restaurants,True,False
SGL.DE,SGL Carbon SE,SGL.DE,5.480000019073486,EUR,66.81886989015835,25.76,,,,,,91.6487,,,,,,,,,,,,,,,,74.1,MED,"{""coverage"": 1.0, ""confluence"": 0.4, ""risk_clean"": 1.0, ""regime_align"": 0.9348563810447219, ""liquidity"": 0.04035874439461884, ""weights"": {""coverage"": 0.25, ""confluence"": 0.25, ""risk_clean"": 0.2, ""regime_align"": 0.2, ""liquidity"": 0.1}}",DE0007235301,SGL.DE,SGL.DE,Fundament,,0.5050940442013568,0.2979338776305537,0.32745823937031304,333107.8,1825430.750353527,4.197500005960465,0.3055390140064007,bull,0.08186137489637324,bull,0.1510202079004126,2026-10-10,0.2951952595838676,Basic Materials,Chemicals,Germany,EUR,2.4299087244534556,66.81886989015835,91.6487,stock,S4 Fundament,pillar,84.0,manual addition via ChatGPT,"materials, mining, metals",VALID,YAHOO_PIT_CYCLE_V1,cycle_detrended_sma20_range40_v1,yfinance.download,1d_auto_adjust_true_close,SGL.DE,EUR,WATCHLIST_DECLARED_ONLY,SESSION_DATE_CUTOFF_ONLY,2026-10-09,2026-10-10T09:05:09.890731+00:00,2026-10-10T09:05:26.427325+00:00,cb8132141f0814e587b64ab6271c420e83b8155a6017a8dfcebb5242a531e1f2,254.0,COMPLETED_DAILY_BARS,56.46,52.09,,bull,stock,,,,0.08186137489637324,SGL.DE,SGL Carbon SE,DE0007235301,SGL.DE,SGL.DE,Fundament,Basic Materials,Chemicals,Germany,EUR,5.480000019073486,,66.81886989015835,25.76,,74.1,,,,0.2951952595838676,0.3055390140064007,4.197500005960465,0.5050940442013568,0.2979338776305537,0.32745823937031304,333107.8,1825430.750353527,bull,0.08186137489637324,bull,0.1510202079004126,2026-10-10,True,False,False,OK,,,SGL.DE,SGL.DE,Chemicals,True,False
XSDG.F,SAMSUNG SDI,XSDG.F,91.5999984741211,EUR,202.3102335992249,16.49,3.73,BUY,59.4,74.42,60.6,61.9851,Zyklus-neutral,-2.59,46.177,40.0,0.0,9084264775680.0,13266999836672.0,0.0,2.8,-4.89,-2.09,0.892,0.05,"[5.6, 0.0, 0.0, 83.25, 25.0]",0.0,67.6,MED,"{""coverage"": 1.0, ""confluence"": 0.4, ""risk_clean"": 0.6666666666666666, ""regime_align"": 0.9550256534561468, ""liquidity"": 0.017937219730941756, ""weights"": {""coverage"": 0.25, ""confluence"": 0.25, ""risk_clean"": 0.2, ""regime_align"": 0.2, ""liquidity"": 0.1}}",US7960542030,XSDG.F,XSDG.F,Energie,57.8,0.7547189808393633,0.4708764609576519,0.4524271696516611,3296.95,302000.61496925354,70.30850015640259,0.3028296474872194,bull,0.08186137489637324,bull,0.1510202079004126,2026-10-10,0.4021135478129323,Industrials,Electrical Equipment & Parts,South Korea,EUR,0.6593389825506613,202.3102335992249,61.9851,stock,S3 Energie,pillar,82.0,manual thematic assignment after stack redesign,"energy, grid, electrification",VALID,YAHOO_PIT_CYCLE_V1,cycle_detrended_sma20_range40_v1,yfinance.download,1d_auto_adjust_true_close,XSDG.F,EUR,WATCHLIST_DECLARED_ONLY,SESSION_DATE_CUTOFF_ONLY,2026-10-09,2026-10-10T09:05:09.890731+00:00,2026-10-10T09:05:25.579095+00:00,3f2cab3b1d6f3ef825de16e4421a9197e72fe9329b3c18f3f919076026b2aada,254.0,COMPLETED_DAILY_BARS,44.43,59.0,,bull,stock,,,,0.08186137489637324,XSDG.F,SAMSUNG SDI,US7960542030,XSDG.F,XSDG.F,Energie,Industrials,Electrical Equipment & Parts,South Korea,EUR,91.5999984741211,57.8,202.3102335992249,16.49,3.73,67.6,BUY,60.6,Zyklus-neutral,0.4021135478129323,0.3028296474872194,70.30850015640259,0.7547189808393633,0.4708764609576519,0.4524271696516611,3296.95,302000.61496925354,bull,0.08186137489637324,bull,0.1510202079004126,2026-10-10,True,False,False,OK,,,XSDG.F,XSDG.F,Electrical Equipment & Parts,True,False
TTK.DE,TAKKT AG,TTK.DE,2.9000000953674316,EUR,-44.65648431223881,14.17,0.0,Seitwärts,0.0,0.0,58.0,4.0303,Zyklus-Hoch,0.0,72.403,752.0,0.0,1.0,28795244.0,0.0,0.0,-80.39,-80.39,0.247,14.27,"[0.0, 0.0, 0.0, 13.54, 25.0]",,52.2,MED,"{""coverage"": 1.0, ""confluence"": 0.2, ""risk_clean"": 0.3333333333333333, ""regime_align"": 0.7704621662020765, ""liquidity"": 0.008968609865470878, ""weights"": {""coverage"": 0.25, ""confluence"": 0.25, ""risk_clean"": 0.2, ""regime_align"": 0.2, ""liquidity"": 0.1}}",DE0007446007,TTK.DE,TTK.DE,Medien & Digitales 📱,3.67,0.47911507302311357,0.29976435821298936,0.5820610395268901,14567.45,42245.60638926029,2.842124992609024,0.020363320722667888,bull,0.08186137489637324,bull,0.1510202079004126,2026-10-10,0.2681682973530555,Industrials,Business Equipment & Supplies,Germany,EUR,-3.3333301544189453,-44.65648431223881,4.0303,stock,S14 Kommunikations- & Alltagsinfrastruktur,pillar,76.0,manual thematic assignment after stack redesign,"connectivity, telecom, civic infrastructure",VALID,YAHOO_PIT_CYCLE_V1,cycle_detrended_sma20_range40_v1,yfinance.download,1d_auto_adjust_true_close,TTK.DE,EUR,WATCHLIST_DECLARED_ONLY,SESSION_DATE_CUTOFF_ONLY,2026-10-09,2026-10-10T09:05:09.890731+00:00,2026-10-10T09:05:25.961062+00:00,2605d8f6fcb3367071b6f3027f4133f4b5ed8a8c5b2e08c54b38a024d823993e,254.0,COMPLETED_DAILY_BARS,41.82,61.97,,bull,stock,,,,0.08186137489637324,TTK.DE,TAKKT AG,DE0007446007,TTK.DE,TTK.DE,Medien & Digitales 📱,Industrials,Business Equipment & Supplies,Germany,EUR,2.9000000953674316,3.67,-44.65648431223881,14.17,0.0,52.2,Seitwärts,58.0,Zyklus-Hoch,0.2681682973530555,0.020363320722667888,2.842124992609024,0.47911507302311357,0.29976435821298936,0.5820610395268901,14567.45,42245.60638926029,bull,0.08186137489637324,bull,0.1510202079004126,2026-10-10,True,False,False,OK,,,TTK.DE,TTK.DE,Business Equipment & Supplies,True,False
FRES.L,FRESNILLO PLC,FRES.L,2756.0,GBp,15.158458236684268,37.55,5.71,BUY,4472.0,5968.4,85.5,26.9184,Zyklus-neutral,13.85,20.456,90.0,1243160320.0,27399075840.0,3944284928.0,4.54,30.1,11.56,41.66,5.092,15.79,"[60.2, 27.7, 0.0, 98.63, 15.53]",15.260902,61.7,MED,"{""coverage"": 1.0, ""confluence"": 0.2, ""risk_clean"": 0.6666666666666666, ""regime_align"": 0.4939401284692765, ""liquidity"": 0.8475336322869955, ""weights"": {""coverage"": 0.25, ""confluence"": 0.25, ""risk_clean"": 0.2, ""regime_align"": 0.2, ""liquidity"": 0.1}}",GB00B2QPKJ12,FRES.L,FRES.L,Edelmetalle ⛏️,4140.0,0.5690876040140014,0.3544926101577374,0.450869549748357,974680.95,2686220698.2,3252.481700439453,-0.15264703883572106,bull,0.08186137489637324,bull,0.1510202079004126,2026-10-10,0.035273481283100816,Basic Materials,Other Precious Metals & Mining,Mexico,GBp,2.491632577166225,15.158458236684268,26.9184,stock,S4 Fundament,pillar,84.0,manual thematic assignment after stack redesign,"materials, mining, metals",VALID,YAHOO_PIT_CYCLE_V1,cycle_detrended_sma20_range40_v1,yfinance.download,1d_auto_adjust_true_close,FRES.L,GBp,WATCHLIST_DECLARED_ONLY,SESSION_DATE_CUTOFF_ONLY,2026-10-09,2026-10-10T09:05:09.890731+00:00,2026-10-10T09:05:25.670099+00:00,49af9dd724a8ce1d7cae621c41ae68adae76bdddf3158cef96068f91c7cd6e20,254.0,COMPLETED_DAILY_BARS,70.69,39.98,,bull,stock,,,,0.08186137489637324,FRES.L,FRESNILLO PLC,GB00B2QPKJ12,FRES.L,FRES.L,Edelmetalle ⛏️,Basic Materials,Other Precious Metals & Mining,Mexico,GBp,2756.0,4140.0,15.158458236684268,37.55,5.71,61.7,BUY,85.5,Zyklus-neutral,0.035273481283100816,-0.15264703883572106,3252.481700439453,0.5690876040140014,0.3544926101577374,0.450869549748357,974680.95,2686220698.2,bull,0.08186137489637324,bull,0.1510202079004126,2026-10-10,False,True,False,OK,,,FRES.L,FRES.L,Other Precious Metals & Mining,False,True
ABX.TO,BARRICK MINING,ABX.TO,58.529998779296875,CAD,28.974947908313254,35.35,0.0,Seitwärts,0.0,0.0,78.7,24.1132,Zyklus-neutral,20.68,14.509,360.0,4054125056.0,114651471872.0,16956000256.0,3.54,64.5,29.45,93.95,2.922,63.7,"[100.0, 41.36, 0.0, 68.68, 29.71]",11.472485,83.5,HIGH,"{""coverage"": 1.0, ""confluence"": 0.8, ""risk_clean"": 1.0, ""regime_align"": 0.7098230517513029, ""liquidity"": 0.43497757847533625, ""weights"": {""coverage"": 0.25, ""confluence"": 0.25, ""risk_clean"": 0.2, ""regime_align"": 0.2, ""liquidity"": 0.1}}",CA06849F1080,ABX.TO,ABX.TO,Edelmetalle ⛏️,70.41,0.472198117298261,0.3334395392271862,0.310614124061224,3765965.0,220421926.85287476,58.727749252319335,-0.0033672407940041893,bull,0.08186137489637324,bull,0.1510202079004126,2026-10-10,0.11453681830443152,Basic Materials,Gold,Canada,CAD,2.937035087968831,28.974947908313254,24.1132,stock,S4 Fundament,pillar,84.0,manual thematic assignment after stack redesign,"materials, mining, metals",VALID,YAHOO_PIT_CYCLE_V1,cycle_detrended_sma20_range40_v1,yfinance.download,1d_auto_adjust_true_close,ABX.TO,CAD,WATCHLIST_DECLARED_ONLY,SESSION_DATE_CUTOFF_ONLY,2026-10-09,2026-10-10T09:05:09.890731+00:00,2026-10-10T09:05:25.603766+00:00,b6896778b8f396a5c65d4bddd0e4ab76d093e6630d6e826e75e0352101ebc77b,252.0,COMPLETED_DAILY_BARS,68.33,43.16,,bull,stock,,,,0.08186137489637324,ABX.TO,BARRICK MINING,CA06849F1080,ABX.TO,ABX.TO,Edelmetalle ⛏️,Basic Materials,Gold,Canada,CAD,58.529998779296875,70.41,28.974947908313254,35.35,0.0,83.5,Seitwärts,78.7,Zyklus-neutral,0.11453681830443152,-0.0033672407940041893,58.727749252319335,0.472198117298261,0.3334395392271862,0.310614124061224,3765965.0,220421926.85287476,bull,0.08186137489637324,bull,0.1510202079004126,2026-10-10,False,True,False,OK,,,ABX.TO,ABX.TO,Gold,False,True
ASM.TO,AVINO SILVER,ASM.TO,7.889999866485596,CAD,9.279779719718807,33.81,7.87,BUY,16.11,25.14,81.5,39.7561,Zyklus-neutral,14.34,2.563,0.0,15571250.0,2153994752.0,86065000.0,0.72,44.0,24.72,68.72,2.754,32.98,"[88.0, 28.68, 0.0, 83.21, 1.54]",14.07,49.7,LOW,"{""coverage"": 1.0, ""confluence"": 0.4, ""risk_clean"": 0.3333333333333333, ""regime_align"": 0.3659859410980487, ""liquidity"": 0.06726457399103136, ""weights"": {""coverage"": 0.25, ""confluence"": 0.25, ""risk_clean"": 0.2, ""regime_align"": 0.2, ""liquidity"": 0.1}}",CA0539061030,ASM.TO,ASM.TO,Edelmetalle ⛏️,13.98,0.8479170433490653,0.5506518136567666,0.5203145437830872,690555.0,5448478.857800961,9.682899987697601,-0.1851614829741024,bull,0.08186137489637324,bull,0.1510202079004126,2026-10-10,-0.0725366753433021,Basic Materials,Other Precious Metals & Mining,Canada,CAD,1.93798578557014,9.279779719718807,39.7561,stock,S4 Fundament,pillar,84.0,manual thematic assignment after stack redesign,"materials, mining, metals",VALID,YAHOO_PIT_CYCLE_V1,cycle_detrended_sma20_range40_v1,yfinance.download,1d_auto_adjust_true_close,ASM.TO,CAD,WATCHLIST_DECLARED_ONLY,SESSION_DATE_CUTOFF_ONLY,2026-10-09,2026-10-10T09:05:09.890731+00:00,2026-10-10T09:05:25.627764+00:00,8a21322297d78ed36c99071a1016212798ce2e5af4ffa01773a78b08e6e232e5,252.0,COMPLETED_DAILY_BARS,70.67,57.74,,bull,stock,,,,0.08186137489637324,ASM.TO,AVINO SILVER,CA0539061030,ASM.TO,ASM.TO,Edelmetalle ⛏️,Basic Materials,Other Precious Metals & Mining,Canada,CAD,7.889999866485596,13.98,9.279779719718807,33.81,7.87,49.7,BUY,81.5,Zyklus-neutral,-0.0725366753433021,-0.1851614829741024,9.682899987697601,0.8479170433490653,0.5506518136567666,0.5203145437830872,690555.0,5448478.857800961,bull,0.08186137489637324,bull,0.1510202079004126,2026-10-10,False,True,False,OK,,,ASM.TO,ASM.TO,Other Precious Metals & Mining,False,True
AG.TO,FIRST MAJESTIC,AG.TO,24.639999389648438,CAD,28.10261809780772,32.55,6.88,BUY,38.2,54.45,75.9,21.188,Zyklus-neutral,4.21,7.886,9.0,215490000.0,15916909568.0,965571008.0,1.35,95.1,7.07,102.17,3.379,54.01,"[100.0, 8.42, 0.0, 83.64, 22.11]",26.672178,48.9,LOW,"{""coverage"": 1.0, ""confluence"": 0.2, ""risk_clean"": 0.3333333333333333, ""regime_align"": 0.509776592736234, ""liquidity"": 0.20627802690582964, ""weights"": {""coverage"": 0.25, ""confluence"": 0.25, ""risk_clean"": 0.2, ""regime_align"": 0.2, ""liquidity"": 0.1}}",CA32076V1031,AG.TO,AG.TO,Edelmetalle ⛏️,34.68,0.736359266826331,0.46870770227806685,0.5174444496202659,1955495.0,48183395.60646057,27.969846858978272,-0.11905133003118173,bull,0.08186137489637324,bull,0.1510202079004126,2026-10-10,0.020639545448360552,Basic Materials,Silver,Canada,CAD,2.0712510879946633,28.10261809780772,21.188,stock,S4 Fundament,pillar,84.0,manual thematic assignment after stack redesign,"materials, mining, metals",VALID,YAHOO_PIT_CYCLE_V1,cycle_detrended_sma20_range40_v1,yfinance.download,1d_auto_adjust_true_close,AG.TO,CAD,WATCHLIST_DECLARED_ONLY,SESSION_DATE_CUTOFF_ONLY,2026-10-09,2026-10-10T09:05:09.890731+00:00,2026-10-10T09:05:25.615390+00:00,323e341c2be95bfda4cb9c5d3d88e9d769c08d0f20126a7a934a84d44b793c3a,252.0,COMPLETED_DAILY_BARS,67.36,53.5,,bull,stock,,,,0.08186137489637324,AG.TO,FIRST MAJESTIC,CA32076V1031,AG.TO,AG.TO,Edelmetalle ⛏️,Basic Materials,Silver,Canada,CAD,24.639999389648438,34.68,28.10261809780772,32.55,6.88,48.9,BUY,75.9,Zyklus-neutral,0.020639545448360552,-0.11905133003118173,27.969846858978272,0.736359266826331,0.46870770227806685,0.5174444496202659,1955495.0,48183395.60646057,bull,0.08186137489637324,bull,0.1510202079004126,2026-10-10,False,True,False,OK,,,AG.TO,AG.TO,Silver,False,True
RHM.DE,Rheinmetall AG,RHM.DE,939.0999755859375,EUR,-50.18451159387078,31.0,5.48,BUY,1966.0,2521.79,71.8,37.105,Zyklus-Tief,22.42,47.166,49.0,-1625000.0,76487131136.0,10997999616.0,-0.0,13.3,7.64,20.94,1.135,43.98,"[26.6, 44.84, 0.0, 100.0, 20.38]",40.79185,53.3,MED,"{""coverage"": 1.0, ""confluence"": 0.2, ""risk_clean"": 0.6666666666666666, ""regime_align"": 0.3097200339352806, ""liquidity"": 0.37668161434977576, ""weights"": {""coverage"": 0.25, ""confluence"": 0.25, ""risk_clean"": 0.2, ""regime_align"": 0.2, ""liquidity"": 0.1}}",DE0007030009,RHM.DE,RHM.DE,,,0.47482743952455414,0.3711353321996264,0.512782301496862,183434.7,172263522.2916138,1319.9454483032227,-0.28853122165530287,bull,0.08186137489637324,bull,0.1510202079004126,2026-10-10,-0.07977498559353191,Industrials,Aerospace & Defense,Germany,EUR,0.449240674103879,-50.18451159387078,37.105,stock,S20 Sicherheit & Verteidigung,pillar,81.0,manual thematic assignment after stack redesign,"defense, aerospace, security",VALID,YAHOO_PIT_CYCLE_V1,cycle_detrended_sma20_range40_v1,yfinance.download,1d_auto_adjust_true_close,RHM.DE,EUR,WATCHLIST_DECLARED_ONLY,SESSION_DATE_CUTOFF_ONLY,2026-10-09,2026-10-10T09:05:09.890731+00:00,2026-10-10T09:05:26.017043+00:00,27a986f26763ed888cb3f17e210f4e97fac1d79b7d764abdd1f316aa425fa97f,254.0,COMPLETED_DAILY_BARS,63.35,48.48,,bull,stock,,,,0.08186137489637324,RHM.DE,Rheinmetall AG,DE0007030009,RHM.DE,RHM.DE,,Industrials,Aerospace & Defense,Germany,EUR,939.0999755859375,,-50.18451159387078,31.0,5.48,53.3,BUY,71.8,Zyklus-Tief,-0.07977498559353191,-0.28853122165530287,1319.9454483032227,0.47482743952455414,0.3711353321996264,0.512782301496862,183434.7,172263522.2916138,bull,0.08186137489637324,bull,0.1510202079004126,2026-10-10,False,True,False,OK,,,RHM.DE,RHM.DE,Aerospace & Defense,False,True
INGR,INGREDION INC,INGR,95.08999633789062,USD,-17.983444595882947,30.89,0.76,BUY,117.01,127.79,47.5,41.7503,Zyklus-neutral,18.1,41.609,275.0,379000000.0,8264359936.0,7218999808.0,4.59,-2.4,10.1,7.7,2.663,97.61,"[0.0, 36.2, 0.0, 90.9, 22.78]",10.015725,57.1,MED,"{""coverage"": 1.0, ""confluence"": 0.0, ""risk_clean"": 1.0, ""regime_align"": 0.4695188462004606, ""liquidity"": 0.26905829596412556, ""weights"": {""coverage"": 0.25, ""confluence"": 0.25, ""risk_clean"": 0.2, ""regime_align"": 0.2, ""liquidity"": 0.1}}",US4571871023,INGR,INGR,Konsum & Lifestyle,116.93,0.18012411739992812,0.12048020166308325,0.20915542676470844,701190.0,66676154.53216553,105.0174949645996,-0.09453185519284613,bull,0.08186137489637324,bull,0.1510202079004126,2026-10-10,-0.061346140930521376,Consumer Defensive,Packaged Foods,United States,USD,-0.021032775031604167,-17.983444595882947,41.7503,stock,S11 Konsum,pillar,80.0,manual thematic assignment after stack redesign,"consumer staples, food, household",VALID,YAHOO_PIT_CYCLE_V1,cycle_detrended_sma20_range40_v1,yfinance.download,1d_auto_adjust_true_close,INGR,USD,WATCHLIST_DECLARED_ONLY,SESSION_DATE_CUTOFF_ONLY,2026-10-09,2026-10-10T09:05:09.890731+00:00,2026-10-10T09:05:25.801393+00:00,96e20a63a1a6a05abcd3e0cbdc11fafc1dc10c2e10503168ed6db5abf004d1d2,251.0,COMPLETED_DAILY_BARS,55.38,24.35,,bull,stock,,,,0.08186137489637324,INGR,INGREDION INC,US4571871023,INGR,INGR,Konsum & Lifestyle,Consumer Defensive,Packaged Foods,United States,USD,95.08999633789062,116.93,-17.983444595882947,30.89,0.76,57.1,BUY,47.5,Zyklus-neutral,-0.061346140930521376,-0.09453185519284613,105.0174949645996,0.18012411739992812,0.12048020166308325,0.20915542676470844,701190.0,66676154.53216553,bull,0.08186137489637324,bull,0.1510202079004126,2026-10-10,False,True,False,OK,,,INGR,INGR,Packaged Foods,False,True
2899.HK,ZIJIN MINING,2899.HK,32.939998626708984,HKD,-6.217354684802634,29.28,0.0,Seitwärts,0.0,0.0,77.8,45.256,Zyklus-neutral,28.01,74.84,129.0,31392294912.0,1275161870336.0,327443021824.0,2.46,8.1,13.91,22.01,1.199,46.16,"[16.2, 56.02, 0.0, 46.24, 20.58]",16.63815,68.0,MED,"{""coverage"": 1.0, ""confluence"": 0.4, ""risk_clean"": 0.6666666666666666, ""regime_align"": 0.6310851209954349, ""liquidity"": 0.7040358744394619, ""weights"": {""coverage"": 0.25, ""confluence"": 0.25, ""risk_clean"": 0.2, ""regime_align"": 0.2, ""liquidity"": 0.1}}",CNE100000502,2899.HK,2899.HK,Fundament,43.4,0.49701121210631444,0.30077091762852576,0.3978220807776228,35613199.3,1173098736.0347133,35.152986755371096,-0.06295306125941014,bull,0.08186137489637324,bull,0.1510202079004126,2026-10-10,0.0896596015764981,Basic Materials,Gold,China,HKD,5.306898668874349,-6.217354684802634,45.256,stock,S4 Fundament,pillar,84.0,manual thematic assignment after stack redesign,"materials, mining, metals",VALID,YAHOO_PIT_CYCLE_V1,cycle_detrended_sma20_range40_v1,yfinance.download,1d_auto_adjust_true_close,2899.HK,HKD,WATCHLIST_DECLARED_ONLY,SESSION_DATE_CUTOFF_ONLY,2026-10-09,2026-10-10T09:05:09.890731+00:00,2026-10-10T09:05:25.591966+00:00,8c08758a8c4b86b6e0fbe9ac974a794818bc4a753a94ecbcc23b8193e2679805,247.0,COMPLETED_DAILY_BARS,60.71,48.47,,bull,stock,,,,0.08186137489637324,2899.HK,ZIJIN MINING,CNE100000502,2899.HK,2899.HK,Fundament,Basic Materials,Gold,China,HKD,32.939998626708984,43.4,-6.217354684802634,29.28,0.0,68.0,Seitwärts,77.8,Zyklus-neutral,0.0896596015764981,-0.06295306125941014,35.152986755371096,0.49701121210631444,0.30077091762852576,0.3978220807776228,35613199.3,1173098736.0347133,bull,0.08186137489637324,bull,0.1510202079004126,2026-10-10,False,True,False,OK,,,2899.HK,2899.HK,Gold,False,True
VALE3.SA,VALE S.A.,VALE3.SA,67.9000015258789,BRL,24.27625171145722,29.03,0.0,Seitwärts,0.0,0.0,80.6,18.2608,Zyklus-Tief,13.27,50.201,792.0,-951249984.0,458628300800.0,213320007680.0,-0.21,7.0,14.15,21.15,1.237,43.69,"[14.0, 26.54, 0.0, 96.37, 18.54]",8.056645,61.2,MED,"{""coverage"": 1.0, ""confluence"": 0.0, ""risk_clean"": 1.0, ""regime_align"": 0.4066173797115501, ""liquidity"": 0.8116591928251121, ""weights"": {""coverage"": 0.25, ""confluence"": 0.25, ""risk_clean"": 0.2, ""regime_align"": 0.2, ""liquidity"": 0.1}}",BRVALEACNOR0,VALE3.SA,VALE3.SA,Fundament,85.14,0.2687627397892161,0.17740499536207185,0.22812721220918764,27446805.0,1863638101.3805008,77.35315456390381,-0.12220772496376175,bull,0.08186137489637324,bull,0.1510202079004126,2026-10-10,-0.08361804232280834,Basic Materials,Other Industrial Metals & Mining,Brazil,BRL,0.3843910978365006,24.27625171145722,18.2608,stock,S4 Fundament,pillar,84.0,manual thematic assignment after stack redesign,"materials, mining, metals",VALID,YAHOO_PIT_CYCLE_V1,cycle_detrended_sma20_range40_v1,yfinance.download,1d_auto_adjust_true_close,VALE3.SA,BRL,WATCHLIST_DECLARED_ONLY,SESSION_DATE_CUTOFF_ONLY,2026-10-09,2026-10-10T09:05:09.890731+00:00,2026-10-10T09:05:25.747378+00:00,dd37be0cd99af80681aded246b36f26502fe0f698d4104d88d937fe7fe86566d,249.0,COMPLETED_DAILY_BARS,53.71,27.99,,bull,stock,,,,0.08186137489637324,VALE3.SA,VALE S.A.,BRVALEACNOR0,VALE3.SA,VALE3.SA,Fundament,Basic Materials,Other Industrial Metals & Mining,Brazil,BRL,67.9000015258789,85.14,24.27625171145722,29.03,0.0,61.2,Seitwärts,80.6,Zyklus-Tief,-0.08361804232280834,-0.12220772496376175,77.35315456390381,0.2687627397892161,0.17740499536207185,0.22812721220918764,27446805.0,1863638101.3805008,bull,0.08186137489637324,bull,0.1510202079004126,2026-10-10,False,True,False,OK,,,VALE3.SA,VALE3.SA,Other Industrial Metals & Mining,False,True
KEP,KOREA EL. PWR ADR 1/2,KEP,11.029999732971191,USD,-11.830539319206146,28.7,5.08,BUY,23.41,31.51,78.5,43.5725,Zyklus-Tief,19.12,279.916,45.0,1394938609664.0,127486264344576.0,97275598602240.0,1.09,5.6,8.47,14.07,0.481,1.78,"[11.2, 38.24, 0.0, 100.0, 30.73]",3.3700979,38.9,LOW,"{""coverage"": 1.0, ""confluence"": 0.0, ""risk_clean"": 0.3333333333333333, ""regime_align"": 0.3187593423019432, ""liquidity"": 0.08968609865470856, ""weights"": {""coverage"": 0.25, ""confluence"": 0.25, ""risk_clean"": 0.2, ""regime_align"": 0.2, ""liquidity"": 0.1}}",US5006311063,KEP,KEP,Energie,21.38,0.48866151264163743,0.3003587830308354,0.5335339520763491,784705.0,8655295.940461159,14.70875000476837,-0.2501062476828133,bull,0.08186137489637324,bull,0.1510202079004126,2026-10-10,-0.08233216250875297,Utilities,Utilities - Regulated Electric,South Korea,USD,1.007322856306958,-11.830539319206146,43.5725,stock,S3 Energie,pillar,82.0,manual thematic assignment after stack redesign,"energy, grid, electrification",VALID,YAHOO_PIT_CYCLE_V1,cycle_detrended_sma20_range40_v1,yfinance.download,1d_auto_adjust_true_close,KEP,USD,WATCHLIST_DECLARED_ONLY,SESSION_DATE_CUTOFF_ONLY,2026-10-09,2026-10-10T09:05:09.890731+00:00,2026-10-10T09:05:25.533500+00:00,f772517f9121c0cf4212dc52d11150b37d20d3dd3a24da02ce81a091d7a9551f,251.0,COMPLETED_DAILY_BARS,62.37,56.36,,bull,stock,,,,0.08186137489637324,KEP,KOREA EL. PWR ADR 1/2,US5006311063,KEP,KEP,Energie,Utilities,Utilities - Regulated Electric,South Korea,USD,11.029999732971191,21.38,-11.830539319206146,28.7,5.08,38.9,BUY,78.5,Zyklus-Tief,-0.08233216250875297,-0.2501062476828133,14.70875000476837,0.48866151264163743,0.3003587830308354,0.5335339520763491,784705.0,8655295.940461159,bull,0.08186137489637324,bull,0.1510202079004126,2026-10-10,False,True,False,OK,,,KEP,KEP,Utilities - Regulated Electric,False,True
AGI.TO,ALAMOS GOLD,AGI.TO,46.93000030517578,CAD,2.4772632653234705,28.68,0.0,Seitwärts,0.0,0.0,68.7,24.818,Zyklus-Hoch,14.27,6.831,23.0,228962496.0,25537525760.0,1609299968.0,0.9,28.1,33.46,61.56,1.717,71.77,"[56.2, 28.54, 0.0, 0.0, 26.31]",17.732689,60.4,MED,"{""coverage"": 1.0, ""confluence"": 0.6, ""risk_clean"": 0.3333333333333333, ""regime_align"": 0.5837171251969457, ""liquidity"": 0.2017937219730942, ""weights"": {""coverage"": 0.25, ""confluence"": 0.25, ""risk_clean"": 0.2, ""regime_align"": 0.2, ""liquidity"": 0.1}}",CA0115321089,AGI.TO,AGI.TO,Edelmetalle ⛏️,59.13,0.5688082577702565,0.4272779554246357,0.4839531834904772,1002030.0,47025268.20579529,53.69863569259643,-0.12604855412283522,bull,0.08186137489637324,bull,0.1510202079004126,2026-10-10,0.10825168120637207,Basic Materials,Gold,Canada,CAD,2.400171132822715,2.4772632653234705,24.818,stock,S4 Fundament,pillar,84.0,manual thematic assignment after stack redesign,"materials, mining, metals",VALID,YAHOO_PIT_CYCLE_V1,cycle_detrended_sma20_range40_v1,yfinance.download,1d_auto_adjust_true_close,AGI.TO,CAD,WATCHLIST_DECLARED_ONLY,SESSION_DATE_CUTOFF_ONLY,2026-10-09,2026-10-10T09:05:09.890731+00:00,2026-10-10T09:05:25.621648+00:00,cfce693f0f0d85863c2de9836d65bc1e94781580c32cbddd4559822b4134ce9d,252.0,COMPLETED_DAILY_BARS,62.3,56.24,,bull,stock,,,,0.08186137489637324,AGI.TO,ALAMOS GOLD,CA0115321089,AGI.TO,AGI.TO,Edelmetalle ⛏️,Basic Materials,Gold,Canada,CAD,46.93000030517578,59.13,2.4772632653234705,28.68,0.0,60.4,Seitwärts,68.7,Zyklus-Hoch,0.10825168120637207,-0.12604855412283522,53.69863569259643,0.5688082577702565,0.4272779554246357,0.4839531834904772,1002030.0,47025268.20579529,bull,0.08186137489637324,bull,0.1510202079004126,2026-10-10,False,True,False,OK,,,AGI.TO,AGI.TO,Gold,False,True
0700.HK,TENCENT HLDGS,0700.HK,424.79998779296875,HKD,-36.38056433988803,28.39,0.0,Seitwärts,0.0,0.0,60.8,49.6934,Zyklus-Tief,19.83,32.47,82.0,129573249024.0,5078710222848.0,729841008640.0,2.55,15.4,29.86,45.26,1.356,24.22,"[30.8, 39.66, 0.0, 86.9, 36.1]",15.502593,71.2,MED,"{""coverage"": 1.0, ""confluence"": 0.4, ""risk_clean"": 1.0, ""regime_align"": 0.36172383145477316, ""liquidity"": 0.8968609865470852, ""weights"": {""coverage"": 0.25, ""confluence"": 0.25, ""risk_clean"": 0.2, ""regime_align"": 0.2, ""liquidity"": 0.1}}",KYG875721634,0700.HK,0700.HK,Gehirn,607.0,0.3347401643405456,0.18726234115045046,0.3838739125617966,19972030.15,8484118163.920803,491.2236538696289,-0.13522082162250482,bull,0.08186137489637324,bull,0.1510202079004126,2026-10-10,-0.11350244808321552,Communication Services,Internet Content & Information,China,HKD,3.257169201576615,-36.38056433988803,49.6934,stock,S2 Gehirn,pillar,85.0,manual thematic assignment after stack redesign,"ai, semis, software",VALID,YAHOO_PIT_CYCLE_V1,cycle_detrended_sma20_range40_v1,yfinance.download,1d_auto_adjust_true_close,0700.HK,HKD,WATCHLIST_DECLARED_ONLY,SESSION_DATE_CUTOFF_ONLY,2026-10-09,2026-10-10T09:05:09.890731+00:00,2026-10-10T09:05:25.287592+00:00,e4a7ce548e5a6df355f3777ee53acefcb601a0875630da0443286be8492196e7,247.0,COMPLETED_DAILY_BARS,54.14,32.4,,bull,stock,,,,0.08186137489637324,0700.HK,TENCENT HLDGS,KYG875721634,0700.HK,0700.HK,Gehirn,Communication Services,Internet Content & Information,China,HKD,424.79998779296875,607.0,-36.38056433988803,28.39,0.0,71.2,Seitwärts,60.8,Zyklus-Tief,-0.11350244808321552,-0.13522082162250482,491.2236538696289,0.3347401643405456,0.18726234115045046,0.3838739125617966,19972030.15,8484118163.920803,bull,0.08186137489637324,bull,0.1510202079004126,2026-10-10,False,True,False,OK,,,0700.HK,0700.HK,Internet Content & Information,False,True
ISRG,INTUITIVE SURGICAL INC,ISRG,423.9599914550781,USD,-1.3105530693932277,28.19,0.0,Seitwärts,0.0,0.0,44.7,83.6383,Zyklus-neutral,16.69,0.953,0.0,2274837504.0,170196434944.0,10064700416.0,1.34,18.8,28.38,47.18,4.875,88.83,"[37.6, 33.38, 52.35, 52.5, 15.13]",43.30517,74.6,MED,"{""coverage"": 1.0, ""confluence"": 0.4, ""risk_clean"": 1.0, ""regime_align"": 0.6513856906233588, ""liquidity"": 0.6547085201793722, ""weights"": {""coverage"": 0.25, ""confluence"": 0.25, ""risk_clean"": 0.2, ""regime_align"": 0.2, ""liquidity"": 0.1}}",US46120E6023,ISRG,ISRG,Pharma 🧪,526.07,0.36923860599146985,0.2689100250848519,0.4399595130529892,2170640.0,920264515.8520508,443.4130995178223,-0.04387129763170716,bull,0.08186137489637324,bull,0.1510202079004126,2026-10-10,0.07901609260482267,Healthcare,Medical Instruments & Supplies,United States,USD,2.058204597288227,-1.3105530693932277,83.6383,stock,S1 Hardware,pillar,85.0,manual thematic assignment after stack redesign,"robotics, automation, devices",VALID,YAHOO_PIT_CYCLE_V1,cycle_detrended_sma20_range40_v1,yfinance.download,1d_auto_adjust_true_close,ISRG,USD,WATCHLIST_DECLARED_ONLY,SESSION_DATE_CUTOFF_ONLY,2026-10-09,2026-10-10T09:05:09.890731+00:00,2026-10-10T09:05:25.230358+00:00,4f615234699f2ab11c3aae9456b7d9710b53cfe54583ed95f9a58a1122a9e7e3,251.0,COMPLETED_DAILY_BARS,55.31,36.95,,bull,stock,,,,0.08186137489637324,ISRG,INTUITIVE SURGICAL INC,US46120E6023,ISRG,ISRG,Pharma 🧪,Healthcare,Medical Instruments & Supplies,United States,USD,423.9599914550781,526.07,-1.3105530693932277,28.19,0.0,74.6,Seitwärts,44.7,Zyklus-neutral,0.07901609260482267,-0.04387129763170716,443.4130995178223,0.36923860599146985,0.2689100250848519,0.4399595130529892,2170640.0,920264515.8520508,bull,0.08186137489637324,bull,0.1510202079004126,2026-10-10,False,True,False,OK,,,ISRG,ISRG,Medical Instruments & Supplies,False,True
VALE,VALE SA,VALE,13.619999885559082,USD,37.20903041394041,28.09,0.0,Seitwärts,0.0,0.0,80.6,40.3034,Zyklus-Tief,13.27,50.201,792.0,-951249984.0,458628300800.0,213320007680.0,-0.21,7.0,14.15,21.15,1.237,43.69,"[14.0, 26.54, 0.0, 96.37, 18.54]",8.056645,59.6,MED,"{""coverage"": 1.0, ""confluence"": 0.0, ""risk_clean"": 1.0, ""regime_align"": 0.4493495737890357, ""liquidity"": 0.5650224215246636, ""weights"": {""coverage"": 0.25, ""confluence"": 0.25, ""risk_clean"": 0.2, ""regime_align"": 0.2, ""liquidity"": 0.1}}",US91912E1055,VALE,VALE,Mining ⛏️,85.14,0.33056131124576715,0.22029890243555078,0.23235367941301133,34342985.0,467751451.7697573,14.999830756187439,-0.09198976262176661,bull,0.08186137489637324,bull,0.1510202079004126,2026-10-10,-0.07798811523803395,Basic Materials,Other Industrial Metals & Mining,Brazil,USD,1.4903115359770513,37.20903041394041,40.3034,stock,S4 Fundament,pillar,84.0,manual thematic assignment after stack redesign,"materials, mining, metals",VALID,YAHOO_PIT_CYCLE_V1,cycle_detrended_sma20_range40_v1,yfinance.download,1d_auto_adjust_true_close,VALE,USD,WATCHLIST_DECLARED_ONLY,SESSION_DATE_CUTOFF_ONLY,2026-10-09,2026-10-10T09:05:09.890731+00:00,2026-10-10T09:05:25.753554+00:00,106e15d64fda1bb2de5780dfa5fd210a8ec4e6a6d6534a536577697753960ab6,251.0,COMPLETED_DAILY_BARS,54.42,34.69,,bull,stock,,,,0.08186137489637324,VALE,VALE SA,US91912E1055,VALE,VALE,Mining ⛏️,Basic Materials,Other Industrial Metals & Mining,Brazil,USD,13.619999885559082,85.14,37.20903041394041,28.09,0.0,59.6,Seitwärts,80.6,Zyklus-Tief,-0.07798811523803395,-0.09198976262176661,14.999830756187439,0.33056131124576715,0.22029890243555078,0.23235367941301133,34342985.0,467751451.7697573,bull,0.08186137489637324,bull,0.1510202079004126,2026-10-10,False,True,False,OK,,,VALE,VALE,Other Industrial Metals & Mining,False,True
HMY,Harmony Gold Mining Company,HMY,16.8799991607666,USD,-3.180224655181374,27.94,0.0,Seitwärts,0.0,0.0,60.2,16.7743,Zyklus-neutral,32.52,4.925,98.0,10437374976.0,2812910080.0,73896001536.0,371.05,22.7,19.46,42.16,1.72,23.91,"[45.4, 65.04, 0.0, 72.74, 27.31]",8.793388,67.7,MED,"{""coverage"": 1.0, ""confluence"": 0.8, ""risk_clean"": 0.3333333333333333, ""regime_align"": 0.6670908576738173, ""liquidity"": 0.273542600896861, ""weights"": {""coverage"": 0.25, ""confluence"": 0.25, ""risk_clean"": 0.2, ""regime_align"": 0.2, ""liquidity"": 0.1}}",US4132163001,HMY,HMY,Tech 💻,,0.6576002708175643,0.4225016766092375,0.48847927558359105,4051015.0,68381129.80025291,17.602136421203614,-0.041025546169902616,bull,0.08186137489637324,bull,0.1510202079004126,2026-10-10,0.10064805366287843,Basic Materials,Gold,South Africa,USD,3.058791498574709,-3.180224655181374,16.7743,stock,S4 Fundament,pillar,84.0,manual thematic assignment after stack redesign,"materials, mining, metals",VALID,YAHOO_PIT_CYCLE_V1,cycle_detrended_sma20_range40_v1,yfinance.download,1d_auto_adjust_true_close,HMY,USD,WATCHLIST_DECLARED_ONLY,SESSION_DATE_CUTOFF_ONLY,2026-10-09,2026-10-10T09:05:09.890731+00:00,2026-10-10T09:05:25.688620+00:00,a4c8e50ab5af38a644f91635928e520a417a140abde258f0e31a2b3bd6fe9ebd,251.0,COMPLETED_DAILY_BARS,61.57,57.53,,bull,stock,,,,0.08186137489637324,HMY,Harmony Gold Mining Company,US4132163001,HMY,HMY,Tech 💻,Basic Materials,Gold,South Africa,USD,16.8799991607666,,-3.180224655181374,27.94,0.0,67.7,Seitwärts,60.2,Zyklus-neutral,0.10064805366287843,-0.041025546169902616,17.602136421203614,0.6576002708175643,0.4225016766092375,0.48847927558359105,4051015.0,68381129.80025291,bull,0.08186137489637324,bull,0.1510202079004126,2026-10-10,False,True,False,OK,,,HMY,HMY,Gold,False,True
6503.T,MITSUBISHI EL.,6503.T,5143.0,JPY,27.56303676128855,27.75,0.09,BUY,5152.0,5863.86,79.6,,Zyklus-Hoch,9.51,8.262,95.0,252386869248.0,11700824702976.0,5677370048512.0,2.16,4.9,6.59,11.49,1.988,49.55,"[9.8, 19.02, 0.0, 20.0, 0.0]",35.206493,61.4,MED,"{""coverage"": 1.0, ""confluence"": 0.0, ""risk_clean"": 1.0, ""regime_align"": 0.3417969539045772, ""liquidity"": 0.9596412556053812, ""weights"": {""coverage"": 0.25, ""confluence"": 0.25, ""risk_clean"": 0.2, ""regime_align"": 0.2, ""liquidity"": 0.1}}",JP3902400005,6503.T,6503.T,Hardware 💻,4886.0,0.42596592685686624,0.27648802002828116,0.23368907431856034,5858610.0,30130831230.0,5509.561232910156,-0.06653183754825753,bull,0.08186137489637324,bull,0.1510202079004126,2026-10-10,-0.17404692704595848,Industrials,Electrical Equipment & Parts,Japan,JPY,1.8214215006929324,27.56303676128855,,stock,S1 Hardware,pillar,85.0,manual thematic assignment after stack redesign,"robotics, automation, devices",INSUFFICIENT_HISTORY,YAHOO_PIT_CYCLE_V1,cycle_detrended_sma20_range40_v1,yfinance.download,1d_auto_adjust_true_close,6503.T,JPY,WATCHLIST_DECLARED_ONLY,SESSION_DATE_CUTOFF_ONLY,2026-10-09,2026-10-10T09:05:09.890731+00:00,2026-10-10T09:05:25.176820+00:00,,243.0,GAP_IN_DAILY_BARS,50.71,24.79,,bull,stock,,,,0.08186137489637324,6503.T,MITSUBISHI EL.,JP3902400005,6503.T,6503.T,Hardware 💻,Industrials,Electrical Equipment & Parts,Japan,JPY,5143.0,4886.0,27.56303676128855,27.75,0.09,61.4,BUY,79.6,,-0.17404692704595848,-0.06653183754825753,5509.561232910156,0.42596592685686624,0.27648802002828116,0.23368907431856034,5858610.0,30130831230.0,bull,0.08186137489637324,bull,0.1510202079004126,2026-10-10,False,True,False,OK,,,6503.T,6503.T,Electrical Equipment & Parts,False,True
PEP,PepsiCo,PEP,125.97000122070312,USD,-12.663749452929862,27.35,0.0,Seitwärts,0.0,0.0,61.6,39.7325,Zyklus-neutral,42.85,258.081,341.0,8232750080.0,271828385792.0,93924999168.0,3.03,5.6,8.77,14.37,0.853,79.71,"[11.2, 85.7, 0.0, 21.64, 16.48]",18.30416,58.5,MED,"{""coverage"": 1.0, ""confluence"": 0.2, ""risk_clean"": 0.6666666666666666, ""regime_align"": 0.3886599604088393, ""liquidity"": 0.7399103139013453, ""weights"": {""coverage"": 0.25, ""confluence"": 0.25, ""risk_clean"": 0.2, ""regime_align"": 0.2, ""liquidity"": 0.1}}",US7134481081,PEP,PEP,Konsum 🥨,148.02,0.20719242891012513,0.12350101485306082,0.2521763954744549,10530300.0,1326501903.85437,144.08739212036133,-0.12573890493155782,bull,0.08186137489637324,bull,0.1510202079004126,2026-10-10,-0.09819173185042096,Consumer Defensive,Beverages - Non-Alcoholic,United States,USD,-1.8466535646049387,-12.663749452929862,39.7325,stock,S11 Konsum,pillar,80.0,manual thematic assignment after stack redesign,"consumer staples, food, household",VALID,YAHOO_PIT_CYCLE_V1,cycle_detrended_sma20_range40_v1,yfinance.download,1d_auto_adjust_true_close,PEP,USD,WATCHLIST_DECLARED_ONLY,SESSION_DATE_CUTOFF_ONLY,2026-10-09,2026-10-10T09:05:09.890731+00:00,2026-10-10T09:05:25.824718+00:00,47767bdd8f89f39b43ad24ebf826e90d6b70142558a14b42604ce99d400dbab0,251.0,COMPLETED_DAILY_BARS,52.37,31.85,,bull,stock,,,,0.08186137489637324,PEP,PepsiCo,US7134481081,PEP,PEP,Konsum 🥨,Consumer Defensive,Beverages - Non-Alcoholic,United States,USD,125.97000122070312,148.02,-12.663749452929862,27.35,0.0,58.5,Seitwärts,61.6,Zyklus-neutral,-0.09819173185042096,-0.12573890493155782,144.08739212036133,0.20719242891012513,0.12350101485306082,0.2521763954744549,10530300.0,1326501903.85437,bull,0.08186137489637324,bull,0.1510202079004126,2026-10-10,False,True,False,OK,,,PEP,PEP,Beverages - Non-Alcoholic,False,True
HL,HECLA MNG,HL,17.06999969482422,USD,36.249374099971355,26.94,0.0,Seitwärts,0.0,0.0,73.7,24.7576,Zyklus-Tief,8.88,11.711,7.0,107837000.0,15551884288.0,1224562944.0,0.69,67.1,16.27,83.37,2.153,80.04,"[100.0, 17.76, 0.0, 87.58, 22.19]",21.58091,64.1,MED,"{""coverage"": 1.0, ""confluence"": 0.6, ""risk_clean"": 0.3333333333333333, ""regime_align"": 0.5636387508584818, ""liquidity"": 0.6188340807174888, ""weights"": {""coverage"": 0.25, ""confluence"": 0.25, ""risk_clean"": 0.2, ""regime_align"": 0.2, ""liquidity"": 0.1}}",US4227041062,HL,HL,Edelmetalle ⛏️,28.27,0.7297278618732466,0.4397088762963348,0.5581261665440812,39502720.0,674311418.3447266,19.110421981811523,-0.10677013249258915,bull,0.08186137489637324,bull,0.1510202079004126,2026-10-10,0.06336290462617411,Basic Materials,Other Precious Metals & Mining,United States,USD,2.0322783137532774,36.249374099971355,24.7576,stock,S4 Fundament,pillar,84.0,manual thematic assignment after stack redesign,"materials, mining, metals",VALID,YAHOO_PIT_CYCLE_V1,cycle_detrended_sma20_range40_v1,yfinance.download,1d_auto_adjust_true_close,HL,USD,WATCHLIST_DECLARED_ONLY,SESSION_DATE_CUTOFF_ONLY,2026-10-09,2026-10-10T09:05:09.890731+00:00,2026-10-10T09:05:25.682986+00:00,871c1be86525438835575479189e7c46f101b34d401a7c2561d66a7c5ba4768b,251.0,COMPLETED_DAILY_BARS,60.07,57.66,,bull,stock,,,,0.08186137489637324,HL,HECLA MNG,US4227041062,HL,HL,Edelmetalle ⛏️,Basic Materials,Other Precious Metals & Mining,United States,USD,17.06999969482422,28.27,36.249374099971355,26.94,0.0,64.1,Seitwärts,73.7,Zyklus-Tief,0.06336290462617411,-0.10677013249258915,19.110421981811523,0.7297278618732466,0.4397088762963348,0.5581261665440812,39502720.0,674311418.3447266,bull,0.08186137489637324,bull,0.1510202079004126,2026-10-10,False,True,False,OK,,,HL,HL,Other Precious Metals & Mining,False,True
COIN,COINBASE GLB.,COIN,179.38999938964844,USD,-49.75210932953479,26.76,0.0,Seitwärts,0.0,0.0,40.6,15.9911,Zyklus-neutral,26.0,48.559,0.0,-1097911808.0,41830793216.0,7370428928.0,-2.62,58.9,43.66,102.56,2.404,67.14,"[100.0, 52.0, 0.0, 65.97, 63.27]",25.270573,72.9,MED,"{""coverage"": 1.0, ""confluence"": 0.8, ""risk_clean"": 0.3333333333333333, ""regime_align"": 0.6604451985617905, ""liquidity"": 0.8071748878923767, ""weights"": {""coverage"": 0.25, ""confluence"": 0.25, ""risk_clean"": 0.2, ""regime_align"": 0.2, ""liquidity"": 0.1}}",US19260Q1076,COIN,COIN,Krypto-Infrastruktur 🪙,211.68,0.7213617718547037,0.38558416737839374,0.6096339562376756,10202700.0,1830262346.772766,183.7828497314453,-0.023902395398787024,bull,0.08186137489637324,bull,0.1510202079004126,2026-10-10,0.0726359549522404,Financial Services,Financial Data & Stock Exchanges,United States,USD,4.296511273051418,-49.75210932953479,15.9911,stock,S21 Finanzsystem,pillar,83.0,manual thematic assignment after stack redesign,"payments, exchanges, capital markets, crypto",VALID,YAHOO_PIT_CYCLE_V1,cycle_detrended_sma20_range40_v1,yfinance.download,1d_auto_adjust_true_close,COIN,USD,WATCHLIST_DECLARED_ONLY,SESSION_DATE_CUTOFF_ONLY,2026-10-09,2026-10-10T09:05:09.890731+00:00,2026-10-10T09:05:26.057001+00:00,6c0f9f99b76f0980fec91a9070bb40104f69de69d1095db2c0315f6ddb87661d,251.0,COMPLETED_DAILY_BARS,60.34,59.32,,bull,stock,,,,0.08186137489637324,COIN,COINBASE GLB.,US19260Q1076,COIN,COIN,Krypto-Infrastruktur 🪙,Financial Services,Financial Data & Stock Exchanges,United States,USD,179.38999938964844,211.68,-49.75210932953479,26.76,0.0,72.9,Seitwärts,40.6,Zyklus-neutral,0.0726359549522404,-0.023902395398787024,183.7828497314453,0.7213617718547037,0.38558416737839374,0.6096339562376756,10202700.0,1830262346.772766,bull,0.08186137489637324,bull,0.1510202079004126,2026-10-10,False,True,False,OK,,,COIN,COIN,Financial Data & Stock Exchanges,False,True
LIN,LINDE PLC,LIN,483.7300109863281,USD,8.036686575003383,26.48,,,,,,78.116,,,,,,,,,,,,,,,,61.8,MED,"{""coverage"": 1.0, ""confluence"": 0.0, ""risk_clean"": 1.0, ""regime_align"": 0.494586514765887, ""liquidity"": 0.695067264573991, ""weights"": {""coverage"": 0.25, ""confluence"": 0.25, ""risk_clean"": 0.2, ""regime_align"": 0.2, ""liquidity"": 0.1}}",IE000S9YS762,LIN,LIN,Fundament,,0.1910837353348705,0.12848657286639822,0.16031282595138452,2167375.0,1048424332.5614929,485.1477047729492,-0.002922190031352634,bull,0.08186137489637324,bull,0.1510202079004126,2026-10-10,-0.10936124879932918,Basic Materials,Specialty Chemicals,Ireland,USD,0.4214238588028829,8.036686575003383,78.116,stock,S4 Fundament,pillar,85.0,manual thematic assignment after stack redesign,"materials, mining, metals",VALID,YAHOO_PIT_CYCLE_V1,cycle_detrended_sma20_range40_v1,yfinance.download,1d_auto_adjust_true_close,LIN,USD,WATCHLIST_DECLARED_ONLY,SESSION_DATE_CUTOFF_ONLY,2026-10-09,2026-10-10T09:05:09.890731+00:00,2026-10-10T09:05:26.237884+00:00,126a6ec0ff53c07b873f61e119dfbac5d1421699f449271c96be4142ea30f297,251.0,COMPLETED_DAILY_BARS,48.55,24.17,,bull,stock,,,,0.08186137489637324,LIN,LINDE PLC,IE000S9YS762,LIN,LIN,Fundament,Basic Materials,Specialty Chemicals,Ireland,USD,483.7300109863281,,8.036686575003383,26.48,,61.8,,,,-0.10936124879932918,-0.002922190031352634,485.1477047729492,0.1910837353348705,0.12848657286639822,0.16031282595138452,2167375.0,1048424332.5614929,bull,0.08186137489637324,bull,0.1510202079004126,2026-10-10,False,True,False,OK,,,LIN,LIN,Specialty Chemicals,False,True
PAAS.TO,PAN AMER. SILVER,PAAS.TO,66.05000305175781,CAD,23.790155577291515,26.41,0.0,Seitwärts,0.0,0.0,71.7,35.8073,Zyklus-neutral,11.29,13.316,97.0,996537472.0,33913999360.0,3254799872.0,2.94,19.3,19.48,38.78,2.313,68.03,"[38.6, 22.58, 0.0, 58.27, 22.51]",16.049044,61.8,MED,"{""coverage"": 1.0, ""confluence"": 0.4, ""risk_clean"": 0.6666666666666666, ""regime_align"": 0.5704359067587768, ""liquidity"": 0.21076233183856496, ""weights"": {""coverage"": 0.25, ""confluence"": 0.25, ""risk_clean"": 0.2, ""regime_align"": 0.2, ""liquidity"": 0.1}}",CA6979001089,PAAS.TO,PAAS.TO,Edelmetalle ⛏️,87.0,0.5759847657028433,0.40060611491168674,0.37078764485817806,751370.0,49627990.79299927,72.59837045669556,-0.09019992272200938,bull,0.08186137489637324,bull,0.1510202079004126,2026-10-10,0.05551842732315837,Basic Materials,Gold,Canada,CAD,2.593982400723349,23.790155577291515,35.8073,stock,S4 Fundament,pillar,84.0,manual thematic assignment after stack redesign,"materials, mining, metals",VALID,YAHOO_PIT_CYCLE_V1,cycle_detrended_sma20_range40_v1,yfinance.download,1d_auto_adjust_true_close,PAAS.TO,CAD,WATCHLIST_DECLARED_ONLY,SESSION_DATE_CUTOFF_ONLY,2026-10-09,2026-10-10T09:05:09.890731+00:00,2026-10-10T09:05:25.712454+00:00,dd1af2338e2c3b8e4f3756a3983a247adc0cb4e499adc220a52a744b900ffde4,252.0,COMPLETED_DAILY_BARS,57.97,53.65,,bull,stock,,,,0.08186137489637324,PAAS.TO,PAN AMER. SILVER,CA6979001089,PAAS.TO,PAAS.TO,Edelmetalle ⛏️,Basic Materials,Gold,Canada,CAD,66.05000305175781,87.0,23.790155577291515,26.41,0.0,61.8,Seitwärts,71.7,Zyklus-neutral,0.05551842732315837,-0.09019992272200938,72.59837045669556,0.5759847657028433,0.40060611491168674,0.37078764485817806,751370.0,49627990.79299927,bull,0.08186137489637324,bull,0.1510202079004126,2026-10-10,False,True,False,OK,,,PAAS.TO,PAAS.TO,Gold,False,True
PKX,POSCO HOL.ADR,PKX,57.47999954223633,USD,27.365384847833486,25.97,2.86,BUY,65.49,81.98,67.1,45.4436,Zyklus-neutral,0.81,45.676,278.0,0.0,19552163332096.0,69095001161728.0,0.0,-5.4,0.95,-4.45,1.896,2.67,"[0.0, 1.62, 0.0, 72.33, 23.17]",12.655211,63.3,MED,"{""coverage"": 1.0, ""confluence"": 0.2, ""risk_clean"": 1.0, ""regime_align"": 0.6108754494404719, ""liquidity"": 0.11210762331838564, ""weights"": {""coverage"": 0.25, ""confluence"": 0.25, ""risk_clean"": 0.2, ""regime_align"": 0.2, ""liquidity"": 0.1}}",US6934831099,PKX,PKX,Fundament,63.17,0.45458449311064586,0.2717441647332718,0.4692542558079722,192390.0,11058577.111930847,61.36595003128052,-0.06332421297255852,bull,0.08186137489637324,bull,0.1510202079004126,2026-10-10,0.0755995906251592,Basic Materials,Steel,South Korea,USD,1.2863428057027892,27.365384847833486,45.4436,stock,S4 Fundament,pillar,84.0,manual thematic assignment after stack redesign,"materials, mining, metals",VALID,YAHOO_PIT_CYCLE_V1,cycle_detrended_sma20_range40_v1,yfinance.download,1d_auto_adjust_true_close,PKX,USD,WATCHLIST_DECLARED_ONLY,SESSION_DATE_CUTOFF_ONLY,2026-10-09,2026-10-10T09:05:09.890731+00:00,2026-10-10T09:05:25.718695+00:00,a38a232c242f303c6881f8567a439febe4dbf11850b1b4e91b8b7e530b7713fc,251.0,COMPLETED_DAILY_BARS,54.77,45.87,,bull,stock,,,,0.08186137489637324,PKX,POSCO HOL.ADR,US6934831099,PKX,PKX,Fundament,Basic Materials,Steel,South Korea,USD,57.47999954223633,63.17,27.365384847833486,25.97,2.86,63.3,BUY,67.1,Zyklus-neutral,0.0755995906251592,-0.06332421297255852,61.36595003128052,0.45458449311064586,0.2717441647332718,0.4692542558079722,192390.0,11058577.111930847,bull,0.08186137489637324,bull,0.1510202079004126,2026-10-10,False,True,False,OK,,,PKX,PKX,Steel,False,True
3750.HK,CONT.AMPEREX (CATL),3750.HK,491.3999938964844,HKD,-14.731214352180078,25.61,0.0,Seitwärts,0.0,0.0,73.2,73.2267,Zyklus-Hoch,22.14,37.135,22.0,48903442432.0,2110351081472.0,386039808000.0,2.32,12.9,16.52,29.42,1.684,57.34,"[25.8, 44.28, 0.0, 17.96, 23.92]",23.25123,66.9,MED,"{""coverage"": 1.0, ""confluence"": 0.4, ""risk_clean"": 1.0, ""regime_align"": 0.21583242435260372, ""liquidity"": 0.7623318385650224, ""weights"": {""coverage"": 0.25, ""confluence"": 0.25, ""risk_clean"": 0.2, ""regime_align"": 0.2, ""liquidity"": 0.1}}",CNE100006WS8,3750.HK,3750.HK,Energie,467.0,0.44988295983793747,0.28218121653918,0.38681928789510855,3056499.05,1501963614.5146103,592.2922776794434,-0.1703420550716065,bull,0.08186137489637324,bull,0.1510202079004126,2026-10-10,-0.22489152593132555,Industrials,Electrical Equipment & Parts,China,HKD,3.0620818954079088,-14.731214352180078,73.2267,stock,S3 Energie,pillar,82.0,manual thematic assignment after stack redesign,"energy, grid, electrification",VALID,YAHOO_PIT_CYCLE_V1,cycle_detrended_sma20_range40_v1,yfinance.download,1d_auto_adjust_true_close,3750.HK,HKD,WATCHLIST_DECLARED_ONLY,SESSION_DATE_CUTOFF_ONLY,2026-10-09,2026-10-10T09:05:09.890731+00:00,2026-10-10T09:05:25.482382+00:00,afa3a03b78eeb7c135771de6e86da3aff21357568807e3699f9d5c060c842010,247.0,COMPLETED_DAILY_BARS,52.76,41.33,,bull,stock,,,,0.08186137489637324,3750.HK,CONT.AMPEREX (CATL),CNE100006WS8,3750.HK,3750.HK,Energie,Industrials,Electrical Equipment & Parts,China,HKD,491.3999938964844,467.0,-14.731214352180078,25.61,0.0,66.9,Seitwärts,73.2,Zyklus-Hoch,-0.22489152593132555,-0.1703420550716065,592.2922776794434,0.44988295983793747,0.28218121653918,0.38681928789510855,3056499.05,1501963614.5146103,bull,0.08186137489637324,bull,0.1510202079004126,2026-10-10,False,True,False,OK,,,3750.HK,3750.HK,Electrical Equipment & Parts,False,True
GMED,Globus Medical,GMED,74.6500015258789,USD,31.960406449690847,25.45,0.0,Seitwärts,0.0,0.0,53.2,57.6131,Zyklus-neutral,10.01,2.731,0.0,445762752.0,11603802112.0,2769804032.0,3.84,22.9,15.3,38.2,4.13,106.79,"[45.8, 20.02, 0.0, 75.85, 24.94]",20.902147,62.7,MED,"{""coverage"": 1.0, ""confluence"": 0.2, ""risk_clean"": 1.0, ""regime_align"": 0.4604694380479134, ""liquidity"": 0.34977578475336324, ""weights"": {""coverage"": 0.25, ""confluence"": 0.25, ""risk_clean"": 0.2, ""regime_align"": 0.2, ""liquidity"": 0.1}}",US3795772082,GMED,GMED,Pharma 🧪,,0.48519198798337476,0.21281713780773565,0.24261514085736213,1666220.0,124383325.54244995,84.33875011444091,-0.1148789681542014,bull,0.08186137489637324,bull,0.1510202079004126,2026-10-10,-0.05356929561010315,Healthcare,Medical Devices,United States,USD,1.800081360785133,31.960406449690847,57.6131,stock,S1 Hardware,pillar,85.0,manual thematic assignment after stack redesign,"robotics, automation, devices",VALID,YAHOO_PIT_CYCLE_V1,cycle_detrended_sma20_range40_v1,yfinance.download,1d_auto_adjust_true_close,GMED,USD,WATCHLIST_DECLARED_ONLY,SESSION_DATE_CUTOFF_ONLY,2026-10-09,2026-10-10T09:05:09.890731+00:00,2026-10-10T09:05:25.224791+00:00,9f306db8dd05471440d2f4a5324c08b29174d4c0aec6cb37ac562cdc7d2119ad,251.0,COMPLETED_DAILY_BARS,51.03,36.75,,bull,stock,,,,0.08186137489637324,GMED,Globus Medical,US3795772082,GMED,GMED,Pharma 🧪,Healthcare,Medical Devices,United States,USD,74.6500015258789,,31.960406449690847,25.45,0.0,62.7,Seitwärts,53.2,Zyklus-neutral,-0.05356929561010315,-0.1148789681542014,84.33875011444091,0.48519198798337476,0.21281713780773565,0.24261514085736213,1666220.0,124383325.54244995,bull,0.08186137489637324,bull,0.1510202079004126,2026-10-10,False,True,False,OK,,,GMED,GMED,Medical Devices,False,True
ABT,Abbott Laboratories,ABT,99.5999984741211,USD,-23.133346993522007,24.89,0.0,Seitwärts,0.0,0.0,40.7,47.0548,Zyklus-Hoch,13.16,25.31,224.0,0.0,200792539136.0,44328001536.0,0.0,4.4,14.72,19.12,1.0,81.66,"[8.8, 26.32, 0.0, 19.21, 25.41]",17.985203,70.1,MED,"{""coverage"": 1.0, ""confluence"": 0.2, ""risk_clean"": 1.0, ""regime_align"": 0.6716256615359755, ""liquidity"": 0.6636771300448431, ""weights"": {""coverage"": 0.25, ""confluence"": 0.25, ""risk_clean"": 0.2, ""regime_align"": 0.2, ""liquidity"": 0.1}}",US0028241000,ABT,ABT,Pharma 🧪,107.46,0.2722617166188646,0.18816617463730864,0.37067542043335877,9417115.0,937944639.6306229,102.53058097839356,-0.0285825211981392,bull,0.08186137489637324,bull,0.1510202079004126,2026-10-10,0.08945164464091149,Healthcare,Medical Devices,United States,USD,1.1270186155216466,-23.133346993522007,47.0548,stock,S1 Hardware,pillar,85.0,manual thematic assignment after stack redesign,"robotics, automation, devices",VALID,YAHOO_PIT_CYCLE_V1,cycle_detrended_sma20_range40_v1,yfinance.download,1d_auto_adjust_true_close,ABT,USD,WATCHLIST_DECLARED_ONLY,SESSION_DATE_CUTOFF_ONLY,2026-10-09,2026-10-10T09:05:09.890731+00:00,2026-10-10T09:05:25.201601+00:00,0d063d26aa24480c1768b059b15b43e8bf59eeb109a31a2d6a6122d9b8d0eeba,251.0,COMPLETED_DAILY_BARS,48.84,32.63,,bull,stock,,,,0.08186137489637324,ABT,Abbott Laboratories,US0028241000,ABT,ABT,Pharma 🧪,Healthcare,Medical Devices,United States,USD,99.5999984741211,107.46,-23.133346993522007,24.89,0.0,70.1,Seitwärts,40.7,Zyklus-Hoch,0.08945164464091149,-0.0285825211981392,102.53058097839356,0.2722617166188646,0.18816617463730864,0.37067542043335877,9417115.0,937944639.6306229,bull,0.08186137489637324,bull,0.1510202079004126,2026-10-10,False,True,False,OK,,,ABT,ABT,Medical Devices,False,True
WM,"WASTE MANAGEMENT, INC.",WM,208.8300018310547,USD,-3.161986983574827,24.89,,,,,,90.3659,,,,,,,,,,,,,,,,58.5,MED,"{""coverage"": 1.0, ""confluence"": 0.0, ""risk_clean"": 1.0, ""regime_align"": 0.3934068597745728, ""liquidity"": 0.5605381165919282, ""weights"": {""coverage"": 0.25, ""confluence"": 0.25, ""risk_clean"": 0.2, ""regime_align"": 0.2, ""liquidity"": 0.1}}",US94106L1098,WM,WM,Recycling,,0.20314309399285937,0.13761193295027205,0.17049634865172691,2219475.0,463492968.3139801,222.90674934387206,-0.06315083573849789,bull,0.08186137489637324,bull,0.1510202079004126,2026-10-10,-0.14279109203930818,Industrials,Waste Management,United States,USD,-0.6044760759479462,-3.161986983574827,90.3659,stock,S5 Recycling,pillar,85.0,manual thematic assignment after stack redesign,"recycling, urban mining",VALID,YAHOO_PIT_CYCLE_V1,cycle_detrended_sma20_range40_v1,yfinance.download,1d_auto_adjust_true_close,WM,USD,WATCHLIST_DECLARED_ONLY,SESSION_DATE_CUTOFF_ONLY,2026-10-09,2026-10-10T09:05:09.890731+00:00,2026-10-10T09:05:26.232441+00:00,3b3e54971640c8351512f29e3674605437b3755512173d88232ebdc1bb4dc4c8,251.0,COMPLETED_DAILY_BARS,46.84,26.45,,bull,stock,,,,0.08186137489637324,WM,"WASTE MANAGEMENT, INC.",US94106L1098,WM,WM,Recycling,Industrials,Waste Management,United States,USD,208.8300018310547,,-3.161986983574827,24.89,,58.5,,,,-0.14279109203930818,-0.06315083573849789,222.90674934387206,0.20314309399285937,0.13761193295027205,0.17049634865172691,2219475.0,463492968.3139801,bull,0.08186137489637324,bull,0.1510202079004126,2026-10-10,False,True,False,OK,,,WM,WM,Waste Management,False,True
NFLX,NETFLIX INC.,NFLX,70.30000305175781,USD,-42.38082651313329,24.87,0.0,Seitwärts,0.0,0.0,39.3,43.9864,Zyklus-Hoch,42.76,63.782,0.0,24817524736.0,355017424896.0,45183037440.0,6.99,17.6,24.3,41.9,1.186,86.0,"[35.2, 85.52, 0.0, 6.14, 32.01]",21.525,64.5,MED,"{""coverage"": 1.0, ""confluence"": 0.4, ""risk_clean"": 0.6666666666666666, ""regime_align"": 0.38630671029774166, ""liquidity"": 0.8430493273542601, ""weights"": {""coverage"": 0.25, ""confluence"": 0.25, ""risk_clean"": 0.2, ""regime_align"": 0.2, ""liquidity"": 0.1}}",US64110L1061,NFLX,NFLX,Medien & Digitales 📱,85.7,0.3663584121557985,0.26709462202897555,0.4597817182538124,37727560.0,2652247583.135376,83.45434986114502,-0.15762326147497385,bull,0.08186137489637324,bull,0.1510202079004126,2026-10-10,-0.08206562627961089,Communication Services,Entertainment,United States,USD,-1.7744818338433666,-42.38082651313329,43.9864,stock,S19 Medien & Unterhaltung,pillar,75.0,manual thematic assignment after stack redesign,"media, entertainment, streaming",VALID,YAHOO_PIT_CYCLE_V1,cycle_detrended_sma20_range40_v1,yfinance.download,1d_auto_adjust_true_close,NFLX,USD,WATCHLIST_DECLARED_ONLY,SESSION_DATE_CUTOFF_ONLY,2026-10-09,2026-10-10T09:05:09.890731+00:00,2026-10-10T09:05:25.990018+00:00,f8b3db99eee6ea72581bd9f60937d14edf4711a37f0c47ad7e2edb7cc1c79d14,251.0,COMPLETED_DAILY_BARS,51.79,41.88,,bull,stock,,,,0.08186137489637324,NFLX,NETFLIX INC.,US64110L1061,NFLX,NFLX,Medien & Digitales 📱,Communication Services,Entertainment,United States,USD,70.30000305175781,85.7,-42.38082651313329,24.87,0.0,64.5,Seitwärts,39.3,Zyklus-Hoch,-0.08206562627961089,-0.15762326147497385,83.45434986114502,0.3663584121557985,0.26709462202897555,0.4597817182538124,37727560.0,2652247583.135376,bull,0.08186137489637324,bull,0.1510202079004126,2026-10-10,False,True,False,OK,,,NFLX,NFLX,Entertainment,False,True
ENSG,"THE ENSIGN GROUP, INC.",ENSG,171.8000030517578,USD,-1.8744291521122225,24.62,,,,,,50.5778,,,,,,,,,,,,,,,,58.6,MED,"{""coverage"": 1.0, ""confluence"": 0.0, ""risk_clean"": 1.0, ""regime_align"": 0.5504282309215045, ""liquidity"": 0.2600896860986547, ""weights"": {""coverage"": 0.25, ""confluence"": 0.25, ""risk_clean"": 0.2, ""regime_align"": 0.2, ""liquidity"": 0.1}}",US29358P1012,ENSG,ENSG,Pharma & Gesundheit,,0.27976155503312744,0.16647668607622096,0.3180849832019299,373595.0,64183622.14012146,181.48616897583008,-0.05337137247831958,bull,0.08186137489637324,bull,0.1510202079004126,2026-10-10,-0.007347862875733746,Healthcare,Medical Care Facilities,United States,USD,0.18076712849957044,-1.8744291521122225,50.5778,stock,S13 Gesundheit,pillar,85.0,manual thematic assignment after stack redesign,"healthcare, pharma, medtech",VALID,YAHOO_PIT_CYCLE_V1,cycle_detrended_sma20_range40_v1,yfinance.download,1d_auto_adjust_true_close,ENSG,USD,WATCHLIST_DECLARED_ONLY,SESSION_DATE_CUTOFF_ONLY,2026-10-09,2026-10-10T09:05:09.890731+00:00,2026-10-10T09:05:26.260323+00:00,77923cbab010ed7e7ff52fc6cf93559260286d7b736151f2389bbdfa567fa123,251.0,COMPLETED_DAILY_BARS,49.91,37.25,,bull,stock,,,,0.08186137489637324,ENSG,"THE ENSIGN GROUP, INC.",US29358P1012,ENSG,ENSG,Pharma & Gesundheit,Healthcare,Medical Care Facilities,United States,USD,171.8000030517578,,-1.8744291521122225,24.62,,58.6,,,,-0.007347862875733746,-0.05337137247831958,181.48616897583008,0.27976155503312744,0.16647668607622096,0.3180849832019299,373595.0,64183622.14012146,bull,0.08186137489637324,bull,0.1510202079004126,2026-10-10,False,True,False,OK,,,ENSG,ENSG,Medical Care Facilities,False,True
UBER,UBER TECH. DL,UBER,71.51000213623047,USD,-23.43682979874817,24.59,,,,,,65.3113,,,,,,,,,,,,,,,,63.0,MED,"{""coverage"": 1.0, ""confluence"": 0.0, ""risk_clean"": 1.0, ""regime_align"": 0.5437825718094775, ""liquidity"": 0.7130044843049327, ""weights"": {""coverage"": 0.25, ""confluence"": 0.25, ""risk_clean"": 0.2, ""regime_align"": 0.2, ""liquidity"": 0.1}}",US90353T1007,UBER,UBER,Tech 💻,,0.3505129039614103,0.21500450933374388,0.33874847940017594,16769915.0,1199216657.4744034,74.47555004119873,-0.03981908026631242,bull,0.08186137489637324,bull,0.1510202079004126,2026-10-10,-0.0460459107749952,Technology,Software - Application,United States,USD,1.8080926980153178,-23.43682979874817,65.3113,stock,S15 Mobilität,pillar,85.0,manual thematic assignment after stack redesign,"mobility, autos, autonomy",VALID,YAHOO_PIT_CYCLE_V1,cycle_detrended_sma20_range40_v1,yfinance.download,1d_auto_adjust_true_close,UBER,USD,WATCHLIST_DECLARED_ONLY,SESSION_DATE_CUTOFF_ONLY,2026-10-09,2026-10-10T09:05:09.890731+00:00,2026-10-10T09:05:26.189339+00:00,7cc3fdc10e78e7af17a0501f8cf10fb60d6be5f0441154cd7b5044d97c6fdf00,251.0,COMPLETED_DAILY_BARS,49.68,36.69,,bull,stock,,,,0.08186137489637324,UBER,UBER TECH. DL,US90353T1007,UBER,UBER,Tech 💻,Technology,Software - Application,United States,USD,71.51000213623047,,-23.43682979874817,24.59,,63.0,,,,-0.0460459107749952,-0.03981908026631242,74.47555004119873,0.3505129039614103,0.21500450933374388,0.33874847940017594,16769915.0,1199216657.4744034,bull,0.08186137489637324,bull,0.1510202079004126,2026-10-10,False,True,False,OK,,,UBER,UBER,Software - Application,False,True
1810.HK,XIAOMI CORP. CL.B,1810.HK,25.959999084472656,HKD,-51.34020650991155,24.39,0.0,Seitwärts,0.0,0.0,46.9,71.55,Zyklus-Hoch,19.86,10.389,0.0,32390629376.0,839264567296.0,449375305728.0,3.86,22.3,9.82,32.12,1.317,24.94,"[44.6, 39.72, 0.0, 0.0, 42.06]",18.211044,65.6,MED,"{""coverage"": 1.0, ""confluence"": 0.4, ""risk_clean"": 0.6666666666666666, ""regime_align"": 0.43565426412960045, ""liquidity"": 0.852017937219731, ""weights"": {""coverage"": 0.25, ""confluence"": 0.25, ""risk_clean"": 0.2, ""regime_align"": 0.2, ""liquidity"": 0.1}}",KYG9830T1067,1810.HK,1810.HK,Hardware 💻,35.56,0.42084342014267584,0.23032635942801852,0.5985004556900912,110081435.05,2857713953.115436,30.559500017166137,-0.15050969191609187,bull,0.08186137489637324,bull,0.1510202079004126,2026-10-10,-0.03718016586149475,Technology,Consumer Electronics,China,HKD,9.721045020683361,-51.34020650991155,71.55,stock,S1 Hardware,pillar,85.0,manual thematic assignment after stack redesign,"robotics, automation, devices",VALID,YAHOO_PIT_CYCLE_V1,cycle_detrended_sma20_range40_v1,yfinance.download,1d_auto_adjust_true_close,1810.HK,HKD,WATCHLIST_DECLARED_ONLY,SESSION_DATE_CUTOFF_ONLY,2026-10-09,2026-10-10T09:05:09.890731+00:00,2026-10-10T09:05:25.169854+00:00,b83d1623daab6149d24bb6f27fb03c31ae4237f543a094752559bfba1d016ff9,247.0,COMPLETED_DAILY_BARS,51.11,42.03,,bull,stock,,,,0.08186137489637324,1810.HK,XIAOMI CORP. CL.B,KYG9830T1067,1810.HK,1810.HK,Hardware 💻,Technology,Consumer Electronics,China,HKD,25.959999084472656,35.56,-51.34020650991155,24.39,0.0,65.6,Seitwärts,46.9,Zyklus-Hoch,-0.03718016586149475,-0.15050969191609187,30.559500017166137,0.42084342014267584,0.23032635942801852,0.5985004556900912,110081435.05,2857713953.115436,bull,0.08186137489637324,bull,0.1510202079004126,2026-10-10,False,True,False,OK,,,1810.HK,1810.HK,Consumer Electronics,False,True
ORCL,ORACLE CORP,ORCL,141.39999389648438,USD,-51.08824393790837,24.29,0.0,Seitwärts,0.0,0.0,47.1,49.0502,Zyklus-neutral,69.03,432.511,125.0,-10208000000.0,571854749696.0,61015998464.0,-1.79,14.2,25.28,39.48,0.909,45.01,"[28.4, 100.0, 0.0, 42.99, 50.22]",20.229126,60.0,MED,"{""coverage"": 1.0, ""confluence"": 0.6, ""risk_clean"": 0.0, ""regime_align"": 0.5590938472104391, ""liquidity"": 0.8834080717488789, ""weights"": {""coverage"": 0.25, ""confluence"": 0.25, ""risk_clean"": 0.2, ""regime_align"": 0.2, ""liquidity"": 0.1}}",US68389X1054,ORCL,ORCL,Tech 💻,174.77,0.5696132321898981,0.32109841148384416,0.6290762158323195,30926185.0,4372962370.241547,160.5146376800537,-0.11908349331772261,bull,0.08186137489637324,bull,0.1510202079004126,2026-10-10,0.07115506991862763,Technology,Software - Infrastructure,United States,USD,4.593528621149079,-51.08824393790837,49.0502,stock,S2 Gehirn,pillar,85.0,manual thematic assignment after stack redesign,"ai, semis, software",VALID,YAHOO_PIT_CYCLE_V1,cycle_detrended_sma20_range40_v1,yfinance.download,1d_auto_adjust_true_close,ORCL,USD,WATCHLIST_DECLARED_ONLY,SESSION_DATE_CUTOFF_ONLY,2026-10-09,2026-10-10T09:05:09.890731+00:00,2026-10-10T09:05:25.435680+00:00,d0fe845408c97e505f2dd77d8ad070c09bb7f6a5e584eb68c4179d2e2897e6e0,251.0,COMPLETED_DAILY_BARS,56.78,60.09,,bull,stock,,,,0.08186137489637324,ORCL,ORACLE CORP,US68389X1054,ORCL,ORCL,Tech 💻,Technology,Software - Infrastructure,United States,USD,141.39999389648438,174.77,-51.08824393790837,24.29,0.0,60.0,Seitwärts,47.1,Zyklus-neutral,0.07115506991862763,-0.11908349331772261,160.5146376800537,0.5696132321898981,0.32109841148384416,0.6290762158323195,30926185.0,4372962370.241547,bull,0.08186137489637324,bull,0.1510202079004126,2026-10-10,False,True,False,OK,,,ORCL,ORCL,Software - Infrastructure,False,True
FSLR,FIRST SOLAR INC,FSLR,177.82000732421875,USD,-21.28723631460703,24.23,0.0,Seitwärts,0.0,0.0,59.4,64.1959,Zyklus-neutral,16.86,9.893,0.0,168763744.0,23129389056.0,5050625024.0,0.73,79.7,27.73,107.43,1.91,103.86,"[100.0, 33.72, 0.0, 69.03, 32.13]",9.727635,64.3,MED,"{""coverage"": 1.0, ""confluence"": 0.4, ""risk_clean"": 1.0, ""regime_align"": 0.1888255968973458, ""liquidity"": 0.5515695067264574, ""weights"": {""coverage"": 0.25, ""confluence"": 0.25, ""risk_clean"": 0.2, ""regime_align"": 0.2, ""liquidity"": 0.1}}",US3364331070,FSLR,FSLR,Energie,236.58,0.5492231444256767,0.36630126582130645,0.45919874120863613,2330135.0,414344622.76641846,222.06705123901367,-0.19925082837782737,bull,0.08186137489637324,bull,0.1510202079004126,2026-10-10,-0.2319905790600466,Technology,Solar,United States,USD,-0.5759008913316599,-21.28723631460703,64.1959,stock,S3 Energie,pillar,82.0,manual thematic assignment after stack redesign,"energy, grid, electrification",VALID,YAHOO_PIT_CYCLE_V1,cycle_detrended_sma20_range40_v1,yfinance.download,1d_auto_adjust_true_close,FSLR,USD,WATCHLIST_DECLARED_ONLY,SESSION_DATE_CUTOFF_ONLY,2026-10-09,2026-10-10T09:05:09.890731+00:00,2026-10-10T09:05:25.528010+00:00,a745ec8dd39b196dd20bc38ce2ce813ed8dd7cc680b295b401f263daa8bb4293,251.0,COMPLETED_DAILY_BARS,53.25,49.42,,bull,stock,,,,0.08186137489637324,FSLR,FIRST SOLAR INC,US3364331070,FSLR,FSLR,Energie,Technology,Solar,United States,USD,177.82000732421875,236.58,-21.28723631460703,24.23,0.0,64.3,Seitwärts,59.4,Zyklus-neutral,-0.2319905790600466,-0.19925082837782737,222.06705123901367,0.5492231444256767,0.36630126582130645,0.45919874120863613,2330135.0,414344622.76641846,bull,0.08186137489637324,bull,0.1510202079004126,2026-10-10,False,True,False,OK,,,FSLR,FSLR,Solar,False,True
EQX.TO,EQUINOX GOLD,EQX.TO,16.31999969482422,CAD,1.9728656487312257,24.14,0.0,Seitwärts,0.0,0.0,69.9,28.2486,Zyklus-neutral,1.41,34.774,0.0,247383744.0,18424088576.0,2296356096.0,1.34,91.2,2.71,93.91,1.074,60.19,"[100.0, 2.82, 0.0, 44.08, 30.27]",14.130916,56.9,MED,"{""coverage"": 1.0, ""confluence"": 0.4, ""risk_clean"": 0.3333333333333333, ""regime_align"": 0.6511230961903608, ""liquidity"": 0.22421524663677128, ""weights"": {""coverage"": 0.25, ""confluence"": 0.25, ""risk_clean"": 0.2, ""regime_align"": 0.2, ""liquidity"": 0.1}}",CA29446Y5020,EQX.TO,EQX.TO,Edelmetalle ⛏️,22.8,0.6180598295408003,0.39357785441910914,0.5266960681996757,3488150.0,56926606.9355011,18.02565059185028,-0.09462354151018637,bull,0.08186137489637324,bull,0.1510202079004126,2026-10-10,0.18120063177825263,Basic Materials,Gold,Canada,CAD,3.422053048104523,1.9728656487312257,28.2486,stock,S4 Fundament,pillar,84.0,manual thematic assignment after stack redesign,"materials, mining, metals",VALID,YAHOO_PIT_CYCLE_V1,cycle_detrended_sma20_range40_v1,yfinance.download,1d_auto_adjust_true_close,EQX.TO,CAD,WATCHLIST_DECLARED_ONLY,SESSION_DATE_CUTOFF_ONLY,2026-10-09,2026-10-10T09:05:09.890731+00:00,2026-10-10T09:05:25.658194+00:00,c4c17114d7dd1a4c1a9ab88c57fa7d6d84102387c637e154ec0b9f34405020bb,252.0,COMPLETED_DAILY_BARS,56.95,61.34,,bull,stock,,,,0.08186137489637324,EQX.TO,EQUINOX GOLD,CA29446Y5020,EQX.TO,EQX.TO,Edelmetalle ⛏️,Basic Materials,Gold,Canada,CAD,16.31999969482422,22.8,1.9728656487312257,24.14,0.0,56.9,Seitwärts,69.9,Zyklus-neutral,0.18120063177825263,-0.09462354151018637,18.02565059185028,0.6180598295408003,0.39357785441910914,0.5266960681996757,3488150.0,56926606.9355011,bull,0.08186137489637324,bull,0.1510202079004126,2026-10-10,False,True,False,OK,,,EQX.TO,EQX.TO,Gold,False,True
NEE,"NextEra Energy, Inc.",NEE,77.37999725341797,USD,-4.494515969589585,23.97,,,,,,90.1401,,,,,,,,,,,,,,,,58.2,MED,"{""coverage"": 1.0, ""confluence"": 0.0, ""risk_clean"": 1.0, ""regime_align"": 0.3192542318102856, ""liquidity"": 0.6816143497757847, ""weights"": {""coverage"": 0.25, ""confluence"": 0.25, ""risk_clean"": 0.2, ""regime_align"": 0.2, ""liquidity"": 0.1}}",US65339F1012,NEE,NEE,Energie,,0.2073789133714724,0.14105701189982806,0.21725826227279954,12951495.0,1002186647.5276566,86.27709426879883,-0.10312235351438348,bull,0.08186137489637324,bull,0.1510202079004126,2026-10-10,-0.16744466108822076,Utilities,Utilities - Regulated Electric,United States,USD,0.012917805972789687,-4.494515969589585,90.1401,stock,S3 Energie,pillar,84.0,manual gap-filling addition for power generation and utility exposure,"energy, grid, electrification",VALID,YAHOO_PIT_CYCLE_V1,cycle_detrended_sma20_range40_v1,yfinance.download,1d_auto_adjust_true_close,NEE,USD,WATCHLIST_DECLARED_ONLY,SESSION_DATE_CUTOFF_ONLY,2026-10-09,2026-10-10T09:05:09.890731+00:00,2026-10-10T09:05:25.544736+00:00,2268c2d1019121472a9f1d9eef4bf1b17821c15daec3f0ca5f09b1fa827596c7,251.0,COMPLETED_DAILY_BARS,45.54,26.81,,bull,stock,,,,0.08186137489637324,NEE,"NextEra Energy, Inc.",US65339F1012,NEE,NEE,Energie,Utilities,Utilities - Regulated Electric,United States,USD,77.37999725341797,,-4.494515969589585,23.97,,58.2,,,,-0.16744466108822076,-0.10312235351438348,86.27709426879883,0.2073789133714724,0.14105701189982806,0.21725826227279954,12951495.0,1002186647.5276566,bull,0.08186137489637324,bull,0.1510202079004126,2026-10-10,False,True,False,OK,,,NEE,NEE,Utilities - Regulated Electric,False,True
ADBE,Adobe Inc.,ADBE,242.27000427246094,USD,-28.218423968907167,23.96,,,,,,53.2986,,,,,,,,,,,,,,,,69.3,MED,"{""coverage"": 1.0, ""confluence"": 0.2, ""risk_clean"": 1.0, ""regime_align"": 0.608703995475296, ""liquidity"": 0.7085201793721974, ""weights"": {""coverage"": 0.25, ""confluence"": 0.25, ""risk_clean"": 0.2, ""regime_align"": 0.2, ""liquidity"": 0.1}}",US00724F1012,ADBE,ADBE,Tech 💻,,0.41000270249357074,0.2771923870481751,0.4626156492063318,4874570.0,1180962094.72641,256.9783499908447,-0.057235738804096936,bull,0.08186137489637324,bull,0.1510202079004126,2026-10-10,0.059198705624532444,Technology,Software - Application,United States,USD,0.5061195624383341,-28.218423968907167,53.2986,stock,S2 Gehirn,pillar,85.0,manual addition via ChatGPT,"ai, semis, software",VALID,YAHOO_PIT_CYCLE_V1,cycle_detrended_sma20_range40_v1,yfinance.download,1d_auto_adjust_true_close,ADBE,USD,WATCHLIST_DECLARED_ONLY,SESSION_DATE_CUTOFF_ONLY,2026-10-09,2026-10-10T09:05:09.890731+00:00,2026-10-10T09:05:26.364423+00:00,b85429d0223adbe2c32f52303a6f9ecc4b53cb6552553576c085d302b812a2af,251.0,COMPLETED_DAILY_BARS,51.09,44.08,,bull,stock,,,,0.08186137489637324,ADBE,Adobe Inc.,US00724F1012,ADBE,ADBE,Tech 💻,Technology,Software - Application,United States,USD,242.27000427246094,,-28.218423968907167,23.96,,69.3,,,,0.059198705624532444,-0.057235738804096936,256.9783499908447,0.41000270249357074,0.2771923870481751,0.4626156492063318,4874570.0,1180962094.72641,bull,0.08186137489637324,bull,0.1510202079004126,2026-10-10,False,True,False,OK,,,ADBE,ADBE,Software - Application,False,True
NESN.SW,NESTLE NAM.,NESN.SW,76.04000091552734,CHF,5.554684174679525,23.8,0.0,Seitwärts,0.0,0.0,53.9,58.7695,Zyklus-Hoch,33.76,225.855,389.0,5756874752.0,263371161600.0,90898997248.0,2.19,-1.8,11.34,9.54,0.714,45.54,"[0.0, 67.52, 0.0, 4.27, 21.26]",17.62689,57.2,MED,"{""coverage"": 1.0, ""confluence"": 0.2, ""risk_clean"": 0.6666666666666666, ""regime_align"": 0.45642952369409767, ""liquidity"": 0.4753363228699552, ""weights"": {""coverage"": 0.25, ""confluence"": 0.25, ""risk_clean"": 0.2, ""regime_align"": 0.2, ""liquidity"": 0.1}}",CH0038863350,NESN.SW,NESN.SW,Konsum & Lifestyle,72.85,0.23026582313984773,0.14763682328363972,0.15301191025925331,3330127.3,253222882.9408226,77.71268665313721,-0.021523972592476848,bull,0.08186137489637324,bull,0.1510202079004126,2026-10-10,-0.13160485189348226,Consumer Defensive,Packaged Foods,Switzerland,,0.05263278358860202,5.554684174679525,58.7695,stock,S11 Konsum,pillar,80.0,manual thematic assignment after stack redesign,"consumer staples, food, household",VALID,YAHOO_PIT_CYCLE_V1,cycle_detrended_sma20_range40_v1,yfinance.download,1d_auto_adjust_true_close,NESN.SW,CHF,WATCHLIST_DECLARED_ONLY,SESSION_DATE_CUTOFF_ONLY,2026-10-09,2026-10-10T09:05:09.890731+00:00,2026-10-10T09:05:25.818527+00:00,33ec3a2be92da7ac98622db2d5a5e38c1081edfd3a3196e10a4a963f11677557,251.0,COMPLETED_DAILY_BARS,47.29,33.06,,bull,stock,,,,0.08186137489637324,NESN.SW,NESTLE NAM.,CH0038863350,NESN.SW,NESN.SW,Konsum & Lifestyle,Consumer Defensive,Packaged Foods,Switzerland,,76.04000091552734,72.85,5.554684174679525,23.8,0.0,57.2,Seitwärts,53.9,Zyklus-Hoch,-0.13160485189348226,-0.021523972592476848,77.71268665313721,0.23026582313984773,0.14763682328363972,0.15301191025925331,3330127.3,253222882.9408226,bull,0.08186137489637324,bull,0.1510202079004126,2026-10-10,False,True,False,OK,,,NESN.SW,NESN.SW,Packaged Foods,False,True
GE,GE Aerospace,GE,308.20001220703125,USD,6.301281792184965,23.56,,,,,,61.2242,,,,,,,,,,,,,,,,60.2,MED,"{""coverage"": 1.0, ""confluence"": 0.0, ""risk_clean"": 1.0, ""regime_align"": 0.3845392477679473, ""liquidity"": 0.7488789237668162, ""weights"": {""coverage"": 0.25, ""confluence"": 0.25, ""risk_clean"": 0.2, ""regime_align"": 0.2, ""liquidity"": 0.1}}",US3696043013,GE,GE,,,0.33112526126717123,0.22722365076638487,0.20851492134460958,4707190.0,1450756015.4608154,323.0808912658691,-0.04605929803069697,bull,0.08186137489637324,bull,0.1510202079004126,2026-10-10,-0.1655271072492942,Industrials,Aerospace & Defense,United States,USD,0.844191195296129,6.301281792184965,61.2242,stock,S20 Sicherheit & Verteidigung,pillar,81.0,manual addition via ChatGPT,"defense, aerospace, security",VALID,YAHOO_PIT_CYCLE_V1,cycle_detrended_sma20_range40_v1,yfinance.download,1d_auto_adjust_true_close,GE,USD,WATCHLIST_DECLARED_ONLY,SESSION_DATE_CUTOFF_ONLY,2026-10-09,2026-10-10T09:05:09.890731+00:00,2026-10-10T09:05:26.410461+00:00,ff90bca6464be788826d2972fe10ebc075f820fe6f700414cbcf9d87d91873e4,251.0,COMPLETED_DAILY_BARS,46.55,31.91,,bull,stock,,,,0.08186137489637324,GE,GE Aerospace,US3696043013,GE,GE,,Industrials,Aerospace & Defense,United States,USD,308.20001220703125,,6.301281792184965,23.56,,60.2,,,,-0.1655271072492942,-0.04605929803069697,323.0808912658691,0.33112526126717123,0.22722365076638487,0.20851492134460958,4707190.0,1450756015.4608154,bull,0.08186137489637324,bull,0.1510202079004126,2026-10-10,False,True,False,OK,,,GE,GE,Aerospace & Defense,False,True
NDA.DE,AURUBIS AG,NDA.DE,160.39999389648438,EUR,41.482105437134955,23.41,0.0,BUY,123.5,145.46,79.5,58.8687,Zyklus-neutral,11.9,10.073,95.0,-585249984.0,7707624960.0,19295000576.0,-7.59,25.3,3.14,28.44,2.108,49.51,"[50.6, 23.8, 0.0, 65.86, 6.88]",18.59068,59.0,MED,"{""coverage"": 1.0, ""confluence"": 0.2, ""risk_clean"": 1.0, ""regime_align"": 0.3709045368238193, ""liquidity"": 0.16143497757847536, ""weights"": {""coverage"": 0.25, ""confluence"": 0.25, ""risk_clean"": 0.2, ""regime_align"": 0.2, ""liquidity"": 0.1}}",DE0006766504,NDA.DE,NDA.DE,Recycling,155.7,0.3987011435469564,0.26129468216848395,0.30018249985329426,172771.2,27712499.425488282,172.847149848938,-0.07201250332060416,bull,0.08186137489637324,bull,0.1510202079004126,2026-10-10,-0.14504233103722863,Industrials,Metal Fabrication,Germany,EUR,3.6175650738548004,41.482105437134955,58.8687,stock,S5 Recycling,pillar,83.0,manual thematic assignment after stack redesign,"recycling, urban mining",VALID,YAHOO_PIT_CYCLE_V1,cycle_detrended_sma20_range40_v1,yfinance.download,1d_auto_adjust_true_close,NDA.DE,EUR,WATCHLIST_DECLARED_ONLY,SESSION_DATE_CUTOFF_ONLY,2026-10-09,2026-10-10T09:05:09.890731+00:00,2026-10-10T09:05:25.771304+00:00,b3671dc40d589b0dbed2ec0a5b7f1c78b5e0d8276d8f5c86c73a60269467f5df,254.0,COMPLETED_DAILY_BARS,49.08,40.44,,bull,stock,,,,0.08186137489637324,NDA.DE,AURUBIS AG,DE0006766504,NDA.DE,NDA.DE,Recycling,Industrials,Metal Fabrication,Germany,EUR,160.39999389648438,155.7,41.482105437134955,23.41,0.0,59.0,BUY,79.5,Zyklus-neutral,-0.14504233103722863,-0.07201250332060416,172.847149848938,0.3987011435469564,0.26129468216848395,0.30018249985329426,172771.2,27712499.425488282,bull,0.08186137489637324,bull,0.1510202079004126,2026-10-10,False,True,False,OK,,,NDA.DE,NDA.DE,Metal Fabrication,False,True
MCD,MCDONALD'S CORPORATION,MCD,235.22999572753906,USD,-18.7635764817474,23.35,,,,,,63.3858,,,,,,,,,,,,,,,,58.3,MED,"{""coverage"": 1.0, ""confluence"": 0.0, ""risk_clean"": 1.0, ""regime_align"": 0.2741182886922797, ""liquidity"": 0.7802690582959642, ""weights"": {""coverage"": 0.25, ""confluence"": 0.25, ""risk_clean"": 0.2, ""regime_align"": 0.2, ""liquidity"": 0.1}}",US5801351017,MCD,MCD,Konsum 🥨,,0.19321219096186418,0.13064356787751544,0.30978187833894244,6712515.0,1578984874.7710419,284.42156929016113,-0.17295303476944757,bull,0.08186137489637324,bull,0.1510202079004126,2026-10-10,-0.15726505159196136,Consumer Cyclical,Restaurants,United States,USD,-0.7049380379786085,-18.7635764817474,63.3858,stock,S11 Konsum,pillar,85.0,manual thematic assignment after stack redesign,"consumer staples, food, household",VALID,YAHOO_PIT_CYCLE_V1,cycle_detrended_sma20_range40_v1,yfinance.download,1d_auto_adjust_true_close,MCD,USD,WATCHLIST_DECLARED_ONLY,SESSION_DATE_CUTOFF_ONLY,2026-10-09,2026-10-10T09:05:09.890731+00:00,2026-10-10T09:05:26.319976+00:00,4b7d2f975b21b5ea1f03016c913bfa330893385898ed7c29917284605eb18470,251.0,COMPLETED_DAILY_BARS,44.97,27.99,,bull,stock,,,,0.08186137489637324,MCD,MCDONALD'S CORPORATION,US5801351017,MCD,MCD,Konsum 🥨,Consumer Cyclical,Restaurants,United States,USD,235.22999572753906,,-18.7635764817474,23.35,,58.3,,,,-0.15726505159196136,-0.17295303476944757,284.42156929016113,0.19321219096186418,0.13064356787751544,0.30978187833894244,6712515.0,1578984874.7710419,bull,0.08186137489637324,bull,0.1510202079004126,2026-10-10,False,True,False,OK,,,MCD,MCD,Restaurants,False,True
AVGO,Broadcom Inc.,AVGO,361.5400085449219,USD,12.197925024491042,23.25,,,,,,74.4691,,,,,,,,,,,,,,,,63.9,MED,"{""coverage"": 1.0, ""confluence"": 0.0, ""risk_clean"": 1.0, ""regime_align"": 0.49456631519411787, ""liquidity"": 0.905829596412556, ""weights"": {""coverage"": 0.25, ""confluence"": 0.25, ""risk_clean"": 0.2, ""regime_align"": 0.2, ""liquidity"": 0.1}}",US11135F1012,AVGO,AVGO,Gehirn,,0.46690270641334214,0.320687634243761,0.29437687207730845,24034360.0,8689382719.771729,367.1055670166016,-0.015160648521105102,bull,0.08186137489637324,bull,0.1510202079004126,2026-10-10,-0.1073000175424148,Technology,Semiconductors,United States,USD,0.3887360025380815,12.197925024491042,74.4691,stock,S2 Gehirn,pillar,85.0,manual addition from finanzen.net Trading Idee 2026-10-07,"ai, semis, software",VALID,YAHOO_PIT_CYCLE_V1,cycle_detrended_sma20_range40_v1,yfinance.download,1d_auto_adjust_true_close,AVGO,USD,WATCHLIST_DECLARED_ONLY,SESSION_DATE_CUTOFF_ONLY,2026-10-09,2026-10-10T09:05:09.890731+00:00,2026-10-10T09:05:26.433535+00:00,5af2e19583fd32745f49e88d8fc59fbfdcb7be476c3ffb8cefc4ed1ad508417d,251.0,COMPLETED_DAILY_BARS,48.57,39.64,,bull,stock,,,,0.08186137489637324,AVGO,Broadcom Inc.,US11135F1012,AVGO,AVGO,Gehirn,Technology,Semiconductors,United States,USD,361.5400085449219,,12.197925024491042,23.25,,63.9,,,,-0.1073000175424148,-0.015160648521105102,367.1055670166016,0.46690270641334214,0.320687634243761,0.29437687207730845,24034360.0,8689382719.771729,bull,0.08186137489637324,bull,0.1510202079004126,2026-10-10,False,True,False,OK,,,AVGO,AVGO,Semiconductors,False,True
CSTM,CONSTELLIUM SE,CSTM,25.809999465942383,USD,79.11172615714912,22.35,0.0,Seitwärts,0.0,0.0,75.4,94.6959,Zyklus-neutral,12.18,247.045,0.0,27942560.0,5423435776.0,7968999936.0,0.52,20.2,1.42,21.62,1.277,95.58,"[40.4, 24.36, 0.0, 63.36, 17.64]",15.379264,47.7,LOW,"{""coverage"": 1.0, ""confluence"": 0.0, ""risk_clean"": 0.6666666666666666, ""regime_align"": 0.37543934068597745, ""liquidity"": 0.18385650224215244, ""weights"": {""coverage"": 0.25, ""confluence"": 0.25, ""risk_clean"": 0.2, ""regime_align"": 0.2, ""liquidity"": 0.1}}",FR0013467479,CSTM,CSTM,Mining ⛏️,22.72,0.45204527760862656,0.24883413796258627,0.33084372024879216,1659950.0,42843308.61349106,27.585849981307984,-0.06437541408254255,bull,0.08186137489637324,bull,0.1510202079004126,2026-10-10,-0.15302145068009343,Basic Materials,Aluminum,France,USD,0.820308911497758,79.11172615714912,94.6959,stock,S4 Fundament,pillar,84.0,manual thematic assignment after stack redesign,"materials, mining, metals",VALID,YAHOO_PIT_CYCLE_V1,cycle_detrended_sma20_range40_v1,yfinance.download,1d_auto_adjust_true_close,CSTM,USD,WATCHLIST_DECLARED_ONLY,SESSION_DATE_CUTOFF_ONLY,2026-10-09,2026-10-10T09:05:09.890731+00:00,2026-10-10T09:05:25.640004+00:00,9c2e2cc7f20bbf88ae048d735cd1ee146ff184f8ebde6b6fd480bd9d779006a3,251.0,COMPLETED_DAILY_BARS,51.18,51.96,,bull,stock,,,,0.08186137489637324,CSTM,CONSTELLIUM SE,FR0013467479,CSTM,CSTM,Mining ⛏️,Basic Materials,Aluminum,France,USD,25.809999465942383,22.72,79.11172615714912,22.35,0.0,47.7,Seitwärts,75.4,Zyklus-neutral,-0.15302145068009343,-0.06437541408254255,27.585849981307984,0.45204527760862656,0.24883413796258627,0.33084372024879216,1659950.0,42843308.61349106,bull,0.08186137489637324,bull,0.1510202079004126,2026-10-10,False,True,False,OK,,,CSTM,CSTM,Aluminum,False,True
SN.L,SMITH + NEP. DL,SN.L,1020.5,GBp,-24.802406917080166,22.2,0.0,Seitwärts,0.0,0.0,63.3,100.0,Zyklus-Hoch,9.14,62.392,226.0,700875008.0,14034447360.0,5944000000.0,4.99,4.7,8.26,12.96,3.003,69.36,"[9.4, 18.28, 0.0, 12.76, 21.21]",15.511343,53.3,MED,"{""coverage"": 1.0, ""confluence"": 0.0, ""risk_clean"": 0.6666666666666666, ""regime_align"": 0.31692118127095703, ""liquidity"": 0.8609865470852018, ""weights"": {""coverage"": 0.25, ""confluence"": 0.25, ""risk_clean"": 0.2, ""regime_align"": 0.2, ""liquidity"": 0.1}}",GB0009223206,SN.L,SN.L,Hardware 💻,1243.0,0.26465629531057727,0.22135167737788927,0.3067401209992813,3083594.0,3146807677.0,1163.1892980957032,-0.12267074527706257,bull,0.08186137489637324,bull,0.1510202079004126,2026-10-10,-0.15775498645391395,Healthcare,Medical Devices,United Kingdom,GBp,1.6940707523667164,-24.802406917080166,100.0,stock,S1 Hardware,pillar,85.0,manual thematic assignment after stack redesign,"robotics, automation, devices",VALID,YAHOO_PIT_CYCLE_V1,cycle_detrended_sma20_range40_v1,yfinance.download,1d_auto_adjust_true_close,SN.L,GBp,WATCHLIST_DECLARED_ONLY,SESSION_DATE_CUTOFF_ONLY,2026-10-09,2026-10-10T09:05:09.890731+00:00,2026-10-10T09:05:25.241764+00:00,2ffea3d48f1b593d05dfe6db4e09e3a32a1a06fd01468605b0c4bf15abc17935,254.0,COMPLETED_DAILY_BARS,44.67,32.55,,bull,stock,,,,0.08186137489637324,SN.L,SMITH + NEP. DL,GB0009223206,SN.L,SN.L,Hardware 💻,Healthcare,Medical Devices,United Kingdom,GBp,1020.5,1243.0,-24.802406917080166,22.2,0.0,53.3,Seitwärts,63.3,Zyklus-Hoch,-0.15775498645391395,-0.12267074527706257,1163.1892980957032,0.26465629531057727,0.22135167737788927,0.3067401209992813,3083594.0,3146807677.0,bull,0.08186137489637324,bull,0.1510202079004126,2026-10-10,False,True,False,OK,,,SN.L,SN.L,Medical Devices,False,True
TME,TENCENT MUSIC ENTERTAINMENT GROUP,TME,8.380000114440918,USD,-61.63747070660997,22.19,0.0,Seitwärts,0.0,0.0,55.8,100.0,Zyklus-Hoch,14.79,4.524,107.0,5382750208.0,36124852224.0,31719000064.0,14.9,20.6,34.08,54.68,2.085,63.88,"[41.2, 29.58, 0.0, 15.98, 46.52]",16.826365,57.2,MED,"{""coverage"": 1.0, ""confluence"": 0.4, ""risk_clean"": 0.6666666666666666, ""regime_align"": 0.32329414616410135, ""liquidity"": 0.2376681614349776, ""weights"": {""coverage"": 0.25, ""confluence"": 0.25, ""risk_clean"": 0.2, ""regime_align"": 0.2, ""liquidity"": 0.1}}",US88034P1093,TME,TME,Tech 💻,16.98,0.4721301039609215,0.4409546301714741,0.6648016215781773,7144030.0,59866972.21756935,10.794388234615326,-0.22367067662361584,bull,0.08186137489637324,bull,0.1510202079004126,2026-10-10,-0.08369607957490066,Communication Services,Internet Content & Information,China,USD,5.2763828427282,-61.63747070660997,100.0,stock,S19 Medien & Unterhaltung,pillar,75.0,manual thematic assignment after stack redesign,"media, entertainment, streaming",VALID,YAHOO_PIT_CYCLE_V1,cycle_detrended_sma20_range40_v1,yfinance.download,1d_auto_adjust_true_close,TME,USD,WATCHLIST_DECLARED_ONLY,SESSION_DATE_CUTOFF_ONLY,2026-10-09,2026-10-10T09:05:09.890731+00:00,2026-10-10T09:05:26.000813+00:00,095cbd261a5e4248c37c03959690fcb0a3a0f1794cf749525558de5d98d72aa4,251.0,COMPLETED_DAILY_BARS,52.74,57.57,,bull,stock,,,,0.08186137489637324,TME,TENCENT MUSIC ENTERTAINMENT GROUP,US88034P1093,TME,TME,Tech 💻,Communication Services,Internet Content & Information,China,USD,8.380000114440918,16.98,-61.63747070660997,22.19,0.0,57.2,Seitwärts,55.8,Zyklus-Hoch,-0.08369607957490066,-0.22367067662361584,10.794388234615326,0.4721301039609215,0.4409546301714741,0.6648016215781773,7144030.0,59866972.21756935,bull,0.08186137489637324,bull,0.1510202079004126,2026-10-10,False,True,False,OK,,,TME,TME,Internet Content & Information,False,True
FANUY,FANUC CORP.,FANUY,19.40999984741211,USD,29.399998982747388,22.18,0.0,Seitwärts,0.0,0.0,66.4,81.4832,Zyklus-neutral,9.37,100.0,153.0,0.0,-659248840704.0,835426975744.0,-0.0,9.5,19.35,28.85,6.859,0.26,"[19.0, 18.74, 0.0, 39.61, 5.97]",33.14925,52.7,MED,"{""coverage"": 1.0, ""confluence"": 0.2, ""risk_clean"": 0.6666666666666666, ""regime_align"": 0.415848584010019, ""liquidity"": 0.1076233183856502, ""weights"": {""coverage"": 0.25, ""confluence"": 0.25, ""risk_clean"": 0.2, ""regime_align"": 0.2, ""liquidity"": 0.1}}",US3073051027,FANUY,FANUY,Hardware 💻,20.6,0.4800828371685764,0.2803294898267819,0.3198045860085911,513620.0,9969364.121627808,20.71104998588562,-0.06281912985387816,bull,0.08186137489637324,bull,0.1510202079004126,2026-10-10,-0.11997339894525927,Industrials,Specialty Industrial Machinery,Japan,USD,3.2446842292900957,29.399998982747388,81.4832,stock,S1 Hardware,pillar,85.0,manual thematic assignment after stack redesign,"robotics, automation, devices",VALID,YAHOO_PIT_CYCLE_V1,cycle_detrended_sma20_range40_v1,yfinance.download,1d_auto_adjust_true_close,FANUY,USD,WATCHLIST_DECLARED_ONLY,SESSION_DATE_CUTOFF_ONLY,2026-10-09,2026-10-10T09:05:09.890731+00:00,2026-10-10T09:05:25.219237+00:00,fdfab737b45e6efd2979a12255cc817eff93f08173287a5ea2ffb20a79ec3f56,251.0,COMPLETED_DAILY_BARS,51.09,52.54,,bull,stock,,,,0.08186137489637324,FANUY,FANUC CORP.,US3073051027,FANUY,FANUY,Hardware 💻,Industrials,Specialty Industrial Machinery,Japan,USD,19.40999984741211,20.6,29.399998982747388,22.18,0.0,52.7,Seitwärts,66.4,Zyklus-neutral,-0.11997339894525927,-0.06281912985387816,20.71104998588562,0.4800828371685764,0.2803294898267819,0.3198045860085911,513620.0,9969364.121627808,bull,0.08186137489637324,bull,0.1510202079004126,2026-10-10,False,True,False,OK,,,FANUY,FANUY,Specialty Industrial Machinery,False,True
SNN,SMITH & NEPHEW PLC,SNN,27.239999771118164,USD,-20.30336563251257,22.06,0.0,Seitwärts,0.0,0.0,67.3,100.0,Zyklus-Hoch,9.14,62.392,215.0,700875008.0,33722298368.0,5944000000.0,2.08,4.7,8.26,12.96,3.003,7.72,"[9.4, 18.28, 0.0, 0.0, 16.69]",19.562094,47.6,LOW,"{""coverage"": 1.0, ""confluence"": 0.0, ""risk_clean"": 0.6666666666666666, ""regime_align"": 0.3752575445400558, ""liquidity"": 0.17488789237668168, ""weights"": {""coverage"": 0.25, ""confluence"": 0.25, ""risk_clean"": 0.2, ""regime_align"": 0.2, ""liquidity"": 0.1}}",US83175M2052,SNN,SNN,Pharma 🧪,34.07,0.2786589463481162,0.22646179707435288,0.2740642057938667,1273165.0,34681014.30859566,30.82856351852417,-0.11640385855960245,bull,0.08186137489637324,bull,0.1510202079004126,2026-10-10,-0.114117142905232,Healthcare,Medical Devices,United Kingdom,USD,1.0385782498292917,-20.30336563251257,100.0,stock,S1 Hardware,pillar,85.0,manual thematic assignment after stack redesign,"robotics, automation, devices",VALID,YAHOO_PIT_CYCLE_V1,cycle_detrended_sma20_range40_v1,yfinance.download,1d_auto_adjust_true_close,SNN,USD,WATCHLIST_DECLARED_ONLY,SESSION_DATE_CUTOFF_ONLY,2026-10-09,2026-10-10T09:05:09.890731+00:00,2026-10-10T09:05:25.248104+00:00,e7cbf34215ec80e5c7d99dbca971a2ccdf28646e4a540e549b97cf81ad2f2866,251.0,COMPLETED_DAILY_BARS,46.84,39.95,,bull,stock,,,,0.08186137489637324,SNN,SMITH & NEPHEW PLC,US83175M2052,SNN,SNN,Pharma 🧪,Healthcare,Medical Devices,United Kingdom,USD,27.239999771118164,34.07,-20.30336563251257,22.06,0.0,47.6,Seitwärts,67.3,Zyklus-Hoch,-0.114117142905232,-0.11640385855960245,30.82856351852417,0.2786589463481162,0.22646179707435288,0.2740642057938667,1273165.0,34681014.30859566,bull,0.08186137489637324,bull,0.1510202079004126,2026-10-10,False,True,False,OK,,,SNN,SNN,Medical Devices,False,True
SPCX,SPACE EXPLORATION TECHNOLOGIES CORP.,SPCX,162.57000732421875,USD,1.006530230937197,21.94,,,,,,44.2774,,,,,,,,,,,,,,,,59.9,MED,"{""coverage"": 1.0, ""confluence"": 0.2, ""risk_clean"": 0.3333333333333333, ""regime_align"": 0.6939461883408071, ""liquidity"": 0.9327354260089686, ""weights"": {""coverage"": 0.25, ""confluence"": 0.25, ""risk_clean"": 0.2, ""regime_align"": 0.2, ""liquidity"": 0.1}}",US84615Q1031,SPCX,SPCX,,,0.851938253470159,0.5215393713343797,0.48781873808752996,95765250.0,15568557393.90564,,,bull,0.08186137489637324,bull,0.1510202079004126,2026-10-10,0.1565269056695031,Industrials,Aerospace & Defense,United States,USD,1.2455626261270947,1.006530230937197,44.2774,stock,S20 Sicherheit & Verteidigung,pillar,85.0,manual thematic assignment after stack redesign,"defense, aerospace, security",VALID,YAHOO_PIT_CYCLE_V1,cycle_detrended_sma20_range40_v1,yfinance.download,1d_auto_adjust_true_close,SPCX,USD,WATCHLIST_DECLARED_ONLY,SESSION_DATE_CUTOFF_ONLY,2026-10-09,2026-10-10T09:05:09.890731+00:00,2026-10-10T09:05:26.331560+00:00,e1f6435cd3361126cc1d2813e7bdd7f0e92e2baef12785261065fb4e137e38ec,83.0,COMPLETED_DAILY_BARS,52.75,58.83,,bull,stock,,,,0.08186137489637324,SPCX,SPACE EXPLORATION TECHNOLOGIES CORP.,US84615Q1031,SPCX,SPCX,,Industrials,Aerospace & Defense,United States,USD,162.57000732421875,,1.006530230937197,21.94,,59.9,,,,0.1565269056695031,,,0.851938253470159,0.5215393713343797,0.48781873808752996,95765250.0,15568557393.90564,bull,0.08186137489637324,bull,0.1510202079004126,2026-10-10,False,True,False,OK,,,SPCX,SPCX,Aerospace & Defense,False,True
SYK,STRYKER CORP,SYK,277.3299865722656,USD,-23.0931151804613,21.82,0.0,Seitwärts,0.0,0.0,45.3,85.389,Zyklus-neutral,15.08,66.276,97.0,5600750080.0,148864450560.0,25116000256.0,3.76,11.4,12.92,24.32,1.893,82.26,"[22.8, 30.16, 0.0, 52.47, 22.98]",21.582815,50.9,MED,"{""coverage"": 1.0, ""confluence"": 0.0, ""risk_clean"": 0.6666666666666666, ""regime_align"": 0.3145881307316285, ""liquidity"": 0.6322869955156951, ""weights"": {""coverage"": 0.25, ""confluence"": 0.25, ""risk_clean"": 0.2, ""regime_align"": 0.2, ""liquidity"": 0.1}}",US8636671013,SYK,SYK,Pharma 🧪,354.05,0.29885912718710644,0.21590545265812153,0.3000516902357566,2733645.0,758121731.1433411,326.4059425354004,-0.15035251987733722,bull,0.08186137489637324,bull,0.1510202079004126,2026-10-10,-0.14377918234946396,Healthcare,Medical Devices,United States,USD,0.12997268656385064,-23.0931151804613,85.389,stock,S1 Hardware,pillar,85.0,manual thematic assignment after stack redesign,"robotics, automation, devices",VALID,YAHOO_PIT_CYCLE_V1,cycle_detrended_sma20_range40_v1,yfinance.download,1d_auto_adjust_true_close,SYK,USD,WATCHLIST_DECLARED_ONLY,SESSION_DATE_CUTOFF_ONLY,2026-10-09,2026-10-10T09:05:09.890731+00:00,2026-10-10T09:05:25.253651+00:00,0a94b29b6836b54e3e6ffc77a85a5da6d60daff242f720580ab493246dbc987b,251.0,COMPLETED_DAILY_BARS,45.19,35.98,,bull,stock,,,,0.08186137489637324,SYK,STRYKER CORP,US8636671013,SYK,SYK,Pharma 🧪,Healthcare,Medical Devices,United States,USD,277.3299865722656,354.05,-23.0931151804613,21.82,0.0,50.9,Seitwärts,45.3,Zyklus-neutral,-0.14377918234946396,-0.15035251987733722,326.4059425354004,0.29885912718710644,0.21590545265812153,0.3000516902357566,2733645.0,758121731.1433411,bull,0.08186137489637324,bull,0.1510202079004126,2026-10-10,False,True,False,OK,,,SYK,SYK,Medical Devices,False,True
9988.HK,Alibaba Group Holding Limited,9988.HK,107.0,HKD,-38.18807599241194,21.76,,,,,,59.309,,,,,,,,,,,,,,,,55.0,MED,"{""coverage"": 1.0, ""confluence"": 0.0, ""risk_clean"": 0.6666666666666666, ""regime_align"": 0.38851856340645574, ""liquidity"": 0.8923766816143498, ""weights"": {""coverage"": 0.25, ""confluence"": 0.25, ""risk_clean"": 0.2, ""regime_align"": 0.2, ""liquidity"": 0.1}}",KYG017191142,9988.HK,9988.HK,,,0.44102708329125345,0.2436533645892514,0.48386851523956864,55050849.45,5890440891.150001,127.41062362670898,-0.16019561827519635,bull,0.08186137489637324,bull,0.1510202079004126,2026-10-10,-0.07524772827024495,Consumer Cyclical,Internet Retail,Hong Kong,HKD,2.588683479618248,-38.18807599241194,59.309,stock,S2 Gehirn,pillar,85.0,manual thematic assignment after stack redesign,"ai, semis, software",VALID,YAHOO_PIT_CYCLE_V1,cycle_detrended_sma20_range40_v1,yfinance.download,1d_auto_adjust_true_close,9988.HK,HKD,WATCHLIST_DECLARED_ONLY,SESSION_DATE_CUTOFF_ONLY,2026-10-09,2026-10-10T09:05:09.890731+00:00,2026-10-10T09:05:25.312016+00:00,69cf5936387b2b725222dd3072f8a5f474acdbde1b7196e3bef8fcdc412aa9f9,247.0,COMPLETED_DAILY_BARS,47.2,42.45,,bull,stock,,,,0.08186137489637324,9988.HK,Alibaba Group Holding Limited,KYG017191142,9988.HK,9988.HK,,Consumer Cyclical,Internet Retail,Hong Kong,HKD,107.0,,-38.18807599241194,21.76,,55.0,,,,-0.07524772827024495,-0.16019561827519635,127.41062362670898,0.44102708329125345,0.2436533645892514,0.48386851523956864,55050849.45,5890440891.150001,bull,0.08186137489637324,bull,0.1510202079004126,2026-10-10,False,True,False,OK,,,9988.HK,9988.HK,Internet Retail,False,True
NRDS,NERDWALLET INC,NRDS,9.739999771118164,USD,-5.344997014322816,21.7,0.0,Seitwärts,0.0,0.0,41.2,97.0605,Zyklus-Tief,20.23,3.554,0.0,65625000.0,640464896.0,795000000.0,10.25,12.4,9.22,21.62,3.698,78.36,"[24.8, 40.46, 0.0, 81.85, 50.24]",6.934785,55.9,MED,"{""coverage"": 1.0, ""confluence"": 0.2, ""risk_clean"": 0.6666666666666666, ""regime_align"": 0.5841615157758655, ""liquidity"": 0.08520179372197312, ""weights"": {""coverage"": 0.25, ""confluence"": 0.25, ""risk_clean"": 0.2, ""regime_align"": 0.2, ""liquidity"": 0.1}}",US64082B1026,NRDS,NRDS,Finanzen 🏦,12.38,0.47808812812025875,0.3276620310184605,0.524168249937619,808590.0,7875666.414928436,10.076100018024444,-0.03335618406973473,bull,0.08186137489637324,bull,0.1510202079004126,2026-10-10,0.0002414587704788751,Communication Services,Internet Content & Information,United States,USD,-0.5107271800785518,-5.344997014322816,97.0605,stock,S21 Finanzsystem,pillar,83.0,manual thematic assignment after stack redesign,"payments, exchanges, capital markets, crypto",VALID,YAHOO_PIT_CYCLE_V1,cycle_detrended_sma20_range40_v1,yfinance.download,1d_auto_adjust_true_close,NRDS,USD,WATCHLIST_DECLARED_ONLY,SESSION_DATE_CUTOFF_ONLY,2026-10-09,2026-10-10T09:05:09.890731+00:00,2026-10-10T09:05:26.090480+00:00,1308c46648b2495a1267f77e80dbf51df0a5e95e9902eba28e0ca962bafae802,251.0,COMPLETED_DAILY_BARS,50.46,52.83,,bull,stock,,,,0.08186137489637324,NRDS,NERDWALLET INC,US64082B1026,NRDS,NRDS,Finanzen 🏦,Communication Services,Internet Content & Information,United States,USD,9.739999771118164,12.38,-5.344997014322816,21.7,0.0,55.9,Seitwärts,41.2,Zyklus-Tief,0.0002414587704788751,-0.03335618406973473,10.076100018024444,0.47808812812025875,0.3276620310184605,0.524168249937619,808590.0,7875666.414928436,bull,0.08186137489637324,bull,0.1510202079004126,2026-10-10,False,True,False,OK,,,NRDS,NRDS,Internet Content & Information,False,True
1211.HK,BYD Company Limited,1211.HK,75.5999984741211,HKD,-31.069996448822877,21.49,,,,,,61.3716,,,,,,,,,,,,,,,,57.9,MED,"{""coverage"": 1.0, ""confluence"": 0.0, ""risk_clean"": 1.0, ""regime_align"": 0.28528865188058017, ""liquidity"": 0.7174887892376681, ""weights"": {""coverage"": 0.25, ""confluence"": 0.25, ""risk_clean"": 0.2, ""regime_align"": 0.2, ""liquidity"": 0.1}}",CNE100000296,1211.HK,1211.HK,Industrie/Auto 🚗,,0.3742139625307646,0.20351290149129206,0.356927331146771,15960381.4,1206604809.4863908,92.35336086273193,-0.18140501040900892,bull,0.08186137489637324,bull,0.1510202079004126,2026-10-10,-0.14128803943313206,Consumer Cyclical,Auto Manufacturers,China,HKD,3.7036994399564094,-31.069996448822877,61.3716,stock,S15 Mobilität,pillar,85.0,manual addition via ChatGPT,"mobility, autos, autonomy",VALID,YAHOO_PIT_CYCLE_V1,cycle_detrended_sma20_range40_v1,yfinance.download,1d_auto_adjust_true_close,1211.HK,HKD,WATCHLIST_DECLARED_ONLY,SESSION_DATE_CUTOFF_ONLY,2026-10-09,2026-10-10T09:05:09.890731+00:00,2026-10-10T09:05:26.381354+00:00,6f773ddedaab4c0c81726ef53f974a7bfcf6f2a900c5f12795e8c50f6b784f28,247.0,COMPLETED_DAILY_BARS,45.23,37.69,,bull,stock,,,,0.08186137489637324,1211.HK,BYD Company Limited,CNE100000296,1211.HK,1211.HK,Industrie/Auto 🚗,Consumer Cyclical,Auto Manufacturers,China,HKD,75.5999984741211,,-31.069996448822877,21.49,,57.9,,,,-0.14128803943313206,-0.18140501040900892,92.35336086273193,0.3742139625307646,0.20351290149129206,0.356927331146771,15960381.4,1206604809.4863908,bull,0.08186137489637324,bull,0.1510202079004126,2026-10-10,False,True,False,OK,,,1211.HK,1211.HK,Auto Manufacturers,False,True
JD,JD.COM ADR,JD,27.09000015258789,USD,-11.91279250095093,21.3,0.0,Seitwärts,0.0,0.0,39.9,100.0,Zyklus-neutral,11.72,36.821,353.0,-13451249664.0,68616331264.0,1303786946560.0,-19.6,14.9,2.47,17.37,1.198,15.54,"[29.8, 23.44, 0.0, 60.83, 42.95]",9.074207,58.0,MED,"{""coverage"": 1.0, ""confluence"": 0.0, ""risk_clean"": 1.0, ""regime_align"": 0.46524663677130046, ""liquidity"": 0.3721973094170403, ""weights"": {""coverage"": 0.25, ""confluence"": 0.25, ""risk_clean"": 0.2, ""regime_align"": 0.2, ""liquidity"": 0.1}}",US47215P1066,JD,JD,E-Commerce,29.49,0.30087302242564995,0.1671223534276513,0.264407761482898,6244420.0,169161338.75282288,28.482511138916017,-0.048890035697221945,bull,0.08186137489637324,bull,0.1510202079004126,2026-10-10,-0.09881764640598178,Consumer Cyclical,Internet Retail,China,USD,0.668897458923956,-11.91279250095093,100.0,stock,S2 Gehirn,pillar,85.0,manual thematic assignment after stack redesign,"ai, semis, software",VALID,YAHOO_PIT_CYCLE_V1,cycle_detrended_sma20_range40_v1,yfinance.download,1d_auto_adjust_true_close,JD,USD,WATCHLIST_DECLARED_ONLY,SESSION_DATE_CUTOFF_ONLY,2026-10-09,2026-10-10T09:05:09.890731+00:00,2026-10-10T09:05:25.375093+00:00,a51bd2fb0dde2cb0a85e09be18cf9b1c3c615b2fd7adf5087c081014d3849618,251.0,COMPLETED_DAILY_BARS,43.57,33.46,,bull,stock,,,,0.08186137489637324,JD,JD.COM ADR,US47215P1066,JD,JD,E-Commerce,Consumer Cyclical,Internet Retail,China,USD,27.09000015258789,29.49,-11.91279250095093,21.3,0.0,58.0,Seitwärts,39.9,Zyklus-neutral,-0.09881764640598178,-0.048890035697221945,28.482511138916017,0.30087302242564995,0.1671223534276513,0.264407761482898,6244420.0,169161338.75282288,bull,0.08186137489637324,bull,0.1510202079004126,2026-10-10,False,True,False,OK,,,JD,JD,Internet Retail,False,True
SGM.AX,Sims Limited,SGM.AX,22.1299991607666,AUD,61.8041441409781,21.29,,,,,,34.0621,,,,,,,,,,,,,,,,54.4,MED,"{""coverage"": 1.0, ""confluence"": 0.0, ""risk_clean"": 1.0, ""regime_align"": 0.40479941825233307, ""liquidity"": 0.13004484304932729, ""weights"": {""coverage"": 0.25, ""confluence"": 0.25, ""risk_clean"": 0.2, ""regime_align"": 0.2, ""liquidity"": 0.1}}",AU000000SGM7,SGM.AX,SGM.AX,Recycling,,0.3844891265351329,0.27624616343157044,0.25590205824573253,686299.65,15187810.678534413,22.781895847320556,-0.02861468118908217,bull,0.08186137489637324,bull,0.1510202079004126,2026-10-10,-0.16541619585844158,Industrials,Waste Management,Australia,AUD,-3.3202282618912227,61.8041441409781,34.0621,stock,S5 Recycling,pillar,84.0,manual gap-filling addition for metals recycling exposure,"recycling, urban mining",VALID,YAHOO_PIT_CYCLE_V1,cycle_detrended_sma20_range40_v1,yfinance.download,1d_auto_adjust_true_close,SGM.AX,AUD,WATCHLIST_DECLARED_ONLY,SESSION_DATE_CUTOFF_ONLY,2026-10-09,2026-10-10T09:05:09.890731+00:00,2026-10-10T09:05:25.777378+00:00,1143db4299021375b3da6d60484c2991c759f10e11d7e5f58f311afaf152ed76,255.0,COMPLETED_DAILY_BARS,46.87,43.71,,bull,stock,,,,0.08186137489637324,SGM.AX,Sims Limited,AU000000SGM7,SGM.AX,SGM.AX,Recycling,Industrials,Waste Management,Australia,AUD,22.1299991607666,,61.8041441409781,21.29,,54.4,,,,-0.16541619585844158,-0.02861468118908217,22.781895847320556,0.3844891265351329,0.27624616343157044,0.25590205824573253,686299.65,15187810.678534413,bull,0.08186137489637324,bull,0.1510202079004126,2026-10-10,False,True,False,OK,,,SGM.AX,SGM.AX,Waste Management,False,True
ADS.DE,adidas AG,ADS.DE,149.85000610351562,EUR,-20.23918085357641,21.18,,,,,,100.0,,,,,,,,,,,,,,,,55.4,MED,"{""coverage"": 1.0, ""confluence"": 0.0, ""risk_clean"": 1.0, ""regime_align"": 0.3779137882276896, ""liquidity"": 0.2869955156950672, ""weights"": {""coverage"": 0.25, ""confluence"": 0.25, ""risk_clean"": 0.2, ""regime_align"": 0.2, ""liquidity"": 0.1}}",DE000A1EWWW0,ADS.DE,ADS.DE,Konsum & Lifestyle,,0.3348197406352115,0.2627504421310745,0.328630068972118,490013.55,73428533.45830536,153.9633039855957,-0.026716092572714012,bull,0.08186137489637324,bull,0.1510202079004126,2026-10-10,-0.20840381005317699,Consumer Cyclical,Footwear & Accessories,Germany,EUR,2.2866935860174964,-20.23918085357641,100.0,stock,S12 Luxus & Marken,pillar,78.0,manual addition via ChatGPT,"luxury, brands, premium consumption",VALID,YAHOO_PIT_CYCLE_V1,cycle_detrended_sma20_range40_v1,yfinance.download,1d_auto_adjust_true_close,ADS.DE,EUR,WATCHLIST_DECLARED_ONLY,SESSION_DATE_CUTOFF_ONLY,2026-10-09,2026-10-10T09:05:09.890731+00:00,2026-10-10T09:05:26.421148+00:00,6ba7661ccc9fbfc7e905b526b7c50d2956b1aef42d270531a347f51067f9c473,254.0,COMPLETED_DAILY_BARS,46.31,42.47,,bull,stock,,,,0.08186137489637324,ADS.DE,adidas AG,DE000A1EWWW0,ADS.DE,ADS.DE,Konsum & Lifestyle,Consumer Cyclical,Footwear & Accessories,Germany,EUR,149.85000610351562,,-20.23918085357641,21.18,,55.4,,,,-0.20840381005317699,-0.026716092572714012,153.9633039855957,0.3348197406352115,0.2627504421310745,0.328630068972118,490013.55,73428533.45830536,bull,0.08186137489637324,bull,0.1510202079004126,2026-10-10,False,True,False,OK,,,ADS.DE,ADS.DE,Footwear & Accessories,False,True
NPN.JO,NASPERS LIMITED CLASS N,NPN.JO,72169.0,ZAc,-42.689328796936685,20.93,,,,,,100.0,,,,,,,,,,,,,,,,59.4,MED,"{""coverage"": 1.0, ""confluence"": 0.0, ""risk_clean"": 1.0, ""regime_align"": 0.2337292449400073, ""liquidity"": 0.968609865470852, ""weights"": {""coverage"": 0.25, ""confluence"": 0.25, ""risk_clean"": 0.2, ""regime_align"": 0.2, ""liquidity"": 0.1}}",ZAE000351946,NPN.JO,NPN.JO,E-Commerce,,0.3654688320540859,0.21015659348190294,0.45772930212097374,2162861.7,156091566027.30002,87980.5,-0.17971595978654364,bull,0.08186137489637324,bull,0.1510202079004126,2026-10-10,-0.19458548726677594,Consumer Cyclical,Internet Retail,South Africa,ZAc,2.8385368425552615,-42.689328796936685,100.0,stock,S2 Gehirn,pillar,85.0,manual thematic assignment after stack redesign,"ai, semis, software",VALID,YAHOO_PIT_CYCLE_V1,cycle_detrended_sma20_range40_v1,yfinance.download,1d_auto_adjust_true_close,NPN.JO,ZAc,WATCHLIST_DECLARED_ONLY,SESSION_DATE_CUTOFF_ONLY,2026-10-09,2026-10-10T09:05:09.890731+00:00,2026-10-10T09:05:26.248728+00:00,ba6549845af9979fc2f0c3f4527862345686b67569684b69a12535c977308944,251.0,COMPLETED_DAILY_BARS,44.19,37.13,,bull,stock,,,,0.08186137489637324,NPN.JO,NASPERS LIMITED CLASS N,ZAE000351946,NPN.JO,NPN.JO,E-Commerce,Consumer Cyclical,Internet Retail,South Africa,ZAc,72169.0,,-42.689328796936685,20.93,,59.4,,,,-0.19458548726677594,-0.17971595978654364,87980.5,0.3654688320540859,0.21015659348190294,0.45772930212097374,2162861.7,156091566027.30002,bull,0.08186137489637324,bull,0.1510202079004126,2026-10-10,False,True,False,OK,,,NPN.JO,NPN.JO,Internet Retail,False,True
EDR.TO,ENDEAVOUR SILVER,EDR.TO,12.34000015258789,CAD,15.977441300854744,19.54,0.0,Seitwärts,0.0,0.0,67.6,26.6213,Zyklus-neutral,-20.46,31.741,0.0,-69431752.0,4945538560.0,337136992.0,-1.4,167.3,-27.97,139.33,0.788,57.66,"[100.0, 0.0, 0.0, 68.98, 39.63]",12.301942,61.0,MED,"{""coverage"": 1.0, ""confluence"": 0.4, ""risk_clean"": 0.6666666666666666, ""regime_align"": 0.5748697127620894, ""liquidity"": 0.12107623318385652, ""weights"": {""coverage"": 0.25, ""confluence"": 0.25, ""risk_clean"": 0.2, ""regime_align"": 0.2, ""liquidity"": 0.1}}",CA29258Y1034,EDR.TO,EDR.TO,Edelmetalle ⛏️,18.71,0.7770771645481345,0.4938723142938884,0.4640455407362998,1147095.0,14155152.475032806,13.751850013732911,-0.10266617653152954,bull,0.08186137489637324,bull,0.1510202079004126,2026-10-10,0.07089006800062614,Basic Materials,Silver,Canada,CAD,1.4802656861388819,15.977441300854744,26.6213,stock,S4 Fundament,pillar,84.0,manual thematic assignment after stack redesign,"materials, mining, metals",VALID,YAHOO_PIT_CYCLE_V1,cycle_detrended_sma20_range40_v1,yfinance.download,1d_auto_adjust_true_close,EDR.TO,CAD,WATCHLIST_DECLARED_ONLY,SESSION_DATE_CUTOFF_ONLY,2026-10-09,2026-10-10T09:05:09.890731+00:00,2026-10-10T09:05:25.651822+00:00,49bddc8c15ecb93c82d61069358f785c00ba42f28b435562d5697298afd88e84,252.0,COMPLETED_DAILY_BARS,50.83,64.31,,bull,stock,,,,0.08186137489637324,EDR.TO,ENDEAVOUR SILVER,CA29258Y1034,EDR.TO,EDR.TO,Edelmetalle ⛏️,Basic Materials,Silver,Canada,CAD,12.34000015258789,18.71,15.977441300854744,19.54,0.0,61.0,Seitwärts,67.6,Zyklus-neutral,0.07089006800062614,-0.10266617653152954,13.751850013732911,0.7770771645481345,0.4938723142938884,0.4640455407362998,1147095.0,14155152.475032806,bull,0.08186137489637324,bull,0.1510202079004126,2026-10-10,False,True,False,OK,,,EDR.TO,EDR.TO,Silver,False,True
CCJ,CAMECO CORP.,CCJ,88.05999755859375,USD,1.8251098028304158,19.44,0.0,Seitwärts,0.0,0.0,73.6,35.1409,Zyklus-neutral,8.1,14.854,15.0,787334656.0,51645775872.0,3464176128.0,1.52,-14.7,15.18,0.48,2.991,70.09,"[0.0, 16.2, 0.0, 76.9, 0.0]",82.52247,57.5,MED,"{""coverage"": 1.0, ""confluence"": 0.0, ""risk_clean"": 1.0, ""regime_align"": 0.37951965418333133, ""liquidity"": 0.49327354260089684, ""weights"": {""coverage"": 0.25, ""confluence"": 0.25, ""risk_clean"": 0.2, ""regime_align"": 0.2, ""liquidity"": 0.1}}",CA13321L1085,CCJ,CCJ,Energie,125.9,0.557256004196128,0.30778387826022746,0.36930418372360896,3321545.0,292495244.5907593,105.67654987335204,-0.166702568695428,bull,0.08186137489637324,bull,0.1510202079004126,2026-10-10,-0.07646938975523943,Energy,Uranium,Canada,USD,1.0789655445099244,1.8251098028304158,35.1409,stock,S3 Energie,pillar,82.0,manual thematic assignment after stack redesign,"energy, grid, electrification",VALID,YAHOO_PIT_CYCLE_V1,cycle_detrended_sma20_range40_v1,yfinance.download,1d_auto_adjust_true_close,CCJ,USD,WATCHLIST_DECLARED_ONLY,SESSION_DATE_CUTOFF_ONLY,2026-10-09,2026-10-10T09:05:09.890731+00:00,2026-10-10T09:05:25.494368+00:00,74a59fecbdf8660e8cd98f7a884e689859f72fa22e57ab2a85385659dc89f242,251.0,COMPLETED_DAILY_BARS,44.85,46.26,,bull,stock,,,,0.08186137489637324,CCJ,CAMECO CORP.,CA13321L1085,CCJ,CCJ,Energie,Energy,Uranium,Canada,USD,88.05999755859375,125.9,1.8251098028304158,19.44,0.0,57.5,Seitwärts,73.6,Zyklus-neutral,-0.07646938975523943,-0.166702568695428,105.67654987335204,0.557256004196128,0.30778387826022746,0.36930418372360896,3321545.0,292495244.5907593,bull,0.08186137489637324,bull,0.1510202079004126,2026-10-10,False,True,False,OK,,,CCJ,CCJ,Uranium,False,True
TOM.OL,Tomra Systems ASA,TOM.OL,90.30000305175781,NOK,-35.574695738300434,19.28,,,,,,74.0809,,,,,,,,,,,,,,,,54.4,MED,"{""coverage"": 1.0, ""confluence"": 0.0, ""risk_clean"": 1.0, ""regime_align"": 0.3481497192259524, ""liquidity"": 0.24215246636771304, ""weights"": {""coverage"": 0.25, ""confluence"": 0.25, ""risk_clean"": 0.2, ""regime_align"": 0.2, ""liquidity"": 0.1}}",NO0005668905,TOM.OL,TOM.OL,Recycling,,0.4362684204597528,0.4192156542639271,0.3669793354432306,684564.05,61816135.80412369,107.67803104400635,-0.16138879791687877,bull,0.08186137489637324,bull,0.1510202079004126,2026-10-10,-0.10528679329016088,Industrials,Specialty Industrial Machinery,Norway,NOK,1.6319691643653211,-35.574695738300434,74.0809,stock,S5 Recycling,pillar,83.0,manual gap-filling addition for circular economy and sorting technology,"recycling, urban mining",VALID,YAHOO_PIT_CYCLE_V1,cycle_detrended_sma20_range40_v1,yfinance.download,1d_auto_adjust_true_close,TOM.OL,NOK,WATCHLIST_DECLARED_ONLY,SESSION_DATE_CUTOFF_ONLY,2026-10-09,2026-10-10T09:05:09.890731+00:00,2026-10-10T09:05:25.783583+00:00,404c0386c88e1865c4d790bf1a5e0d35b915a6acd40a4a161b338fa876471d67,251.0,COMPLETED_DAILY_BARS,46.4,51.83,,bull,stock,,,,0.08186137489637324,TOM.OL,Tomra Systems ASA,NO0005668905,TOM.OL,TOM.OL,Recycling,Industrials,Specialty Industrial Machinery,Norway,NOK,90.30000305175781,,-35.574695738300434,19.28,,54.4,,,,-0.10528679329016088,-0.16138879791687877,107.67803104400635,0.4362684204597528,0.4192156542639271,0.3669793354432306,684564.05,61816135.80412369,bull,0.08186137489637324,bull,0.1510202079004126,2026-10-10,False,True,False,OK,,,TOM.OL,TOM.OL,Specialty Industrial Machinery,False,True
GRAB,GRAB HOLDINGS LIMITED,GRAB,3.190000057220459,USD,-45.56314019557321,18.98,,,,,,100.0,,,,,,,,,,,,,,,,48.2,LOW,"{""coverage"": 1.0, ""confluence"": 0.0, ""risk_clean"": 0.6666666666666666, ""regime_align"": 0.2540096149961621, ""liquidity"": 0.47982062780269064, ""weights"": {""coverage"": 0.25, ""confluence"": 0.25, ""risk_clean"": 0.2, ""regime_align"": 0.2, ""liquidity"": 0.1}}",KYG4124C1096,GRAB,GRAB,Tech 💻,,0.37903826398505025,0.219886136856388,0.5433006325883921,81699730.0,260622143.37489605,3.7916499984264376,-0.15867760512063822,bull,0.08186137489637324,bull,0.1510202079004126,2026-10-10,-0.1986643252739939,Technology,Software - Application,Singapore,USD,2.5723525666604186,-45.56314019557321,100.0,stock,S15 Mobilität,pillar,85.0,manual thematic assignment after stack redesign,"mobility, autos, autonomy",VALID,YAHOO_PIT_CYCLE_V1,cycle_detrended_sma20_range40_v1,yfinance.download,1d_auto_adjust_true_close,GRAB,USD,WATCHLIST_DECLARED_ONLY,SESSION_DATE_CUTOFF_ONLY,2026-10-09,2026-10-10T09:05:09.890731+00:00,2026-10-10T09:05:26.314581+00:00,ca591f245892a44729e08661f57202b98c37a30a2e9a1e07464972878c4bba41,251.0,COMPLETED_DAILY_BARS,44.48,47.33,,bull,stock,,,,0.08186137489637324,GRAB,GRAB HOLDINGS LIMITED,KYG4124C1096,GRAB,GRAB,Tech 💻,Technology,Software - Application,Singapore,USD,3.190000057220459,,-45.56314019557321,18.98,,48.2,,,,-0.1986643252739939,-0.15867760512063822,3.7916499984264376,0.37903826398505025,0.219886136856388,0.5433006325883921,81699730.0,260622143.37489605,bull,0.08186137489637324,bull,0.1510202079004126,2026-10-10,False,True,False,OK,,,GRAB,GRAB,Software - Application,False,True
RI.PA,PERNOD RICARD,RI.PA,61.599998474121094,EUR,-22.78604971642597,18.55,0.0,Seitwärts,0.0,0.0,42.0,100.0,Zyklus-Hoch,10.14,77.61,587.0,1170000000.0,32680491008.0,10958999552.0,3.58,-4.5,14.84,10.34,1.916,57.28,"[0.0, 20.28, 0.0, 0.0, 27.33]",13.442283,50.6,MED,"{""coverage"": 1.0, ""confluence"": 0.0, ""risk_clean"": 0.6666666666666666, ""regime_align"": 0.5257241546479214, ""liquidity"": 0.179372197309417, ""weights"": {""coverage"": 0.25, ""confluence"": 0.25, ""risk_clean"": 0.2, ""regime_align"": 0.2, ""liquidity"": 0.1}}",FR0000120693,RI.PA,RI.PA,Konsum & Lifestyle,72.92,0.2985486150506967,0.19346204426774333,0.31613160066066215,685433.15,42222680.994112015,65.60776550292968,-0.06108677834226228,bull,0.08186137489637324,bull,0.1510202079004126,2026-10-10,-0.031319719916217625,Consumer Defensive,Beverages - Wineries & Distilleries,France,EUR,0.8183306260012069,-22.78604971642597,100.0,stock,S12 Luxus & Marken,pillar,78.0,manual thematic assignment after stack redesign,"luxury, brands, premium consumption",VALID,YAHOO_PIT_CYCLE_V1,cycle_detrended_sma20_range40_v1,yfinance.download,1d_auto_adjust_true_close,RI.PA,EUR,WATCHLIST_DECLARED_ONLY,SESSION_DATE_CUTOFF_ONLY,2026-10-09,2026-10-10T09:05:09.890731+00:00,2026-10-10T09:05:25.864414+00:00,a9b218f1d369c955f49aca33db513fb544500030eecb4da18f90d3deccf58b2f,256.0,COMPLETED_DAILY_BARS,42.14,42.12,,bull,stock,,,,0.08186137489637324,RI.PA,PERNOD RICARD,FR0000120693,RI.PA,RI.PA,Konsum & Lifestyle,Consumer Defensive,Beverages - Wineries & Distilleries,France,EUR,61.599998474121094,72.92,-22.78604971642597,18.55,0.0,50.6,Seitwärts,42.0,Zyklus-Hoch,-0.031319719916217625,-0.06108677834226228,65.60776550292968,0.2985486150506967,0.19346204426774333,0.31613160066066215,685433.15,42222680.994112015,bull,0.08186137489637324,bull,0.1510202079004126,2026-10-10,False,True,False,OK,,,RI.PA,RI.PA,Beverages - Wineries & Distilleries,False,True
CRWV,"COREWEAVE, INC.",CRWV,82.08000183105469,USD,-40.70648979712412,18.49,,,,,,20.8881,,,,,,,,,,,,,,,,49.7,LOW,"{""coverage"": 1.0, ""confluence"": 0.0, ""risk_clean"": 0.3333333333333333, ""regime_align"": 0.4851432149638427, ""liquidity"": 0.8340807174887892, ""weights"": {""coverage"": 0.25, ""confluence"": 0.25, ""risk_clean"": 0.2, ""regime_align"": 0.2, ""liquidity"": 0.1}}",US21873S1087,CRWV,CRWV,Tech 💻,,0.9458714848225686,0.5107709297262459,0.5709044917614492,30349815.0,2491112870.772171,92.58727500915528,-0.11348506775970679,bull,0.08186137489637324,bull,0.1510202079004126,2026-10-10,-0.011367965971065708,Technology,Software - Infrastructure,United States,USD,0.6128953037233931,-40.70648979712412,20.8881,stock,S2 Gehirn,pillar,85.0,manual thematic assignment after stack redesign,"ai, semis, software",VALID,YAHOO_PIT_CYCLE_V1,cycle_detrended_sma20_range40_v1,yfinance.download,1d_auto_adjust_true_close,CRWV,USD,WATCHLIST_DECLARED_ONLY,SESSION_DATE_CUTOFF_ONLY,2026-10-09,2026-10-10T09:05:09.890731+00:00,2026-10-10T09:05:26.281825+00:00,9d90011f011bd31166f44ee832cb15fc205aef97c62fbbd5964cee1989cde204,251.0,COMPLETED_DAILY_BARS,48.89,63.29,,bull,stock,,,,0.08186137489637324,CRWV,"COREWEAVE, INC.",US21873S1087,CRWV,CRWV,Tech 💻,Technology,Software - Infrastructure,United States,USD,82.08000183105469,,-40.70648979712412,18.49,,49.7,,,,-0.011367965971065708,-0.11348506775970679,92.58727500915528,0.9458714848225686,0.5107709297262459,0.5709044917614492,30349815.0,2491112870.772171,bull,0.08186137489637324,bull,0.1510202079004126,2026-10-10,False,True,False,OK,,,CRWV,CRWV,Software - Infrastructure,False,True
TSLA,Tesla,TSLA,382.70001220703125,USD,-7.446365995435911,18.45,0.0,Seitwärts,0.0,0.0,56.0,56.2307,Zyklus-neutral,4.93,17.763,0.0,3732624896.0,1566959599616.0,94827003904.0,0.24,-3.1,4.0,0.9,2.164,44.57,"[0.0, 9.86, 0.0, 64.22, 0.0]",151.62677,65.1,MED,"{""coverage"": 1.0, ""confluence"": 0.0, ""risk_clean"": 1.0, ""regime_align"": 0.5416414172019554, ""liquidity"": 0.9282511210762332, ""weights"": {""coverage"": 0.25, ""confluence"": 0.25, ""risk_clean"": 0.2, ""regime_align"": 0.2, ""liquidity"": 0.1}}",US88160R1014,TSLA,TSLA,Tech 💻,,0.45205517889906394,0.30709851948068745,0.39103453018952694,35839160.0,13715646969.489746,390.60454925537107,-0.02023667431269971,bull,0.08186137489637324,bull,0.1510202079004126,2026-10-10,-0.07216292456605677,Consumer Cyclical,Auto Manufacturers,United States,USD,2.0533365885416766,-7.446365995435911,56.2307,stock,S15 Mobilität,pillar,80.0,manual thematic assignment after stack redesign,"mobility, autos, autonomy",VALID,YAHOO_PIT_CYCLE_V1,cycle_detrended_sma20_range40_v1,yfinance.download,1d_auto_adjust_true_close,TSLA,USD,WATCHLIST_DECLARED_ONLY,SESSION_DATE_CUTOFF_ONLY,2026-10-09,2026-10-10T09:05:09.890731+00:00,2026-10-10T09:05:25.978436+00:00,c2621b28a89501fd3b4532c69cd94900bde17a02994414367f82d19c0bde622e,251.0,COMPLETED_DAILY_BARS,40.88,38.7,,bull,stock,,,,0.08186137489637324,TSLA,Tesla,US88160R1014,TSLA,TSLA,Tech 💻,Consumer Cyclical,Auto Manufacturers,United States,USD,382.70001220703125,,-7.446365995435911,18.45,0.0,65.1,Seitwärts,56.0,Zyklus-neutral,-0.07216292456605677,-0.02023667431269971,390.60454925537107,0.45205517889906394,0.30709851948068745,0.39103453018952694,35839160.0,13715646969.489746,bull,0.08186137489637324,bull,0.1510202079004126,2026-10-10,False,True,False,OK,,,TSLA,TSLA,Auto Manufacturers,False,True
SOLB.BR,SOLVAY S.A. A,SOLB.BR,24.979999542236328,EUR,2.904011961232067,18.44,0.0,Seitwärts,0.0,0.0,51.3,66.6467,Zyklus-Hoch,12.58,174.545,868.0,86625000.0,4766044672.0,4905999872.0,1.82,-3.9,3.14,-0.76,1.413,29.14,"[0.0, 25.16, 0.0, 0.0, 17.0]",10.491425,49.2,LOW,"{""coverage"": 1.0, ""confluence"": 0.0, ""risk_clean"": 0.6666666666666666, ""regime_align"": 0.49003151133195977, ""liquidity"": 0.10313901345291476, ""weights"": {""coverage"": 0.25, ""confluence"": 0.25, ""risk_clean"": 0.2, ""regime_align"": 0.2, ""liquidity"": 0.1}}",BE0003470755,SOLB.BR,SOLB.BR,Experimente,25.84,0.25079638464301857,0.1815131469970238,0.14035087843632965,371008.6,9267794.65816574,25.63585982322693,-0.025583705228266695,bull,0.08186137489637324,bull,0.1510202079004126,2026-10-10,-0.10325778866308266,Basic Materials,Chemicals,Belgium,EUR,0.7258077044889344,2.904011961232067,66.6467,stock,S4 Fundament,pillar,84.0,manual thematic assignment after stack redesign,"materials, mining, metals",VALID,YAHOO_PIT_CYCLE_V1,cycle_detrended_sma20_range40_v1,yfinance.download,1d_auto_adjust_true_close,SOLB.BR,EUR,WATCHLIST_DECLARED_ONLY,SESSION_DATE_CUTOFF_ONLY,2026-10-09,2026-10-10T09:05:09.890731+00:00,2026-10-10T09:05:25.741081+00:00,9e832db9dc813219e6961570c9a10b51089b1d7feec58baf701b174c23e597b1,256.0,COMPLETED_DAILY_BARS,40.85,38.64,,bull,stock,,,,0.08186137489637324,SOLB.BR,SOLVAY S.A. A,BE0003470755,SOLB.BR,SOLB.BR,Experimente,Basic Materials,Chemicals,Belgium,EUR,24.979999542236328,25.84,2.904011961232067,18.44,0.0,49.2,Seitwärts,51.3,Zyklus-Hoch,-0.10325778866308266,-0.025583705228266695,25.63585982322693,0.25079638464301857,0.1815131469970238,0.14035087843632965,371008.6,9267794.65816574,bull,0.08186137489637324,bull,0.1510202079004126,2026-10-10,False,True,False,OK,,,SOLB.BR,SOLB.BR,Chemicals,False,True
CRUS,Cirrus Logic Inc.,CRUS,106.87000274658203,USD,-7.61583466057405,18.42,,,,,,2.8066,,,,,,,,,,,,,,,,51.2,MED,"{""coverage"": 1.0, ""confluence"": 0.0, ""risk_clean"": 1.0, ""regime_align"": 0.15958671676160466, ""liquidity"": 0.30493273542600896, ""weights"": {""coverage"": 0.25, ""confluence"": 0.25, ""risk_clean"": 0.2, ""regime_align"": 0.2, ""liquidity"": 0.1}}",US1727551004,CRUS,CRUS,Tech 💻,,0.3644497590668812,0.2513797285922723,0.40262713028140484,808540.0,86408672.02072144,139.66475002288817,-0.23481048203595933,bull,0.08186137489637324,bull,0.1510202079004126,2026-10-10,-0.26010948039023585,Technology,Semiconductors,United States,USD,-5.5918678200622125,-7.61583466057405,2.8066,stock,S2 Gehirn,pillar,85.0,manual addition via ChatGPT,"ai, semis, software",VALID,YAHOO_PIT_CYCLE_V1,cycle_detrended_sma20_range40_v1,yfinance.download,1d_auto_adjust_true_close,CRUS,USD,WATCHLIST_DECLARED_ONLY,SESSION_DATE_CUTOFF_ONLY,2026-10-09,2026-10-10T09:05:09.890731+00:00,2026-10-10T09:05:26.415805+00:00,cc68f9a8622c96176f3de2f0f6aff33436bf13522c4ac12a1c9284d6f813b9ef,251.0,COMPLETED_DAILY_BARS,42.88,45.0,,bull,stock,,,,0.08186137489637324,CRUS,Cirrus Logic Inc.,US1727551004,CRUS,CRUS,Tech 💻,Technology,Semiconductors,United States,USD,106.87000274658203,,-7.61583466057405,18.42,,51.2,,,,-0.26010948039023585,-0.23481048203595933,139.66475002288817,0.3644497590668812,0.2513797285922723,0.40262713028140484,808540.0,86408672.02072144,bull,0.08186137489637324,bull,0.1510202079004126,2026-10-10,False,True,False,OK,,,CRUS,CRUS,Semiconductors,False,True
MNSO,MINISO GRP ADS,MNSO,9.600000381469727,USD,-53.738412118686455,18.32,0.0,Seitwärts,0.0,0.0,45.6,100.0,Zyklus-neutral,21.17,101.459,321.0,0.0,26843117568.0,19902461952.0,0.0,28.2,10.81,39.01,1.655,8.67,"[56.4, 42.34, 0.0, 39.06, 40.53]",11.638044,45.8,LOW,"{""coverage"": 1.0, ""confluence"": 0.4, ""risk_clean"": 0.3333333333333333, ""regime_align"": 0.15942512018745203, ""liquidity"": 0.09865470852017932, ""weights"": {""coverage"": 0.25, ""confluence"": 0.25, ""risk_clean"": 0.2, ""regime_align"": 0.2, ""liquidity"": 0.1}}",US66981J1025,MNSO,MNSO,Konsum & Lifestyle,18.79,0.3692700402731272,0.24810583092232616,0.6128981327684875,916000.0,8793600.34942627,14.193263788223266,-0.32362277452806587,bull,0.08186137489637324,bull,0.1510202079004126,2026-10-10,-0.20552740161593963,Consumer Cyclical,Specialty Retail,China,USD,5.843447678922775,-53.738412118686455,100.0,stock,S12 Luxus & Marken,pillar,78.0,manual thematic assignment after stack redesign,"luxury, brands, premium consumption",VALID,YAHOO_PIT_CYCLE_V1,cycle_detrended_sma20_range40_v1,yfinance.download,1d_auto_adjust_true_close,MNSO,USD,WATCHLIST_DECLARED_ONLY,SESSION_DATE_CUTOFF_ONLY,2026-10-09,2026-10-10T09:05:09.890731+00:00,2026-10-10T09:05:25.848177+00:00,b83188dd965eb60e993dd7bbf7021c6144bed06bb9164be2f9240a018087e105,251.0,COMPLETED_DAILY_BARS,47.04,58.35,,bull,stock,,,,0.08186137489637324,MNSO,MINISO GRP ADS,US66981J1025,MNSO,MNSO,Konsum & Lifestyle,Consumer Cyclical,Specialty Retail,China,USD,9.600000381469727,18.79,-53.738412118686455,18.32,0.0,45.8,Seitwärts,45.6,Zyklus-neutral,-0.20552740161593963,-0.32362277452806587,14.193263788223266,0.3692700402731272,0.24810583092232616,0.6128981327684875,916000.0,8793600.34942627,bull,0.08186137489637324,bull,0.1510202079004126,2026-10-10,False,True,False,OK,,,MNSO,MNSO,Specialty Retail,False,True
SE,SEA LIMITED,SE,95.25,USD,-47.32330707784328,18.14,,,,,,32.3918,,,,,,,,,,,,,,,,50.7,MED,"{""coverage"": 1.0, ""confluence"": 0.0, ""risk_clean"": 0.6666666666666666, ""regime_align"": 0.3485133115177958, ""liquidity"": 0.5381165919282511, ""weights"": {""coverage"": 0.25, ""confluence"": 0.25, ""risk_clean"": 0.2, ""regime_align"": 0.2, ""liquidity"": 0.1}}",US81141R1005,SE,SE,E-Commerce,,0.5096633743023202,0.3341899118146963,0.5719605638030449,4135440.0,393900660.0,102.21490013122559,-0.06813977338219679,bull,0.08186137489637324,bull,0.1510202079004126,2026-10-10,-0.1666035927480003,Consumer Cyclical,Internet Retail,Singapore,USD,2.540640139798045,-47.32330707784328,32.3918,stock,S2 Gehirn,pillar,85.0,manual thematic assignment after stack redesign,"ai, semis, software",VALID,YAHOO_PIT_CYCLE_V1,cycle_detrended_sma20_range40_v1,yfinance.download,1d_auto_adjust_true_close,SE,USD,WATCHLIST_DECLARED_ONLY,SESSION_DATE_CUTOFF_ONLY,2026-10-09,2026-10-10T09:05:09.890731+00:00,2026-10-10T09:05:26.298301+00:00,e7fabdcb156192c30653e07615504e8a935a92428d62b1b787b306ed6e352fd2,251.0,COMPLETED_DAILY_BARS,46.0,56.02,,bull,stock,,,,0.08186137489637324,SE,SEA LIMITED,US81141R1005,SE,SE,E-Commerce,Consumer Cyclical,Internet Retail,Singapore,USD,95.25,,-47.32330707784328,18.14,,50.7,,,,-0.1666035927480003,-0.06813977338219679,102.21490013122559,0.5096633743023202,0.3341899118146963,0.5719605638030449,4135440.0,393900660.0,bull,0.08186137489637324,bull,0.1510202079004126,2026-10-10,False,True,False,OK,,,SE,SE,Internet Retail,False,True
ROL,"ROLLINS, INC.",ROL,31.979999542236328,USD,-43.079713109258364,17.9,,,,,,96.8142,,,,,,,,,,,,,,,,45.2,LOW,"{""coverage"": 1.0, ""confluence"": 0.0, ""risk_clean"": 0.6666666666666666, ""regime_align"": 0.10110895649012241, ""liquidity"": 0.4887892376681615, ""weights"": {""coverage"": 0.25, ""confluence"": 0.25, ""risk_clean"": 0.2, ""regime_align"": 0.2, ""liquidity"": 0.1}}",US7757111049,ROL,ROL,Konsum & Lifestyle,,0.2828641964309049,0.2428412533575753,0.5422674987776048,8903450.0,284732326.92432404,48.57904495239258,-0.3416914726591126,bull,0.08186137489637324,bull,0.1510202079004126,2026-10-10,-0.31256061899942333,Consumer Cyclical,Personal Services,United States,USD,-0.867944184330538,-43.079713109258364,96.8142,stock,S11 Konsum,pillar,85.0,manual thematic assignment after stack redesign,"consumer staples, food, household",VALID,YAHOO_PIT_CYCLE_V1,cycle_detrended_sma20_range40_v1,yfinance.download,1d_auto_adjust_true_close,ROL,USD,WATCHLIST_DECLARED_ONLY,SESSION_DATE_CUTOFF_ONLY,2026-10-09,2026-10-10T09:05:09.890731+00:00,2026-10-10T09:05:26.227090+00:00,5cc5f2ac167acb42dccaf00371fa0a5891abab9f72a6a912d8d6c8c5f806c516,251.0,COMPLETED_DAILY_BARS,41.91,44.5,,bull,stock,,,,0.08186137489637324,ROL,"ROLLINS, INC.",US7757111049,ROL,ROL,Konsum & Lifestyle,Consumer Cyclical,Personal Services,United States,USD,31.979999542236328,,-43.079713109258364,17.9,,45.2,,,,-0.31256061899942333,-0.3416914726591126,48.57904495239258,0.2828641964309049,0.2428412533575753,0.5422674987776048,8903450.0,284732326.92432404,bull,0.08186137489637324,bull,0.1510202079004126,2026-10-10,False,True,False,OK,,,ROL,ROL,Personal Services,False,True
6506.T,YASKAWA ELECTRIC CORPORATION,6506.T,4783.0,JPY,20.323541091878106,17.87,,,,,,,,,,,,,,,,,,,,,,52.3,MED,"{""coverage"": 1.0, ""confluence"": 0.0, ""risk_clean"": 0.6666666666666666, ""regime_align"": 0.2295883327273462, ""liquidity"": 0.9417040358744395, ""weights"": {""coverage"": 0.25, ""confluence"": 0.25, ""risk_clean"": 0.2, ""regime_align"": 0.2, ""liquidity"": 0.1}}",JP3932000007,6506.T,6506.T,Hardware 💻,,0.5844526761658012,0.3932401381943824,0.43462997798848957,3444445.0,16474780435.0,5327.714256591797,-0.10224164254264212,bull,0.08186137489637324,bull,0.1510202079004126,2026-10-10,-0.3455214688473396,Industrials,Electrical Equipment & Parts,Japan,JPY,-0.12528711630820366,20.323541091878106,,stock,S1 Hardware,pillar,85.0,manual thematic assignment after stack redesign,"robotics, automation, devices",INSUFFICIENT_HISTORY,YAHOO_PIT_CYCLE_V1,cycle_detrended_sma20_range40_v1,yfinance.download,1d_auto_adjust_true_close,6506.T,JPY,WATCHLIST_DECLARED_ONLY,SESSION_DATE_CUTOFF_ONLY,2026-10-09,2026-10-10T09:05:09.890731+00:00,2026-10-10T09:05:26.173097+00:00,,243.0,GAP_IN_DAILY_BARS,43.73,50.25,,bull,stock,,,,0.08186137489637324,6506.T,YASKAWA ELECTRIC CORPORATION,JP3932000007,6506.T,6506.T,Hardware 💻,Industrials,Electrical Equipment & Parts,Japan,JPY,4783.0,,20.323541091878106,17.87,,52.3,,,,-0.3455214688473396,-0.10224164254264212,5327.714256591797,0.5844526761658012,0.3932401381943824,0.43462997798848957,3444445.0,16474780435.0,bull,0.08186137489637324,bull,0.1510202079004126,2026-10-10,False,True,False,OK,,,6506.T,6506.T,Electrical Equipment & Parts,False,True
NOVO-B.CO,NOVO-NORDISK,NOVO-B.CO,255.25,DKK,-29.553226486099916,17.59,0.0,Seitwärts,0.0,0.0,34.8,74.4511,Zyklus-neutral,60.7,67.488,505.0,376875008.0,1503633735680.0,309064007680.0,0.03,-7.6,33.14,25.54,0.8,32.25,"[0.0, 100.0, 0.0, 68.95, 28.64]",14.181444,61.4,MED,"{""coverage"": 1.0, ""confluence"": 0.4, ""risk_clean"": 0.6666666666666666, ""regime_align"": 0.2721488304447946, ""liquidity"": 0.757847533632287, ""weights"": {""coverage"": 0.25, ""confluence"": 0.25, ""risk_clean"": 0.2, ""regime_align"": 0.2, ""liquidity"": 0.1}}",DK0062498333,NOVO-B.CO,NOVO-B.CO,Pharma & Gesundheit,393.95,0.46746295328659915,0.38611038522303515,0.42319673700217453,5832013.35,1488621407.5874999,287.65040855407716,-0.1126381454382187,bull,0.08186137489637324,bull,0.1510202079004126,2026-10-10,-0.22956682636581627,Healthcare,Drug Manufacturers - General,Denmark,DKK,2.140858837208204,-29.553226486099916,74.4511,stock,S13 Gesundheit,pillar,82.0,manual thematic assignment after stack redesign,"healthcare, pharma, medtech",VALID,YAHOO_PIT_CYCLE_V1,cycle_detrended_sma20_range40_v1,yfinance.download,1d_auto_adjust_true_close,NOVO-B.CO,DKK,WATCHLIST_DECLARED_ONLY,SESSION_DATE_CUTOFF_ONLY,2026-10-09,2026-10-10T09:05:09.890731+00:00,2026-10-10T09:05:25.910863+00:00,5cc49f5e47b8ef5f68fd46d57ed5522a2bfda9d6ef372134d6a83032652a5612,249.0,COMPLETED_DAILY_BARS,43.14,49.75,,bull,stock,,,,0.08186137489637324,NOVO-B.CO,NOVO-NORDISK,DK0062498333,NOVO-B.CO,NOVO-B.CO,Pharma & Gesundheit,Healthcare,Drug Manufacturers - General,Denmark,DKK,255.25,393.95,-29.553226486099916,17.59,0.0,61.4,Seitwärts,34.8,Zyklus-neutral,-0.22956682636581627,-0.1126381454382187,287.65040855407716,0.46746295328659915,0.38611038522303515,0.42319673700217453,5832013.35,1488621407.5874999,bull,0.08186137489637324,bull,0.1510202079004126,2026-10-10,False,True,False,OK,,,NOVO-B.CO,NOVO-B.CO,Drug Manufacturers - General,False,True
9888.HK,"Baidu, Inc. Class A",9888.HK,83.0,HKD,-37.827715355805246,17.52,,,,,,78.4356,,,,,,,,,,,,,,,,47.7,LOW,"{""coverage"": 1.0, ""confluence"": 0.0, ""risk_clean"": 0.6666666666666666, ""regime_align"": 0.11914717407990949, ""liquidity"": 0.6995515695067265, ""weights"": {""coverage"": 0.25, ""confluence"": 0.25, ""risk_clean"": 0.2, ""regime_align"": 0.2, ""liquidity"": 0.1}}",KYG070341048,9888.HK,9888.HK,,,0.46205331909404984,0.2879761954046639,0.48816198426243673,13533667.9,1123294435.7,116.5789998626709,-0.28803643797104694,bull,0.08186137489637324,bull,0.1510202079004126,2026-10-10,-0.3156648766385216,Communication Services,Internet Content & Information,China,HKD,1.0346907587741594,-37.827715355805246,78.4356,stock,S2 Gehirn,pillar,85.0,manual thematic assignment after stack redesign,"ai, semis, software",VALID,YAHOO_PIT_CYCLE_V1,cycle_detrended_sma20_range40_v1,yfinance.download,1d_auto_adjust_true_close,9888.HK,HKD,WATCHLIST_DECLARED_ONLY,SESSION_DATE_CUTOFF_ONLY,2026-10-09,2026-10-10T09:05:09.890731+00:00,2026-10-10T09:05:25.305828+00:00,7a3dc48c572daa266895734aa5db2418099e8bef8fe5b1dfe521e3dc043f2ecd,247.0,COMPLETED_DAILY_BARS,42.16,47.05,,bull,stock,,,,0.08186137489637324,9888.HK,"Baidu, Inc. Class A",KYG070341048,9888.HK,9888.HK,,Communication Services,Internet Content & Information,China,HKD,83.0,,-37.827715355805246,17.52,,47.7,,,,-0.3156648766385216,-0.28803643797104694,116.5789998626709,0.46205331909404984,0.2879761954046639,0.48816198426243673,13533667.9,1123294435.7,bull,0.08186137489637324,bull,0.1510202079004126,2026-10-10,False,True,False,OK,,,9888.HK,9888.HK,Internet Content & Information,False,True
VOW3.DE,Volkswagen AG Vz.,VOW3.DE,68.0,EUR,-20.289247964593095,17.18,0.0,Seitwärts,0.0,0.0,58.0,24.6953,Zyklus-neutral,3.58,130.129,630.0,-83611090944.0,262762414080.0,326045990912.0,-31.82,2.3,2.26,4.56,1.096,27.73,"[4.6, 7.16, 0.0, 42.85, 28.51]",4.8342667,48.6,LOW,"{""coverage"": 1.0, ""confluence"": 0.0, ""risk_clean"": 0.6666666666666666, ""regime_align"": 0.34809922029652973, ""liquidity"": 0.3318385650224216, ""weights"": {""coverage"": 0.25, ""confluence"": 0.25, ""risk_clean"": 0.2, ""regime_align"": 0.2, ""liquidity"": 0.1}}",DE0007664039,VOW3.DE,VOW3.DE,Andere 🌐,102.3,0.298776182685698,0.17540417777689166,0.3458252402010681,1429526.6,97207808.80000001,82.39629989624024,-0.17472022304847623,bull,0.08186137489637324,bull,0.1510202079004126,2026-10-10,-0.0921168525734154,Consumer Cyclical,Auto Manufacturers,Germany,EUR,2.102104441373087,-20.289247964593095,24.6953,stock,S15 Mobilität,pillar,80.0,manual thematic assignment after stack redesign,"mobility, autos, autonomy",VALID,YAHOO_PIT_CYCLE_V1,cycle_detrended_sma20_range40_v1,yfinance.download,1d_auto_adjust_true_close,VOW3.DE,EUR,WATCHLIST_DECLARED_ONLY,SESSION_DATE_CUTOFF_ONLY,2026-10-09,2026-10-10T09:05:09.890731+00:00,2026-10-10T09:05:25.983844+00:00,2c5ee312709e2c6abb9b3040755488c2334da35c78d8fe57e7b01105030c3a26,254.0,COMPLETED_DAILY_BARS,40.22,42.67,,bull,stock,,,,0.08186137489637324,VOW3.DE,Volkswagen AG Vz.,DE0007664039,VOW3.DE,VOW3.DE,Andere 🌐,Consumer Cyclical,Auto Manufacturers,Germany,EUR,68.0,102.3,-20.289247964593095,17.18,0.0,48.6,Seitwärts,58.0,Zyklus-neutral,-0.0921168525734154,-0.17472022304847623,82.39629989624024,0.298776182685698,0.17540417777689166,0.3458252402010681,1429526.6,97207808.80000001,bull,0.08186137489637324,bull,0.1510202079004126,2026-10-10,False,True,False,OK,,,VOW3.DE,VOW3.DE,Auto Manufacturers,False,True
FIGR,Figure Technology Solutions,FIGR,28.540000915527344,USD,-32.449701975083215,16.99,0.0,Seitwärts,0.0,0.0,56.2,17.6812,Zyklus-Tief,0.0,68.77,0.0,0.0,8038661632.0,382600000.0,0.0,54.8,32.46,87.26,2.261,53.12,"[100.0, 0.0, 0.0, 96.84, 34.69]",38.201473,45.1,LOW,"{""coverage"": 1.0, ""confluence"": 0.4, ""risk_clean"": 0.0, ""regime_align"": 0.32780875045449037, ""liquidity"": 0.358744394618834, ""weights"": {""coverage"": 0.25, ""confluence"": 0.25, ""risk_clean"": 0.2, ""regime_align"": 0.2, ""liquidity"": 0.1}}",US3493811034,FIGR,FIGR,Finanzen 🏦,,0.9394156825951967,0.5556969358525649,0.6629684939363297,4802960.0,137076482.7972412,36.17605000495911,-0.21108023370116402,bull,0.08186137489637324,bull,0.1510202079004126,2026-10-10,-0.08553450411319397,Financial Services,Capital Markets,United States,USD,3.4057989893678364,-32.449701975083215,17.6812,stock,S21 Finanzsystem,pillar,83.0,manual thematic assignment after stack redesign,"payments, exchanges, capital markets, crypto",VALID,YAHOO_PIT_CYCLE_V1,cycle_detrended_sma20_range40_v1,yfinance.download,1d_auto_adjust_true_close,FIGR,USD,WATCHLIST_DECLARED_ONLY,SESSION_DATE_CUTOFF_ONLY,2026-10-09,2026-10-10T09:05:09.890731+00:00,2026-10-10T09:05:26.074172+00:00,11b53ed916fb655375bd061f55ee743d1952bcfa50e1f82cdc1c24a9958b8c84,251.0,COMPLETED_DAILY_BARS,49.92,73.61,,bull,stock,,,,0.08186137489637324,FIGR,Figure Technology Solutions,US3493811034,FIGR,FIGR,Finanzen 🏦,Financial Services,Capital Markets,United States,USD,28.540000915527344,,-32.449701975083215,16.99,0.0,45.1,Seitwärts,56.2,Zyklus-Tief,-0.08553450411319397,-0.21108023370116402,36.17605000495911,0.9394156825951967,0.5556969358525649,0.6629684939363297,4802960.0,137076482.7972412,bull,0.08186137489637324,bull,0.1510202079004126,2026-10-10,False,True,False,OK,,,FIGR,FIGR,Capital Markets,False,True
SYM,Symbotic Inc.,SYM,42.630001068115234,USD,-33.139896188300064,16.57,,,,,,39.8831,,,,,,,,,,,,,,,,42.8,LOW,"{""coverage"": 1.0, ""confluence"": 0.0, ""risk_clean"": 0.3333333333333333, ""regime_align"": 0.4199793964367955, ""liquidity"": 0.27802690582959644, ""weights"": {""coverage"": 0.25, ""confluence"": 0.25, ""risk_clean"": 0.2, ""regime_align"": 0.2, ""liquidity"": 0.1}}",US87151X1019,SYM,SYM,,,0.8113209231718511,0.5187271644984085,0.5621993140361803,1641550.0,69979278.25336456,50.03787498474121,-0.14804533403716613,bull,0.08186137489637324,bull,0.1510202079004126,2026-10-10,-0.06172939519785803,Industrials,Specialty Industrial Machinery,United States,USD,1.3552060775399388,-33.139896188300064,39.8831,stock,S1 Hardware,pillar,85.0,manual thematic assignment after stack redesign,"robotics, automation, devices",VALID,YAHOO_PIT_CYCLE_V1,cycle_detrended_sma20_range40_v1,yfinance.download,1d_auto_adjust_true_close,SYM,USD,WATCHLIST_DECLARED_ONLY,SESSION_DATE_CUTOFF_ONLY,2026-10-09,2026-10-10T09:05:09.890731+00:00,2026-10-10T09:05:25.259421+00:00,d6b91327b840ce3357423110135c69eea0aa1ab2d11bfabef99ff320795667f1,251.0,COMPLETED_DAILY_BARS,47.75,68.88,,bull,stock,,,,0.08186137489637324,SYM,Symbotic Inc.,US87151X1019,SYM,SYM,,Industrials,Specialty Industrial Machinery,United States,USD,42.630001068115234,,-33.139896188300064,16.57,,42.8,,,,-0.06172939519785803,-0.14804533403716613,50.03787498474121,0.8113209231718511,0.5187271644984085,0.5621993140361803,1641550.0,69979278.25336456,bull,0.08186137489637324,bull,0.1510202079004126,2026-10-10,False,True,False,OK,,,SYM,SYM,Specialty Industrial Machinery,False,True
YCA.L,YELLOW CAKE PLC,YCA.L,542.5,GBp,-2.603231597845601,16.33,0.0,Seitwärts,0.0,0.0,58.0,31.5221,Zyklus-Tief,-0.45,100.0,0.0,-3478875.0,1350797696.0,5420000.0,-0.26,0.0,-153.91,-153.91,35.049,56.08,"[0.0, 0.0, 0.0, 91.83, 100.0]",-239.24458,54.8,MED,"{""coverage"": 1.0, ""confluence"": 0.0, ""risk_clean"": 0.6666666666666666, ""regime_align"": 0.509907889952733, ""liquidity"": 0.6278026905829597, ""weights"": {""coverage"": 0.25, ""confluence"": 0.25, ""risk_clean"": 0.2, ""regime_align"": 0.2, ""liquidity"": 0.1}}",JE00BF50RG45,YCA.L,YCA.L,Energie,679.0,0.32571829145548714,0.20253502280950803,0.2832409972299169,1375926.35,746440044.875,585.3675,-0.07323177320230445,bull,0.08186137489637324,bull,0.1510202079004126,2026-10-10,-0.010455266053864598,Energy,Uranium,Jersey,GBp,1.2126865671641784,-2.603231597845601,31.5221,stock,S3 Energie,pillar,82.0,manual thematic assignment after stack redesign,"energy, grid, electrification",VALID,YAHOO_PIT_CYCLE_V1,cycle_detrended_sma20_range40_v1,yfinance.download,1d_auto_adjust_true_close,YCA.L,GBp,WATCHLIST_DECLARED_ONLY,SESSION_DATE_CUTOFF_ONLY,2026-10-09,2026-10-10T09:05:09.890731+00:00,2026-10-10T09:05:25.585565+00:00,070cd486d14c335e8e3bb52f11ce250cd88d2e30529256b4278f142f384bc271,254.0,COMPLETED_DAILY_BARS,36.99,36.73,,bull,stock,,,,0.08186137489637324,YCA.L,YELLOW CAKE PLC,JE00BF50RG45,YCA.L,YCA.L,Energie,Energy,Uranium,Jersey,GBp,542.5,679.0,-2.603231597845601,16.33,0.0,54.8,Seitwärts,58.0,Zyklus-Tief,-0.010455266053864598,-0.07323177320230445,585.3675,0.32571829145548714,0.20253502280950803,0.2832409972299169,1375926.35,746440044.875,bull,0.08186137489637324,bull,0.1510202079004126,2026-10-10,False,True,False,OK,,,YCA.L,YCA.L,Uranium,False,True
NIO,NIO Inc.,NIO,3.5799999237060547,USD,-46.64679726746016,15.96,,,,,,100.0,,,,,,,,,,,,,,,,44.1,LOW,"{""coverage"": 1.0, ""confluence"": 0.0, ""risk_clean"": 0.6666666666666666, ""regime_align"": 0.11691512139942634, ""liquidity"": 0.34080717488789236, ""weights"": {""coverage"": 0.25, ""confluence"": 0.25, ""risk_clean"": 0.2, ""regime_align"": 0.2, ""liquidity"": 0.1}}",US62914V1061,NIO,NIO,Industrie/Auto 🚗,,0.505956586811695,0.2675789922544454,0.5458221225191293,30825630.0,110355753.04819107,5.015650001764297,-0.2862341027689812,bull,0.08186137489637324,bull,0.1510202079004126,2026-10-10,-0.32356722466660726,Consumer Cyclical,Auto Manufacturers,China,USD,4.985332363531403,-46.64679726746016,100.0,stock,S15 Mobilität,pillar,85.0,manual addition via ChatGPT,"mobility, autos, autonomy",VALID,YAHOO_PIT_CYCLE_V1,cycle_detrended_sma20_range40_v1,yfinance.download,1d_auto_adjust_true_close,NIO,USD,WATCHLIST_DECLARED_ONLY,SESSION_DATE_CUTOFF_ONLY,2026-10-09,2026-10-10T09:05:09.890731+00:00,2026-10-10T09:05:26.399683+00:00,c627da76ec331e92b0a3de3137d56e335e18db7f3282901a7b8acb578415ebc2,251.0,COMPLETED_DAILY_BARS,42.1,54.33,,bull,stock,,,,0.08186137489637324,NIO,NIO Inc.,US62914V1061,NIO,NIO,Industrie/Auto 🚗,Consumer Cyclical,Auto Manufacturers,China,USD,3.5799999237060547,,-46.64679726746016,15.96,,44.1,,,,-0.32356722466660726,-0.2862341027689812,5.015650001764297,0.505956586811695,0.2675789922544454,0.5458221225191293,30825630.0,110355753.04819107,bull,0.08186137489637324,bull,0.1510202079004126,2026-10-10,False,True,False,OK,,,NIO,NIO,Auto Manufacturers,False,True
MP,MP MATERIALS CORP.,MP,46.13999938964844,USD,-41.102882886743316,15.96,,,,,,26.9909,,,,,,,,,,,,,,,,42.2,LOW,"{""coverage"": 1.0, ""confluence"": 0.0, ""risk_clean"": 0.3333333333333333, ""regime_align"": 0.2920050094937987, ""liquidity"": 0.47085201793721976, ""weights"": {""coverage"": 0.25, ""confluence"": 0.25, ""risk_clean"": 0.2, ""regime_align"": 0.2, ""liquidity"": 0.1}}",US5533681012,MP,MP,Mining ⛏️,,0.7455889503798973,0.39902283578387265,0.6137861339604105,5158955.0,238034180.55122375,56.5577499961853,-0.18419669465704558,bull,0.08186137489637324,bull,0.1510202079004126,2026-10-10,-0.12969151887373076,Basic Materials,Other Industrial Metals & Mining,United States,USD,0.0,-41.102882886743316,26.9909,stock,S4 Fundament,pillar,85.0,manual thematic assignment after stack redesign,"materials, mining, metals",VALID,YAHOO_PIT_CYCLE_V1,cycle_detrended_sma20_range40_v1,yfinance.download,1d_auto_adjust_true_close,MP,USD,WATCHLIST_DECLARED_ONLY,SESSION_DATE_CUTOFF_ONLY,2026-10-09,2026-10-10T09:05:09.890731+00:00,2026-10-10T09:05:26.216399+00:00,523f8f448e410710a6123a9fb79979ed310a32e405e90d089c808b7b9fba0247,251.0,COMPLETED_DAILY_BARS,45.38,64.48,,bull,stock,,,,0.08186137489637324,MP,MP MATERIALS CORP.,US5533681012,MP,MP,Mining ⛏️,Basic Materials,Other Industrial Metals & Mining,United States,USD,46.13999938964844,,-41.102882886743316,15.96,,42.2,,,,-0.12969151887373076,-0.18419669465704558,56.5577499961853,0.7455889503798973,0.39902283578387265,0.6137861339604105,5158955.0,238034180.55122375,bull,0.08186137489637324,bull,0.1510202079004126,2026-10-10,False,True,False,OK,,,MP,MP,Other Industrial Metals & Mining,False,True
AXON,"Axon Enterprise, Inc.",AXON,422.8900146484375,USD,-39.847517598731216,15.95,,,,,,53.5552,,,,,,,,,,,,,,,,41.9,LOW,"{""coverage"": 1.0, ""confluence"": 0.0, ""risk_clean"": 0.3333333333333333, ""regime_align"": 0.2271744839009413, ""liquidity"": 0.5695067264573991, ""weights"": {""coverage"": 0.25, ""confluence"": 0.25, ""risk_clean"": 0.2, ""regime_align"": 0.2, ""liquidity"": 0.1}}",US05464C1018,AXON,AXON,,,0.6246781951910303,0.40945231940546095,0.5444801415130922,1166130.0,493144732.7819824,493.0313003540039,-0.1422653808291764,bull,0.08186137489637324,bull,0.1510202079004126,2026-10-10,-0.26539746002603126,Industrials,Aerospace & Defense,United States,USD,1.3371395659075302,-39.847517598731216,53.5552,stock,S20 Sicherheit & Verteidigung,pillar,85.0,manual addition via ChatGPT,"defense, aerospace, security",VALID,YAHOO_PIT_CYCLE_V1,cycle_detrended_sma20_range40_v1,yfinance.download,1d_auto_adjust_true_close,AXON,USD,WATCHLIST_DECLARED_ONLY,SESSION_DATE_CUTOFF_ONLY,2026-10-09,2026-10-10T09:05:09.890731+00:00,2026-10-10T09:05:26.348143+00:00,87e67ddc0983746753049badc04e02d9458ff061c19e10ed1a4e60dd953671bf,251.0,COMPLETED_DAILY_BARS,43.87,59.82,,bull,stock,,,,0.08186137489637324,AXON,"Axon Enterprise, Inc.",US05464C1018,AXON,AXON,,Industrials,Aerospace & Defense,United States,USD,422.8900146484375,,-39.847517598731216,15.95,,41.9,,,,-0.26539746002603126,-0.1422653808291764,493.0313003540039,0.6246781951910303,0.40945231940546095,0.5444801415130922,1166130.0,493144732.7819824,bull,0.08186137489637324,bull,0.1510202079004126,2026-10-10,False,True,False,OK,,,AXON,AXON,Aerospace & Defense,False,True
FISV,Fiserv Inc.,FISV,45.630001068115234,USD,-62.79050632789325,15.76,,,,,,60.0238,,,,,,,,,,,,,,,,42.8,LOW,"{""coverage"": 1.0, ""confluence"": 0.0, ""risk_clean"": 0.3333333333333333, ""regime_align"": 0.29646911485476507, ""liquidity"": 0.5201793721973094, ""weights"": {""coverage"": 0.25, ""confluence"": 0.25, ""risk_clean"": 0.2, ""regime_align"": 0.2, ""liquidity"": 0.1}}",US3377381088,FISV,FISV,Fintech,,0.5832957096312811,0.6603335374553746,0.6494389103097574,6879010.0,313889233.6475754,56.19155004501343,-0.18795617790286334,bull,0.08186137489637324,bull,0.1510202079004126,2026-10-10,-0.11706415084467114,Technology,Information Technology Services,United States,USD,-0.6747879143677693,-62.79050632789325,60.0238,stock,S21 Finanzsystem,pillar,85.0,manual addition via ChatGPT,"payments, exchanges, capital markets, crypto",VALID,YAHOO_PIT_CYCLE_V1,cycle_detrended_sma20_range40_v1,yfinance.download,1d_auto_adjust_true_close,FISV,USD,WATCHLIST_DECLARED_ONLY,SESSION_DATE_CUTOFF_ONLY,2026-10-09,2026-10-10T09:05:09.890731+00:00,2026-10-10T09:05:26.393724+00:00,941a2ce1d37b6d4ff29d1a12541778d8be330054dc37d6c8c51eef04056f26ad,250.0,COMPLETED_DAILY_BARS,45.49,65.75,,bull,stock,,,,0.08186137489637324,FISV,Fiserv Inc.,US3377381088,FISV,FISV,Fintech,Technology,Information Technology Services,United States,USD,45.630001068115234,,-62.79050632789325,15.76,,42.8,,,,-0.11706415084467114,-0.18795617790286334,56.19155004501343,0.5832957096312811,0.6603335374553746,0.6494389103097574,6879010.0,313889233.6475754,bull,0.08186137489637324,bull,0.1510202079004126,2026-10-10,False,True,False,OK,,,FISV,FISV,Information Technology Services,False,True
MC.PA,LVMH EO,MC.PA,380.0,EUR,-30.341593506312027,15.43,0.0,Seitwärts,0.0,0.0,40.1,67.6694,Zyklus-neutral,16.24,53.342,243.0,11704625152.0,291645456384.0,80807002112.0,4.01,-4.7,13.46,8.76,1.584,18.38,"[0.0, 32.48, 0.0, 53.38, 24.94]",20.029936,52.9,MED,"{""coverage"": 1.0, ""confluence"": 0.0, ""risk_clean"": 1.0, ""regime_align"": 0.17083787823698138, ""liquidity"": 0.452914798206278, ""weights"": {""coverage"": 0.25, ""confluence"": 0.25, ""risk_clean"": 0.2, ""regime_align"": 0.2, ""liquidity"": 0.1}}",FR0000121014,MC.PA,MC.PA,Konsum & Lifestyle,589.3,0.29602964913496577,0.18370728392117497,0.41002499289898797,613706.2,233208355.99999997,484.3586315917969,-0.21545735904165175,bull,0.08186137489637324,bull,0.1510202079004126,2026-10-10,-0.2513071200850726,Consumer Cyclical,Luxury Goods,France,EUR,-0.2362808902351854,-30.341593506312027,67.6694,stock,S12 Luxus & Marken,pillar,78.0,manual thematic assignment after stack redesign,"luxury, brands, premium consumption",VALID,YAHOO_PIT_CYCLE_V1,cycle_detrended_sma20_range40_v1,yfinance.download,1d_auto_adjust_true_close,MC.PA,EUR,WATCHLIST_DECLARED_ONLY,SESSION_DATE_CUTOFF_ONLY,2026-10-09,2026-10-10T09:05:09.890731+00:00,2026-10-10T09:05:25.841868+00:00,b10e44dd5538be5c9dbe14e0f8dc8f0c15f7b60c5b6d93043bf2d837f22cfebb,256.0,COMPLETED_DAILY_BARS,36.55,39.64,,bull,stock,,,,0.08186137489637324,MC.PA,LVMH EO,FR0000121014,MC.PA,MC.PA,Konsum & Lifestyle,Consumer Cyclical,Luxury Goods,France,EUR,380.0,589.3,-30.341593506312027,15.43,0.0,52.9,Seitwärts,40.1,Zyklus-neutral,-0.2513071200850726,-0.21545735904165175,484.3586315917969,0.29602964913496577,0.18370728392117497,0.41002499289898797,613706.2,233208355.99999997,bull,0.08186137489637324,bull,0.1510202079004126,2026-10-10,False,True,False,OK,,,MC.PA,MC.PA,Luxury Goods,False,True
RKLB,"Rocket Lab USA, Inc.",RKLB,68.20999908447266,USD,6.146898252303568,15.37,,,,,,47.3415,,,,,,,,,,,,,,,,44.4,LOW,"{""coverage"": 1.0, ""confluence"": 0.0, ""risk_clean"": 0.3333333333333333, ""regime_align"": 0.2584535207853593, ""liquidity"": 0.7533632286995515, ""weights"": {""coverage"": 0.25, ""confluence"": 0.25, ""risk_clean"": 0.2, ""regime_align"": 0.2, ""liquidity"": 0.1}}",US7731211089,RKLB,RKLB,,,0.9324537776965007,0.512766884762113,0.609931437524637,21512975.0,1467400005.0542831,81.60980009078979,-0.16419352812297094,bull,0.08186137489637324,bull,0.1510202079004126,2026-10-10,-0.17263871776264716,Industrials,Aerospace & Defense,United States,USD,-0.27778134088837225,6.146898252303568,47.3415,stock,S20 Sicherheit & Verteidigung,pillar,81.0,manual thematic assignment after stack redesign,"defense, aerospace, security",VALID,YAHOO_PIT_CYCLE_V1,cycle_detrended_sma20_range40_v1,yfinance.download,1d_auto_adjust_true_close,RKLB,USD,WATCHLIST_DECLARED_ONLY,SESSION_DATE_CUTOFF_ONLY,2026-10-09,2026-10-10T09:05:09.890731+00:00,2026-10-10T09:05:26.023352+00:00,b1411fa9ed91ce3935312f11411a0aa9a6c620b9da984f664b073f7626c9bba3,251.0,COMPLETED_DAILY_BARS,44.62,64.89,,bull,stock,,,,0.08186137489637324,RKLB,"Rocket Lab USA, Inc.",US7731211089,RKLB,RKLB,,Industrials,Aerospace & Defense,United States,USD,68.20999908447266,,6.146898252303568,15.37,,44.4,,,,-0.17263871776264716,-0.16419352812297094,81.60980009078979,0.9324537776965007,0.512766884762113,0.609931437524637,21512975.0,1467400005.0542831,bull,0.08186137489637324,bull,0.1510202079004126,2026-10-10,False,True,False,OK,,,RKLB,RKLB,Aerospace & Defense,False,True
AVAV,"AeroVironment, Inc.",AVAV,137.11000061035156,USD,-65.04881653271808,15.37,,,,,,23.8248,,,,,,,,,,,,,,,,41.7,LOW,"{""coverage"": 1.0, ""confluence"": 0.0, ""risk_clean"": 0.3333333333333333, ""regime_align"": 0.2872379105562962, ""liquidity"": 0.4260089686098655, ""weights"": {""coverage"": 0.25, ""confluence"": 0.25, ""risk_clean"": 0.2, ""regime_align"": 0.2, ""liquidity"": 0.1}}",US0080731088,AVAV,AVAV,,,0.7510132753760194,0.4798406395077651,0.6664958710831659,1569010.0,215126962.0576477,198.76279998779296,-0.31018278763042084,bull,0.08186137489637324,bull,0.1510202079004126,2026-10-10,-0.08246786400410933,Industrials,Aerospace & Defense,United States,USD,-0.3561086274919467,-65.04881653271808,23.8248,stock,S20 Sicherheit & Verteidigung,pillar,85.0,manual thematic assignment after stack redesign,"defense, aerospace, security",VALID,YAHOO_PIT_CYCLE_V1,cycle_detrended_sma20_range40_v1,yfinance.download,1d_auto_adjust_true_close,AVAV,USD,WATCHLIST_DECLARED_ONLY,SESSION_DATE_CUTOFF_ONLY,2026-10-09,2026-10-10T09:05:09.890731+00:00,2026-10-10T09:05:26.337286+00:00,cbd6fe2ecfb9174d28652222f7090866d752e6bf623126d6a3167431ddbd667e,251.0,COMPLETED_DAILY_BARS,45.6,67.96,,bull,stock,,,,0.08186137489637324,AVAV,"AeroVironment, Inc.",US0080731088,AVAV,AVAV,,Industrials,Aerospace & Defense,United States,USD,137.11000061035156,,-65.04881653271808,15.37,,41.7,,,,-0.08246786400410933,-0.31018278763042084,198.76279998779296,0.7510132753760194,0.4798406395077651,0.6664958710831659,1569010.0,215126962.0576477,bull,0.08186137489637324,bull,0.1510202079004126,2026-10-10,False,True,False,OK,,,AVAV,AVAV,Aerospace & Defense,False,True
NKE,NIKE INC. B,NKE,34.709999084472656,USD,-45.025370810662416,15.28,0.0,Seitwärts,0.0,0.0,45.6,87.5475,Zyklus-neutral,17.95,80.099,260.0,2576624896.0,96260366336.0,46513000448.0,2.68,0.6,5.43,6.03,2.063,83.37,"[1.2, 35.9, 0.0, 38.51, 21.93]",27.24181,42.9,LOW,"{""coverage"": 1.0, ""confluence"": 0.0, ""risk_clean"": 0.3333333333333333, ""regime_align"": 0.16627277501716964, ""liquidity"": 0.7892376681614349, ""weights"": {""coverage"": 0.25, ""confluence"": 0.25, ""risk_clean"": 0.2, ""regime_align"": 0.2, ""liquidity"": 0.1}}",US6541061031,NKE,NKE,Konsum & Lifestyle,63.42,0.3550540100456788,0.27703291172432726,0.4978938136912968,48270915.0,1675483415.4566574,47.205016040802,-0.26469680564305254,bull,0.08186137489637324,bull,0.1510202079004126,2026-10-10,-0.21970121482907268,Consumer Cyclical,Footwear & Accessories,United States,USD,-0.08636324854508493,-45.025370810662416,87.5475,stock,S12 Luxus & Marken,pillar,78.0,manual thematic assignment after stack redesign,"luxury, brands, premium consumption",VALID,YAHOO_PIT_CYCLE_V1,cycle_detrended_sma20_range40_v1,yfinance.download,1d_auto_adjust_true_close,NKE,USD,WATCHLIST_DECLARED_ONLY,SESSION_DATE_CUTOFF_ONLY,2026-10-09,2026-10-10T09:05:09.890731+00:00,2026-10-10T09:05:25.853626+00:00,eac19fd6ac697e78c575501908a272aefa249ee8f99a077647e380fff3a9fcf8,251.0,COMPLETED_DAILY_BARS,38.17,45.4,,bull,stock,,,,0.08186137489637324,NKE,NIKE INC. B,US6541061031,NKE,NKE,Konsum & Lifestyle,Consumer Cyclical,Footwear & Accessories,United States,USD,34.709999084472656,63.42,-45.025370810662416,15.28,0.0,42.9,Seitwärts,45.6,Zyklus-neutral,-0.21970121482907268,-0.26469680564305254,47.205016040802,0.3550540100456788,0.27703291172432726,0.4978938136912968,48270915.0,1675483415.4566574,bull,0.08186137489637324,bull,0.1510202079004126,2026-10-10,False,True,False,OK,,,NKE,NKE,Footwear & Accessories,False,True
IREN,IREN LIMITED,IREN,35.189998626708984,USD,-41.12431260298231,15.18,,,,,,0.0,,,,,,,,,,,,,,,,44.4,LOW,"{""coverage"": 1.0, ""confluence"": 0.0, ""risk_clean"": 0.3333333333333333, ""regime_align"": 0.26722013493313945, ""liquidity"": 0.7354260089686099, ""weights"": {""coverage"": 0.25, ""confluence"": 0.25, ""risk_clean"": 0.2, ""regime_align"": 0.2, ""liquidity"": 0.1}}",AU0000185993,IREN,IREN,Tech 💻,,1.0714313295055131,0.5529759252021513,0.6164114898416528,37481860.0,1318986601.9264984,45.59010004043579,-0.22812192569225598,bull,0.08186137489637324,bull,0.1510202079004126,2026-10-10,-0.1262438011411975,Financial Services,Capital Markets,Australia,USD,-1.4561760601942364,-41.12431260298231,0.0,stock,S2 Gehirn,pillar,85.0,manual thematic assignment after stack redesign,"ai, semis, software",VALID,YAHOO_PIT_CYCLE_V1,cycle_detrended_sma20_range40_v1,yfinance.download,1d_auto_adjust_true_close,IREN,USD,WATCHLIST_DECLARED_ONLY,SESSION_DATE_CUTOFF_ONLY,2026-10-09,2026-10-10T09:05:09.890731+00:00,2026-10-10T09:05:26.287369+00:00,ca5669c98dc753accc6b8d144ea088998a97b92a642c97512d2ba40ad5e3daba,251.0,COMPLETED_DAILY_BARS,45.02,67.04,,bull,stock,,,,0.08186137489637324,IREN,IREN LIMITED,AU0000185993,IREN,IREN,Tech 💻,Financial Services,Capital Markets,Australia,USD,35.189998626708984,,-41.12431260298231,15.18,,44.4,,,,-0.1262438011411975,-0.22812192569225598,45.59010004043579,1.0714313295055131,0.5529759252021513,0.6164114898416528,37481860.0,1318986601.9264984,bull,0.08186137489637324,bull,0.1510202079004126,2026-10-10,False,True,False,OK,,,IREN,IREN,Capital Markets,False,True
XPEV,XPeng Inc.,XPEV,9.899999618530273,USD,-52.90200093752263,14.52,,,,,,91.6667,,,,,,,,,,,,,,,,43.0,LOW,"{""coverage"": 1.0, ""confluence"": 0.0, ""risk_clean"": 0.6666666666666666, ""regime_align"": 0.10108875691835334, ""liquidity"": 0.2645739910313901, ""weights"": {""coverage"": 0.25, ""confluence"": 0.25, ""risk_clean"": 0.2, ""regime_align"": 0.2, ""liquidity"": 0.1}}",US98422D1054,XPEV,XPEV,Industrie/Auto 🚗,,0.5277039911475402,0.30870441050873015,0.6704666868341437,6501195.0,64361828.01999092,15.304549984931946,-0.35313356954126107,bull,0.08186137489637324,bull,0.1510202079004126,2026-10-10,-0.2971200805152703,Consumer Cyclical,Auto Manufacturers,China,USD,3.664915401100921,-52.90200093752263,91.6667,stock,S15 Mobilität,pillar,85.0,manual addition via ChatGPT,"mobility, autos, autonomy",VALID,YAHOO_PIT_CYCLE_V1,cycle_detrended_sma20_range40_v1,yfinance.download,1d_auto_adjust_true_close,XPEV,USD,WATCHLIST_DECLARED_ONLY,SESSION_DATE_CUTOFF_ONLY,2026-10-09,2026-10-10T09:05:09.890731+00:00,2026-10-10T09:05:26.405063+00:00,61a1bba93fe49208f8dda3b72d67f8270f7842d6cdb2d6ee1aad24716d0834cc,251.0,COMPLETED_DAILY_BARS,41.93,60.65,,bull,stock,,,,0.08186137489637324,XPEV,XPeng Inc.,US98422D1054,XPEV,XPEV,Industrie/Auto 🚗,Consumer Cyclical,Auto Manufacturers,China,USD,9.899999618530273,,-52.90200093752263,14.52,,43.0,,,,-0.2971200805152703,-0.35313356954126107,15.304549984931946,0.5277039911475402,0.30870441050873015,0.6704666868341437,6501195.0,64361828.01999092,bull,0.08186137489637324,bull,0.1510202079004126,2026-10-10,False,True,False,OK,,,XPEV,XPEV,Auto Manufacturers,False,True
ENR.DE,SIEMENS ENERGY,ENR.DE,145.36000061035156,EUR,33.01127863955966,14.5,0.0,Seitwärts,0.0,0.0,62.5,70.1688,Zyklus-Hoch,0.0,72.403,752.0,0.0,1.0,28795244.0,0.0,0.0,-80.39,-80.39,0.247,14.27,"[0.0, 0.0, 0.0, 13.54, 25.0]",,52.4,MED,"{""coverage"": 1.0, ""confluence"": 0.0, ""risk_clean"": 0.6666666666666666, ""regime_align"": 0.46297418494727915, ""liquidity"": 0.4843049327354261, ""weights"": {""coverage"": 0.25, ""confluence"": 0.25, ""risk_clean"": 0.2, ""regime_align"": 0.2, ""liquidity"": 0.1}}",DE000ENER6Y0,ENR.DE,ENR.DE,Energie,142.2,0.5026840301721341,0.32449397983760997,0.29293248526496385,1855209.7,269673283.1243301,153.91928146362304,-0.055608892998206705,bull,0.08186137489637324,bull,0.1510202079004126,2026-10-10,-0.09497682812331854,Industrials,Specialty Industrial Machinery,Germany,EUR,2.007017972176528,33.01127863955966,70.1688,stock,S3 Energie,pillar,82.0,manual thematic assignment after stack redesign,"energy, grid, electrification",VALID,YAHOO_PIT_CYCLE_V1,cycle_detrended_sma20_range40_v1,yfinance.download,1d_auto_adjust_true_close,ENR.DE,EUR,WATCHLIST_DECLARED_ONLY,SESSION_DATE_CUTOFF_ONLY,2026-10-09,2026-10-10T09:05:09.890731+00:00,2026-10-10T09:05:25.505324+00:00,beba734b3b26a37d217122e70591bd497fcf6e8198d961437be48b0ba37ffb5d,254.0,COMPLETED_DAILY_BARS,37.84,48.06,,bull,stock,,,,0.08186137489637324,ENR.DE,SIEMENS ENERGY,DE000ENER6Y0,ENR.DE,ENR.DE,Energie,Industrials,Specialty Industrial Machinery,Germany,EUR,145.36000061035156,142.2,33.01127863955966,14.5,0.0,52.4,Seitwärts,62.5,Zyklus-Hoch,-0.09497682812331854,-0.055608892998206705,153.91928146362304,0.5026840301721341,0.32449397983760997,0.29293248526496385,1855209.7,269673283.1243301,bull,0.08186137489637324,bull,0.1510202079004126,2026-10-10,False,True,False,OK,,,ENR.DE,ENR.DE,Specialty Industrial Machinery,False,True
FME.DE,FRESEN.MED.CARE,FME.DE,37.5,EUR,-17.392936400275193,14.27,0.0,Seitwärts,0.0,0.0,60.1,21.7803,Zyklus-Hoch,0.0,72.403,749.0,0.0,1.0,28795244.0,0.0,0.0,-80.39,-80.39,0.247,14.23,"[0.0, 0.0, 0.0, 6.36, 25.0]",0.0,48.3,LOW,"{""coverage"": 1.0, ""confluence"": 0.0, ""risk_clean"": 0.6666666666666666, ""regime_align"": 0.41374782854603487, ""liquidity"": 0.17040358744394624, ""weights"": {""coverage"": 0.25, ""confluence"": 0.25, ""risk_clean"": 0.2, ""regime_align"": 0.2, ""liquidity"": 0.1}}",DE0005785802,FME.DE,FME.DE,Pharma & Gesundheit,37.13,0.2926401467583462,0.2836412581054541,0.26920641887056695,899480.1,33730503.75,38.856162033081056,-0.03490210978445207,bull,0.08186137489637324,bull,0.1510202079004126,2026-10-10,-0.15370410464114348,Healthcare,Medical Care Facilities,Germany,EUR,2.1241796115657685,-17.392936400275193,21.7803,stock,S13 Gesundheit,pillar,82.0,manual thematic assignment after stack redesign,"healthcare, pharma, medtech",VALID,YAHOO_PIT_CYCLE_V1,cycle_detrended_sma20_range40_v1,yfinance.download,1d_auto_adjust_true_close,FME.DE,EUR,WATCHLIST_DECLARED_ONLY,SESSION_DATE_CUTOFF_ONLY,2026-10-09,2026-10-10T09:05:09.890731+00:00,2026-10-10T09:05:25.888061+00:00,c1711c2c177a892802a132b5aa2fea8f4a060c5c1463db982565744e24036f81,254.0,COMPLETED_DAILY_BARS,35.69,42.54,,bull,stock,,,,0.08186137489637324,FME.DE,FRESEN.MED.CARE,DE0005785802,FME.DE,FME.DE,Pharma & Gesundheit,Healthcare,Medical Care Facilities,Germany,EUR,37.5,37.13,-17.392936400275193,14.27,0.0,48.3,Seitwärts,60.1,Zyklus-Hoch,-0.15370410464114348,-0.03490210978445207,38.856162033081056,0.2926401467583462,0.2836412581054541,0.26920641887056695,899480.1,33730503.75,bull,0.08186137489637324,bull,0.1510202079004126,2026-10-10,False,True,False,OK,,,FME.DE,FME.DE,Medical Care Facilities,False,True
CPB,CAMPBELLS CO.,CPB,19.209999084472656,USD,-32.74615938341794,14.22,0.0,Seitwärts,0.0,0.0,40.1,46.0061,Zyklus-Hoch,14.82,184.567,535.0,630499968.0,15831613440.0,10158000128.0,3.98,-3.4,5.69,2.29,0.819,65.77,"[0.0, 29.64, 0.0, 0.0, 23.49]",11.27821,48.0,LOW,"{""coverage"": 1.0, ""confluence"": 0.0, ""risk_clean"": 0.6666666666666666, ""regime_align"": 0.30341776754332805, ""liquidity"": 0.36322869955156944, ""weights"": {""coverage"": 0.25, ""confluence"": 0.25, ""risk_clean"": 0.2, ""regime_align"": 0.2, ""liquidity"": 0.1}}",US1344291091,CPB,CPB,Konsum & Lifestyle,27.25,0.3182538061370601,0.23111275276230328,0.3648572130345169,7669940.0,147339540.3779602,22.27950566291809,-0.1377726519109581,bull,0.08186137489637324,bull,0.1510202079004126,2026-10-10,-0.15780888706806162,Consumer Defensive,Packaged Foods,United States,USD,-0.8260286413445228,-32.74615938341794,46.0061,stock,S11 Konsum,pillar,80.0,manual thematic assignment after stack redesign,"consumer staples, food, household",VALID,YAHOO_PIT_CYCLE_V1,cycle_detrended_sma20_range40_v1,yfinance.download,1d_auto_adjust_true_close,CPB,USD,WATCHLIST_DECLARED_ONLY,SESSION_DATE_CUTOFF_ONLY,2026-10-09,2026-10-10T09:05:09.890731+00:00,2026-10-10T09:05:25.795915+00:00,af0a8aa2aeb55441f9a3957d90c7024e59e3358533ec11b6eac77c86a97956db,251.0,COMPLETED_DAILY_BARS,36.75,46.04,,bull,stock,,,,0.08186137489637324,CPB,CAMPBELLS CO.,US1344291091,CPB,CPB,Konsum & Lifestyle,Consumer Defensive,Packaged Foods,United States,USD,19.209999084472656,27.25,-32.74615938341794,14.22,0.0,48.0,Seitwärts,40.1,Zyklus-Hoch,-0.15780888706806162,-0.1377726519109581,22.27950566291809,0.3182538061370601,0.23111275276230328,0.3648572130345169,7669940.0,147339540.3779602,bull,0.08186137489637324,bull,0.1510202079004126,2026-10-10,False,True,False,OK,,,CPB,CPB,Packaged Foods,False,True
AMKR,"Amkor Technology, Inc.",AMKR,49.119998931884766,USD,75.02611660507716,14.06,,,,,,33.5695,,,,,,,,,,,,,,,,39.5,LOW,"{""coverage"": 1.0, ""confluence"": 0.0, ""risk_clean"": 0.3333333333333333, ""regime_align"": 0.19128994465317334, ""liquidity"": 0.4035874439461884, ""weights"": {""coverage"": 0.25, ""confluence"": 0.25, ""risk_clean"": 0.2, ""regime_align"": 0.2, ""liquidity"": 0.1}}",US0316521006,AMKR,AMKR,,,0.7860433673881998,0.5456253985827129,0.543238922412152,3761800.0,184779611.9819641,57.426485557556155,-0.14464556806886864,bull,0.08186137489637324,bull,0.1510202079004126,2026-10-10,-0.33713523161256387,Technology,Semiconductor Equipment & Materials,United States,USD,-3.6862766041475203,75.02611660507716,33.5695,stock,S2 Gehirn,pillar,85.0,manual thematic assignment after stack redesign,"ai, semis, software",VALID,YAHOO_PIT_CYCLE_V1,cycle_detrended_sma20_range40_v1,yfinance.download,1d_auto_adjust_true_close,AMKR,USD,WATCHLIST_DECLARED_ONLY,SESSION_DATE_CUTOFF_ONLY,2026-10-09,2026-10-10T09:05:09.890731+00:00,2026-10-10T09:05:25.323767+00:00,b77ceeb62b86aaa52b24d6094ffd58f8a25290da1d4ea9d0429e8d15ea14f59d,251.0,COMPLETED_DAILY_BARS,43.16,66.64,,bull,stock,,,,0.08186137489637324,AMKR,"Amkor Technology, Inc.",US0316521006,AMKR,AMKR,,Technology,Semiconductor Equipment & Materials,United States,USD,49.119998931884766,,75.02611660507716,14.06,,39.5,,,,-0.33713523161256387,-0.14464556806886864,57.426485557556155,0.7860433673881998,0.5456253985827129,0.543238922412152,3761800.0,184779611.9819641,bull,0.08186137489637324,bull,0.1510202079004126,2026-10-10,False,True,False,OK,,,AMKR,AMKR,Semiconductor Equipment & Materials,False,True
APLD,Applied Digital,APLD,23.68000030517578,USD,-30.332453263227,13.63,0.0,Seitwärts,0.0,0.0,66.8,36.2059,Zyklus-neutral,-7.9,125.912,0.0,-1606530304.0,11793511424.0,263986000.0,-13.62,250.1,-47.35,202.75,4.823,67.1,"[100.0, 0.0, 0.0, 49.06, 56.34]",-41.865925,39.5,LOW,"{""coverage"": 1.0, ""confluence"": 0.2, ""risk_clean"": 0.0, ""regime_align"": 0.1864622470003636, ""liquidity"": 0.5739910313901345, ""weights"": {""coverage"": 0.25, ""confluence"": 0.25, ""risk_clean"": 0.2, ""regime_align"": 0.2, ""liquidity"": 0.1}}",US0381692070,APLD,APLD,Tech 💻,,1.0172440395266245,0.5494597465075383,0.532326312190512,21613875.0,511816566.5960312,32.08995002746582,-0.26207425424757447,bull,0.08186137489637324,bull,0.1510202079004126,2026-10-10,-0.20638528213326635,Technology,Information Technology Services,United States,USD,-0.7127885684481083,-30.332453263227,36.2059,stock,S2 Gehirn,pillar,85.0,manual thematic assignment after stack redesign,"ai, semis, software",VALID,YAHOO_PIT_CYCLE_V1,cycle_detrended_sma20_range40_v1,yfinance.download,1d_auto_adjust_true_close,APLD,USD,WATCHLIST_DECLARED_ONLY,SESSION_DATE_CUTOFF_ONLY,2026-10-09,2026-10-10T09:05:09.890731+00:00,2026-10-10T09:05:25.334963+00:00,e1901cd4cda0271075660ccc040f365542706a94ae17c3ba1fc0c39e400e3da3,251.0,COMPLETED_DAILY_BARS,43.65,70.21,,bull,stock,,,,0.08186137489637324,APLD,Applied Digital,US0381692070,APLD,APLD,Tech 💻,Technology,Information Technology Services,United States,USD,23.68000030517578,,-30.332453263227,13.63,0.0,39.5,Seitwärts,66.8,Zyklus-neutral,-0.20638528213326635,-0.26207425424757447,32.08995002746582,1.0172440395266245,0.5494597465075383,0.532326312190512,21613875.0,511816566.5960312,bull,0.08186137489637324,bull,0.1510202079004126,2026-10-10,False,True,False,OK,,,APLD,APLD,Information Technology Services,False,True
TTD,"THE TRADE DESK, INC.",TTD,12.079999923706055,USD,-76.92895381418722,13.26,,,,,,51.2575,,,,,,,,,,,,,,,,44.2,LOW,"{""coverage"": 1.0, ""confluence"": 0.0, ""risk_clean"": 0.6666666666666666, ""regime_align"": 0.03820749000121197, ""liquidity"": 0.5112107623318386, ""weights"": {""coverage"": 0.25, ""confluence"": 0.25, ""risk_clean"": 0.2, ""regime_align"": 0.2, ""liquidity"": 0.1}}",US88339J1051,TTD,TTD,Medien & Digitales 📱,,0.5611846628685254,0.39352922549568503,0.7797893988345899,25868320.0,312489303.6264038,21.973925089836122,-0.45025752684969467,bull,0.08186137489637324,bull,0.1510202079004126,2026-10-10,-0.4003344668039871,Communication Services,Advertising Agencies,United States,USD,-2.1069710345774206,-76.92895381418722,51.2575,stock,S2 Gehirn,pillar,85.0,manual thematic assignment after stack redesign,"ai, semis, software",VALID,YAHOO_PIT_CYCLE_V1,cycle_detrended_sma20_range40_v1,yfinance.download,1d_auto_adjust_true_close,TTD,USD,WATCHLIST_DECLARED_ONLY,SESSION_DATE_CUTOFF_ONLY,2026-10-09,2026-10-10T09:05:09.890731+00:00,2026-10-10T09:05:26.309045+00:00,1421c5a28e2cc933d2a5425794c1b04cfebaf0211fceb77dd845dd62c043b3eb,251.0,COMPLETED_DAILY_BARS,40.79,63.09,,bull,stock,,,,0.08186137489637324,TTD,"THE TRADE DESK, INC.",US88339J1051,TTD,TTD,Medien & Digitales 📱,Communication Services,Advertising Agencies,United States,USD,12.079999923706055,,-76.92895381418722,13.26,,44.2,,,,-0.4003344668039871,-0.45025752684969467,21.973925089836122,0.5611846628685254,0.39352922549568503,0.7797893988345899,25868320.0,312489303.6264038,bull,0.08186137489637324,bull,0.1510202079004126,2026-10-10,False,True,False,OK,,,TTD,TTD,Advertising Agencies,False,True
APP,APPLOVIN CORPORATION,APP,277.0400085449219,USD,-51.38710954326397,13.11,,,,,,44.3217,,,,,,,,,,,,,,,,40.2,LOW,"{""coverage"": 1.0, ""confluence"": 0.0, ""risk_clean"": 0.3333333333333333, ""regime_align"": 0.04272209429160102, ""liquidity"": 0.7668161434977578, ""weights"": {""coverage"": 0.25, ""confluence"": 0.25, ""risk_clean"": 0.2, ""regime_align"": 0.2, ""liquidity"": 0.1}}",US03831W1080,APP,APP,Medien & Digitales 📱,,0.7188763960665749,0.562452825216933,0.6343783940198857,5487020.0,1520124067.6861572,445.79330078125,-0.3785460480015941,bull,0.08186137489637324,bull,0.1510202079004126,2026-10-10,-0.42109495572805455,Communication Services,Advertising Agencies,United States,USD,-1.0995239989837646,-51.38710954326397,44.3217,stock,S2 Gehirn,pillar,85.0,manual thematic assignment after stack redesign,"ai, semis, software",VALID,YAHOO_PIT_CYCLE_V1,cycle_detrended_sma20_range40_v1,yfinance.download,1d_auto_adjust_true_close,APP,USD,WATCHLIST_DECLARED_ONLY,SESSION_DATE_CUTOFF_ONLY,2026-10-09,2026-10-10T09:05:09.890731+00:00,2026-10-10T09:05:26.270996+00:00,b1dec294f96e3bc23f7d5c8618e316356725ca66654076e32319dd07f4cafb76,251.0,COMPLETED_DAILY_BARS,40.84,64.01,,bull,stock,,,,0.08186137489637324,APP,APPLOVIN CORPORATION,US03831W1080,APP,APP,Medien & Digitales 📱,Communication Services,Advertising Agencies,United States,USD,277.0400085449219,,-51.38710954326397,13.11,,40.2,,,,-0.42109495572805455,-0.3785460480015941,445.79330078125,0.7188763960665749,0.562452825216933,0.6343783940198857,5487020.0,1520124067.6861572,bull,0.08186137489637324,bull,0.1510202079004126,2026-10-10,False,True,False,OK,,,APP,APP,Advertising Agencies,False,True
BIDU,BAIDU INC,BIDU,85.33000183105469,USD,-29.879201151186518,13.09,0.0,Seitwärts,0.0,0.0,65.8,74.872,Zyklus-neutral,3.08,33.81,0.0,21750999040.0,396094570496.0,130462998528.0,5.49,-7.1,6.9,-0.2,1.907,23.06,"[0.0, 6.16, 0.0, 73.98, 26.0]",17.818422,52.0,MED,"{""coverage"": 1.0, ""confluence"": 0.0, ""risk_clean"": 1.0, ""regime_align"": 0.14383105078172342, ""liquidity"": 0.40807174887892383, ""weights"": {""coverage"": 0.25, ""confluence"": 0.25, ""risk_clean"": 0.2, ""regime_align"": 0.2, ""liquidity"": 0.1}}",US0567521085,BIDU,BIDU,Tech 💻,158.08,0.4787972036847748,0.3044816625286621,0.4836328084987285,2270975.0,193782300.90827942,118.92555015563966,-0.28249226747841794,bull,0.08186137489637324,bull,0.1510202079004126,2026-10-10,-0.26050202650475507,Communication Services,Internet Content & Information,China,USD,1.6801759924622406,-29.879201151186518,74.872,stock,S2 Gehirn,pillar,85.0,manual thematic assignment after stack redesign,"ai, semis, software",VALID,YAHOO_PIT_CYCLE_V1,cycle_detrended_sma20_range40_v1,yfinance.download,1d_auto_adjust_true_close,BIDU,USD,WATCHLIST_DECLARED_ONLY,SESSION_DATE_CUTOFF_ONLY,2026-10-09,2026-10-10T09:05:09.890731+00:00,2026-10-10T09:05:25.351940+00:00,a33aac2e865346b37ebf7bf29ba12d5201304c80838fa07d45a0a19fb15c39b0,251.0,COMPLETED_DAILY_BARS,36.35,50.17,,bull,stock,,,,0.08186137489637324,BIDU,BAIDU INC,US0567521085,BIDU,BIDU,Tech 💻,Communication Services,Internet Content & Information,China,USD,85.33000183105469,158.08,-29.879201151186518,13.09,0.0,52.0,Seitwärts,65.8,Zyklus-neutral,-0.26050202650475507,-0.28249226747841794,118.92555015563966,0.4787972036847748,0.3044816625286621,0.4836328084987285,2270975.0,193782300.90827942,bull,0.08186137489637324,bull,0.1510202079004126,2026-10-10,False,True,False,OK,,,BIDU,BIDU,Internet Content & Information,False,True
9880.HK,UBTECH ROBOT.CORP.,9880.HK,71.75,HKD,-47.780201464888236,12.85,0.0,Seitwärts,0.0,0.0,62.0,18.3448,Zyklus-Tief,-48.53,57.216,0.0,-506247008.0,56993132544.0,1439591936.0,-0.89,27.6,-70.91,-43.31,1.495,16.68,"[55.2, 0.0, 0.0, 85.56, 72.86]",-73.768105,44.8,LOW,"{""coverage"": 1.0, ""confluence"": 0.2, ""risk_clean"": 0.3333333333333333, ""regime_align"": 0.17514038702379509, ""liquidity"": 0.4618834080717489, ""weights"": {""coverage"": 0.25, ""confluence"": 0.25, ""risk_clean"": 0.2, ""regime_align"": 0.2, ""liquidity"": 0.1}}",CNE100006CQ4,9880.HK,9880.HK,Hardware 💻,141.1,0.6162777052387655,0.3441806783402552,0.5227586417362609,3269006.9,234551245.075,103.73499996185302,-0.30833373474348114,bull,0.08186137489637324,bull,0.1510202079004126,2026-10-10,-0.17580113838531075,Industrials,Specialty Industrial Machinery,China,HKD,3.684975670829971,-47.780201464888236,18.3448,stock,S1 Hardware,pillar,85.0,manual thematic assignment after stack redesign,"robotics, automation, devices",VALID,YAHOO_PIT_CYCLE_V1,cycle_detrended_sma20_range40_v1,yfinance.download,1d_auto_adjust_true_close,9880.HK,HKD,WATCHLIST_DECLARED_ONLY,SESSION_DATE_CUTOFF_ONLY,2026-10-09,2026-10-10T09:05:09.890731+00:00,2026-10-10T09:05:25.188792+00:00,272684bba645bc3bd2eb81ecac4bdfeb6c7091e56672b318250d0373682b957a,247.0,COMPLETED_DAILY_BARS,38.75,58.73,,bull,stock,,,,0.08186137489637324,9880.HK,UBTECH ROBOT.CORP.,CNE100006CQ4,9880.HK,9880.HK,Hardware 💻,Industrials,Specialty Industrial Machinery,China,HKD,71.75,141.1,-47.780201464888236,12.85,0.0,44.8,Seitwärts,62.0,Zyklus-Tief,-0.17580113838531075,-0.30833373474348114,103.73499996185302,0.6162777052387655,0.3441806783402552,0.5227586417362609,3269006.9,234551245.075,bull,0.08186137489637324,bull,0.1510202079004126,2026-10-10,False,True,False,OK,,,9880.HK,9880.HK,Specialty Industrial Machinery,False,True
KLAR,KLARNA GROUP PLC,KLAR,14.0600004196167,USD,-63.75354450175177,12.84,,,,,,87.79,,,,,,,,,,,,,,,,37.6,LOW,"{""coverage"": 1.0, ""confluence"": 0.0, ""risk_clean"": 0.3333333333333333, ""regime_align"": 0.15068880539732557, ""liquidity"": 0.29147982062780264, ""weights"": {""coverage"": 0.25, ""confluence"": 0.25, ""risk_clean"": 0.2, ""regime_align"": 0.2, ""liquidity"": 0.1}}",GB00BMHVL512,KLAR,KLAR,Fintech,,0.693631571150785,0.5641171835742657,0.6911653511417832,5403310.0,75970540.8673191,17.61525004386902,-0.2018279397339422,bull,0.08186137489637324,bull,0.1510202079004126,2026-10-10,-0.3218873462982339,Financial Services,Credit Services,United Kingdom,USD,4.457655124585935,-63.75354450175177,87.79,stock,S21 Finanzsystem,pillar,85.0,manual thematic assignment after stack redesign,"payments, exchanges, capital markets, crypto",VALID,YAHOO_PIT_CYCLE_V1,cycle_detrended_sma20_range40_v1,yfinance.download,1d_auto_adjust_true_close,KLAR,USD,WATCHLIST_DECLARED_ONLY,SESSION_DATE_CUTOFF_ONLY,2026-10-09,2026-10-10T09:05:09.890731+00:00,2026-10-10T09:05:26.276475+00:00,5e04515000190b0b0ff364e67722a95acaf4d37eb815107fdfea83a7809519be,251.0,COMPLETED_DAILY_BARS,42.62,70.78,,bull,stock,,,,0.08186137489637324,KLAR,KLARNA GROUP PLC,GB00BMHVL512,KLAR,KLAR,Fintech,Financial Services,Credit Services,United Kingdom,USD,14.0600004196167,,-63.75354450175177,12.84,,37.6,,,,-0.3218873462982339,-0.2018279397339422,17.61525004386902,0.693631571150785,0.5641171835742657,0.6911653511417832,5403310.0,75970540.8673191,bull,0.08186137489637324,bull,0.1510202079004126,2026-10-10,False,True,False,OK,,,KLAR,KLAR,Credit Services,False,True
TTAN,ServiceTitan,TTAN,72.58999633789062,USD,-26.379312919621544,12.61,0.0,Seitwärts,0.0,0.0,38.4,96.8815,Zyklus-neutral,-16.86,10.505,0.0,124609000.0,5720048128.0,916259008.0,2.18,25.0,-23.91,1.09,4.139,95.05,"[50.0, 0.0, 0.0, 73.56, 48.95]",58.844948,50.1,MED,"{""coverage"": 1.0, ""confluence"": 0.2, ""risk_clean"": 0.3333333333333333, ""regime_align"": 0.4519351189754777, ""liquidity"": 0.4394618834080717, ""weights"": {""coverage"": 0.25, ""confluence"": 0.25, ""risk_clean"": 0.2, ""regime_align"": 0.2, ""liquidity"": 0.1}}",US81764X1037,TTAN,TTAN,Tech 💻,,0.647431114110232,0.5157649976966152,0.5082041410509157,3038640.0,220574866.47216797,74.22812482833862,-0.0220688383848624,bull,0.08186137489637324,bull,0.1510202079004126,2026-10-10,-0.1317826891274474,Technology,Software - Application,United States,USD,-0.466205904103123,-26.379312919621544,96.8815,stock,S2 Gehirn,pillar,85.0,manual thematic assignment after stack redesign,"ai, semis, software",VALID,YAHOO_PIT_CYCLE_V1,cycle_detrended_sma20_range40_v1,yfinance.download,1d_auto_adjust_true_close,TTAN,USD,WATCHLIST_DECLARED_ONLY,SESSION_DATE_CUTOFF_ONLY,2026-10-09,2026-10-10T09:05:09.890731+00:00,2026-10-10T09:05:25.464867+00:00,5b4f7a83d45fa264b2af85f9e6b37abc447e2fa2a624d0d5a5c30b9924b6adea,251.0,COMPLETED_DAILY_BARS,38.32,58.55,,bull,stock,,,,0.08186137489637324,TTAN,ServiceTitan,US81764X1037,TTAN,TTAN,Tech 💻,Technology,Software - Application,United States,USD,72.58999633789062,,-26.379312919621544,12.61,0.0,50.1,Seitwärts,38.4,Zyklus-neutral,-0.1317826891274474,-0.0220688383848624,74.22812482833862,0.647431114110232,0.5157649976966152,0.5082041410509157,3038640.0,220574866.47216797,bull,0.08186137489637324,bull,0.1510202079004126,2026-10-10,False,True,False,OK,,,TTAN,TTAN,Software - Application,False,True
ASTS,"AST SpaceMobile, Inc.",ASTS,50.96500015258789,USD,-37.8702902462426,12.59,,,,,,9.4956,,,,,,,,,,,,,,,,39.7,LOW,"{""coverage"": 1.0, ""confluence"": 0.0, ""risk_clean"": 0.3333333333333333, ""regime_align"": 0.08758534319072436, ""liquidity"": 0.6233183856502242, ""weights"": {""coverage"": 0.25, ""confluence"": 0.25, ""risk_clean"": 0.2, ""regime_align"": 0.2, ""liquidity"": 0.1}}",US00217D1000,ASTS,ASTS,,,1.0823614637661387,0.5991743084113831,0.6170636294616969,13505625.0,688314180.1857948,80.75039991378785,-0.3688576130025357,bull,0.08186137489637324,bull,0.1510202079004126,2026-10-10,-0.2975829583751859,Technology,Communication Equipment,United States,USD,-10.47777994135297,-37.8702902462426,9.4956,stock,S14 Kommunikations- & Alltagsinfrastruktur,pillar,76.0,manual thematic assignment after stack redesign,"connectivity, telecom, civic infrastructure",VALID,YAHOO_PIT_CYCLE_V1,cycle_detrended_sma20_range40_v1,yfinance.download,1d_auto_adjust_true_close,ASTS,USD,WATCHLIST_DECLARED_ONLY,SESSION_DATE_CUTOFF_ONLY,2026-10-09,2026-10-10T09:05:09.890731+00:00,2026-10-10T09:05:25.943990+00:00,fc4168f4742d447c4d2b4821855a32ea0a6a7f21bb520cd502171718cc2d0ee7,251.0,COMPLETED_DAILY_BARS,41.72,69.2,,bull,stock,,,,0.08186137489637324,ASTS,"AST SpaceMobile, Inc.",US00217D1000,ASTS,ASTS,,Technology,Communication Equipment,United States,USD,50.96500015258789,,-37.8702902462426,12.59,,39.7,,,,-0.2975829583751859,-0.3688576130025357,80.75039991378785,1.0823614637661387,0.5991743084113831,0.6170636294616969,13505625.0,688314180.1857948,bull,0.08186137489637324,bull,0.1510202079004126,2026-10-10,False,True,False,OK,,,ASTS,ASTS,Communication Equipment,False,True
PPTA,Perpetua Resources,PPTA,20.639999389648438,USD,-19.968985432560626,12.56,0.0,Seitwärts,0.0,0.0,64.9,17.8348,Zyklus-neutral,-14.54,0.009,0.0,-62575000.0,3159208448.0,1.0,-1.98,0.0,0.0,0.0,42.247,69.23,"[0.0, 0.0, 99.55, 66.44, 100.0]",-434.99997,47.2,LOW,"{""coverage"": 1.0, ""confluence"": 0.2, ""risk_clean"": 0.3333333333333333, ""regime_align"": 0.45560134125156543, ""liquidity"": 0.13901345291479816, ""weights"": {""coverage"": 0.25, ""confluence"": 0.25, ""risk_clean"": 0.2, ""regime_align"": 0.2, ""liquidity"": 0.1}}",CA7142661031,PPTA,PPTA,Edelmetalle ⛏️,,0.7354012513851308,0.45719608641636267,0.5459430665163472,964230.0,19901706.611480713,26.214900007247923,-0.21266152516538805,bull,0.08186137489637324,bull,0.1510202079004126,2026-10-10,0.048749781585770036,Basic Materials,Other Precious Metals & Mining,United States,USD,2.6354985738988868,-19.968985432560626,17.8348,stock,S4 Fundament,pillar,84.0,manual thematic assignment after stack redesign,"materials, mining, metals",VALID,YAHOO_PIT_CYCLE_V1,cycle_detrended_sma20_range40_v1,yfinance.download,1d_auto_adjust_true_close,PPTA,USD,WATCHLIST_DECLARED_ONLY,SESSION_DATE_CUTOFF_ONLY,2026-10-09,2026-10-10T09:05:09.890731+00:00,2026-10-10T09:05:25.729528+00:00,5f9de1d1124842ab2b56360db05c79979768b71a5a4d69dbde19ad0b80480c8a,251.0,COMPLETED_DAILY_BARS,39.08,61.17,,bull,stock,,,,0.08186137489637324,PPTA,Perpetua Resources,CA7142661031,PPTA,PPTA,Edelmetalle ⛏️,Basic Materials,Other Precious Metals & Mining,United States,USD,20.639999389648438,,-19.968985432560626,12.56,0.0,47.2,Seitwärts,64.9,Zyklus-neutral,0.048749781585770036,-0.21266152516538805,26.214900007247923,0.7354012513851308,0.45719608641636267,0.5459430665163472,964230.0,19901706.611480713,bull,0.08186137489637324,bull,0.1510202079004126,2026-10-10,False,True,False,OK,,,PPTA,PPTA,Other Precious Metals & Mining,False,True
UUUU,Energy Fuels Inc.,UUUU,9.960000038146973,USD,-51.0324485573824,12.27,,,,,,24.7389,,,,,,,,,,,,,,,,36.3,LOW,"{""coverage"": 1.0, ""confluence"": 0.0, ""risk_clean"": 0.3333333333333333, ""regime_align"": 0.0853027915808185, ""liquidity"": 0.2959641255605381, ""weights"": {""coverage"": 0.25, ""confluence"": 0.25, ""risk_clean"": 0.2, ""regime_align"": 0.2, ""liquidity"": 0.1}}",CA2926717083,UUUU,UUUU,Energie,,0.888022301577214,0.495843468290648,0.6414141476693844,8033015.0,80008829.7064352,17.028250036239623,-0.4150896294716109,bull,0.08186137489637324,bull,0.1510202079004126,2026-10-10,-0.2853035390245958,Energy,Uranium,Canada,USD,0.20121185722323798,-51.0324485573824,24.7389,stock,S3 Energie,pillar,82.0,manual addition via ChatGPT,"energy, grid, electrification",VALID,YAHOO_PIT_CYCLE_V1,cycle_detrended_sma20_range40_v1,yfinance.download,1d_auto_adjust_true_close,UUUU,USD,WATCHLIST_DECLARED_ONLY,SESSION_DATE_CUTOFF_ONLY,2026-10-09,2026-10-10T09:05:09.890731+00:00,2026-10-10T09:05:26.359033+00:00,e4ecdda7234958f95ec5d1ece35e7a58821ab60623db19d89722e151c21c54c6,251.0,COMPLETED_DAILY_BARS,41.72,70.68,,bull,stock,,,,0.08186137489637324,UUUU,Energy Fuels Inc.,CA2926717083,UUUU,UUUU,Energie,Energy,Uranium,Canada,USD,9.960000038146973,,-51.0324485573824,12.27,,36.3,,,,-0.2853035390245958,-0.4150896294716109,17.028250036239623,0.888022301577214,0.495843468290648,0.6414141476693844,8033015.0,80008829.7064352,bull,0.08186137489637324,bull,0.1510202079004126,2026-10-10,False,True,False,OK,,,UUUU,UUUU,Uranium,False,True
OCGN,"Ocugen, Inc.",OCGN,0.9559999704360962,USD,-44.09357022751546,11.68,,,,,,49.7436,,,,,,,,,,,,,,,,33.7,LOW,"{""coverage"": 1.0, ""confluence"": 0.0, ""risk_clean"": 0.3333333333333333, ""regime_align"": 0.06296206520421767, ""liquidity"": 0.08071748878923768, ""weights"": {""coverage"": 0.25, ""confluence"": 0.25, ""risk_clean"": 0.2, ""regime_align"": 0.2, ""liquidity"": 0.1}}",US67577C1053,OCGN,OCGN,Pharma & Gesundheit,,0.7833257364047492,0.5089019638722871,0.6145161439179132,7648910.0,7312357.7338683605,1.4834249976277352,-0.35554546271977816,bull,0.08186137489637324,bull,0.1510202079004126,2026-10-10,-0.3696065626975443,Healthcare,Biotechnology,United States,USD,-2.149439887159932,-44.09357022751546,49.7436,stock,S13 Gesundheit,pillar,85.0,manual addition via ChatGPT,"healthcare, pharma, medtech",VALID,YAHOO_PIT_CYCLE_V1,cycle_detrended_sma20_range40_v1,yfinance.download,1d_auto_adjust_true_close,OCGN,USD,WATCHLIST_DECLARED_ONLY,SESSION_DATE_CUTOFF_ONLY,2026-10-09,2026-10-10T09:05:09.890731+00:00,2026-10-10T09:05:26.342718+00:00,29bb176a21a3464c2804084c1a0baeea92a69364e8381d9ea6ff26b83a0dd465,251.0,COMPLETED_DAILY_BARS,41.18,71.86,,bull,stock,,,,0.08186137489637324,OCGN,"Ocugen, Inc.",US67577C1053,OCGN,OCGN,Pharma & Gesundheit,Healthcare,Biotechnology,United States,USD,0.9559999704360962,,-44.09357022751546,11.68,,33.7,,,,-0.3696065626975443,-0.35554546271977816,1.4834249976277352,0.7833257364047492,0.5089019638722871,0.6145161439179132,7648910.0,7312357.7338683605,bull,0.08186137489637324,bull,0.1510202079004126,2026-10-10,False,True,False,OK,,,OCGN,OCGN,Biotechnology,False,True
PL,Planet Labs PBC,PL,17.18000030517578,USD,16.870751891762236,11.66,,,,,,67.7488,,,,,,,,,,,,,,,,36.7,LOW,"{""coverage"": 1.0, ""confluence"": 0.0, ""risk_clean"": 0.3333333333333333, ""regime_align"": 0.053942956409324117, ""liquidity"": 0.39910313901345296, ""weights"": {""coverage"": 0.25, ""confluence"": 0.25, ""risk_clean"": 0.2, ""regime_align"": 0.2, ""liquidity"": 0.1}}",US72703X1063,PL,PL,,,0.9342998841547341,0.5455428080770347,0.6883268485955606,10730335.0,184347158.57463837,27.320850019454955,-0.37117621549322066,bull,0.08186137489637324,bull,0.1510202079004126,2026-10-10,-0.3659940341321214,Industrials,Aerospace & Defense,United States,USD,-0.058174686277778775,16.870751891762236,67.7488,stock,S20 Sicherheit & Verteidigung,pillar,81.0,manual thematic assignment after stack redesign,"defense, aerospace, security",VALID,YAHOO_PIT_CYCLE_V1,cycle_detrended_sma20_range40_v1,yfinance.download,1d_auto_adjust_true_close,PL,USD,WATCHLIST_DECLARED_ONLY,SESSION_DATE_CUTOFF_ONLY,2026-10-09,2026-10-10T09:05:09.890731+00:00,2026-10-10T09:05:26.006220+00:00,f91e6e028477ca858c1e72583fd771130011db142328f072e99e4ba353882ecd,251.0,COMPLETED_DAILY_BARS,41.06,71.57,,bull,stock,,,,0.08186137489637324,PL,Planet Labs PBC,US72703X1063,PL,PL,,Industrials,Aerospace & Defense,United States,USD,17.18000030517578,,16.870751891762236,11.66,,36.7,,,,-0.3659940341321214,-0.37117621549322066,27.320850019454955,0.9342998841547341,0.5455428080770347,0.6883268485955606,10730335.0,184347158.57463837,bull,0.08186137489637324,bull,0.1510202079004126,2026-10-10,False,True,False,OK,,,PL,PL,Aerospace & Defense,False,True
USAR,"USA RARE EARTH, INC.",USAR,12.5600004196167,USD,-61.48420673249018,11.48,,,,,,6.2926,,,,,,,,,,,,,,,,36.8,LOW,"{""coverage"": 1.0, ""confluence"": 0.0, ""risk_clean"": 0.3333333333333333, ""regime_align"": 0.07419302710782531, ""liquidity"": 0.3677130044843049, ""weights"": {""coverage"": 0.25, ""confluence"": 0.25, ""risk_clean"": 0.2, ""regime_align"": 0.2, ""liquidity"": 0.1}}",US91733P1075,USAR,USAR,Mining ⛏️,,1.079457387317364,0.5728621285371137,0.6923474786803988,13017470.0,163499428.6623478,19.27932502269745,-0.3485248884579789,bull,0.08186137489637324,bull,0.1510202079004126,2026-10-10,-0.3476487524566614,Basic Materials,Other Industrial Metals & Mining,United States,USD,-0.5542335248610364,-61.48420673249018,6.2926,stock,S4 Fundament,pillar,85.0,manual thematic assignment after stack redesign,"materials, mining, metals",VALID,YAHOO_PIT_CYCLE_V1,cycle_detrended_sma20_range40_v1,yfinance.download,1d_auto_adjust_true_close,USAR,USD,WATCHLIST_DECLARED_ONLY,SESSION_DATE_CUTOFF_ONLY,2026-10-09,2026-10-10T09:05:09.890731+00:00,2026-10-10T09:05:26.221772+00:00,eab26d135ad76c95676cd351cef126cbbacc2bb7b982824f96b9d6803ee57a6c,251.0,COMPLETED_DAILY_BARS,41.38,73.44,,bull,stock,,,,0.08186137489637324,USAR,"USA RARE EARTH, INC.",US91733P1075,USAR,USAR,Mining ⛏️,Basic Materials,Other Industrial Metals & Mining,United States,USD,12.5600004196167,,-61.48420673249018,11.48,,36.8,,,,-0.3476487524566614,-0.3485248884579789,19.27932502269745,1.079457387317364,0.5728621285371137,0.6923474786803988,13017470.0,163499428.6623478,bull,0.08186137489637324,bull,0.1510202079004126,2026-10-10,False,True,False,OK,,,USAR,USAR,Other Industrial Metals & Mining,False,True
ALB,ALBEMARLE CORP.,ALB,101.2699966430664,USD,13.989693948662097,10.92,0.0,Seitwärts,0.0,0.0,67.0,34.1186,Zyklus-neutral,0.21,36.655,96.0,-155030256.0,24179556352.0,4946415104.0,-0.64,-3.5,-0.43,-3.93,2.273,93.0,"[0.0, 0.42, 0.0, 74.79, 0.0]",64.59475,38.9,LOW,"{""coverage"": 1.0, ""confluence"": 0.0, ""risk_clean"": 0.3333333333333333, ""regime_align"": 0.1280248858724195, ""liquidity"": 0.47085201793721976, ""weights"": {""coverage"": 0.25, ""confluence"": 0.25, ""risk_clean"": 0.2, ""regime_align"": 0.2, ""liquidity"": 0.1}}",US0126531013,ALB,ALB,Energie,194.95,0.5678823807347977,0.3321998816089485,0.5275458752071356,2448915.0,248001613.82915497,153.60035022735596,-0.3406916293278712,bull,0.08186137489637324,bull,0.1510202079004126,2026-10-10,-0.24892505759614525,Basic Materials,Specialty Chemicals,United States,USD,-0.8129303070117722,13.989693948662097,34.1186,stock,S3 Energie,pillar,82.0,manual thematic assignment after stack redesign,"energy, grid, electrification",VALID,YAHOO_PIT_CYCLE_V1,cycle_detrended_sma20_range40_v1,yfinance.download,1d_auto_adjust_true_close,ALB,USD,WATCHLIST_DECLARED_ONLY,SESSION_DATE_CUTOFF_ONLY,2026-10-09,2026-10-10T09:05:09.890731+00:00,2026-10-10T09:05:25.488681+00:00,0867722b0f43276b5c222c3d4b7f98c5339de3ddee3b1cdae39d68637f181b44,251.0,COMPLETED_DAILY_BARS,34.61,55.12,,bull,stock,,,,0.08186137489637324,ALB,ALBEMARLE CORP.,US0126531013,ALB,ALB,Energie,Basic Materials,Specialty Chemicals,United States,USD,101.2699966430664,194.95,13.989693948662097,10.92,0.0,38.9,Seitwärts,67.0,Zyklus-neutral,-0.24892505759614525,-0.3406916293278712,153.60035022735596,0.5678823807347977,0.3321998816089485,0.5275458752071356,2448915.0,248001613.82915497,bull,0.08186137489637324,bull,0.1510202079004126,2026-10-10,False,True,False,OK,,,ALB,ALB,Specialty Chemicals,False,True
WYFI,"WHITEFIBER, INC.",WYFI,15.6899995803833,USD,-52.497728851816504,10.7,,,,,,36.1436,,,,,,,,,,,,,,,,34.9,LOW,"{""coverage"": 1.0, ""confluence"": 0.0, ""risk_clean"": 0.3333333333333333, ""regime_align"": 0.09002949137478285, ""liquidity"": 0.1434977578475336, ""weights"": {""coverage"": 0.25, ""confluence"": 0.25, ""risk_clean"": 0.2, ""regime_align"": 0.2, ""liquidity"": 0.1}}",KYG961151035,WYFI,WYFI,Tech 💻,,1.2343308142014984,0.7024487959148599,0.7245080644335788,1282415.0,20121090.81187725,21.558875007629396,-0.2722254953085066,bull,0.08186137489637324,bull,0.1510202079004126,2026-10-10,-0.5341226157585254,Technology,Information Technology Services,United States,USD,-0.3809550451853938,-52.497728851816504,36.1436,stock,S2 Gehirn,pillar,85.0,manual thematic assignment after stack redesign,"ai, semis, software",VALID,YAHOO_PIT_CYCLE_V1,cycle_detrended_sma20_range40_v1,yfinance.download,1d_auto_adjust_true_close,WYFI,USD,WATCHLIST_DECLARED_ONLY,SESSION_DATE_CUTOFF_ONLY,2026-10-09,2026-10-10T09:05:09.890731+00:00,2026-10-10T09:05:26.265665+00:00,2554f26ff38a9a2fa886cc7e15d2efbb9d13508e5ef88275509e1447eef0ca2c,251.0,COMPLETED_DAILY_BARS,41.54,77.62,,bull,stock,,,,0.08186137489637324,WYFI,"WHITEFIBER, INC.",KYG961151035,WYFI,WYFI,Tech 💻,Technology,Information Technology Services,United States,USD,15.6899995803833,,-52.497728851816504,10.7,,34.9,,,,-0.5341226157585254,-0.2722254953085066,21.558875007629396,1.2343308142014984,0.7024487959148599,0.7245080644335788,1282415.0,20121090.81187725,bull,0.08186137489637324,bull,0.1510202079004126,2026-10-10,False,True,False,OK,,,WYFI,WYFI,Information Technology Services,False,True
ON,ON SEMICOND.,ON,77.52999877929688,USD,69.50152150037192,10.58,1.76,BUY,66.86,79.21,59.9,47.0112,Zyklus-Hoch,1.5,39.064,0.0,1250724992.0,27005202432.0,5995400192.0,4.63,-11.2,2.02,-9.18,4.522,109.63,"[0.0, 3.0, 0.0, 31.95, 17.06]",16.742908,45.3,LOW,"{""coverage"": 1.0, ""confluence"": 0.0, ""risk_clean"": 0.3333333333333333, ""regime_align"": 0.34867490809194845, ""liquidity"": 0.6681614349775785, ""weights"": {""coverage"": 0.25, ""confluence"": 0.25, ""risk_clean"": 0.2, ""regime_align"": 0.2, ""liquidity"": 0.1}}",US6821891057,ON,ON,Gehirn,63.03,0.631024441323741,0.4547493917438832,0.5027252884621081,12575385.0,974969583.6991882,81.14429996490479,-0.04454165218223727,bull,0.08186137489637324,bull,0.1510202079004126,2026-10-10,-0.2109749495909422,Technology,Semiconductors,United States,USD,-2.367466057314327,69.50152150037192,47.0112,stock,S2 Gehirn,pillar,85.0,manual thematic assignment after stack redesign,"ai, semis, software",VALID,YAHOO_PIT_CYCLE_V1,cycle_detrended_sma20_range40_v1,yfinance.download,1d_auto_adjust_true_close,ON,USD,WATCHLIST_DECLARED_ONLY,SESSION_DATE_CUTOFF_ONLY,2026-10-09,2026-10-10T09:05:09.890731+00:00,2026-10-10T09:05:25.424619+00:00,0f0829357236ea74ed5925b410af35d898e9ea50f1cf68eea4faa8af6c7d74e0,251.0,COMPLETED_DAILY_BARS,32.73,50.92,,bull,stock,,,,0.08186137489637324,ON,ON SEMICOND.,US6821891057,ON,ON,Gehirn,Technology,Semiconductors,United States,USD,77.52999877929688,63.03,69.50152150037192,10.58,1.76,45.3,BUY,59.9,Zyklus-Hoch,-0.2109749495909422,-0.04454165218223727,81.14429996490479,0.631024441323741,0.4547493917438832,0.5027252884621081,12575385.0,974969583.6991882,bull,0.08186137489637324,bull,0.1510202079004126,2026-10-10,False,True,False,OK,,,ON,ON,Semiconductors,False,True
RCAT,Red Cat Holdings,RCAT,5.769999980926514,USD,-56.02134122518221,10.55,0.0,Seitwärts,0.0,0.0,52.6,16.1965,Zyklus-Tief,0.0,8.852,0.0,0.0,1322458240.0,7443942.0,0.0,646.4,0.0,646.4,10.416,41.83,"[100.0, 0.0, 0.0, 86.81, 73.29]",-42.066666,39.5,LOW,"{""coverage"": 1.0, ""confluence"": 0.2, ""risk_clean"": 0.3333333333333333, ""regime_align"": 0.03594513796307518, ""liquidity"": 0.2152466367713004, ""weights"": {""coverage"": 0.25, ""confluence"": 0.25, ""risk_clean"": 0.2, ""regime_align"": 0.2, ""liquidity"": 0.1}}",US75644T1007,RCAT,RCAT,,,1.0800254344555742,0.5514587392737285,0.6676267408950475,8878005.0,51226088.68066549,10.905374948978425,-0.4709031089786577,bull,0.08186137489637324,bull,0.1510202079004126,2026-10-10,-0.3817102755808377,Industrials,Aerospace & Defense,United States,USD,-2.3688641302909597,-56.02134122518221,16.1965,stock,S20 Sicherheit & Verteidigung,pillar,81.0,manual thematic assignment after stack redesign,"defense, aerospace, security",VALID,YAHOO_PIT_CYCLE_V1,cycle_detrended_sma20_range40_v1,yfinance.download,1d_auto_adjust_true_close,RCAT,USD,WATCHLIST_DECLARED_ONLY,SESSION_DATE_CUTOFF_ONLY,2026-10-09,2026-10-10T09:05:09.890731+00:00,2026-10-10T09:05:26.011592+00:00,c323d95a13b7c2372bb13a7904fcc7f9531a74b2a506e78d1d791396a46e1757,251.0,COMPLETED_DAILY_BARS,38.89,70.14,,bull,stock,,,,0.08186137489637324,RCAT,Red Cat Holdings,US75644T1007,RCAT,RCAT,,Industrials,Aerospace & Defense,United States,USD,5.769999980926514,,-56.02134122518221,10.55,0.0,39.5,Seitwärts,52.6,Zyklus-Tief,-0.3817102755808377,-0.4709031089786577,10.905374948978425,1.0800254344555742,0.5514587392737285,0.6676267408950475,8878005.0,51226088.68066549,bull,0.08186137489637324,bull,0.1510202079004126,2026-10-10,False,True,False,OK,,,RCAT,RCAT,Aerospace & Defense,False,True
DRO.AX,DroneShield Limited,DRO.AX,1.565000057220459,AUD,-76.2878775782712,10.46,,,,,,34.2278,,,,,,,,,,,,,,,,33.8,LOW,"{""coverage"": 1.0, ""confluence"": 0.0, ""risk_clean"": 0.3333333333333333, ""regime_align"": 0.04492384761443058, ""liquidity"": 0.12556053811659196, ""weights"": {""coverage"": 0.25, ""confluence"": 0.25, ""risk_clean"": 0.2, ""regime_align"": 0.2, ""liquidity"": 0.1}}",AU000000DRO2,DRO.AX,DRO.AX,,,0.9781210820944217,0.6504773072537433,0.762878775782712,9422091.75,14745574.127886415,2.9174500077962877,-0.46357262231115637,bull,0.08186137489637324,bull,0.1510202079004126,2026-10-10,-0.3547318851680995,Industrials,Aerospace & Defense,Australia,AUD,-3.39505848061874,-76.2878775782712,34.2278,stock,S20 Sicherheit & Verteidigung,pillar,85.0,manual addition via ChatGPT,"defense, aerospace, security",VALID,YAHOO_PIT_CYCLE_V1,cycle_detrended_sma20_range40_v1,yfinance.download,1d_auto_adjust_true_close,DRO.AX,AUD,WATCHLIST_DECLARED_ONLY,SESSION_DATE_CUTOFF_ONLY,2026-10-09,2026-10-10T09:05:09.890731+00:00,2026-10-10T09:05:26.375228+00:00,ed9d9ffb5b883f959ea0ae00e2ca1c8cce7540557af55ba1c9ed634319f1cc93,255.0,COMPLETED_DAILY_BARS,40.93,76.89,,bull,stock,,,,0.08186137489637324,DRO.AX,DroneShield Limited,AU000000DRO2,DRO.AX,DRO.AX,,Industrials,Aerospace & Defense,Australia,AUD,1.565000057220459,,-76.2878775782712,10.46,,33.8,,,,-0.3547318851680995,-0.46357262231115637,2.9174500077962877,0.9781210820944217,0.6504773072537433,0.762878775782712,9422091.75,14745574.127886415,bull,0.08186137489637324,bull,0.1510202079004126,2026-10-10,False,True,False,OK,,,DRO.AX,DRO.AX,Aerospace & Defense,False,True
TE,T1 ENERGY INC.,TE,3.390000104904175,USD,-6.868131670193489,10.39,,,,,,19.1396,,,,,,,,,,,,,,,,34.7,LOW,"{""coverage"": 1.0, ""confluence"": 0.0, ""risk_clean"": 0.3333333333333333, ""regime_align"": 0.024724275845352077, ""liquidity"": 0.25560538116591935, ""weights"": {""coverage"": 0.25, ""confluence"": 0.25, ""risk_clean"": 0.2, ""regime_align"": 0.2, ""liquidity"": 0.1}}",US35834F1049,TE,TE,Energie,,1.2750801077745288,0.6376695797521071,0.7184385286009225,18872045.0,63976234.52975631,6.418850016593933,-0.47186799876295793,bull,0.08186137489637324,bull,0.1510202079004126,2026-10-10,-0.5425239957081984,Industrials,Electrical Equipment & Parts,United States,USD,-1.4534869617614077,-6.868131670193489,19.1396,stock,S3 Energie,pillar,85.0,manual thematic assignment after stack redesign,"energy, grid, electrification",VALID,YAHOO_PIT_CYCLE_V1,cycle_detrended_sma20_range40_v1,yfinance.download,1d_auto_adjust_true_close,TE,USD,WATCHLIST_DECLARED_ONLY,SESSION_DATE_CUTOFF_ONLY,2026-10-09,2026-10-10T09:05:09.890731+00:00,2026-10-10T09:05:26.303684+00:00,a48eb0111e6091757417d7257f466c2d0991a687e3e75e1600fe0d3a9f3e27e2,251.0,COMPLETED_DAILY_BARS,40.55,76.04,,bull,stock,,,,0.08186137489637324,TE,T1 ENERGY INC.,US35834F1049,TE,TE,Energie,Industrials,Electrical Equipment & Parts,United States,USD,3.390000104904175,,-6.868131670193489,10.39,,34.7,,,,-0.5425239957081984,-0.47186799876295793,6.418850016593933,1.2750801077745288,0.6376695797521071,0.7184385286009225,18872045.0,63976234.52975631,bull,0.08186137489637324,bull,0.1510202079004126,2026-10-10,False,True,False,OK,,,TE,TE,Electrical Equipment & Parts,False,True
CDNL,Cardinal Infrastructure,CDNL,21.1200008392334,USD,-10.127656003262132,9.25,0.0,Datenmangel,0.0,0.0,60.2,61.7085,Zyklus-neutral,0.0,230.784,0.0,0.0,77877880.0,395162976.0,0.0,60.2,6.11,66.31,1.203,34.65,"[100.0, 0.0, 0.0, 50.0, 21.79]",20.158104,31.6,LOW,"{""coverage"": 1.0, ""confluence"": 0.2, ""risk_clean"": 0.0, ""regime_align"": 0.013503413727628973, ""liquidity"": 0.13452914798206272, ""weights"": {""coverage"": 0.25, ""confluence"": 0.25, ""risk_clean"": 0.2, ""regime_align"": 0.2, ""liquidity"": 0.1}}",US14154A1025,CDNL,CDNL,,,0.9862909130415596,0.6844879960730492,0.7760576674163121,796070.0,16812999.06808853,44.266799964904784,-0.5228929839975428,bull,0.08186137489637324,bull,0.1510202079004126,2026-10-10,-0.735212038670193,Industrials,Engineering & Construction,United States,USD,-15.722261415302953,-10.127656003262132,61.7085,stock,S14 Kommunikations- & Alltagsinfrastruktur,pillar,76.0,manual thematic assignment after stack redesign,"connectivity, telecom, civic infrastructure",VALID,YAHOO_PIT_CYCLE_V1,cycle_detrended_sma20_range40_v1,yfinance.download,1d_auto_adjust_true_close,CDNL,USD,WATCHLIST_DECLARED_ONLY,SESSION_DATE_CUTOFF_ONLY,2026-10-09,2026-10-10T09:05:09.890731+00:00,2026-10-10T09:05:25.949560+00:00,66943a3c099944078fff01ae427caf36258fc1766b54224166e05f73a97263df,209.0,COMPLETED_DAILY_BARS,40.89,82.51,,bull,stock,,,,0.08186137489637324,CDNL,Cardinal Infrastructure,US14154A1025,CDNL,CDNL,,Industrials,Engineering & Construction,United States,USD,21.1200008392334,,-10.127656003262132,9.25,0.0,31.6,Datenmangel,60.2,Zyklus-neutral,-0.735212038670193,-0.5228929839975428,44.266799964904784,0.9862909130415596,0.6844879960730492,0.7760576674163121,796070.0,16812999.06808853,bull,0.08186137489637324,bull,0.1510202079004126,2026-10-10,False,True,False,OK,,,CDNL,CDNL,Engineering & Construction,False,True
FLNC,FLUENCE ENER.,FLNC,7.429999828338623,USD,-43.23911580039429,8.97,0.0,Seitwärts,0.0,0.0,61.3,90.9245,Zyklus-Tief,-14.46,82.778,0.0,-98396624.0,2566774016.0,2551276032.0,-3.83,154.4,-2.04,152.36,1.483,75.93,"[100.0, 0.0, 0.0, 96.3, 0.0]",87.467186,32.7,LOW,"{""coverage"": 1.0, ""confluence"": 0.2, ""risk_clean"": 0.0, ""regime_align"": 0.011230961903607645, ""liquidity"": 0.24663677130044848, ""weights"": {""coverage"": 0.25, ""confluence"": 0.25, ""risk_clean"": 0.2, ""regime_align"": 0.2, ""liquidity"": 0.1}}",US34379V1035,FLNC,FLNC,Experimente,29.21,1.2245660798630635,0.7237942752786938,0.7744337547569796,8606530.0,63946516.42259121,16.633050003051757,-0.5532990144937098,bull,0.08186137489637324,bull,0.1510202079004126,2026-10-10,-0.5621610977445544,Utilities,Utilities - Renewable,United States,USD,-0.26845612669198493,-43.23911580039429,90.9245,stock,S3 Energie,pillar,82.0,manual thematic assignment after stack redesign,"energy, grid, electrification",VALID,YAHOO_PIT_CYCLE_V1,cycle_detrended_sma20_range40_v1,yfinance.download,1d_auto_adjust_true_close,FLNC,USD,WATCHLIST_DECLARED_ONLY,SESSION_DATE_CUTOFF_ONLY,2026-10-09,2026-10-10T09:05:09.890731+00:00,2026-10-10T09:05:25.517161+00:00,3da228c72d5381896c14cceed75f4f50032d58c61a5dbd7ec6985f213b5b79d2,251.0,COMPLETED_DAILY_BARS,39.45,79.4,,bull,stock,,,,0.08186137489637324,FLNC,FLUENCE ENER.,US34379V1035,FLNC,FLNC,Experimente,Utilities,Utilities - Renewable,United States,USD,7.429999828338623,29.21,-43.23911580039429,8.97,0.0,32.7,Seitwärts,61.3,Zyklus-Tief,-0.5621610977445544,-0.5532990144937098,16.633050003051757,1.2245660798630635,0.7237942752786938,0.7744337547569796,8606530.0,63946516.42259121,bull,0.08186137489637324,bull,0.1510202079004126,2026-10-10,False,True,False,OK,,,FLNC,FLNC,Utilities - Renewable,False,True
UEC,URANIUM ENERGY CORP,UEC,9.1899995803833,USD,-37.26962580422739,8.92,0.0,Seitwärts,0.0,0.0,65.3,32.3901,Zyklus-Tief,-7.29,0.147,0.0,-61173248.0,7445595648.0,49750000.0,-0.82,0.0,-156.46,-156.46,27.716,85.09,"[0.0, 0.0, 92.65, 85.02, 0.0]",225.37932,39.1,LOW,"{""coverage"": 1.0, ""confluence"": 0.0, ""risk_clean"": 0.3333333333333333, ""regime_align"": 0.21328727830969982, ""liquidity"": 0.3183856502242153, ""weights"": {""coverage"": 0.25, ""confluence"": 0.25, ""risk_clean"": 0.2, ""regime_align"": 0.2, ""liquidity"": 0.1}}",US9168961038,UEC,UEC,Mining ⛏️,19.25,0.7882652947444365,0.4691316877552958,0.5511419942495426,10266850.0,94352347.19185829,12.962950015068055,-0.29105646710811184,bull,0.08186137489637324,bull,0.1510202079004126,2026-10-10,-0.1536337736027349,Energy,Uranium,United States,USD,0.5470375840529895,-37.26962580422739,32.3901,stock,S3 Energie,pillar,82.0,manual thematic assignment after stack redesign,"energy, grid, electrification",VALID,YAHOO_PIT_CYCLE_V1,cycle_detrended_sma20_range40_v1,yfinance.download,1d_auto_adjust_true_close,UEC,USD,WATCHLIST_DECLARED_ONLY,SESSION_DATE_CUTOFF_ONLY,2026-10-09,2026-10-10T09:05:09.890731+00:00,2026-10-10T09:05:25.567753+00:00,de2373830b9ef0558636cc275420f01b25ccbfc47a08638d642f734a53aef1fb,251.0,COMPLETED_DAILY_BARS,33.4,60.91,,bull,stock,,,,0.08186137489637324,UEC,URANIUM ENERGY CORP,US9168961038,UEC,UEC,Mining ⛏️,Energy,Uranium,United States,USD,9.1899995803833,19.25,-37.26962580422739,8.92,0.0,39.1,Seitwärts,65.3,Zyklus-Tief,-0.1536337736027349,-0.29105646710811184,12.962950015068055,0.7882652947444365,0.4691316877552958,0.5511419942495426,10266850.0,94352347.19185829,bull,0.08186137489637324,bull,0.1510202079004126,2026-10-10,False,True,False,OK,,,UEC,UEC,Uranium,False,True
DVLT,Datavault AI Inc.,DVLT,0.14000000059604645,USD,-92.63157882353606,5.87,0.0,Seitwärts,0.0,0.0,44.8,55.9375,Zyklus-neutral,-165.72,29.069,0.0,-28070000.0,238018480.0,6170000.0,-11.79,147.8,0.0,147.8,0.684,3.15,"[100.0, 0.0, 0.0, 28.75, 100.0]",0.0,37.5,LOW,"{""coverage"": 1.0, ""confluence"": 0.2, ""risk_clean"": 0.3333333333333333, ""regime_align"": 0.006736557184987679, ""liquidity"": 0.0717488789237668, ""weights"": {""coverage"": 0.25, ""confluence"": 0.25, ""risk_clean"": 0.2, ""regime_align"": 0.2, ""liquidity"": 0.1}}",US86633R6099,DVLT,DVLT,Tech 💻,,1.7188443775256217,0.8213872127564511,0.9590643282242975,51975200.0,7276528.030979633,0.5210000009089708,-0.7312859878084582,bull,0.08186137489637324,bull,0.1510202079004126,2026-10-10,-0.6791636614067578,Technology,Software - Infrastructure,United States,USD,0.0,-92.63157882353606,55.9375,stock,S2 Gehirn,pillar,85.0,manual thematic assignment after stack redesign,"ai, semis, software",VALID,YAHOO_PIT_CYCLE_V1,cycle_detrended_sma20_range40_v1,yfinance.download,1d_auto_adjust_true_close,DVLT,USD,WATCHLIST_DECLARED_ONLY,SESSION_DATE_CUTOFF_ONLY,2026-10-09,2026-10-10T09:05:09.890731+00:00,2026-10-10T09:05:25.357587+00:00,c89c68e8705191e40e09cbc24e69cbaa92cdadfaacd39bd4e20f71f122b34a87,251.0,COMPLETED_DAILY_BARS,34.21,77.93,,bull,stock,,,,0.08186137489637324,DVLT,Datavault AI Inc.,US86633R6099,DVLT,DVLT,Tech 💻,Technology,Software - Infrastructure,United States,USD,0.14000000059604645,,-92.63157882353606,5.87,0.0,37.5,Seitwärts,44.8,Zyklus-neutral,-0.6791636614067578,-0.7312859878084582,0.5210000009089708,1.7188443775256217,0.8213872127564511,0.9590643282242975,51975200.0,7276528.030979633,bull,0.08186137489637324,bull,0.1510202079004126,2026-10-10,False,True,False,OK,,,DVLT,DVLT,Software - Infrastructure,False,True
LUMN,LUMEN TECHN.,LUMN,5.28000020980835,USD,-19.756834786792908,5.34,0.0,Seitwärts,0.0,0.0,60.8,14.3261,Zyklus-neutral,0.0,100.0,0.0,-5826500096.0,24455852032.0,12401999872.0,-23.82,-8.7,-14.02,-22.72,1.802,69.05,"[0.0, 0.0, 0.0, 50.71, 38.17]",-28.083603,31.0,LOW,"{""coverage"": 1.0, ""confluence"": 0.0, ""risk_clean"": 0.0, ""regime_align"": 0.15946551933099018, ""liquidity"": 0.28251121076233177, ""weights"": {""coverage"": 0.25, ""confluence"": 0.25, ""risk_clean"": 0.2, ""regime_align"": 0.2, ""liquidity"": 0.1}}",US5502411037,LUMN,LUMN,Medien & Digitales 📱,9.32,0.765701550404259,0.4801595833882234,0.5536770715249293,13764225.0,72675110.88784933,7.497399997711182,-0.2957558338330306,bull,0.08186137489637324,bull,0.1510202079004126,2026-10-10,-0.2092525869341939,Communication Services,Telecom Services,United States,USD,-5.035966472172559,-19.756834786792908,14.3261,stock,S14 Kommunikations- & Alltagsinfrastruktur,pillar,76.0,manual thematic assignment after stack redesign,"connectivity, telecom, civic infrastructure",VALID,YAHOO_PIT_CYCLE_V1,cycle_detrended_sma20_range40_v1,yfinance.download,1d_auto_adjust_true_close,LUMN,USD,WATCHLIST_DECLARED_ONLY,SESSION_DATE_CUTOFF_ONLY,2026-10-09,2026-10-10T09:05:09.890731+00:00,2026-10-10T09:05:25.955577+00:00,5b6f7f7a5450f4df892c7c06be2470bbe0d338d00ee2a0023130525914820009,251.0,COMPLETED_DAILY_BARS,30.86,70.07,,bull,stock,,,,0.08186137489637324,LUMN,LUMEN TECHN.,US5502411037,LUMN,LUMN,Medien & Digitales 📱,Communication Services,Telecom Services,United States,USD,5.28000020980835,9.32,-19.756834786792908,5.34,0.0,31.0,Seitwärts,60.8,Zyklus-neutral,-0.2092525869341939,-0.2957558338330306,7.497399997711182,0.765701550404259,0.4801595833882234,0.5536770715249293,13764225.0,72675110.88784933,bull,0.08186137489637324,bull,0.1510202079004126,2026-10-10,False,True,False,OK,,,LUMN,LUMN,Telecom Services,False,True
UAA,UNDER ARMOUR,UAA,4.929999828338623,USD,3.7894700702868045,5.0,0.0,Seitwärts,0.0,0.0,47.3,100.0,Zyklus-neutral,-30.39,117.662,0.0,-385754240.0,4243432192.0,4975792128.0,-9.09,-5.2,-10.44,-15.64,1.431,109.25,"[0.0, 0.0, 0.0, 48.7, 12.88]",31.058352,44.2,LOW,"{""coverage"": 1.0, ""confluence"": 0.0, ""risk_clean"": 0.6666666666666666, ""regime_align"": 0.18441199046580212, ""liquidity"": 0.21973094170403584, ""weights"": {""coverage"": 0.25, ""confluence"": 0.25, ""risk_clean"": 0.2, ""regime_align"": 0.2, ""liquidity"": 0.1}}",US9043111072,UAA,UAA,Konsum & Lifestyle,6.38,0.5323805188973161,0.35574193694259004,0.47542999989807166,10955200.0,54009134.11941528,5.978850004673004,-0.17542674185079254,bull,0.08186137489637324,bull,0.1510202079004126,2026-10-10,-0.2922984391978295,Consumer Cyclical,Apparel Manufacturing,United States,USD,1.0245842771549496,3.7894700702868045,100.0,stock,S12 Luxus & Marken,pillar,78.0,manual thematic assignment after stack redesign,"luxury, brands, premium consumption",VALID,YAHOO_PIT_CYCLE_V1,cycle_detrended_sma20_range40_v1,yfinance.download,1d_auto_adjust_true_close,UAA,USD,WATCHLIST_DECLARED_ONLY,SESSION_DATE_CUTOFF_ONLY,2026-10-09,2026-10-10T09:05:09.890731+00:00,2026-10-10T09:05:25.870538+00:00,51c38f19c1a2a0567309a1aaf9cac80d8639ae33435a6844911e374327ba44d3,251.0,COMPLETED_DAILY_BARS,27.53,61.39,,bull,stock,,,,0.08186137489637324,UAA,UNDER ARMOUR,US9043111072,UAA,UAA,Konsum & Lifestyle,Consumer Cyclical,Apparel Manufacturing,United States,USD,4.929999828338623,6.38,3.7894700702868045,5.0,0.0,44.2,Seitwärts,47.3,Zyklus-neutral,-0.2922984391978295,-0.17542674185079254,5.978850004673004,0.5323805188973161,0.35574193694259004,0.47542999989807166,10955200.0,54009134.11941528,bull,0.08186137489637324,bull,0.1510202079004126,2026-10-10,False,True,False,OK,,,UAA,UAA,Apparel Manufacturing,False,True
MBLY,Mobileye Global,MBLY,7.099999904632568,USD,-50.140449306516686,3.84,0.0,Seitwärts,0.0,0.0,34.0,7.3205,Zyklus-neutral,-3.27,0.564,0.0,632000000.0,5882599936.0,1894000000.0,10.74,-9.0,-20.7,-29.7,6.103,67.31,"[0.0, 0.0, 71.8, 56.05, 45.94]",24.514277,36.5,LOW,"{""coverage"": 1.0, ""confluence"": 0.0, ""risk_clean"": 0.3333333333333333, ""regime_align"": 0.14623479982224377, ""liquidity"": 0.19282511210762332, ""weights"": {""coverage"": 0.25, ""confluence"": 0.25, ""risk_clean"": 0.2, ""regime_align"": 0.2, ""liquidity"": 0.1}}",US60741F1049,MBLY,MBLY,Tech 💻,,0.5650566901453642,0.35632399502294043,0.5745784753357681,6433815.0,45680085.88642359,8.837699971199036,-0.1966235640754287,bull,0.08186137489637324,bull,0.1510202079004126,2026-10-10,-0.33447105814279543,Consumer Cyclical,Auto Parts,Israel,USD,0.5665717022269368,-50.140449306516686,7.3205,stock,S15 Mobilität,pillar,80.0,manual thematic assignment after stack redesign,"mobility, autos, autonomy",VALID,YAHOO_PIT_CYCLE_V1,cycle_detrended_sma20_range40_v1,yfinance.download,1d_auto_adjust_true_close,MBLY,USD,WATCHLIST_DECLARED_ONLY,SESSION_DATE_CUTOFF_ONLY,2026-10-09,2026-10-10T09:05:09.890731+00:00,2026-10-10T09:05:25.967372+00:00,0798827f75de76d40817cd8d1417e742c39048237167c5517d63e61c2c68e8d3,251.0,COMPLETED_DAILY_BARS,24.22,56.66,,bull,stock,,,,0.08186137489637324,MBLY,Mobileye Global,US60741F1049,MBLY,MBLY,Tech 💻,Consumer Cyclical,Auto Parts,Israel,USD,7.099999904632568,,-50.140449306516686,3.84,0.0,36.5,Seitwärts,34.0,Zyklus-neutral,-0.33447105814279543,-0.1966235640754287,8.837699971199036,0.5650566901453642,0.35632399502294043,0.5745784753357681,6433815.0,45680085.88642359,bull,0.08186137489637324,bull,0.1510202079004126,2026-10-10,False,True,False,OK,,,MBLY,MBLY,Auto Parts,False,True
STLA,Stellantis N.V.,STLA,4.480000019073486,USD,-54.3323157243195,3.08,0.0,Seitwärts,0.0,0.0,39.0,53.2705,Zyklus-Tief,-3.06,55.559,1058.0,-8076749824.0,31891654656.0,146121998336.0,-25.33,-12.7,-1.64,-14.34,1.061,46.24,"[0.0, 0.0, 0.0, 84.99, 45.88]",4.304615,44.1,LOW,"{""coverage"": 1.0, ""confluence"": 0.0, ""risk_clean"": 0.6666666666666666, ""regime_align"": 0.11001696764028603, ""liquidity"": 0.3542600896860987, ""weights"": {""coverage"": 0.25, ""confluence"": 0.25, ""risk_clean"": 0.2, ""regime_align"": 0.2, ""liquidity"": 0.1}}",NL00150001Q9,STLA,STLA,Konsum 🥨,,0.5048176972719911,0.39496645975986494,0.6402640119898579,29338150.0,131434912.5595808,7.059750010967255,-0.36541662068573977,bull,0.08186137489637324,bull,0.1510202079004126,2026-10-10,-0.2507918182011165,Consumer Cyclical,Auto Manufacturers,Netherlands,USD,-0.8849549119871458,-54.3323157243195,53.2705,stock,S15 Mobilität,pillar,80.0,manual thematic assignment after stack redesign,"mobility, autos, autonomy",VALID,YAHOO_PIT_CYCLE_V1,cycle_detrended_sma20_range40_v1,yfinance.download,1d_auto_adjust_true_close,STLA,USD,WATCHLIST_DECLARED_ONLY,SESSION_DATE_CUTOFF_ONLY,2026-10-09,2026-10-10T09:05:09.890731+00:00,2026-10-10T09:05:25.972782+00:00,dc2e740e2563423c7a59c5b7249cc5299e851df966081bf3d291497a0932ef95,251.0,COMPLETED_DAILY_BARS,24.81,62.1,,bull,stock,,,,0.08186137489637324,STLA,Stellantis N.V.,NL00150001Q9,STLA,STLA,Konsum 🥨,Consumer Cyclical,Auto Manufacturers,Netherlands,USD,4.480000019073486,,-54.3323157243195,3.08,0.0,44.1,Seitwärts,39.0,Zyklus-Tief,-0.2507918182011165,-0.36541662068573977,7.059750010967255,0.5048176972719911,0.39496645975986494,0.6402640119898579,29338150.0,131434912.5595808,bull,0.08186137489637324,bull,0.1510202079004126,2026-10-10,False,True,False,OK,,,STLA,STLA,Auto Manufacturers,False,True
