Ticker,Name,Yahoo,Akt. Kurs,Währung,Perf %,Score,CRV,Elliott-Signal,Elliott-Einstieg,Elliott-Ausstieg,MC-Chance,Zyklus %,Zyklus-Status,ROE %,Debt/Equity,Div. Rendite %,FCF,Enterprise Value,Revenue,FCF Yield %,Growth %,Margin %,Rule of 40,Current Ratio,Institutional Ownership %,Radar Vector,PE,ConfidenceScore,ConfidenceLabel,ConfidenceBreakdown,ISIN,Symbol,YahooSymbol,Sektor,Akt. Kurs [€],Volatility,DownsideDev,MaxDrawdown,AvgVolume,DollarVolume,SMA200,Trend200,MarketRegimeStock,MarketTrend200Stock,MarketRegimeCrypto,MarketTrend200Crypto,MarketDate,RS3M,Sector,Industry,Country,Currency,Perf 1D %,Perf 1Y %,cycle,AssetType,pillar_primary,bucket_type,pillar_confidence,pillar_reason,pillar_tags,OpportunityScore,RiskScore,ScoreError,ScoreMarketRegime,ScoreAssetClass,ScoreRiskMult,ScoreOppW,ScoreRiskW,ScoreMarketTrend200,ticker,name,isin,symbol,yahoo_symbol,category,sector,industry,country,currency,price,price_eur,perf_pct,score,crv,confidence,elliott_signal,mc_chance,cycle_status,rs3m,trend200,sma200,volatility,downside_dev,max_drawdown,avg_volume,dollar_volume,regime_stock,trend200_stock,regime_crypto,trend200_crypto,market_date,trend_ok,liquidity_ok,is_crypto,score_status,crypto_base,quote_currency,asset_id,ticker_display,cluster_official
1810.HK,XIAOMI CORP. CL.B,1810.HK,23.940000534057617,HKD,-55.543173235998225,23.37,0.0,Seitwärts,0.0,0.0,46.9,100.0,Zyklus-Hoch,19.86,10.389,0.0,32390629376.0,839264567296.0,449375305728.0,3.86,22.3,9.82,32.12,1.317,24.94,"[44.6, 39.72, 0.0, 0.0, 42.06]",18.211044,63.6,MED,"{""coverage"": 1.0, ""confluence"": 0.4, ""risk_clean"": 0.6666666666666666, ""regime_align"": 0.3419582799487508, ""liquidity"": 0.84375, ""weights"": {""coverage"": 0.25, ""confluence"": 0.25, ""risk_clean"": 0.2, ""regime_align"": 0.2, ""liquidity"": 0.1}}",KYG9830T1067,1810.HK,1810.HK,Hardware 💻,35.56,0.40923307307550444,0.23049341597330533,0.6022283995683335,105878005.65,2534719511.8059554,30.735400018692015,-0.2210935755025708,bull,0.08169902329762468,bull,0.1614564603326385,2026-10-07,-0.07912340322487166,Technology,Consumer Electronics,China,HKD,-1.319042422939698,-55.543173235998225,100.0,stock,S1 Hardware,pillar,85.0,manual thematic assignment after stack redesign,"robotics, automation, devices",49.55,42.08,,bull,stock,,,,0.08169902329762468,1810.HK,XIAOMI CORP. CL.B,KYG9830T1067,1810.HK,1810.HK,Hardware 💻,Technology,Consumer Electronics,China,HKD,23.940000534057617,35.56,-55.543173235998225,23.37,0.0,63.6,Seitwärts,46.9,Zyklus-Hoch,-0.07912340322487166,-0.2210935755025708,30.735400018692015,0.40923307307550444,0.23049341597330533,0.6022283995683335,105878005.65,2534719511.8059554,bull,0.08169902329762468,bull,0.1614564603326385,2026-10-07,False,True,False,OK,,,1810.HK,1810.HK,Consumer Electronics
6503.T,MITSUBISHI EL.,6503.T,5285.0,JPY,33.80850934285829,27.93,0.09,BUY,5152.0,5863.86,79.6,100.0,Zyklus-Hoch,9.51,8.262,95.0,252386869248.0,11700824702976.0,5677370048512.0,2.16,4.9,6.59,11.49,1.988,49.55,"[9.8, 19.02, 0.0, 20.0, 0.0]",35.206493,63.2,MED,"{""coverage"": 1.0, ""confluence"": 0.0, ""risk_clean"": 1.0, ""regime_align"": 0.42977258167841126, ""liquidity"": 0.9598214285714286, ""weights"": {""coverage"": 0.25, ""confluence"": 0.25, ""risk_clean"": 0.2, ""regime_align"": 0.2, ""liquidity"": 0.1}}",JP3902400005,6503.T,6503.T,Hardware 💻,4886.0,0.42366659003997614,0.2750162520803998,0.23368907431856034,5830510.0,30814245350.0,5504.267062988281,-0.03983583290546966,bull,0.08169902329762468,bull,0.1614564603326385,2026-10-07,-0.1474031596705978,Industrials,Electrical Equipment & Parts,Japan,JPY,-0.7884362680683266,33.80850934285829,100.0,stock,S1 Hardware,pillar,85.0,manual thematic assignment after stack redesign,"robotics, automation, devices",50.83,24.31,,bull,stock,,,,0.08169902329762468,6503.T,MITSUBISHI EL.,JP3902400005,6503.T,6503.T,Hardware 💻,Industrials,Electrical Equipment & Parts,Japan,JPY,5285.0,4886.0,33.80850934285829,27.93,0.09,63.2,BUY,79.6,Zyklus-Hoch,-0.1474031596705978,-0.03983583290546966,5504.267062988281,0.42366659003997614,0.2750162520803998,0.23368907431856034,5830510.0,30814245350.0,bull,0.08169902329762468,bull,0.1614564603326385,2026-10-07,False,True,False,OK,,,6503.T,6503.T,Electrical Equipment & Parts
6861.T,KEYENCE CORP.,6861.T,81560.0,JPY,36.58296495250881,18.73,0.0,Seitwärts,0.0,0.0,45.7,38.5,Zyklus-neutral,0.0,100.0,97.0,0.0,12400190291968.0,1118560059392.0,0.0,0.0,0.0,0.0,13.552,35.37,"[0.0, 0.0, 0.0, 61.55, 21.55]",30.325748,67.6,MED,"{""coverage"": 1.0, ""confluence"": 0.2, ""risk_clean"": 0.6666666666666666, ""regime_align"": 0.7296004163997438, ""liquidity"": 0.9642857142857143, ""weights"": {""coverage"": 0.25, ""confluence"": 0.25, ""risk_clean"": 0.2, ""regime_align"": 0.2, ""liquidity"": 0.1}}",JP3236200006,6861.T,6861.T,Hardware 💻,58890.0,0.4084603625933623,0.22295750807744016,0.179230282939153,559040.0,45595302400.0,69247.55634765625,0.17780329446615162,bull,0.08169902329762468,bull,0.1614564603326385,2026-10-07,-0.028253205147247495,Technology,Scientific & Technical Instruments,Japan,JPY,0.08590011044300461,36.58296495250881,38.5,stock,S1 Hardware,pillar,85.0,manual thematic assignment after stack redesign,"robotics, automation, devices",39.4,32.77,,bull,stock,,,,0.08169902329762468,6861.T,KEYENCE CORP.,JP3236200006,6861.T,6861.T,Hardware 💻,Technology,Scientific & Technical Instruments,Japan,JPY,81560.0,58890.0,36.58296495250881,18.73,0.0,67.6,Seitwärts,45.7,Zyklus-neutral,-0.028253205147247495,0.17780329446615162,69247.55634765625,0.4084603625933623,0.22295750807744016,0.179230282939153,559040.0,45595302400.0,bull,0.08169902329762468,bull,0.1614564603326385,2026-10-07,True,True,False,OK,,,6861.T,6861.T,Scientific & Technical Instruments
9880.HK,UBTECH ROBOT.CORP.,9880.HK,74.4000015258789,HKD,-50.98814227262469,12.86,0.0,Seitwärts,0.0,0.0,62.0,14.4,Zyklus-Tief,-48.53,57.216,0.0,-506247008.0,56993132544.0,1439591936.0,-0.89,27.6,-70.91,-43.31,1.495,16.68,"[55.2, 0.0, 0.0, 85.56, 72.86]",-73.768105,44.6,LOW,"{""coverage"": 1.0, ""confluence"": 0.2, ""risk_clean"": 0.3333333333333333, ""regime_align"": 0.17438741191543883, ""liquidity"": 0.4464285714285714, ""weights"": {""coverage"": 0.25, ""confluence"": 0.25, ""risk_clean"": 0.2, ""regime_align"": 0.2, ""liquidity"": 0.1}}",CNE100006CQ4,9880.HK,9880.HK,Hardware 💻,141.1,0.6196271231308148,0.35158583457385956,0.5207509977770217,3160058.7,235108372.10186693,104.17374996185303,-0.2858085501086104,bull,0.08169902329762468,bull,0.1614564603326385,2026-10-07,-0.1883767414078431,Industrials,Specialty Industrial Machinery,China,HKD,-0.8660912717493696,-50.98814227262469,14.4,stock,S1 Hardware,pillar,85.0,manual thematic assignment after stack redesign,"robotics, automation, devices",38.74,58.66,,bull,stock,,,,0.08169902329762468,9880.HK,UBTECH ROBOT.CORP.,CNE100006CQ4,9880.HK,9880.HK,Hardware 💻,Industrials,Specialty Industrial Machinery,China,HKD,74.4000015258789,141.1,-50.98814227262469,12.86,0.0,44.6,Seitwärts,62.0,Zyklus-Tief,-0.1883767414078431,-0.2858085501086104,104.17374996185303,0.6196271231308148,0.35158583457385956,0.5207509977770217,3160058.7,235108372.10186693,bull,0.08169902329762468,bull,0.1614564603326385,2026-10-07,False,True,False,OK,,,9880.HK,9880.HK,Specialty Industrial Machinery
ABBN.SW,ABB LTD. NA,ABBN.SW,79.87999725341797,CHF,38.662509364161444,30.1,0.0,Seitwärts,0.0,0.0,64.9,82.3,Zyklus-Hoch,29.33,55.485,131.0,880625024.0,127925157888.0,33219999744.0,0.69,5.4,14.25,19.65,1.558,56.54,"[10.8, 58.66, 0.0, 17.74, 6.46]",27.666952,71.0,MED,"{""coverage"": 1.0, ""confluence"": 0.4, ""risk_clean"": 1.0, ""regime_align"": 0.6020379564381806, ""liquidity"": 0.3973214285714286, ""weights"": {""coverage"": 0.25, ""confluence"": 0.25, ""risk_clean"": 0.2, ""regime_align"": 0.2, ""liquidity"": 0.1}}",CH0012221716,ABBN.SW,ABBN.SW,Hardware 💻,61.46,0.2857048608069336,0.177377310316542,0.1481480970966259,2232546.1,178335776.336129,74.75826637268067,0.0685105625002691,bull,0.08169902329762468,bull,0.1614564603326385,2026-10-07,-0.07654321845438761,Industrials,Electrical Equipment & Parts,Switzerland,CHF,-3.2695622641913835,38.662509364161444,82.3,stock,S1 Hardware,pillar,85.0,manual thematic assignment after stack redesign,"robotics, automation, devices",56.35,31.09,,bull,stock,,,,0.08169902329762468,ABBN.SW,ABB LTD. NA,CH0012221716,ABBN.SW,ABBN.SW,Hardware 💻,Industrials,Electrical Equipment & Parts,Switzerland,CHF,79.87999725341797,61.46,38.662509364161444,30.1,0.0,71.0,Seitwärts,64.9,Zyklus-Hoch,-0.07654321845438761,0.0685105625002691,74.75826637268067,0.2857048608069336,0.177377310316542,0.1481480970966259,2232546.1,178335776.336129,bull,0.08169902329762468,bull,0.1614564603326385,2026-10-07,True,True,False,OK,,,ABBN.SW,ABBN.SW,Electrical Equipment & Parts
ABT,Abbott Laboratories,ABT,99.02999877929688,USD,-23.831794621422887,24.59,0.0,Seitwärts,0.0,0.0,40.7,80.8,Zyklus-Hoch,13.16,25.31,224.0,0.0,200792539136.0,44328001536.0,0.0,4.4,14.72,19.12,1.0,81.66,"[8.8, 26.32, 0.0, 19.21, 25.41]",17.985203,69.4,MED,"{""coverage"": 1.0, ""confluence"": 0.2, ""risk_clean"": 1.0, ""regime_align"": 0.6396340486867393, ""liquidity"": 0.6607142857142857, ""weights"": {""coverage"": 0.25, ""confluence"": 0.25, ""risk_clean"": 0.2, ""regime_align"": 0.2, ""liquidity"": 0.1}}",US0028241000,ABT,ABT,Pharma 🧪,107.46,0.2718394923382402,0.18733013086974717,0.3753624694851271,8922379.3,883583211.1874238,102.77201499938965,-0.03641084803207373,bull,0.08169902329762468,bull,0.1614564603326385,2026-10-07,0.029541077747280875,Healthcare,Medical Devices,United States,USD,0.8863030610535061,-23.831794621422887,80.8,stock,S1 Hardware,pillar,85.0,manual thematic assignment after stack redesign,"robotics, automation, devices",48.27,32.32,,bull,stock,,,,0.08169902329762468,ABT,Abbott Laboratories,US0028241000,ABT,ABT,Pharma 🧪,Healthcare,Medical Devices,United States,USD,99.02999877929688,107.46,-23.831794621422887,24.59,0.0,69.4,Seitwärts,40.7,Zyklus-Hoch,0.029541077747280875,-0.03641084803207373,102.77201499938965,0.2718394923382402,0.18733013086974717,0.3753624694851271,8922379.3,883583211.1874238,bull,0.08169902329762468,bull,0.1614564603326385,2026-10-07,False,True,False,OK,,,ABT,ABT,Medical Devices
AUTO.OL,AUTOSTORE HOLDINGS,AUTO.OL,15.949999809265137,NOK,64.68765222724053,22.99,0.0,Seitwärts,0.0,0.0,53.0,43.6,Zyklus-neutral,5.71,35.222,0.0,163850000.0,39791874048.0,523800000.0,0.41,-3.6,15.48,11.88,4.24,95.1,"[0.0, 11.42, 0.0, 56.35, 8.19]",28.716442,77.0,HIGH,"{""coverage"": 1.0, ""confluence"": 0.4, ""risk_clean"": 1.0, ""regime_align"": 0.9485105701473415, ""liquidity"": 0.3035714285714286, ""weights"": {""coverage"": 0.25, ""confluence"": 0.25, ""risk_clean"": 0.2, ""regime_align"": 0.2, ""liquidity"": 0.1}}",BMG0670A1099,AUTO.OL,AUTO.OL,Hardware 💻,11.83,0.5604803368922686,0.2812980435940594,0.3009188498396024,5428744.3,86588470.54954919,12.48317500591278,0.27771979498086496,bull,0.08169902329762468,bull,0.1614564603326385,2026-10-07,0.3656223831357601,Technology,Computer Hardware,Norway,NOK,0.06273669476217769,64.68765222724053,43.6,stock,S1 Hardware,pillar,85.0,manual thematic assignment after stack redesign,"robotics, automation, devices",50.54,46.94,,bull,stock,,,,0.08169902329762468,AUTO.OL,AUTOSTORE HOLDINGS,BMG0670A1099,AUTO.OL,AUTO.OL,Hardware 💻,Technology,Computer Hardware,Norway,NOK,15.949999809265137,11.83,64.68765222724053,22.99,0.0,77.0,Seitwärts,53.0,Zyklus-neutral,0.3656223831357601,0.27771979498086496,12.48317500591278,0.5604803368922686,0.2812980435940594,0.3009188498396024,5428744.3,86588470.54954919,bull,0.08169902329762468,bull,0.1614564603326385,2026-10-07,True,True,False,OK,,,AUTO.OL,AUTO.OL,Computer Hardware
CGNX,COGNEX CORP.,CGNX,61.47999954223633,USD,34.66408912892878,21.97,1.15,BUY,42.33,48.59,56.8,94.1,Zyklus-Hoch,7.21,5.298,78.0,180942256.0,7082582016.0,971705024.0,2.55,18.0,11.33,29.33,3.964,100.6,"[36.0, 14.42, 0.0, 25.87, 10.85]",38.553066,58.7,MED,"{""coverage"": 1.0, ""confluence"": 0.2, ""risk_clean"": 0.6666666666666666, ""regime_align"": 0.6021981101857784, ""liquidity"": 0.3348214285714286, ""weights"": {""coverage"": 0.25, ""confluence"": 0.25, ""risk_clean"": 0.2, ""regime_align"": 0.2, ""liquidity"": 0.1}}",US1924221039,CGNX,CGNX,Hardware 💻,39.72,0.5983466411414814,0.3431632453314384,0.27864217475145925,1652296.05,101583160.3976389,56.066578197479245,0.09655344625615969,bull,0.08169902329762468,bull,0.1614564603326385,2026-10-07,-0.11062306232654051,Technology,Scientific & Technical Instruments,United States,USD,-7.3398629146679495,34.66408912892878,94.1,stock,S1 Hardware,pillar,85.0,manual thematic assignment after stack redesign,"robotics, automation, devices",46.73,40.05,,bull,stock,,,,0.08169902329762468,CGNX,COGNEX CORP.,US1924221039,CGNX,CGNX,Hardware 💻,Technology,Scientific & Technical Instruments,United States,USD,61.47999954223633,39.72,34.66408912892878,21.97,1.15,58.7,BUY,56.8,Zyklus-Hoch,-0.11062306232654051,0.09655344625615969,56.066578197479245,0.5983466411414814,0.3431632453314384,0.27864217475145925,1652296.05,101583160.3976389,bull,0.08169902329762468,bull,0.1614564603326385,2026-10-07,True,True,False,OK,,,CGNX,CGNX,Scientific & Technical Instruments
FANUY,FANUC CORP.,FANUY,19.389999389648438,USD,30.309134680923844,22.01,0.0,Seitwärts,0.0,0.0,66.4,60.4,Zyklus-neutral,9.37,100.0,153.0,0.0,-659248840704.0,835426975744.0,-0.0,9.5,19.35,28.85,6.859,0.26,"[19.0, 18.74, 0.0, 39.61, 5.97]",33.14925,52.3,MED,"{""coverage"": 1.0, ""confluence"": 0.2, ""risk_clean"": 0.6666666666666666, ""regime_align"": 0.3917260570147342, ""liquidity"": 0.1116071428571429, ""weights"": {""coverage"": 0.25, ""confluence"": 0.25, ""risk_clean"": 0.2, ""regime_align"": 0.2, ""liquidity"": 0.1}}",US3073051027,FANUY,FANUY,Hardware 💻,20.6,0.4786118913221588,0.28039739975821537,0.3198045860085911,517965.25,10043345.8813591,20.7081999874115,-0.06365597196107808,bull,0.08169902329762468,bull,0.1614564603326385,2026-10-07,-0.15885083487426643,Industrials,Specialty Industrial Machinery,Japan,USD,-1.2729124631835065,30.309134680923844,60.4,stock,S1 Hardware,pillar,85.0,manual thematic assignment after stack redesign,"robotics, automation, devices",50.67,52.01,,bull,stock,,,,0.08169902329762468,FANUY,FANUC CORP.,US3073051027,FANUY,FANUY,Hardware 💻,Industrials,Specialty Industrial Machinery,Japan,USD,19.389999389648438,20.6,30.309134680923844,22.01,0.0,52.3,Seitwärts,66.4,Zyklus-neutral,-0.15885083487426643,-0.06365597196107808,20.7081999874115,0.4786118913221588,0.28039739975821537,0.3198045860085911,517965.25,10043345.8813591,bull,0.08169902329762468,bull,0.1614564603326385,2026-10-07,False,True,False,OK,,,FANUY,FANUY,Specialty Industrial Machinery
GMED,Globus Medical,GMED,75.51499938964844,USD,27.322538595750224,25.43,0.0,Seitwärts,0.0,0.0,53.2,24.1,Zyklus-neutral,10.01,2.731,0.0,445762752.0,11603802112.0,2769804032.0,3.84,22.9,15.3,38.2,4.13,106.79,"[45.8, 20.02, 0.0, 75.85, 24.94]",20.902147,62.6,MED,"{""coverage"": 1.0, ""confluence"": 0.2, ""risk_clean"": 1.0, ""regime_align"": 0.4539958360025625, ""liquidity"": 0.3526785714285714, ""weights"": {""coverage"": 0.25, ""confluence"": 0.25, ""risk_clean"": 0.2, ""regime_align"": 0.2, ""liquidity"": 0.1}}",US3795772082,GMED,GMED,Pharma 🧪,,0.4860820162699989,0.2157246620000197,0.24023964273441223,1591853.85,120208842.51115952,84.48977508544922,-0.10622321679427005,bull,0.08169902329762468,bull,0.1614564603326385,2026-10-07,-0.06549659485285864,Healthcare,Medical Devices,United States,USD,-1.1971750776839651,27.322538595750224,24.1,stock,S1 Hardware,pillar,85.0,manual thematic assignment after stack redesign,"robotics, automation, devices",50.91,36.5,,bull,stock,,,,0.08169902329762468,GMED,Globus Medical,US3795772082,GMED,GMED,Pharma 🧪,Healthcare,Medical Devices,United States,USD,75.51499938964844,,27.322538595750224,25.43,0.0,62.6,Seitwärts,53.2,Zyklus-neutral,-0.06549659485285864,-0.10622321679427005,84.48977508544922,0.4860820162699989,0.2157246620000197,0.24023964273441223,1591853.85,120208842.51115952,bull,0.08169902329762468,bull,0.1614564603326385,2026-10-07,False,True,False,OK,,,GMED,GMED,Medical Devices
ISRG,INTUITIVE SURGICAL INC,ISRG,414.19000244140625,USD,-6.066584989316015,27.22,0.0,Seitwärts,0.0,0.0,44.7,47.5,Zyklus-neutral,16.69,0.953,0.0,2274837504.0,170196434944.0,10064700416.0,1.34,18.8,28.38,47.18,4.875,88.83,"[37.6, 33.38, 52.35, 52.5, 15.13]",43.30517,68.0,MED,"{""coverage"": 1.0, ""confluence"": 0.2, ""risk_clean"": 1.0, ""regime_align"": 0.5613288757206919, ""liquidity"": 0.6741071428571429, ""weights"": {""coverage"": 0.25, ""confluence"": 0.25, ""risk_clean"": 0.2, ""regime_align"": 0.2, ""liquidity"": 0.1}}",US46120E6023,ISRG,ISRG,Pharma 🧪,526.07,0.3697565852145788,0.2679182244695445,0.4399595130529892,2251757.4,932655403.0034546,444.97609954833985,-0.06918595658998794,bull,0.08169902329762468,bull,0.1614564603326385,2026-10-07,-0.014057956910600744,Healthcare,Medical Instruments & Supplies,United States,USD,2.3297738038008386,-6.066584989316015,47.5,stock,S1 Hardware,pillar,85.0,manual thematic assignment after stack redesign,"robotics, automation, devices",53.67,36.49,,bull,stock,,,,0.08169902329762468,ISRG,INTUITIVE SURGICAL INC,US46120E6023,ISRG,ISRG,Pharma 🧪,Healthcare,Medical Instruments & Supplies,United States,USD,414.19000244140625,526.07,-6.066584989316015,27.22,0.0,68.0,Seitwärts,44.7,Zyklus-neutral,-0.014057956910600744,-0.06918595658998794,444.97609954833985,0.3697565852145788,0.2679182244695445,0.4399595130529892,2251757.4,932655403.0034546,bull,0.08169902329762468,bull,0.1614564603326385,2026-10-07,False,True,False,OK,,,ISRG,ISRG,Medical Instruments & Supplies
ROK,ROCKWELL AU.,ROK,441.3500061035156,USD,29.93254038987605,29.71,0.0,Seitwärts,0.0,0.0,66.6,18.2,Zyklus-Tief,23.74,99.289,134.0,1025500032.0,49741873152.0,8566000128.0,2.06,11.9,11.56,23.46,1.156,86.72,"[23.8, 47.48, 0.0, 81.79, 11.78]",30.140837,60.0,MED,"{""coverage"": 1.0, ""confluence"": 0.2, ""risk_clean"": 0.6666666666666666, ""regime_align"": 0.5751921844971173, ""liquidity"": 0.5178571428571429, ""weights"": {""coverage"": 0.25, ""confluence"": 0.25, ""risk_clean"": 0.2, ""regime_align"": 0.2, ""liquidity"": 0.1}}",US7739031091,ROK,ROK,Hardware 💻,420.36,0.31049960611593325,0.2027081094383132,0.18728303028970728,681494.2,300777469.32951045,422.65684814453124,0.04422774182187639,bull,0.08169902329762468,bull,0.1614564603326385,2026-10-07,-0.09456863415668426,Industrials,Specialty Industrial Machinery,United States,USD,-2.0832374172029433,29.93254038987605,18.2,stock,S1 Hardware,pillar,85.0,manual thematic assignment after stack redesign,"robotics, automation, devices",56.96,34.83,,bull,stock,,,,0.08169902329762468,ROK,ROCKWELL AU.,US7739031091,ROK,ROK,Hardware 💻,Industrials,Specialty Industrial Machinery,United States,USD,441.3500061035156,420.36,29.93254038987605,29.71,0.0,60.0,Seitwärts,66.6,Zyklus-Tief,-0.09456863415668426,0.04422774182187639,422.65684814453124,0.31049960611593325,0.2027081094383132,0.18728303028970728,681494.2,300777469.32951045,bull,0.08169902329762468,bull,0.1614564603326385,2026-10-07,True,True,False,OK,,,ROK,ROK,Specialty Industrial Machinery
SN.L,SMITH + NEP. DL,SN.L,1019.0,GBp,-23.761642982126794,22.88,0.0,Seitwärts,0.0,0.0,63.3,87.2,Zyklus-Hoch,9.14,62.392,226.0,700875008.0,14034447360.0,5944000000.0,4.99,4.7,8.26,12.96,3.003,69.36,"[9.4, 18.28, 0.0, 12.76, 21.21]",15.511343,60.7,MED,"{""coverage"": 1.0, ""confluence"": 0.0, ""risk_clean"": 1.0, ""regime_align"": 0.35796364509929535, ""liquidity"": 0.8571428571428571, ""weights"": {""coverage"": 0.25, ""confluence"": 0.25, ""risk_clean"": 0.2, ""regime_align"": 0.2, ""liquidity"": 0.1}}",GB0009223206,SN.L,SN.L,Hardware 💻,1243.0,0.26397489441423677,0.22217983453139065,0.3067401209992813,2742108.4,2794208459.6,1165.3106091308593,-0.12555503055102568,bull,0.08169902329762468,bull,0.1614564603326385,2026-10-07,-0.13521295288767754,Healthcare,Medical Devices,United Kingdom,GBp,0.7414730598121588,-23.761642982126794,87.2,stock,S1 Hardware,pillar,85.0,manual thematic assignment after stack redesign,"robotics, automation, devices",45.59,32.17,,bull,stock,,,,0.08169902329762468,SN.L,SMITH + NEP. DL,GB0009223206,SN.L,SN.L,Hardware 💻,Healthcare,Medical Devices,United Kingdom,GBp,1019.0,1243.0,-23.761642982126794,22.88,0.0,60.7,Seitwärts,63.3,Zyklus-Hoch,-0.13521295288767754,-0.12555503055102568,1165.3106091308593,0.26397489441423677,0.22217983453139065,0.3067401209992813,2742108.4,2794208459.6,bull,0.08169902329762468,bull,0.1614564603326385,2026-10-07,False,True,False,OK,,,SN.L,SN.L,Medical Devices
SNN,SMITH & NEPHEW PLC,SNN,26.969999313354492,USD,-22.462526055027077,21.84,0.0,Seitwärts,0.0,0.0,67.3,100.0,Zyklus-Hoch,9.14,62.392,215.0,700875008.0,33722298368.0,5944000000.0,2.08,4.7,8.26,12.96,3.003,7.72,"[9.4, 18.28, 0.0, 0.0, 16.69]",19.562094,53.6,MED,"{""coverage"": 1.0, ""confluence"": 0.0, ""risk_clean"": 1.0, ""regime_align"": 0.3423086162716208, ""liquidity"": 0.1785714285714286, ""weights"": {""coverage"": 0.25, ""confluence"": 0.25, ""risk_clean"": 0.2, ""regime_align"": 0.2, ""liquidity"": 0.1}}",US83175M2052,SNN,SNN,Pharma 🧪,34.07,0.2784858309332138,0.2250344310674836,0.2740642057938667,1294730.6,34918883.392979056,30.878926744461058,-0.12658883721752845,bull,0.08169902329762468,bull,0.1614564603326385,2026-10-07,-0.1433381549972581,Healthcare,Medical Devices,United Kingdom,USD,0.37215657237748,-22.462526055027077,100.0,stock,S1 Hardware,pillar,85.0,manual thematic assignment after stack redesign,"robotics, automation, devices",46.35,39.46,,bull,stock,,,,0.08169902329762468,SNN,SMITH & NEPHEW PLC,US83175M2052,SNN,SNN,Pharma 🧪,Healthcare,Medical Devices,United Kingdom,USD,26.969999313354492,34.07,-22.462526055027077,21.84,0.0,53.6,Seitwärts,67.3,Zyklus-Hoch,-0.1433381549972581,-0.12658883721752845,30.878926744461058,0.2784858309332138,0.2250344310674836,0.2740642057938667,1294730.6,34918883.392979056,bull,0.08169902329762468,bull,0.1614564603326385,2026-10-07,False,True,False,OK,,,SNN,SNN,Medical Devices
SYK,STRYKER CORP,SYK,277.29998779296875,USD,-24.06775916154501,21.32,0.0,Seitwärts,0.0,0.0,45.3,47.5,Zyklus-neutral,15.08,66.276,97.0,5600750080.0,148864450560.0,25116000256.0,3.76,11.4,12.92,24.32,1.893,82.26,"[22.8, 30.16, 0.0, 52.47, 22.98]",21.582815,50.0,LOW,"{""coverage"": 1.0, ""confluence"": 0.0, ""risk_clean"": 0.6666666666666666, ""regime_align"": 0.2618413677130045, ""liquidity"": 0.6428571428571429, ""weights"": {""coverage"": 0.25, ""confluence"": 0.25, ""risk_clean"": 0.2, ""regime_align"": 0.2, ""liquidity"": 0.1}}",US8636671013,SYK,SYK,Pharma 🧪,354.05,0.29916290632037684,0.21471532554258194,0.3000516902357566,2830500.35,784897712.5029938,327.1635481262207,-0.1524117237963638,bull,0.08169902329762468,bull,0.1614564603326385,2026-10-07,-0.1887478713812497,Healthcare,Medical Devices,United States,USD,-0.32351702896141754,-24.06775916154501,47.5,stock,S1 Hardware,pillar,85.0,manual thematic assignment after stack redesign,"robotics, automation, devices",44.22,35.34,,bull,stock,,,,0.08169902329762468,SYK,STRYKER CORP,US8636671013,SYK,SYK,Pharma 🧪,Healthcare,Medical Devices,United States,USD,277.29998779296875,354.05,-24.06775916154501,21.32,0.0,50.0,Seitwärts,45.3,Zyklus-neutral,-0.1887478713812497,-0.1524117237963638,327.1635481262207,0.29916290632037684,0.21471532554258194,0.3000516902357566,2830500.35,784897712.5029938,bull,0.08169902329762468,bull,0.1614564603326385,2026-10-07,False,True,False,OK,,,SYK,SYK,Medical Devices
SYM,Symbotic Inc.,SYM,43.880001068115234,,-35.866702364175694,17.33,,,,,,,,,,,,,,,,,,,,,,44.1,LOW,"{""coverage"": 1.0, ""confluence"": 0.0, ""risk_clean"": 0.3333333333333333, ""regime_align"": 0.4829436258808456, ""liquidity"": 0.28125, ""weights"": {""coverage"": 0.25, ""confluence"": 0.25, ""risk_clean"": 0.2, ""regime_align"": 0.2, ""liquidity"": 0.1}}",US87151X1019,SYM,SYM,,,0.8108146149263441,0.5183732080719435,0.5621993140361803,1588036.75,69683054.28620625,50.208824977874755,-0.12605003029942263,bull,0.08169902329762468,bull,0.1614564603326385,2026-10-07,-0.026774620544313787,Industrials,Specialty Industrial Machinery,United States,,-0.6115525445801184,-35.866702364175694,0.0,stock,S1 Hardware,pillar,85.0,manual thematic assignment after stack redesign,"robotics, automation, devices",48.89,68.8,,bull,stock,,,,0.08169902329762468,SYM,Symbotic Inc.,US87151X1019,SYM,SYM,,Industrials,Specialty Industrial Machinery,United States,,43.880001068115234,,-35.866702364175694,17.33,,44.1,,,,-0.026774620544313787,-0.12605003029942263,50.208824977874755,0.8108146149263441,0.5183732080719435,0.5621993140361803,1588036.75,69683054.28620625,bull,0.08169902329762468,bull,0.1614564603326385,2026-10-07,False,True,False,OK,,,SYM,SYM,Specialty Industrial Machinery
TER,TERADYNE INC.,TER,408.3500061035156,USD,191.9515930904624,32.71,0.0,Seitwärts,0.0,0.0,72.8,86.1,Zyklus-Hoch,19.73,10.131,17.0,276822624.0,47649693696.0,3190023936.0,0.58,43.9,17.37,61.27,1.757,105.27,"[87.8, 39.46, 0.0, 13.9, 5.44]",38.050655,87.7,HIGH,"{""coverage"": 1.0, ""confluence"": 1.0, ""risk_clean"": 0.6666666666666666, ""regime_align"": 0.877011931454196, ""liquidity"": 0.6785714285714286, ""weights"": {""coverage"": 0.25, ""confluence"": 0.25, ""risk_clean"": 0.2, ""regime_align"": 0.2, ""liquidity"": 0.1}}",US8807701029,TER,TER,Hardware 💻,239.62,0.7728787696730606,0.5399975462157843,0.3398437354578995,2430676.0,992566559.435669,338.44733947753906,0.20653927058160737,bull,0.08169902329762468,bull,0.1614564603326385,2026-10-07,0.10372924063509381,Technology,Semiconductor Equipment & Materials,United States,USD,-5.105503078352136,191.9515930904624,86.1,stock,S1 Hardware,pillar,85.0,manual thematic assignment after stack redesign,"robotics, automation, devices",67.3,52.52,,bull,stock,,,,0.08169902329762468,TER,TERADYNE INC.,US8807701029,TER,TER,Hardware 💻,Technology,Semiconductor Equipment & Materials,United States,USD,408.3500061035156,239.62,191.9515930904624,32.71,0.0,87.7,Seitwärts,72.8,Zyklus-Hoch,0.10372924063509381,0.20653927058160737,338.44733947753906,0.7728787696730606,0.5399975462157843,0.3398437354578995,2430676.0,992566559.435669,bull,0.08169902329762468,bull,0.1614564603326385,2026-10-07,True,True,False,OK,,,TER,TER,Semiconductor Equipment & Materials
YASKY,YASKAWA EL. CORP.,YASKY,62.354000091552734,USD,30.69651547963208,11.25,0.0,Seitwärts,0.0,0.0,55.7,68.1,Zyklus-neutral,0.0,24.901,129.0,0.0,101908422656.0,539219984384.0,0.0,0.0,6.87,6.87,2.139,0.0,"[0.0, 0.0, 0.0, 31.91, 25.0]",0.0,51.0,MED,"{""coverage"": 1.0, ""confluence"": 0.0, ""risk_clean"": 1.0, ""regime_align"": 0.27780669442664957, ""liquidity"": 0.0401785714285714, ""weights"": {""coverage"": 0.25, ""confluence"": 0.25, ""risk_clean"": 0.2, ""regime_align"": 0.2, ""liquidity"": 0.1}}",US9850871057,YASKY,YASKY,Hardware 💻,66.06,0.5393758860361223,0.3567685984619279,0.42090398186059197,16350.0,1019487.9014968872,67.53031988143921,-0.07665178839629927,bull,0.08169902329762468,bull,0.1614564603326385,2026-10-07,-0.306584032715547,Industrials,Electrical Equipment & Parts,Japan,USD,-0.1345328712620053,30.69651547963208,68.1,stock,S1 Hardware,pillar,85.0,manual thematic assignment after stack redesign,"robotics, automation, devices",35.12,55.15,,bull,stock,,,,0.08169902329762468,YASKY,YASKAWA EL. CORP.,US9850871057,YASKY,YASKY,Hardware 💻,Industrials,Electrical Equipment & Parts,Japan,USD,62.354000091552734,66.06,30.69651547963208,11.25,0.0,51.0,Seitwärts,55.7,Zyklus-neutral,-0.306584032715547,-0.07665178839629927,67.53031988143921,0.5393758860361223,0.3567685984619279,0.42090398186059197,16350.0,1019487.9014968872,bull,0.08169902329762468,bull,0.1614564603326385,2026-10-07,False,False,False,OK,,,YASKY,YASKY,Electrical Equipment & Parts
000660.KS,SK hynix Inc.,000660.KS,1723000.0,KRW,303.7568071167117,18.55,,,,,,,,,,,,,,,,,,,,,,57.1,MED,"{""coverage"": 1.0, ""confluence"": 0.2, ""risk_clean"": 0.3333333333333333, ""regime_align"": 0.5287776265214607, ""liquidity"": 0.9866071428571429, ""weights"": {""coverage"": 0.25, ""confluence"": 0.25, ""risk_clean"": 0.2, ""regime_align"": 0.2, ""liquidity"": 0.1}}",KR7000660001,000660.KS,000660.KS,,,0.9120998536840604,0.5962680357889943,0.5471051921241235,3180173.95,5479439715850.0,1429498.7525,0.20531759610612177,bull,0.08169902329762468,bull,0.1614564603326385,2026-10-07,-0.25836188969329466,Technology,Semiconductors,South Korea,KRW,-2.820078962210937,303.7568071167117,0.0,stock,S2 Gehirn,pillar,85.0,manual thematic assignment after stack redesign,"ai, semis, software",48.47,61.68,,bull,stock,,,,0.08169902329762468,000660.KS,SK hynix Inc.,KR7000660001,000660.KS,000660.KS,,Technology,Semiconductors,South Korea,KRW,1723000.0,,303.7568071167117,18.55,,57.1,,,,-0.25836188969329466,0.20531759610612177,1429498.7525,0.9120998536840604,0.5962680357889943,0.5471051921241235,3180173.95,5479439715850.0,bull,0.08169902329762468,bull,0.1614564603326385,2026-10-07,True,True,False,OK,,,000660.KS,000660.KS,Semiconductors
005930.KS,"Samsung Electronics Co., Ltd.",005930.KS,268500.0,KRW,186.71804198807527,21.54,,,,,,,,,,,,,,,,,,,,,,66.0,MED,"{""coverage"": 1.0, ""confluence"": 0.2, ""risk_clean"": 0.6666666666666666, ""regime_align"": 0.6425368353619475, ""liquidity"": 0.9821428571428571, ""weights"": {""coverage"": 0.25, ""confluence"": 0.25, ""risk_clean"": 0.2, ""regime_align"": 0.2, ""liquidity"": 0.1}}",KR7005930003,005930.KS,005930.KS,,,0.7627288084684688,0.5059270771408143,0.42833575022000525,16688298.95,4480808268075.0,227978.30921875,0.17774362359345597,bull,0.08169902329762468,bull,0.1614564603326385,2026-10-07,-0.10755870993390759,Technology,Semiconductors,South Korea,KRW,-1.2867647058823484,186.71804198807527,0.0,stock,S2 Gehirn,pillar,85.0,manual thematic assignment after stack redesign,"ai, semis, software",50.83,54.79,,bull,stock,,,,0.08169902329762468,005930.KS,"Samsung Electronics Co., Ltd.",KR7005930003,005930.KS,005930.KS,,Technology,Semiconductors,South Korea,KRW,268500.0,,186.71804198807527,21.54,,66.0,,,,-0.10755870993390759,0.17774362359345597,227978.30921875,0.7627288084684688,0.5059270771408143,0.42833575022000525,16688298.95,4480808268075.0,bull,0.08169902329762468,bull,0.1614564603326385,2026-10-07,True,True,False,OK,,,005930.KS,005930.KS,Semiconductors
0700.HK,TENCENT HLDGS,0700.HK,420.6000061035156,HKD,-36.96290576677252,28.08,0.0,Seitwärts,0.0,0.0,60.8,13.1,Zyklus-Tief,19.83,32.47,82.0,129573249024.0,5078710222848.0,729841008640.0,2.55,15.4,29.86,45.26,1.356,24.22,"[30.8, 39.66, 0.0, 86.9, 36.1]",15.502593,70.5,MED,"{""coverage"": 1.0, ""confluence"": 0.4, ""risk_clean"": 1.0, ""regime_align"": 0.3266035393978219, ""liquidity"": 0.8973214285714286, ""weights"": {""coverage"": 0.25, ""confluence"": 0.25, ""risk_clean"": 0.2, ""regime_align"": 0.2, ""liquidity"": 0.1}}",KYG875721634,0700.HK,0700.HK,Gehirn,607.0,0.3329931165218501,0.1877629636959509,0.38327486861892746,19439617.5,8176303239.150009,493.067459564209,-0.14697269522661816,bull,0.08169902329762468,bull,0.1614564603326385,2026-10-07,-0.14106754588856907,Communication Services,Internet Content & Information,China,HKD,-1.7748729301392596,-36.96290576677252,13.1,stock,S2 Gehirn,pillar,85.0,manual thematic assignment after stack redesign,"ai, semis, software",53.56,32.09,,bull,stock,,,,0.08169902329762468,0700.HK,TENCENT HLDGS,KYG875721634,0700.HK,0700.HK,Gehirn,Communication Services,Internet Content & Information,China,HKD,420.6000061035156,607.0,-36.96290576677252,28.08,0.0,70.5,Seitwärts,60.8,Zyklus-Tief,-0.14106754588856907,-0.14697269522661816,493.067459564209,0.3329931165218501,0.1877629636959509,0.38327486861892746,19439617.5,8176303239.150009,bull,0.08169902329762468,bull,0.1614564603326385,2026-10-07,False,True,False,OK,,,0700.HK,0700.HK,Internet Content & Information
8035.T,Tokyo Electron Limited,8035.T,12500.0,JPY,117.05203152646844,22.96,,,,,,,,,,,,,,,,,,,,,,65.2,MED,"{""coverage"": 1.0, ""confluence"": 0.2, ""risk_clean"": 0.6666666666666666, ""regime_align"": 0.6092248558616271, ""liquidity"": 0.9732142857142857, ""weights"": {""coverage"": 0.25, ""confluence"": 0.25, ""risk_clean"": 0.2, ""regime_align"": 0.2, ""liquidity"": 0.1}}",JP3571400005,8035.T,8035.T,,,0.5710010956664118,0.34969737602228146,0.3654822097306196,15740095.0,196751187500.0,9745.351196289062,0.2826628561893061,bull,0.08169902329762468,bull,0.1614564603326385,2026-10-07,-0.15925880512978752,Technology,Semiconductor Equipment & Materials,Japan,JPY,-2.3818820773135463,117.05203152646844,0.0,stock,S2 Gehirn,pillar,85.0,manual thematic assignment after stack redesign,"ai, semis, software",49.98,45.36,,bull,stock,,,,0.08169902329762468,8035.T,Tokyo Electron Limited,JP3571400005,8035.T,8035.T,,Technology,Semiconductor Equipment & Materials,Japan,JPY,12500.0,,117.05203152646844,22.96,,65.2,,,,-0.15925880512978752,0.2826628561893061,9745.351196289062,0.5710010956664118,0.34969737602228146,0.3654822097306196,15740095.0,196751187500.0,bull,0.08169902329762468,bull,0.1614564603326385,2026-10-07,True,True,False,OK,,,8035.T,8035.T,Semiconductor Equipment & Materials
9888.HK,"Baidu, Inc. Class A",9888.HK,84.75,,-37.22222222222222,17.85,,,,,,,,,,,,,,,,,,,,,,54.9,MED,"{""coverage"": 1.0, ""confluence"": 0.0, ""risk_clean"": 1.0, ""regime_align"": 0.12530028827674566, ""liquidity"": 0.7366071428571429, ""weights"": {""coverage"": 0.25, ""confluence"": 0.25, ""risk_clean"": 0.2, ""regime_align"": 0.2, ""liquidity"": 0.1}}",KYG070341048,9888.HK,9888.HK,,,0.4619948762213464,0.28827904559526973,0.48161995670877145,14926369.6,1265009823.6,116.97674983978271,-0.27549705290942095,bull,0.08169902329762468,bull,0.1614564603326385,2026-10-07,-0.29590175614665326,Communication Services,Internet Content & Information,China,,-1.6250742902869875,-37.22222222222222,0.0,stock,S2 Gehirn,pillar,85.0,manual thematic assignment after stack redesign,"ai, semis, software",42.29,45.92,,bull,stock,,,,0.08169902329762468,9888.HK,"Baidu, Inc. Class A",KYG070341048,9888.HK,9888.HK,,Communication Services,Internet Content & Information,China,,84.75,,-37.22222222222222,17.85,,54.9,,,,-0.29590175614665326,-0.27549705290942095,116.97674983978271,0.4619948762213464,0.28827904559526973,0.48161995670877145,14926369.6,1265009823.6,bull,0.08169902329762468,bull,0.1614564603326385,2026-10-07,False,True,False,OK,,,9888.HK,9888.HK,Internet Content & Information
9988.HK,Alibaba Group Holding Limited,9988.HK,105.4000015258789,,-40.58655971006046,21.93,,,,,,,,,,,,,,,,,,,,,,55.3,MED,"{""coverage"": 1.0, ""confluence"": 0.0, ""risk_clean"": 0.6666666666666666, ""regime_align"": 0.4001541479820628, ""liquidity"": 0.8928571428571429, ""weights"": {""coverage"": 0.25, ""confluence"": 0.25, ""risk_clean"": 0.2, ""regime_align"": 0.2, ""liquidity"": 0.1}}",KYG017191142,9988.HK,9988.HK,,,0.44154776471647894,0.2432007574065588,0.4954930902307454,53735068.1,5663676259.733207,127.86592720031739,-0.1756990792335389,bull,0.08169902329762468,bull,0.1614564603326385,2026-10-07,-0.06079748453274203,Consumer Cyclical,Internet Retail,Hong Kong,,-2.5877962119561504,-40.58655971006046,0.0,stock,S2 Gehirn,pillar,85.0,manual thematic assignment after stack redesign,"ai, semis, software",47.46,42.47,,bull,stock,,,,0.08169902329762468,9988.HK,Alibaba Group Holding Limited,KYG017191142,9988.HK,9988.HK,,Consumer Cyclical,Internet Retail,Hong Kong,,105.4000015258789,,-40.58655971006046,21.93,,55.3,,,,-0.06079748453274203,-0.1756990792335389,127.86592720031739,0.44154776471647894,0.2432007574065588,0.4954930902307454,53735068.1,5663676259.733207,bull,0.08169902329762468,bull,0.1614564603326385,2026-10-07,False,True,False,OK,,,9988.HK,9988.HK,Internet Retail
AMAT,"Applied Materials, Inc.",AMAT,519.0900268554688,USD,146.72014734564547,21.47,,,,,,,,,,,,,,,,,,,,,,63.5,MED,"{""coverage"": 1.0, ""confluence"": 0.2, ""risk_clean"": 0.6666666666666666, ""regime_align"": 0.57117833119795, ""liquidity"": 0.8705357142857143, ""weights"": {""coverage"": 0.25, ""confluence"": 0.25, ""risk_clean"": 0.2, ""regime_align"": 0.2, ""liquidity"": 0.1}}",US0382221051,AMAT,AMAT,,,0.5949217363438719,0.37517470593206165,0.4248628346251607,6107758.15,3170476342.1102085,431.1265389251709,0.20403171688200183,bull,0.08169902329762468,bull,0.1614564603326385,2026-10-07,-0.1697927388073197,Technology,Semiconductor Equipment & Materials,United States,USD,-2.1083584332495686,146.72014734564547,0.0,stock,S2 Gehirn,pillar,85.0,manual thematic assignment after stack redesign,"ai, semis, software",49.33,50.45,,bull,stock,,,,0.08169902329762468,AMAT,"Applied Materials, Inc.",US0382221051,AMAT,AMAT,,Technology,Semiconductor Equipment & Materials,United States,USD,519.0900268554688,,146.72014734564547,21.47,,63.5,,,,-0.1697927388073197,0.20403171688200183,431.1265389251709,0.5949217363438719,0.37517470593206165,0.4248628346251607,6107758.15,3170476342.1102085,bull,0.08169902329762468,bull,0.1614564603326385,2026-10-07,True,True,False,OK,,,AMAT,AMAT,Semiconductor Equipment & Materials
AMKR,"Amkor Technology, Inc.",AMKR,52.029998779296875,,76.1097799672322,14.9,,,,,,,,,,,,,,,,,,,,,,41.2,LOW,"{""coverage"": 1.0, ""confluence"": 0.0, ""risk_clean"": 0.3333333333333333, ""regime_align"": 0.27325232222934015, ""liquidity"": 0.40625, ""weights"": {""coverage"": 0.25, ""confluence"": 0.25, ""risk_clean"": 0.2, ""regime_align"": 0.2, ""liquidity"": 0.1}}",US0316521006,AMKR,AMKR,,,0.7876966211489123,0.5508313005993747,0.543238922412152,3628856.2,188809383.65624392,57.3286106300354,-0.09242526188071432,bull,0.08169902329762468,bull,0.1614564603326385,2026-10-07,-0.29258711630528744,Technology,Semiconductor Equipment & Materials,United States,,-2.5472946729706236,76.1097799672322,0.0,stock,S2 Gehirn,pillar,85.0,manual thematic assignment after stack redesign,"ai, semis, software",44.55,66.94,,bull,stock,,,,0.08169902329762468,AMKR,"Amkor Technology, Inc.",US0316521006,AMKR,AMKR,,Technology,Semiconductor Equipment & Materials,United States,,52.029998779296875,,76.1097799672322,14.9,,41.2,,,,-0.29258711630528744,-0.09242526188071432,57.3286106300354,0.7876966211489123,0.5508313005993747,0.543238922412152,3628856.2,188809383.65624392,bull,0.08169902329762468,bull,0.1614564603326385,2026-10-07,False,True,False,OK,,,AMKR,AMKR,Semiconductor Equipment & Materials
AMZN,AMAZON.COM,AMZN,259.3699951171875,USD,16.949227407696977,29.89,0.0,Seitwärts,0.0,0.0,47.3,1.3,Zyklus-Tief,22.29,43.435,0.0,23793125376.0,2277217140736.0,716923994112.0,1.04,13.6,10.83,24.43,1.051,66.62,"[27.2, 44.58, 0.0, 98.71, 32.39]",22.206844,83.6,HIGH,"{""coverage"": 1.0, ""confluence"": 0.6, ""risk_clean"": 1.0, ""regime_align"": 0.7226036995515694, ""liquidity"": 0.9196428571428571, ""weights"": {""coverage"": 0.25, ""confluence"": 0.25, ""risk_clean"": 0.2, ""regime_align"": 0.2, ""liquidity"": 0.1}}",US0231351067,AMZN,AMZN,E-Commerce,244.38,0.3445216112265741,0.18276300430666154,0.2173622311569574,35309697.9,9158276171.912365,241.84524993896486,0.0724626395707395,bull,0.08169902329762468,bull,0.1614564603326385,2026-10-07,0.024911741124365783,Consumer Cyclical,Internet Retail,United States,USD,1.201758347799875,16.949227407696977,1.3,stock,S2 Gehirn,pillar,85.0,manual thematic assignment after stack redesign,"ai, semis, software",55.09,28.18,,bull,stock,,,,0.08169902329762468,AMZN,AMAZON.COM,US0231351067,AMZN,AMZN,E-Commerce,Consumer Cyclical,Internet Retail,United States,USD,259.3699951171875,244.38,16.949227407696977,29.89,0.0,83.6,Seitwärts,47.3,Zyklus-Tief,0.024911741124365783,0.0724626395707395,241.84524993896486,0.3445216112265741,0.18276300430666154,0.2173622311569574,35309697.9,9158276171.912365,bull,0.08169902329762468,bull,0.1614564603326385,2026-10-07,True,True,False,OK,,,AMZN,AMZN,Internet Retail
APLD,Applied Digital,APLD,23.985000610351562,USD,-12.14285245183735,13.34,0.0,Seitwärts,0.0,0.0,66.8,50.9,Zyklus-neutral,-7.9,125.912,0.0,-1606530304.0,11793511424.0,263986000.0,-13.62,250.1,-47.35,202.75,4.823,67.1,"[100.0, 0.0, 0.0, 49.06, 56.34]",-41.865925,38.9,LOW,"{""coverage"": 1.0, ""confluence"": 0.2, ""risk_clean"": 0.0, ""regime_align"": 0.16331678411274825, ""liquidity"": 0.5625, ""weights"": {""coverage"": 0.25, ""confluence"": 0.25, ""risk_clean"": 0.2, ""regime_align"": 0.2, ""liquidity"": 0.1}}",US0381692070,APLD,APLD,Tech 💻,,1.0286628811769138,0.5487748849855811,0.532326312190512,17554251.5,421038732.94176483,32.131325035095216,-0.2535321657555637,bull,0.08169902329762468,bull,0.1614564603326385,2026-10-07,-0.2622902231287709,Technology,Information Technology Services,United States,USD,-5.347275193674161,-12.14285245183735,50.9,stock,S2 Gehirn,pillar,85.0,manual thematic assignment after stack redesign,"ai, semis, software",43.26,70.39,,bull,stock,,,,0.08169902329762468,APLD,Applied Digital,US0381692070,APLD,APLD,Tech 💻,Technology,Information Technology Services,United States,USD,23.985000610351562,,-12.14285245183735,13.34,0.0,38.9,Seitwärts,66.8,Zyklus-neutral,-0.2622902231287709,-0.2535321657555637,32.131325035095216,1.0286628811769138,0.5487748849855811,0.532326312190512,17554251.5,421038732.94176483,bull,0.08169902329762468,bull,0.1614564603326385,2026-10-07,False,True,False,OK,,,APLD,APLD,Information Technology Services
ASML,ASML HOLDING,ASML,1799.8365478515625,USD,80.75340126422164,34.14,0.0,Seitwärts,0.0,0.0,73.9,35.5,Zyklus-neutral,50.46,13.813,62.0,12685974528.0,535751229440.0,32667299840.0,2.37,4.9,29.42,34.32,1.262,18.74,"[9.8, 100.0, 0.0, 64.53, 12.03]",31.993082,82.7,HIGH,"{""coverage"": 1.0, ""confluence"": 0.6, ""risk_clean"": 1.0, ""regime_align"": 0.7139153587443946, ""liquidity"": 0.8392857142857143, ""weights"": {""coverage"": 0.25, ""confluence"": 0.25, ""risk_clean"": 0.2, ""regime_align"": 0.2, ""liquidity"": 0.1}}",NL0010273215,ASML,ASML,Gehirn,1466.93,0.46369880975498917,0.27479585017526276,0.2195313939004605,1374954.9,2474694080.66759,1551.621510620117,0.15997138189470217,bull,0.08169902329762468,bull,0.1614564603326385,2026-10-07,-0.02957885870256627,Technology,Semiconductor Equipment & Materials,Netherlands,USD,-1.8681330456606582,80.75340126422164,35.5,stock,S2 Gehirn,pillar,85.0,manual thematic assignment after stack redesign,"ai, semis, software",63.03,32.53,,bull,stock,,,,0.08169902329762468,ASML,ASML HOLDING,NL0010273215,ASML,ASML,Gehirn,Technology,Semiconductor Equipment & Materials,Netherlands,USD,1799.8365478515625,1466.93,80.75340126422164,34.14,0.0,82.7,Seitwärts,73.9,Zyklus-neutral,-0.02957885870256627,0.15997138189470217,1551.621510620117,0.46369880975498917,0.27479585017526276,0.2195313939004605,1374954.9,2474694080.66759,bull,0.08169902329762468,bull,0.1614564603326385,2026-10-07,True,True,False,OK,,,ASML,ASML,Semiconductor Equipment & Materials
ASX,"ASE Technology Holding Co., Ltd.",ASX,45.651798248291016,,305.1936219141571,25.38,,,,,,,,,,,,,,,,,,,,,,70.7,MED,"{""coverage"": 1.0, ""confluence"": 0.4, ""risk_clean"": 0.6666666666666666, ""regime_align"": 0.8593249519538757, ""liquidity"": 0.5133928571428571, ""weights"": {""coverage"": 0.25, ""confluence"": 0.25, ""risk_clean"": 0.2, ""regime_align"": 0.2, ""liquidity"": 0.1}}",US00215W1009,ASX,ASX,,,0.5668028765157174,0.36280233998056777,0.303345400370175,6560378.0,299493052.8885269,30.9683327293396,0.47414452845374533,bull,0.08169902329762468,bull,0.1614564603326385,2026-10-07,0.03785703248885963,Technology,Semiconductors,Taiwan,,-2.4117156059122458,305.1936219141571,0.0,stock,S2 Gehirn,pillar,85.0,manual thematic assignment after stack redesign,"ai, semis, software",54.87,48.99,,bull,stock,,,,0.08169902329762468,ASX,"ASE Technology Holding Co., Ltd.",US00215W1009,ASX,ASX,,Technology,Semiconductors,Taiwan,,45.651798248291016,,305.1936219141571,25.38,,70.7,,,,0.03785703248885963,0.47414452845374533,30.9683327293396,0.5668028765157174,0.36280233998056777,0.303345400370175,6560378.0,299493052.8885269,bull,0.08169902329762468,bull,0.1614564603326385,2026-10-07,True,True,False,OK,,,ASX,ASX,Semiconductors
BIDU,BAIDU INC,BIDU,85.41999816894531,USD,-38.520226955538874,12.82,0.0,Seitwärts,0.0,0.0,65.8,26.0,Zyklus-neutral,3.08,33.81,0.0,21750999040.0,396094570496.0,130462998528.0,5.49,-7.1,6.9,-0.2,1.907,23.06,"[0.0, 6.16, 0.0, 73.98, 26.0]",17.818422,51.6,MED,"{""coverage"": 1.0, ""confluence"": 0.0, ""risk_clean"": 1.0, ""regime_align"": 0.11636170723894938, ""liquidity"": 0.4241071428571428, ""weights"": {""coverage"": 0.25, ""confluence"": 0.25, ""risk_clean"": 0.2, ""regime_align"": 0.2, ""liquidity"": 0.1}}",US0567521085,BIDU,BIDU,Tech 💻,158.08,0.48545929442744173,0.3146361465679182,0.481171563634322,2253694.65,192510592.87636185,119.32105014801026,-0.2841162723342848,bull,0.08169902329762468,bull,0.1614564603326385,2026-10-07,-0.30548104962511746,Communication Services,Internet Content & Information,China,USD,-1.8724926199523928,-38.520226955538874,26.0,stock,S2 Gehirn,pillar,85.0,manual thematic assignment after stack redesign,"ai, semis, software",35.95,50.22,,bull,stock,,,,0.08169902329762468,BIDU,BAIDU INC,US0567521085,BIDU,BIDU,Tech 💻,Communication Services,Internet Content & Information,China,USD,85.41999816894531,158.08,-38.520226955538874,12.82,0.0,51.6,Seitwärts,65.8,Zyklus-neutral,-0.30548104962511746,-0.2841162723342848,119.32105014801026,0.48545929442744173,0.3146361465679182,0.481171563634322,2253694.65,192510592.87636185,bull,0.08169902329762468,bull,0.1614564603326385,2026-10-07,False,True,False,OK,,,BIDU,BIDU,Internet Content & Information
DVLT,Datavault AI Inc.,DVLT,0.1534000039100647,USD,-93.93675867016712,5.92,0.0,Seitwärts,0.0,0.0,44.8,71.3,Zyklus-neutral,-165.72,29.069,0.0,-28070000.0,238018480.0,6170000.0,-11.79,147.8,0.0,147.8,0.684,3.15,"[100.0, 0.0, 0.0, 28.75, 100.0]",0.0,37.7,LOW,"{""coverage"": 1.0, ""confluence"": 0.2, ""risk_clean"": 0.3333333333333333, ""regime_align"": 0.006706438180653427, ""liquidity"": 0.09375, ""weights"": {""coverage"": 0.25, ""confluence"": 0.25, ""risk_clean"": 0.2, ""regime_align"": 0.2, ""liquidity"": 0.1}}",US86633R6099,DVLT,DVLT,Tech 💻,,1.7234320985349492,0.8271583993081432,0.9561403501127956,51378032.2,7881390.34037143,0.5292170009762048,-0.7101378005107549,bull,0.08169902329762468,bull,0.1614564603326385,2026-10-07,-0.6061630957474802,Technology,Software - Infrastructure,United States,USD,2.266665209664298,-93.93675867016712,71.3,stock,S2 Gehirn,pillar,85.0,manual thematic assignment after stack redesign,"ai, semis, software",34.19,77.65,,bull,stock,,,,0.08169902329762468,DVLT,Datavault AI Inc.,US86633R6099,DVLT,DVLT,Tech 💻,Technology,Software - Infrastructure,United States,USD,0.1534000039100647,,-93.93675867016712,5.92,0.0,37.7,Seitwärts,44.8,Zyklus-neutral,-0.6061630957474802,-0.7101378005107549,0.5292170009762048,1.7234320985349492,0.8271583993081432,0.9561403501127956,51378032.2,7881390.34037143,bull,0.08169902329762468,bull,0.1614564603326385,2026-10-07,False,True,False,OK,,,DVLT,DVLT,Software - Infrastructure
GOOGL,ALPHABET INC.A,GOOGL,348.510009765625,USD,42.17788719605133,36.74,0.0,Seitwärts,0.0,0.0,75.0,4.9,Zyklus-Tief,35.71,16.133,26.0,38088376320.0,3794015354880.0,402835996672.0,1.0,18.0,32.81,50.81,2.005,81.35,"[36.0, 71.42, 0.0, 95.07, 21.4]",23.884943,76.3,HIGH,"{""coverage"": 1.0, ""confluence"": 0.4, ""risk_clean"": 1.0, ""regime_align"": 0.6063621076233183, ""liquidity"": 0.9151785714285714, ""weights"": {""coverage"": 0.25, ""confluence"": 0.25, ""risk_clean"": 0.2, ""regime_align"": 0.2, ""liquidity"": 0.1}}",US02079K3059,GOOGL,GOOGL,Gehirn,335.67,0.31660300122920426,0.1882844075334486,0.21047200943300937,26216423.65,9136686062.281261,339.2374085998535,0.027333663477865366,bull,0.08169902329762468,bull,0.1614564603326385,2026-10-07,-0.05592047752083096,Communication Services,Internet Content & Information,United States,USD,0.2387301850347745,42.17788719605133,4.9,stock,S2 Gehirn,pillar,85.0,manual thematic assignment after stack redesign,"ai, semis, software",64.48,24.61,,bull,stock,,,,0.08169902329762468,GOOGL,ALPHABET INC.A,US02079K3059,GOOGL,GOOGL,Gehirn,Communication Services,Internet Content & Information,United States,USD,348.510009765625,335.67,42.17788719605133,36.74,0.0,76.3,Seitwärts,75.0,Zyklus-Tief,-0.05592047752083096,0.027333663477865366,339.2374085998535,0.31660300122920426,0.1882844075334486,0.21047200943300937,26216423.65,9136686062.281261,bull,0.08169902329762468,bull,0.1614564603326385,2026-10-07,True,True,False,OK,,,GOOGL,GOOGL,Internet Content & Information
IFX.DE,INFINEON TECH.,IFX.DE,60.95000076293945,EUR,83.12164884791369,18.48,0.0,Seitwärts,0.0,0.0,57.6,40.9,Zyklus-neutral,5.71,41.673,83.0,1671250048.0,61230231552.0,14899999744.0,2.73,7.0,6.88,13.88,1.721,55.03,"[14.0, 11.42, 0.0, 59.12, 22.1]",18.915174,64.5,MED,"{""coverage"": 1.0, ""confluence"": 0.2, ""risk_clean"": 1.0, ""regime_align"": 0.49056093850096094, ""liquidity"": 0.4642857142857143, ""weights"": {""coverage"": 0.25, ""confluence"": 0.25, ""risk_clean"": 0.2, ""regime_align"": 0.2, ""liquidity"": 0.1}}",DE0006231004,IFX.DE,IFX.DE,Gehirn,42.32,0.5371017655168193,0.3278714936767921,0.3859090805053711,3988608.1,243105666.7380665,55.96020927429199,0.08916677677507834,bull,0.08169902329762468,bull,0.1614564603326385,2026-10-07,-0.19135259565500162,Technology,Semiconductors,Germany,EUR,-5.766851460478195,83.12164884791369,40.9,stock,S2 Gehirn,pillar,85.0,manual thematic assignment after stack redesign,"ai, semis, software",44.56,49.92,,bull,stock,,,,0.08169902329762468,IFX.DE,INFINEON TECH.,DE0006231004,IFX.DE,IFX.DE,Gehirn,Technology,Semiconductors,Germany,EUR,60.95000076293945,42.32,83.12164884791369,18.48,0.0,64.5,Seitwärts,57.6,Zyklus-neutral,-0.19135259565500162,0.08916677677507834,55.96020927429199,0.5371017655168193,0.3278714936767921,0.3859090805053711,3988608.1,243105666.7380665,bull,0.08169902329762468,bull,0.1614564603326385,2026-10-07,True,True,False,OK,,,IFX.DE,IFX.DE,Semiconductors
JD,JD.COM ADR,JD,26.9950008392334,USD,-19.869901125081523,21.79,0.0,Seitwärts,0.0,0.0,39.9,39.2,Zyklus-neutral,11.72,36.821,353.0,-13451249664.0,68616331264.0,1303786946560.0,-19.6,14.9,2.47,17.37,1.198,15.54,"[29.8, 23.44, 0.0, 60.83, 42.95]",9.074207,58.8,MED,"{""coverage"": 1.0, ""confluence"": 0.0, ""risk_clean"": 1.0, ""regime_align"": 0.5033732383087764, ""liquidity"": 0.3705357142857143, ""weights"": {""coverage"": 0.25, ""confluence"": 0.25, ""risk_clean"": 0.2, ""regime_align"": 0.2, ""liquidity"": 0.1}}",US47215P1066,JD,JD,E-Commerce,29.49,0.3077722760305547,0.180338728769301,0.2738707797854134,5876278.5,158630143.03906918,28.491918840408324,-0.052538335854443785,bull,0.08169902329762468,bull,0.1614564603326385,2026-10-07,-0.07500469338013382,Consumer Cyclical,Internet Retail,China,USD,1.8679276952203727,-19.869901125081523,39.2,stock,S2 Gehirn,pillar,85.0,manual thematic assignment after stack redesign,"ai, semis, software",44.42,33.74,,bull,stock,,,,0.08169902329762468,JD,JD.COM ADR,US47215P1066,JD,JD,E-Commerce,Consumer Cyclical,Internet Retail,China,USD,26.9950008392334,29.49,-19.869901125081523,21.79,0.0,58.8,Seitwärts,39.9,Zyklus-neutral,-0.07500469338013382,-0.052538335854443785,28.491918840408324,0.3077722760305547,0.180338728769301,0.2738707797854134,5876278.5,158630143.03906918,bull,0.08169902329762468,bull,0.1614564603326385,2026-10-07,False,True,False,OK,,,JD,JD,Internet Retail
KLAC,KLA Corporation,KLAC,196.4199981689453,,82.05248834733516,20.24,,,,,,,,,,,,,,,,,,,,,,61.6,MED,"{""coverage"": 1.0, ""confluence"": 0.2, ""risk_clean"": 0.6666666666666666, ""regime_align"": 0.5084581197950032, ""liquidity"": 0.8125, ""weights"": {""coverage"": 0.25, ""confluence"": 0.25, ""risk_clean"": 0.2, ""regime_align"": 0.2, ""liquidity"": 0.1}}",US4824801009,KLAC,KLAC,,,0.6050608557605412,0.4393061125093647,0.44466815138541516,8886468.0,1745480028.288391,178.70814044952394,0.09911052554667532,bull,0.08169902329762468,bull,0.1614564603326385,2026-10-07,-0.18292208956142597,Technology,Semiconductor Equipment & Materials,United States,,-0.5266932591716733,82.05248834733516,0.0,stock,S2 Gehirn,pillar,85.0,manual thematic assignment after stack redesign,"ai, semis, software",48.32,53.2,,bull,stock,,,,0.08169902329762468,KLAC,KLA Corporation,US4824801009,KLAC,KLAC,,Technology,Semiconductor Equipment & Materials,United States,,196.4199981689453,,82.05248834733516,20.24,,61.6,,,,-0.18292208956142597,0.09911052554667532,178.70814044952394,0.6050608557605412,0.4393061125093647,0.44466815138541516,8886468.0,1745480028.288391,bull,0.08169902329762468,bull,0.1614564603326385,2026-10-07,True,True,False,OK,,,KLAC,KLAC,Semiconductor Equipment & Materials
LRCX,Lam Research Corporation,LRCX,326.5400085449219,,133.73583353475635,22.36,,,,,,,,,,,,,,,,,,,,,,65.1,MED,"{""coverage"": 1.0, ""confluence"": 0.2, ""risk_clean"": 0.6666666666666666, ""regime_align"": 0.6559397021140295, ""liquidity"": 0.8660714285714286, ""weights"": {""coverage"": 0.25, ""confluence"": 0.25, ""risk_clean"": 0.2, ""regime_align"": 0.2, ""liquidity"": 0.1}}",US5128073062,LRCX,LRCX,,,0.6454121267195847,0.39507974505911675,0.41764934428507483,9297283.0,3035934870.264557,277.23697387695313,0.1778371549021851,bull,0.08169902329762468,bull,0.1614564603326385,2026-10-07,-0.09919136819865293,Technology,Semiconductor Equipment & Materials,United States,,-2.201325520697184,133.73583353475635,0.0,stock,S2 Gehirn,pillar,85.0,manual thematic assignment after stack redesign,"ai, semis, software",51.09,51.66,,bull,stock,,,,0.08169902329762468,LRCX,Lam Research Corporation,US5128073062,LRCX,LRCX,,Technology,Semiconductor Equipment & Materials,United States,,326.5400085449219,,133.73583353475635,22.36,,65.1,,,,-0.09919136819865293,0.1778371549021851,277.23697387695313,0.6454121267195847,0.39507974505911675,0.41764934428507483,9297283.0,3035934870.264557,bull,0.08169902329762468,bull,0.1614564603326385,2026-10-07,True,True,False,OK,,,LRCX,LRCX,Semiconductor Equipment & Materials
MELI,MercadoLibre Inc.,MELI,1882.8900146484375,USD,-13.927784902425556,27.66,0.0,Seitwärts,0.0,0.0,50.3,20.4,Zyklus-neutral,40.65,159.296,0.0,-4066249984.0,108489015296.0,26193000448.0,-3.75,39.5,7.93,47.43,1.174,84.75,"[79.0, 81.3, 0.0, 79.65, 27.28]",33.958015,68.5,MED,"{""coverage"": 1.0, ""confluence"": 0.4, ""risk_clean"": 0.6666666666666666, ""regime_align"": 0.6353599455477258, ""liquidity"": 0.7410714285714286, ""weights"": {""coverage"": 0.25, ""confluence"": 0.25, ""risk_clean"": 0.2, ""regime_align"": 0.2, ""liquidity"": 0.1}}",US58733R1023,MELI,MELI,Konsum 🥨,,0.41399248341056893,0.3155016040695779,0.3447830138619993,695188.8,1308964049.8154297,1836.5490997314453,0.02523260332313937,bull,0.08169902329762468,bull,0.1614564603326385,2026-10-07,-0.01571566863151097,Consumer Cyclical,Internet Retail,Uruguay,USD,1.3401592336308221,-13.927784902425556,20.4,stock,S2 Gehirn,pillar,85.0,manual thematic assignment after stack redesign,"ai, semis, software",57.58,46.54,,bull,stock,,,,0.08169902329762468,MELI,MercadoLibre Inc.,US58733R1023,MELI,MELI,Konsum 🥨,Consumer Cyclical,Internet Retail,Uruguay,USD,1882.8900146484375,,-13.927784902425556,27.66,0.0,68.5,Seitwärts,50.3,Zyklus-neutral,-0.01571566863151097,0.02523260332313937,1836.5490997314453,0.41399248341056893,0.3155016040695779,0.3447830138619993,695188.8,1308964049.8154297,bull,0.08169902329762468,bull,0.1614564603326385,2026-10-07,True,True,False,OK,,,MELI,MELI,Internet Retail
META,META PLATFORMS INC,META,724.8300170898438,USD,1.9925784166366922,32.79,0.0,Seitwärts,0.0,0.0,47.0,39.9,Zyklus-neutral,30.24,39.164,31.0,23432374272.0,1700112498688.0,200965996544.0,1.38,23.8,30.08,53.88,2.599,79.52,"[47.6, 60.48, 0.0, 60.14, 29.7]",18.803259,95.4,HIGH,"{""coverage"": 1.0, ""confluence"": 1.0, ""risk_clean"": 1.0, ""regime_align"": 0.8031810538116593, ""liquidity"": 0.9330357142857143, ""weights"": {""coverage"": 0.25, ""confluence"": 0.25, ""risk_clean"": 0.2, ""regime_align"": 0.2, ""liquidity"": 0.1}}",US30303M1027,META,META,Tech 💻,673.89,0.41884935701363757,0.2923710156130809,0.29942768814821386,21940809.4,15903357252.367002,628.5850830078125,0.1531136145030585,bull,0.08169902329762468,bull,0.1614564603326385,2026-10-07,0.05169348322232481,Communication Services,Internet Content & Information,United States,USD,-1.9015249702415638,1.9925784166366922,39.9,stock,S2 Gehirn,pillar,85.0,manual thematic assignment after stack redesign,"ai, semis, software",62.08,36.0,,bull,stock,,,,0.08169902329762468,META,META PLATFORMS INC,US30303M1027,META,META,Tech 💻,Communication Services,Internet Content & Information,United States,USD,724.8300170898438,673.89,1.9925784166366922,32.79,0.0,95.4,Seitwärts,47.0,Zyklus-neutral,0.05169348322232481,0.1531136145030585,628.5850830078125,0.41884935701363757,0.2923710156130809,0.29942768814821386,21940809.4,15903357252.367002,bull,0.08169902329762468,bull,0.1614564603326385,2026-10-07,True,True,False,OK,,,META,META,Internet Content & Information
MSFT,MICROSOFT DL,MSFT,530.4400024414062,USD,2.065795793926606,35.72,0.0,Seitwärts,0.0,0.0,53.6,43.2,Zyklus-neutral,34.39,31.539,88.0,53640626176.0,3102605836288.0,305453006848.0,1.73,16.7,39.04,55.74,1.386,76.1,"[33.4, 68.78, 0.0, 56.83, 36.18]",21.908993,92.9,HIGH,"{""coverage"": 1.0, ""confluence"": 0.8, ""risk_clean"": 1.0, ""regime_align"": 0.9328255124919923, ""liquidity"": 0.9196428571428571, ""weights"": {""coverage"": 0.25, ""confluence"": 0.25, ""risk_clean"": 0.2, ""regime_align"": 0.2, ""liquidity"": 0.1}}",US5949181045,MSFT,MSFT,Gehirn,481.15,0.32718930461559753,0.207191692994084,0.34498397568158834,21609533.75,11462561135.10765,432.2431605529785,0.22717963139729558,bull,0.08169902329762468,bull,0.1614564603326385,2026-10-07,0.34772726960830447,Technology,Software - Infrastructure,United States,USD,0.21538157467015928,2.065795793926606,43.2,stock,S2 Gehirn,pillar,85.0,manual thematic assignment after stack redesign,"ai, semis, software",65.02,31.16,,bull,stock,,,,0.08169902329762468,MSFT,MICROSOFT DL,US5949181045,MSFT,MSFT,Gehirn,Technology,Software - Infrastructure,United States,USD,530.4400024414062,481.15,2.065795793926606,35.72,0.0,92.9,Seitwärts,53.6,Zyklus-neutral,0.34772726960830447,0.22717963139729558,432.2431605529785,0.32718930461559753,0.207191692994084,0.34498397568158834,21609533.75,11462561135.10765,bull,0.08169902329762468,bull,0.1614564603326385,2026-10-07,True,True,False,OK,,,MSFT,MSFT,Software - Infrastructure
MU,MICRON TECHNOLOGY INC,MU,1087.35498046875,USD,486.14819113948545,35.05,0.0,Seitwärts,0.0,0.0,76.3,0.0,Zyklus-Tief,22.55,21.244,12.0,444249984.0,422271320064.0,42311999488.0,0.11,56.7,28.15,84.85,2.46,83.37,"[100.0, 45.1, 0.0, 100.0, 21.56]",8.597669,90.9,HIGH,"{""coverage"": 1.0, ""confluence"": 1.0, ""risk_clean"": 0.6666666666666666, ""regime_align"": 0.8995035233824471, ""liquidity"": 0.9553571428571429, ""weights"": {""coverage"": 0.25, ""confluence"": 0.25, ""risk_clean"": 0.2, ""regime_align"": 0.2, ""liquidity"": 0.1}}",US5951121038,MU,MU,Tech 💻,414.04,0.8123624885123074,0.47259945943930937,0.3909541844002312,25304472.05,27514943711.69978,693.9520399475098,0.5669022034303655,bull,0.08169902329762468,bull,0.1614564603326385,2026-10-07,0.07806481077427896,Technology,Semiconductors,United States,USD,3.9973716986868357,486.14819113948545,0.0,stock,S2 Gehirn,pillar,85.0,manual thematic assignment after stack redesign,"ai, semis, software",70.63,51.7,,bull,stock,,,,0.08169902329762468,MU,MICRON TECHNOLOGY INC,US5951121038,MU,MU,Tech 💻,Technology,Semiconductors,United States,USD,1087.35498046875,414.04,486.14819113948545,35.05,0.0,90.9,Seitwärts,76.3,Zyklus-Tief,0.07806481077427896,0.5669022034303655,693.9520399475098,0.8123624885123074,0.47259945943930937,0.3909541844002312,25304472.05,27514943711.69978,bull,0.08169902329762468,bull,0.1614564603326385,2026-10-07,True,True,False,OK,,,MU,MU,Semiconductors
NVDA,NVIDIA CORP.,NVDA,236.7899932861328,USD,28.273511284740515,39.55,0.0,Seitwärts,0.0,0.0,60.0,73.6,Zyklus-neutral,107.36,9.102,2.0,53282873344.0,4531735756800.0,187141996544.0,1.18,62.5,53.01,115.51,4.468,69.59,"[100.0, 100.0, 0.0, 26.36, 30.04]",24.441496,96.4,HIGH,"{""coverage"": 1.0, ""confluence"": 1.0, ""risk_clean"": 1.0, ""regime_align"": 0.8434196828955798, ""liquidity"": 0.9508928571428571, ""weights"": {""coverage"": 0.25, ""confluence"": 0.25, ""risk_clean"": 0.2, ""regime_align"": 0.2, ""liquidity"": 0.1}}",US67066G1040,NVDA,NVDA,Gehirn,186.47,0.37761002526638787,0.2253674736598909,0.20214390449746988,106949504.15,25324572369.633736,201.34583869934082,0.17603619134001014,bull,0.08169902329762468,bull,0.1614564603326385,2026-10-07,0.09142198159342407,Technology,Semiconductors,United States,USD,-1.024081320338066,28.273511284740515,73.6,stock,S2 Gehirn,pillar,85.0,manual thematic assignment after stack redesign,"ai, semis, software",69.46,26.67,,bull,stock,,,,0.08169902329762468,NVDA,NVIDIA CORP.,US67066G1040,NVDA,NVDA,Gehirn,Technology,Semiconductors,United States,USD,236.7899932861328,186.47,28.273511284740515,39.55,0.0,96.4,Seitwärts,60.0,Zyklus-neutral,0.09142198159342407,0.17603619134001014,201.34583869934082,0.37761002526638787,0.2253674736598909,0.20214390449746988,106949504.15,25324572369.633736,bull,0.08169902329762468,bull,0.1614564603326385,2026-10-07,True,True,False,OK,,,NVDA,NVDA,Semiconductors
NXP,NXP SEMICONDUCTORS NV,NXP,13.120100021362305,USD,-4.660824846718404,23.3,0.0,Seitwärts,0.0,0.0,48.7,100.0,Zyklus-Hoch,1.13,100.0,446.0,0.0,741452096.0,34414504.0,0.0,9.1,24.21,33.31,4.03,15.78,"[18.2, 2.26, 0.0, 0.0, 25.0]",0.0,53.4,MED,"{""coverage"": 1.0, ""confluence"": 0.2, ""risk_clean"": 0.6666666666666666, ""regime_align"": 0.46762892376681614, ""liquidity"": 0.0669642857142857, ""weights"": {""coverage"": 0.25, ""confluence"": 0.25, ""risk_clean"": 0.2, ""regime_align"": 0.2, ""liquidity"": 0.1}}",NL0009538784,NXP,NXP,Tech 💻,13.93,0.09026033506809751,0.06729578360065254,0.0974753612974073,365949.95,4801299.946812535,13.930300788879395,-0.05816103900382941,bull,0.08169902329762468,bull,0.1614564603326385,2026-10-07,-0.10355099704278015,Financial Services,Asset Management,United States,USD,-0.7556750654208355,-4.660824846718404,100.0,stock,S2 Gehirn,pillar,85.0,manual thematic assignment after stack redesign,"ai, semis, software",46.43,32.74,,bull,stock,,,,0.08169902329762468,NXP,NXP SEMICONDUCTORS NV,NL0009538784,NXP,NXP,Tech 💻,Financial Services,Asset Management,United States,USD,13.120100021362305,13.93,-4.660824846718404,23.3,0.0,53.4,Seitwärts,48.7,Zyklus-Hoch,-0.10355099704278015,-0.05816103900382941,13.930300788879395,0.09026033506809751,0.06729578360065254,0.0974753612974073,365949.95,4801299.946812535,bull,0.08169902329762468,bull,0.1614564603326385,2026-10-07,False,False,False,OK,,,NXP,NXP,Asset Management
ON,ON SEMICOND.,ON,82.6500015258789,USD,71.57983115548983,10.88,1.76,BUY,66.86,79.21,59.9,88.0,Zyklus-Hoch,1.5,39.064,0.0,1250724992.0,27005202432.0,5995400192.0,4.63,-11.2,2.02,-9.18,4.522,109.63,"[0.0, 3.0, 0.0, 31.95, 17.06]",16.742908,47.2,LOW,"{""coverage"": 1.0, ""confluence"": 0.0, ""risk_clean"": 0.3333333333333333, ""regime_align"": 0.43442704996796927, ""liquidity"": 0.6830357142857143, ""weights"": {""coverage"": 0.25, ""confluence"": 0.25, ""risk_clean"": 0.2, ""regime_align"": 0.2, ""liquidity"": 0.1}}",US6821891057,ON,ON,Gehirn,63.03,0.6364873330486734,0.46217831640193585,0.5027252884621081,12045597.65,995568664.1526234,80.91819993972778,0.02140187976797625,bull,0.08169902329762468,bull,0.1614564603326385,2026-10-07,-0.1709778031802105,Technology,Semiconductors,United States,USD,-4.240523851515765,71.57983115548983,88.0,stock,S2 Gehirn,pillar,85.0,manual thematic assignment after stack redesign,"ai, semis, software",33.14,50.76,,bull,stock,,,,0.08169902329762468,ON,ON SEMICOND.,US6821891057,ON,ON,Gehirn,Technology,Semiconductors,United States,USD,82.6500015258789,63.03,71.57983115548983,10.88,1.76,47.2,BUY,59.9,Zyklus-Hoch,-0.1709778031802105,0.02140187976797625,80.91819993972778,0.6364873330486734,0.46217831640193585,0.5027252884621081,12045597.65,995568664.1526234,bull,0.08169902329762468,bull,0.1614564603326385,2026-10-07,True,True,False,OK,,,ON,ON,Semiconductors
ORCL,ORACLE CORP,ORCL,144.2449951171875,USD,-48.67398399003411,23.95,0.0,Seitwärts,0.0,0.0,47.1,57.0,Zyklus-neutral,69.03,432.511,125.0,-10208000000.0,571854749696.0,61015998464.0,-1.79,14.2,25.28,39.48,0.909,45.01,"[28.4, 100.0, 0.0, 42.99, 50.22]",20.229126,60.9,MED,"{""coverage"": 1.0, ""confluence"": 0.4, ""risk_clean"": 0.3333333333333333, ""regime_align"": 0.5187079596412556, ""liquidity"": 0.8883928571428571, ""weights"": {""coverage"": 0.25, ""confluence"": 0.25, ""risk_clean"": 0.2, ""regime_align"": 0.2, ""liquidity"": 0.1}}",US68389X1054,ORCL,ORCL,Tech 💻,174.77,0.5652613192052003,0.32014027317830507,0.6290762078673806,34079243.55,4915760319.467194,161.65676654815672,-0.10770827477724132,bull,0.08169902329762468,bull,0.1614564603326385,2026-10-07,-0.006641409667269782,Technology,Software - Infrastructure,United States,USD,-0.3626505075494446,-48.67398399003411,57.0,stock,S2 Gehirn,pillar,85.0,manual thematic assignment after stack redesign,"ai, semis, software",55.94,59.11,,bull,stock,,,,0.08169902329762468,ORCL,ORACLE CORP,US68389X1054,ORCL,ORCL,Tech 💻,Technology,Software - Infrastructure,United States,USD,144.2449951171875,174.77,-48.67398399003411,23.95,0.0,60.9,Seitwärts,47.1,Zyklus-neutral,-0.006641409667269782,-0.10770827477724132,161.65676654815672,0.5652613192052003,0.32014027317830507,0.6290762078673806,34079243.55,4915760319.467194,bull,0.08169902329762468,bull,0.1614564603326385,2026-10-07,False,True,False,OK,,,ORCL,ORCL,Software - Infrastructure
PLTR,PALANTIR TECHN.,PLTR,193.6999969482422,USD,6.329252289174359,34.66,0.0,Seitwärts,0.0,0.0,54.0,30.5,Zyklus-neutral,25.98,3.063,0.0,1260918400.0,326150029312.0,4475445760.0,0.39,70.0,36.31,106.31,7.11,60.57,"[100.0, 51.96, 0.0, 69.5, 4.56]",77.01267,91.1,HIGH,"{""coverage"": 1.0, ""confluence"": 1.0, ""risk_clean"": 0.6666666666666666, ""regime_align"": 0.9507226937860346, ""liquidity"": 0.8794642857142857, ""weights"": {""coverage"": 0.25, ""confluence"": 0.25, ""risk_clean"": 0.2, ""regime_align"": 0.2, ""liquidity"": 0.1}}",US69608A1088,PLTR,PLTR,Gehirn,167.47,0.6008487129264299,0.3516594963705664,0.4822376656276136,21689351.4,4201227299.989352,152.22672466278075,0.272444095327774,bull,0.08169902329762468,bull,0.1614564603326385,2026-10-07,0.4954487706577131,Technology,Software - Infrastructure,United States,USD,0.8486434955312872,6.329252289174359,30.5,stock,S2 Gehirn,pillar,85.0,manual thematic assignment after stack redesign,"ai, semis, software",68.19,46.0,,bull,stock,,,,0.08169902329762468,PLTR,PALANTIR TECHN.,US69608A1088,PLTR,PLTR,Gehirn,Technology,Software - Infrastructure,United States,USD,193.6999969482422,167.47,6.329252289174359,34.66,0.0,91.1,Seitwärts,54.0,Zyklus-neutral,0.4954487706577131,0.272444095327774,152.22672466278075,0.6008487129264299,0.3516594963705664,0.4822376656276136,21689351.4,4201227299.989352,bull,0.08169902329762468,bull,0.1614564603326385,2026-10-07,True,True,False,OK,,,PLTR,PLTR,Software - Infrastructure
SAP.DE,SAP SE O.N.,SAP.DE,187.6199951171875,EUR,-18.806672031190843,25.51,0.0,Seitwärts,0.0,0.0,35.8,68.8,Zyklus-neutral,16.46,17.84,134.0,7799625216.0,206661484544.0,36800000000.0,3.77,3.3,19.91,23.21,1.174,40.19,"[6.6, 32.92, 0.0, 31.24, 36.01]",20.883703,83.2,HIGH,"{""coverage"": 1.0, ""confluence"": 0.6, ""risk_clean"": 1.0, ""regime_align"": 0.8857503203074952, ""liquidity"": 0.5491071428571429, ""weights"": {""coverage"": 0.25, ""confluence"": 0.25, ""risk_clean"": 0.2, ""regime_align"": 0.2, ""liquidity"": 0.1}}",DE0007164600,SAP.DE,SAP.DE,Gehirn,195.54,0.4092122670285037,0.3117729909292889,0.46075256027080425,2199405.95,412652533.59971315,164.17622650146484,0.1427963665343075,bull,0.08169902329762468,bull,0.1614564603326385,2026-10-07,0.33144140191722093,Technology,Software - Application,Germany,EUR,-0.5196240480449532,-18.806672031190843,68.8,stock,S2 Gehirn,pillar,85.0,manual thematic assignment after stack redesign,"ai, semis, software",53.46,44.03,,bull,stock,,,,0.08169902329762468,SAP.DE,SAP SE O.N.,DE0007164600,SAP.DE,SAP.DE,Gehirn,Technology,Software - Application,Germany,EUR,187.6199951171875,195.54,-18.806672031190843,25.51,0.0,83.2,Seitwärts,35.8,Zyklus-neutral,0.33144140191722093,0.1427963665343075,164.17622650146484,0.4092122670285037,0.3117729909292889,0.46075256027080425,2199405.95,412652533.59971315,bull,0.08169902329762468,bull,0.1614564603326385,2026-10-07,True,True,False,OK,,,SAP.DE,SAP.DE,Software - Application
SNOW,SNOWFLAKE INC. A,SNOW,334.7749938964844,USD,42.57271725108114,18.99,0.0,Seitwärts,0.0,0.0,48.8,55.9,Zyklus-neutral,-53.09,125.912,0.0,1285029632.0,61811384320.0,4386721792.0,2.08,28.7,-30.76,-2.06,1.367,76.66,"[57.4, 0.0, 0.0, 44.05, 1.67]",112.415726,66.3,MED,"{""coverage"": 1.0, ""confluence"": 0.6, ""risk_clean"": 0.0, ""regime_align"": 0.9441263613068546, ""liquidity"": 0.7455357142857143, ""weights"": {""coverage"": 0.25, ""confluence"": 0.25, ""risk_clean"": 0.2, ""regime_align"": 0.2, ""liquidity"": 0.1}}",US8334451098,SNOW,SNOW,Gehirn,212.77,0.6490509951761833,0.3676893908229067,0.5630006703868291,3934097.7,1317037533.5056732,229.74357482910156,0.4571680367797537,bull,0.08169902329762468,bull,0.1614564603326385,2026-10-07,0.24818087003240596,Technology,Software - Application,United States,USD,-0.34975986541199156,42.57271725108114,55.9,stock,S2 Gehirn,pillar,85.0,manual thematic assignment after stack redesign,"ai, semis, software",49.2,61.85,,bull,stock,,,,0.08169902329762468,SNOW,SNOWFLAKE INC. A,US8334451098,SNOW,SNOW,Gehirn,Technology,Software - Application,United States,USD,334.7749938964844,212.77,42.57271725108114,18.99,0.0,66.3,Seitwärts,48.8,Zyklus-neutral,0.24818087003240596,0.4571680367797537,229.74357482910156,0.6490509951761833,0.3676893908229067,0.5630006703868291,3934097.7,1317037533.5056732,bull,0.08169902329762468,bull,0.1614564603326385,2026-10-07,True,True,False,OK,,,SNOW,SNOW,Software - Application
TSMN.MX,TAIWAN SEMICON.MANU.ADR/5,TSMN.MX,8494.5595703125,MXN,57.22367670347601,34.66,2.45,BUY,6231.98,7734.88,62.8,81.8,Zyklus-Hoch,35.22,18.187,116.0,619089625088.0,159076159848448.0,3809054031872.0,0.39,20.5,45.1,65.6,2.618,16.13,"[41.0, 70.44, 0.0, 38.21, 25.0]",0.0,88.9,HIGH,"{""coverage"": 1.0, ""confluence"": 1.0, ""risk_clean"": 1.0, ""regime_align"": 0.8658812459961562, ""liquidity"": 0.1607142857142857, ""weights"": {""coverage"": 0.25, ""confluence"": 0.25, ""risk_clean"": 0.2, ""regime_align"": 0.2, ""liquidity"": 0.1}}",US8740391003,TSMN.MX,TSMN.MX,Gehirn,5876.64,0.37250593399651766,0.23069404237621255,0.21477518008997998,2974.5,25267067.44189453,6823.2330078125,0.24494642943987932,bull,0.08169902329762468,bull,0.1614564603326385,2026-10-07,0.06994383410497496,Technology,Semiconductors,Taiwan,MXN,-2.0156210802689922,57.22367670347601,81.8,stock,S2 Gehirn,pillar,85.0,manual thematic assignment after stack redesign,"ai, semis, software",63.62,31.85,,bull,stock,,,,0.08169902329762468,TSMN.MX,TAIWAN SEMICON.MANU.ADR/5,US8740391003,TSMN.MX,TSMN.MX,Gehirn,Technology,Semiconductors,Taiwan,MXN,8494.5595703125,5876.64,57.22367670347601,34.66,2.45,88.9,BUY,62.8,Zyklus-Hoch,0.06994383410497496,0.24494642943987932,6823.2330078125,0.37250593399651766,0.23069404237621255,0.21477518008997998,2974.5,25267067.44189453,bull,0.08169902329762468,bull,0.1614564603326385,2026-10-07,True,True,False,OK,,,TSMN.MX,TSMN.MX,Semiconductors
TTAN,ServiceTitan,TTAN,71.81500244140625,USD,-27.751507707261823,13.23,0.0,Seitwärts,0.0,0.0,38.4,26.4,Zyklus-neutral,-16.86,10.505,0.0,124609000.0,5720048128.0,916259008.0,2.18,25.0,-23.91,1.09,4.139,95.05,"[50.0, 0.0, 0.0, 73.56, 48.95]",58.844948,51.0,MED,"{""coverage"": 1.0, ""confluence"": 0.2, ""risk_clean"": 0.3333333333333333, ""regime_align"": 0.4855961723254324, ""liquidity"": 0.4598214285714286, ""weights"": {""coverage"": 0.25, ""confluence"": 0.25, ""risk_clean"": 0.2, ""regime_align"": 0.2, ""liquidity"": 0.1}}",US81764X1037,TTAN,TTAN,Tech 💻,,0.6469931228510842,0.5140415695440784,0.5082041410509157,3334208.05,239446159.25090635,74.59564985275269,-0.03727626767559855,bull,0.08169902329762468,bull,0.1614564603326385,2026-10-07,-0.10789525646258769,Technology,Software - Application,United States,USD,4.579881107209949,-27.751507707261823,26.4,stock,S2 Gehirn,pillar,85.0,manual thematic assignment after stack redesign,"ai, semis, software",39.11,58.08,,bull,stock,,,,0.08169902329762468,TTAN,ServiceTitan,US81764X1037,TTAN,TTAN,Tech 💻,Technology,Software - Application,United States,USD,71.81500244140625,,-27.751507707261823,13.23,0.0,51.0,Seitwärts,38.4,Zyklus-neutral,-0.10789525646258769,-0.03727626767559855,74.59564985275269,0.6469931228510842,0.5140415695440784,0.5082041410509157,3334208.05,239446159.25090635,bull,0.08169902329762468,bull,0.1614564603326385,2026-10-07,False,True,False,OK,,,TTAN,TTAN,Software - Application
ZETA,ZETA GLOBAL,ZETA,33.7400016784668,USD,69.0380923149136,20.57,8.58,BUY,24.9,31.9,46.3,24.7,Zyklus-neutral,-3.92,30.196,0.0,160941248.0,3953812480.0,1224702976.0,4.07,25.7,-1.86,23.84,3.011,83.76,"[51.4, 0.0, 0.0, 95.27, 53.49]",17.743103,77.1,HIGH,"{""coverage"": 1.0, ""confluence"": 0.6, ""risk_clean"": 0.6666666666666666, ""regime_align"": 0.9821028187059577, ""liquidity"": 0.4107142857142857, ""weights"": {""coverage"": 0.25, ""confluence"": 0.25, ""risk_clean"": 0.2, ""regime_align"": 0.2, ""liquidity"": 0.1}}",US98956A1051,ZETA,ZETA,Medien & Digitales 📱,20.1,0.6661704157778662,0.3603017939013722,0.4036885074504244,5662161.6,191041341.88775024,21.496550016403198,0.5695542611591669,bull,0.08169902329762468,bull,0.1614564603326385,2026-10-07,0.5377584673285272,Technology,Software - Infrastructure,United States,USD,2.397574801928082,69.0380923149136,24.7,stock,S2 Gehirn,pillar,85.0,manual thematic assignment after stack redesign,"ai, semis, software",46.75,46.74,,bull,stock,,,,0.08169902329762468,ZETA,ZETA GLOBAL,US98956A1051,ZETA,ZETA,Medien & Digitales 📱,Technology,Software - Infrastructure,United States,USD,33.7400016784668,20.1,69.0380923149136,20.57,8.58,77.1,BUY,46.3,Zyklus-neutral,0.5377584673285272,0.5695542611591669,21.496550016403198,0.6661704157778662,0.3603017939013722,0.4036885074504244,5662161.6,191041341.88775024,bull,0.08169902329762468,bull,0.1614564603326385,2026-10-07,True,True,False,OK,,,ZETA,ZETA,Software - Infrastructure
0857.HK,PETROCHINA CO.,0857.HK,9.585000038146973,HKD,42.2321311757514,27.87,0.0,Seitwärts,0.0,0.0,72.7,69.6,Zyklus-neutral,10.21,20.439,552.0,37757001728.0,1962411294720.0,2849543028736.0,1.92,2.3,5.55,7.85,1.148,26.73,"[4.6, 20.42, 0.0, 30.38, 21.24]",9.865313,70.4,MED,"{""coverage"": 1.0, ""confluence"": 0.2, ""risk_clean"": 1.0, ""regime_align"": 0.7067684977578476, ""liquidity"": 0.6294642857142857, ""weights"": {""coverage"": 0.25, ""confluence"": 0.25, ""risk_clean"": 0.2, ""regime_align"": 0.2, ""liquidity"": 0.1}}",CNE1000003W8,0857.HK,0857.HK,Energie,8.81,0.29463706128014616,0.20564145041605664,0.2736484957735713,67336174.15,645417231.7964213,9.370225236415862,0.02292098602885484,bull,0.08169902329762468,bull,0.1614564603326385,2026-10-07,0.0550152689893304,Energy,Oil & Gas Integrated,China,HKD,-0.8790076264358127,42.2321311757514,69.6,stock,S3 Energie,pillar,82.0,manual thematic assignment after stack redesign,"energy, grid, electrification",52.51,29.81,,bull,stock,,,,0.08169902329762468,0857.HK,PETROCHINA CO.,CNE1000003W8,0857.HK,0857.HK,Energie,Energy,Oil & Gas Integrated,China,HKD,9.585000038146973,8.81,42.2321311757514,27.87,0.0,70.4,Seitwärts,72.7,Zyklus-neutral,0.0550152689893304,0.02292098602885484,9.370225236415862,0.29463706128014616,0.20564145041605664,0.2736484957735713,67336174.15,645417231.7964213,bull,0.08169902329762468,bull,0.1614564603326385,2026-10-07,True,True,False,OK,,,0857.HK,0857.HK,Oil & Gas Integrated
3750.HK,CONT.AMPEREX (CATL),3750.HK,486.3999938964844,HKD,-15.01775746998495,25.66,0.0,Seitwärts,0.0,0.0,73.2,82.0,Zyklus-Hoch,22.14,37.135,22.0,48903442432.0,2110351081472.0,386039808000.0,2.32,12.9,16.52,29.42,1.684,57.34,"[25.8, 44.28, 0.0, 17.96, 23.92]",23.25123,66.9,MED,"{""coverage"": 1.0, ""confluence"": 0.4, ""risk_clean"": 1.0, ""regime_align"": 0.21041199551569506, ""liquidity"": 0.7678571428571429, ""weights"": {""coverage"": 0.25, ""confluence"": 0.25, ""risk_clean"": 0.2, ""regime_align"": 0.2, ""liquidity"": 0.1}}",CNE100006WS8,3750.HK,3750.HK,Energie,467.0,0.4493331036003869,0.2833407791562747,0.38681928789510855,2975550.65,1447307817.99868,592.5492735290527,-0.17914000467906033,bull,0.08169902329762468,bull,0.1614564603326385,2026-10-07,-0.27186377258336836,Industrials,Electrical Equipment & Parts,China,HKD,-0.45026855905628826,-15.01775746998495,82.0,stock,S3 Energie,pillar,82.0,manual thematic assignment after stack redesign,"energy, grid, electrification",52.73,40.99,,bull,stock,,,,0.08169902329762468,3750.HK,CONT.AMPEREX (CATL),CNE100006WS8,3750.HK,3750.HK,Energie,Industrials,Electrical Equipment & Parts,China,HKD,486.3999938964844,467.0,-15.01775746998495,25.66,0.0,66.9,Seitwärts,73.2,Zyklus-Hoch,-0.27186377258336836,-0.17914000467906033,592.5492735290527,0.4493331036003869,0.2833407791562747,0.38681928789510855,2975550.65,1447307817.99868,bull,0.08169902329762468,bull,0.1614564603326385,2026-10-07,False,True,False,OK,,,3750.HK,3750.HK,Electrical Equipment & Parts
ALB,ALBEMARLE CORP.,ALB,103.2300033569336,USD,15.335938811247086,11.25,0.0,Seitwärts,0.0,0.0,67.0,25.2,Zyklus-neutral,0.21,36.655,96.0,-155030256.0,24179556352.0,4946415104.0,-0.64,-3.5,-0.43,-3.93,2.273,93.0,"[0.0, 0.42, 0.0, 74.79, 0.0]",64.59475,39.2,LOW,"{""coverage"": 1.0, ""confluence"": 0.0, ""risk_clean"": 0.3333333333333333, ""regime_align"": 0.1497637732222934, ""liquidity"": 0.4508928571428572, ""weights"": {""coverage"": 0.25, ""confluence"": 0.25, ""risk_clean"": 0.2, ""regime_align"": 0.2, ""liquidity"": 0.1}}",US0126531013,ALB,ALB,Energie,194.95,0.5731339054636356,0.3366343108677453,0.5184018711853712,2301745.75,237609221.49930763,154.0300373840332,-0.32980602283724136,bull,0.08169902329762468,bull,0.1614564603326385,2026-10-07,-0.21055440857399954,Basic Materials,Specialty Chemicals,United States,USD,-2.933704900754386,15.335938811247086,25.2,stock,S3 Energie,pillar,82.0,manual thematic assignment after stack redesign,"energy, grid, electrification",35.11,55.07,,bull,stock,,,,0.08169902329762468,ALB,ALBEMARLE CORP.,US0126531013,ALB,ALB,Energie,Basic Materials,Specialty Chemicals,United States,USD,103.2300033569336,194.95,15.335938811247086,11.25,0.0,39.2,Seitwärts,67.0,Zyklus-neutral,-0.21055440857399954,-0.32980602283724136,154.0300373840332,0.5731339054636356,0.3366343108677453,0.5184018711853712,2301745.75,237609221.49930763,bull,0.08169902329762468,bull,0.1614564603326385,2026-10-07,False,True,False,OK,,,ALB,ALB,Specialty Chemicals
CCJ,CAMECO CORP.,CCJ,89.20999908447266,USD,3.393525280494014,19.38,0.0,Seitwärts,0.0,0.0,73.6,23.1,Zyklus-neutral,8.1,14.854,15.0,787334656.0,51645775872.0,3464176128.0,1.52,-14.7,15.18,0.48,2.991,70.09,"[0.0, 16.2, 0.0, 76.9, 0.0]",82.52247,57.4,MED,"{""coverage"": 1.0, ""confluence"": 0.0, ""risk_clean"": 1.0, ""regime_align"": 0.36896420563741195, ""liquidity"": 0.5, ""weights"": {""coverage"": 0.25, ""confluence"": 0.25, ""risk_clean"": 0.2, ""regime_align"": 0.2, ""liquidity"": 0.1}}",CA13321L1085,CCJ,CCJ,Energie,125.9,0.5555085763841202,0.30947123684134786,0.36930418372360896,3213494.65,286675854.78445774,105.70984985351562,-0.15608621894655184,bull,0.08169902329762468,bull,0.1614564603326385,2026-10-07,-0.10290654717991232,Energy,Uranium,Canada,USD,-4.095890879477626,3.393525280494014,23.1,stock,S3 Energie,pillar,82.0,manual thematic assignment after stack redesign,"energy, grid, electrification",44.64,45.89,,bull,stock,,,,0.08169902329762468,CCJ,CAMECO CORP.,CA13321L1085,CCJ,CCJ,Energie,Energy,Uranium,Canada,USD,89.20999908447266,125.9,3.393525280494014,19.38,0.0,57.4,Seitwärts,73.6,Zyklus-neutral,-0.10290654717991232,-0.15608621894655184,105.70984985351562,0.5555085763841202,0.30947123684134786,0.36930418372360896,3213494.65,286675854.78445774,bull,0.08169902329762468,bull,0.1614564603326385,2026-10-07,False,True,False,OK,,,CCJ,CCJ,Uranium
CVX,CHEVRON CORP,CVX,205.3300018310547,USD,37.77094477657295,26.59,0.0,Seitwärts,0.0,0.0,61.0,80.8,Zyklus-Hoch,7.16,21.239,391.0,0.0,400448815104.0,186030997504.0,0.0,-6.0,6.61,0.61,1.0,68.9,"[0.0, 14.32, 0.0, 19.2, 14.89]",19.885374,80.1,HIGH,"{""coverage"": 1.0, ""confluence"": 0.4, ""risk_clean"": 1.0, ""regime_align"": 0.845551729660474, ""liquidity"": 0.8214285714285714, ""weights"": {""coverage"": 0.25, ""confluence"": 0.25, ""risk_clean"": 0.2, ""regime_align"": 0.2, ""liquidity"": 0.1}}",US1667641005,CVX,CVX,Energie ⚡,168.91,0.2380408703009872,0.1605418328758956,0.2081099056422988,9513158.2,1953336790.6251128,185.06809768676757,0.10948350578812827,bull,0.08169902329762468,bull,0.1614564603326385,2026-10-07,0.14188656242987574,Energy,Oil & Gas Integrated,United States,USD,-1.0839194431799037,37.77094477657295,80.8,stock,S3 Energie,pillar,82.0,manual thematic assignment after stack redesign,"energy, grid, electrification",48.33,22.96,,bull,stock,,,,0.08169902329762468,CVX,CHEVRON CORP,US1667641005,CVX,CVX,Energie ⚡,Energy,Oil & Gas Integrated,United States,USD,205.3300018310547,168.91,37.77094477657295,26.59,0.0,80.1,Seitwärts,61.0,Zyklus-Hoch,0.14188656242987574,0.10948350578812827,185.06809768676757,0.2380408703009872,0.1605418328758956,0.2081099056422988,9513158.2,1953336790.6251128,bull,0.08169902329762468,bull,0.1614564603326385,2026-10-07,True,True,False,OK,,,CVX,CVX,Oil & Gas Integrated
ENR.DE,SIEMENS ENERGY,ENR.DE,143.60000610351562,EUR,37.476043689502994,14.85,0.0,Seitwärts,0.0,0.0,62.5,86.5,Zyklus-Hoch,0.0,72.403,752.0,0.0,1.0,28795244.0,0.0,0.0,-80.39,-80.39,0.247,14.27,"[0.0, 0.0, 0.0, 13.54, 25.0]",,52.8,MED,"{""coverage"": 1.0, ""confluence"": 0.0, ""risk_clean"": 0.6666666666666666, ""regime_align"": 0.47875960922485583, ""liquidity"": 0.4866071428571428, ""weights"": {""coverage"": 0.25, ""confluence"": 0.25, ""risk_clean"": 0.2, ""regime_align"": 0.2, ""liquidity"": 0.1}}",DE000ENER6Y0,ENR.DE,ENR.DE,Energie,142.2,0.5033735456731032,0.3250116265538773,0.29293248526496385,1860692.8,267195497.43676758,153.67488590240478,-0.0655597024831206,bull,0.08169902329762468,bull,0.1614564603326385,2026-10-07,-0.08828254477374675,Industrials,Specialty Industrial Machinery,Germany,EUR,-2.6044467405761718,37.476043689502994,86.5,stock,S3 Energie,pillar,82.0,manual thematic assignment after stack redesign,"energy, grid, electrification",38.23,47.62,,bull,stock,,,,0.08169902329762468,ENR.DE,SIEMENS ENERGY,DE000ENER6Y0,ENR.DE,ENR.DE,Energie,Industrials,Specialty Industrial Machinery,Germany,EUR,143.60000610351562,142.2,37.476043689502994,14.85,0.0,52.8,Seitwärts,62.5,Zyklus-Hoch,-0.08828254477374675,-0.0655597024831206,153.67488590240478,0.5033735456731032,0.3250116265538773,0.29293248526496385,1860692.8,267195497.43676758,bull,0.08169902329762468,bull,0.1614564603326385,2026-10-07,False,True,False,OK,,,ENR.DE,ENR.DE,Specialty Industrial Machinery
ETN,Eaton Corporation plc,ETN,428.6300048828125,USD,16.840708839918218,27.22,,,,,,,,,,,,,,,,,,,,,,76.6,HIGH,"{""coverage"": 1.0, ""confluence"": 0.4, ""risk_clean"": 1.0, ""regime_align"": 0.7495295483664317, ""liquidity"": 0.65625, ""weights"": {""coverage"": 0.25, ""confluence"": 0.25, ""risk_clean"": 0.2, ""regime_align"": 0.2, ""liquidity"": 0.1}}",IE00B8KQN827,ETN,ETN,Energie,,0.3952908733330305,0.2745991393643735,0.1832572876595594,2034027.35,871845152.9622742,389.33975509643557,0.1009150729461088,bull,0.08169902329762468,bull,0.1614564603326385,2026-10-07,0.02273610643385693,Industrials,Electrical Equipment & Parts,Ireland,USD,-3.6981265790081874,16.840708839918218,0.0,stock,S3 Energie,pillar,86.0,manual gap-filling addition for grid and power management coverage,"energy, grid, electrification",53.14,34.87,,bull,stock,,,,0.08169902329762468,ETN,Eaton Corporation plc,IE00B8KQN827,ETN,ETN,Energie,Industrials,Electrical Equipment & Parts,Ireland,USD,428.6300048828125,,16.840708839918218,27.22,,76.6,,,,0.02273610643385693,0.1009150729461088,389.33975509643557,0.3952908733330305,0.2745991393643735,0.1832572876595594,2034027.35,871845152.9622742,bull,0.08169902329762468,bull,0.1614564603326385,2026-10-07,True,True,False,OK,,,ETN,ETN,Electrical Equipment & Parts
FLNC,FLUENCE ENER.,FLNC,7.574999809265137,USD,-45.227766803665695,9.06,0.0,Seitwärts,0.0,0.0,61.3,3.7,Zyklus-Tief,-14.46,82.778,0.0,-98396624.0,2566774016.0,2551276032.0,-3.83,154.4,-2.04,152.36,1.483,75.93,"[100.0, 0.0, 0.0, 96.3, 0.0]",87.467186,32.9,LOW,"{""coverage"": 1.0, ""confluence"": 0.2, ""risk_clean"": 0.0, ""regime_align"": 0.013412876361306853, ""liquidity"": 0.2633928571428572, ""weights"": {""coverage"": 0.25, ""confluence"": 0.25, ""risk_clean"": 0.2, ""regime_align"": 0.2, ""liquidity"": 0.1}}",US34379V1035,FLNC,FLNC,Experimente,29.21,1.2310908517629944,0.7305011417604197,0.7744337547569796,8504955.5,64425036.290308475,16.760225002765655,-0.5480371052288878,bull,0.08169902329762468,bull,0.1614564603326385,2026-10-07,-0.5635242081645606,Utilities,Utilities - Renewable,United States,USD,-5.666250794976047,-45.227766803665695,3.7,stock,S3 Energie,pillar,82.0,manual thematic assignment after stack redesign,"energy, grid, electrification",39.59,79.38,,bull,stock,,,,0.08169902329762468,FLNC,FLUENCE ENER.,US34379V1035,FLNC,FLNC,Experimente,Utilities,Utilities - Renewable,United States,USD,7.574999809265137,29.21,-45.227766803665695,9.06,0.0,32.9,Seitwärts,61.3,Zyklus-Tief,-0.5635242081645606,-0.5480371052288878,16.760225002765655,1.2310908517629944,0.7305011417604197,0.7744337547569796,8504955.5,64425036.290308475,bull,0.08169902329762468,bull,0.1614564603326385,2026-10-07,False,True,False,OK,,,FLNC,FLNC,Utilities - Renewable
FSLR,FIRST SOLAR INC,FSLR,179.26499938964844,USD,-21.33704863321384,24.53,0.0,Seitwärts,0.0,0.0,59.4,31.0,Zyklus-neutral,16.86,9.893,0.0,168763744.0,23129389056.0,5050625024.0,0.73,79.7,27.73,107.43,1.91,103.86,"[100.0, 33.72, 0.0, 69.03, 32.13]",9.727635,64.6,MED,"{""coverage"": 1.0, ""confluence"": 0.4, ""risk_clean"": 1.0, ""regime_align"": 0.2036254804612428, ""liquidity"": 0.5535714285714286, ""weights"": {""coverage"": 0.25, ""confluence"": 0.25, ""risk_clean"": 0.2, ""regime_align"": 0.2, ""liquidity"": 0.1}}",US3364331070,FSLR,FSLR,Energie,236.58,0.5495909121396562,0.36602683259116825,0.45919874120863613,2323784.7,416573262.8271744,223.03722618103026,-0.1962552509322084,bull,0.08169902329762468,bull,0.1614564603326385,2026-10-07,-0.24543753332118323,Technology,Solar,United States,USD,-0.2975548682028428,-21.33704863321384,31.0,stock,S3 Energie,pillar,82.0,manual thematic assignment after stack redesign,"energy, grid, electrification",53.53,48.9,,bull,stock,,,,0.08169902329762468,FSLR,FIRST SOLAR INC,US3364331070,FSLR,FSLR,Energie,Technology,Solar,United States,USD,179.26499938964844,236.58,-21.33704863321384,24.53,0.0,64.6,Seitwärts,59.4,Zyklus-neutral,-0.24543753332118323,-0.1962552509322084,223.03722618103026,0.5495909121396562,0.36602683259116825,0.45919874120863613,2323784.7,416573262.8271744,bull,0.08169902329762468,bull,0.1614564603326385,2026-10-07,False,True,False,OK,,,FSLR,FSLR,Solar
KEP,KOREA EL. PWR ADR 1/2,KEP,11.135000228881836,USD,-12.322831526671152,28.15,5.08,BUY,23.41,31.51,78.5,12.6,Zyklus-Tief,19.12,279.916,45.0,1394938609664.0,127486264344576.0,97275598602240.0,1.09,5.6,8.47,14.07,0.481,1.78,"[11.2, 38.24, 0.0, 100.0, 30.73]",3.3700979,38.0,LOW,"{""coverage"": 1.0, ""confluence"": 0.0, ""risk_clean"": 0.3333333333333333, ""regime_align"": 0.2660053651505445, ""liquidity"": 0.0982142857142857, ""weights"": {""coverage"": 0.25, ""confluence"": 0.25, ""risk_clean"": 0.2, ""regime_align"": 0.2, ""liquidity"": 0.1}}",US5006311063,KEP,KEP,Energie,21.38,0.4873575068665082,0.30051638991338675,0.5335339520763491,799199.9,8899091.06942234,14.766675009727479,-0.24593720512256778,bull,0.08169902329762468,bull,0.1614564603326385,2026-10-07,-0.13356557122078172,Utilities,Utilities - Regulated Electric,South Korea,USD,-1.634270944609384,-12.322831526671152,12.6,stock,S3 Energie,pillar,82.0,manual thematic assignment after stack redesign,"energy, grid, electrification",61.41,56.05,,bull,stock,,,,0.08169902329762468,KEP,KOREA EL. PWR ADR 1/2,US5006311063,KEP,KEP,Energie,Utilities,Utilities - Regulated Electric,South Korea,USD,11.135000228881836,21.38,-12.322831526671152,28.15,5.08,38.0,BUY,78.5,Zyklus-Tief,-0.13356557122078172,-0.24593720512256778,14.766675009727479,0.4873575068665082,0.30051638991338675,0.5335339520763491,799199.9,8899091.06942234,bull,0.08169902329762468,bull,0.1614564603326385,2026-10-07,False,True,False,OK,,,KEP,KEP,Utilities - Regulated Electric
NEE,"NextEra Energy, Inc.",NEE,77.05000305175781,USD,-4.741810270995083,24.39,,,,,,,,,,,,,,,,,,,,,,58.9,MED,"{""coverage"": 1.0, ""confluence"": 0.0, ""risk_clean"": 1.0, ""regime_align"": 0.34684296925048047, ""liquidity"": 0.6919642857142857, ""weights"": {""coverage"": 0.25, ""confluence"": 0.25, ""risk_clean"": 0.2, ""regime_align"": 0.2, ""liquidity"": 0.1}}",US65339F1012,NEE,NEE,Energie,,0.2072542437651993,0.14043476611541214,0.21725826227279954,12958916.5,998484555.8724747,86.28415599822998,-0.1070202615954381,bull,0.08169902329762468,bull,0.1614564603326385,2026-10-07,-0.14972067022773883,Utilities,Utilities - Regulated Electric,United States,USD,-1.0657347597989641,-4.741810270995083,0.0,stock,S3 Energie,pillar,84.0,manual gap-filling addition for power generation and utility exposure,"energy, grid, electrification",46.1,26.52,,bull,stock,,,,0.08169902329762468,NEE,"NextEra Energy, Inc.",US65339F1012,NEE,NEE,Energie,Utilities,Utilities - Regulated Electric,United States,USD,77.05000305175781,,-4.741810270995083,24.39,,58.9,,,,-0.14972067022773883,-0.1070202615954381,86.28415599822998,0.2072542437651993,0.14043476611541214,0.21725826227279954,12958916.5,998484555.8724747,bull,0.08169902329762468,bull,0.1614564603326385,2026-10-07,False,True,False,OK,,,NEE,NEE,Utilities - Regulated Electric
OXY,OCCIDENTAL PET.,OXY,57.96500015258789,USD,30.4195538304193,19.23,1.07,BUY,46.95,51.24,47.2,75.7,Zyklus-neutral,5.96,62.221,206.0,3033125120.0,75094687744.0,26601000960.0,4.04,-7.7,8.17,0.47,0.935,51.31,"[0.0, 11.92, 0.0, 44.3, 7.41]",41.212414,76.4,HIGH,"{""coverage"": 1.0, ""confluence"": 0.4, ""risk_clean"": 1.0, ""regime_align"": 0.7762051569506727, ""liquidity"": 0.5892857142857143, ""weights"": {""coverage"": 0.25, ""confluence"": 0.25, ""risk_clean"": 0.2, ""regime_align"": 0.2, ""liquidity"": 0.1}}",US6745991058,OXY,OXY,Energie,44.53,0.35189290991533784,0.22348415333981325,0.2729251994841223,9373773.7,543350793.9508243,53.87824760437012,0.07585162342745333,bull,0.08169902329762468,bull,0.1614564603326385,2026-10-07,0.06870862234133113,Energy,Oil & Gas E&P,United States,USD,-0.6257529007524743,30.4195538304193,75.7,stock,S3 Energie,pillar,82.0,manual thematic assignment after stack redesign,"energy, grid, electrification",39.62,31.06,,bull,stock,,,,0.08169902329762468,OXY,OCCIDENTAL PET.,US6745991058,OXY,OXY,Energie,Energy,Oil & Gas E&P,United States,USD,57.96500015258789,44.53,30.4195538304193,19.23,1.07,76.4,BUY,47.2,Zyklus-neutral,0.06870862234133113,0.07585162342745333,53.87824760437012,0.35189290991533784,0.22348415333981325,0.2729251994841223,9373773.7,543350793.9508243,bull,0.08169902329762468,bull,0.1614564603326385,2026-10-07,True,True,False,OK,,,OXY,OXY,Oil & Gas E&P
SU.PA,Schneider Electric S.E.,SU.PA,254.5500030517578,EUR,5.137571602967417,24.52,,,,,,,,,,,,,,,,,,,,,,60.0,MED,"{""coverage"": 1.0, ""confluence"": 0.0, ""risk_clean"": 1.0, ""regime_align"": 0.5034132767456758, ""liquidity"": 0.4910714285714286, ""weights"": {""coverage"": 0.25, ""confluence"": 0.25, ""risk_clean"": 0.2, ""regime_align"": 0.2, ""liquidity"": 0.1}}",FR0000121972,SU.PA,SU.PA,Energie,,0.3502954853111246,0.23810016847572782,0.1815112442065665,1076809.35,274101823.3286614,265.78778999328614,-0.042281050389155195,bull,0.08169902329762468,bull,0.1614564603326385,2026-10-07,-0.08827268469842564,Industrials,Electrical Equipment & Parts,France,EUR,-2.2840679263885555,5.137571602967417,0.0,stock,S3 Energie,pillar,86.0,manual gap-filling addition for grid and electrification coverage,"energy, grid, electrification",48.87,34.53,,bull,stock,,,,0.08169902329762468,SU.PA,Schneider Electric S.E.,FR0000121972,SU.PA,SU.PA,Energie,Industrials,Electrical Equipment & Parts,France,EUR,254.5500030517578,,5.137571602967417,24.52,,60.0,,,,-0.08827268469842564,-0.042281050389155195,265.78778999328614,0.3502954853111246,0.23810016847572782,0.1815112442065665,1076809.35,274101823.3286614,bull,0.08169902329762468,bull,0.1614564603326385,2026-10-07,False,True,False,OK,,,SU.PA,SU.PA,Electrical Equipment & Parts
UEC,URANIUM ENERGY CORP,UEC,9.489999771118164,USD,-29.91137520048115,9.51,0.0,Seitwärts,0.0,0.0,65.3,15.0,Zyklus-Tief,-7.29,0.147,0.0,-61173248.0,7445595648.0,49750000.0,-0.82,0.0,-156.46,-156.46,27.716,85.09,"[0.0, 0.0, 92.65, 85.02, 0.0]",225.37932,40.0,LOW,"{""coverage"": 1.0, ""confluence"": 0.0, ""risk_clean"": 0.3333333333333333, ""regime_align"": 0.25701673606662395, ""liquidity"": 0.3214285714285714, ""weights"": {""coverage"": 0.25, ""confluence"": 0.25, ""risk_clean"": 0.2, ""regime_align"": 0.2, ""liquidity"": 0.1}}",US9168961038,UEC,UEC,Mining ⛏️,19.25,0.7914019037420337,0.46895214700920085,0.5511419942495426,10141332.5,96241243.1038332,12.995750012397766,-0.2697612864155716,bull,0.08169902329762468,bull,0.1614564603326385,2026-10-07,-0.13103963176839795,Energy,Uranium,United States,USD,-6.132541113882207,-29.91137520048115,15.0,stock,S3 Energie,pillar,82.0,manual thematic assignment after stack redesign,"energy, grid, electrification",34.31,60.9,,bull,stock,,,,0.08169902329762468,UEC,URANIUM ENERGY CORP,US9168961038,UEC,UEC,Mining ⛏️,Energy,Uranium,United States,USD,9.489999771118164,19.25,-29.91137520048115,9.51,0.0,40.0,Seitwärts,65.3,Zyklus-Tief,-0.13103963176839795,-0.2697612864155716,12.995750012397766,0.7914019037420337,0.46895214700920085,0.5511419942495426,10141332.5,96241243.1038332,bull,0.08169902329762468,bull,0.1614564603326385,2026-10-07,False,True,False,OK,,,UEC,UEC,Uranium
XOM,EXXON MOBIL CORP,XOM,163.9550018310547,USD,47.651716381095554,27.62,0.0,BUY,125.93,136.59,68.0,91.8,Zyklus-Hoch,11.08,16.329,272.0,12923750400.0,673590607872.0,323904995328.0,1.92,-1.3,8.9,7.6,1.153,67.11,"[0.0, 22.16, 0.0, 28.24, 12.41]",18.14254,80.2,HIGH,"{""coverage"": 1.0, ""confluence"": 0.4, ""risk_clean"": 1.0, ""regime_align"": 0.8455417200512492, ""liquidity"": 0.8258928571428571, ""weights"": {""coverage"": 0.25, ""confluence"": 0.25, ""risk_clean"": 0.2, ""regime_align"": 0.2, ""liquidity"": 0.1}}",US30231G1022,XOM,XOM,Energie ⚡,136.58,0.2590568029526403,0.17089763130723112,0.2011225721014881,13359318.45,2190327080.9313927,148.4017110824585,0.10480533300558847,bull,0.08169902329762468,bull,0.1614564603326385,2026-10-07,0.1559215310891502,Energy,Oil & Gas Integrated,United States,USD,-0.3191840406866375,47.651716381095554,91.8,stock,S3 Energie,pillar,82.0,manual thematic assignment after stack redesign,"energy, grid, electrification",49.85,22.8,,bull,stock,,,,0.08169902329762468,XOM,EXXON MOBIL CORP,US30231G1022,XOM,XOM,Energie ⚡,Energy,Oil & Gas Integrated,United States,USD,163.9550018310547,136.58,47.651716381095554,27.62,0.0,80.2,BUY,68.0,Zyklus-Hoch,0.1559215310891502,0.10480533300558847,148.4017110824585,0.2590568029526403,0.17089763130723112,0.2011225721014881,13359318.45,2190327080.9313927,bull,0.08169902329762468,bull,0.1614564603326385,2026-10-07,True,True,False,OK,,,XOM,XOM,Oil & Gas Integrated
XSDG.F,SAMSUNG SDI,XSDG.F,91.4000015258789,EUR,194.83871459960938,16.66,3.73,BUY,59.4,74.42,60.6,36.7,Zyklus-neutral,-2.59,46.177,40.0,0.0,9084264775680.0,13266999836672.0,0.0,2.8,-4.89,-2.09,0.892,0.05,"[5.6, 0.0, 0.0, 83.25, 25.0]",0.0,67.8,MED,"{""coverage"": 1.0, ""confluence"": 0.4, ""risk_clean"": 0.6666666666666666, ""regime_align"": 0.9641856181934657, ""liquidity"": 0.017857142857142905, ""weights"": {""coverage"": 0.25, ""confluence"": 0.25, ""risk_clean"": 0.2, ""regime_align"": 0.2, ""liquidity"": 0.1}}",US7960542030,XSDG.F,XSDG.F,Energie,57.8,0.7548764244568459,0.46895223655056906,0.4524271696516611,3167.45,289504.9348331451,69.8070001411438,0.30932429901121505,bull,0.08169902329762468,bull,0.1614564603326385,2026-10-07,0.4048327759218451,Industrials,Electrical Equipment & Parts,South Korea,EUR,-1.9313256237153076,194.83871459960938,36.7,stock,S3 Energie,pillar,82.0,manual thematic assignment after stack redesign,"energy, grid, electrification",44.66,58.91,,bull,stock,,,,0.08169902329762468,XSDG.F,SAMSUNG SDI,US7960542030,XSDG.F,XSDG.F,Energie,Industrials,Electrical Equipment & Parts,South Korea,EUR,91.4000015258789,57.8,194.83871459960938,16.66,3.73,67.8,BUY,60.6,Zyklus-neutral,0.4048327759218451,0.30932429901121505,69.8070001411438,0.7548764244568459,0.46895223655056906,0.4524271696516611,3167.45,289504.9348331451,bull,0.08169902329762468,bull,0.1614564603326385,2026-10-07,True,False,False,OK,,,XSDG.F,XSDG.F,Electrical Equipment & Parts
YCA.L,YELLOW CAKE PLC,YCA.L,548.5,GBp,-5.103806228373697,17.02,0.0,Seitwärts,0.0,0.0,58.0,8.2,Zyklus-Tief,-0.45,100.0,0.0,-3478875.0,1350797696.0,5420000.0,-0.26,0.0,-153.91,-153.91,35.049,56.08,"[0.0, 0.0, 0.0, 91.83, 100.0]",-239.24458,55.9,MED,"{""coverage"": 1.0, ""confluence"": 0.0, ""risk_clean"": 0.6666666666666666, ""regime_align"": 0.5613589045483665, ""liquidity"": 0.6383928571428571, ""weights"": {""coverage"": 0.25, ""confluence"": 0.25, ""risk_clean"": 0.2, ""regime_align"": 0.2, ""liquidity"": 0.1}}",JE00BF50RG45,YCA.L,YCA.L,Energie,679.0,0.32610532341293186,0.2027650726727137,0.2832409972299169,1379550.15,756683257.275,585.855,-0.06376151095407567,bull,0.08169902329762468,bull,0.1614564603326385,2026-10-07,-0.014356229806188558,Energy,Uranium,Jersey,GBp,-2.7482269503546153,-5.103806228373697,8.2,stock,S3 Energie,pillar,82.0,manual thematic assignment after stack redesign,"energy, grid, electrification",37.86,36.12,,bull,stock,,,,0.08169902329762468,YCA.L,YELLOW CAKE PLC,JE00BF50RG45,YCA.L,YCA.L,Energie,Energy,Uranium,Jersey,GBp,548.5,679.0,-5.103806228373697,17.02,0.0,55.9,Seitwärts,58.0,Zyklus-Tief,-0.014356229806188558,-0.06376151095407567,585.855,0.32610532341293186,0.2027650726727137,0.2832409972299169,1379550.15,756683257.275,bull,0.08169902329762468,bull,0.1614564603326385,2026-10-07,False,True,False,OK,,,YCA.L,YCA.L,Uranium
2899.HK,ZIJIN MINING,2899.HK,32.36000061035156,HKD,-2.869684885065238,29.46,0.0,Seitwärts,0.0,0.0,77.8,53.8,Zyklus-neutral,28.01,74.84,129.0,31392294912.0,1275161870336.0,327443021824.0,2.46,8.1,13.91,22.01,1.199,46.16,"[16.2, 56.02, 0.0, 46.24, 20.58]",16.63815,68.1,MED,"{""coverage"": 1.0, ""confluence"": 0.4, ""risk_clean"": 0.6666666666666666, ""regime_align"": 0.6371616752081999, ""liquidity"": 0.7053571428571429, ""weights"": {""coverage"": 0.25, ""confluence"": 0.25, ""risk_clean"": 0.2, ""regime_align"": 0.2, ""liquidity"": 0.1}}",CNE100000502,2899.HK,2899.HK,Fundament,43.4,0.49698354429148733,0.30167444522303033,0.3978220807776228,33671892.15,1089622450.525692,35.16611649513245,-0.07979601287987825,bull,0.08169902329762468,bull,0.1614564603326385,2026-10-07,0.07937136330497574,Basic Materials,Gold,China,HKD,-0.6752646050910416,-2.869684885065238,53.8,stock,S4 Fundament,pillar,84.0,manual thematic assignment after stack redesign,"materials, mining, metals",60.96,48.4,,bull,stock,,,,0.08169902329762468,2899.HK,ZIJIN MINING,CNE100000502,2899.HK,2899.HK,Fundament,Basic Materials,Gold,China,HKD,32.36000061035156,43.4,-2.869684885065238,29.46,0.0,68.1,Seitwärts,77.8,Zyklus-neutral,0.07937136330497574,-0.07979601287987825,35.16611649513245,0.49698354429148733,0.30167444522303033,0.3978220807776228,33671892.15,1089622450.525692,bull,0.08169902329762468,bull,0.1614564603326385,2026-10-07,False,True,False,OK,,,2899.HK,2899.HK,Gold
AAGFF,AFTERMATH SILVER,AAGFF,0.41040000319480896,USD,-35.165877933080466,5.98,0.0,Seitwärts,0.0,0.0,63.2,32.9,Zyklus-neutral,-39.66,100.0,0.0,-10936923.0,254957904.0,1.0,-4.29,0.0,0.0,0.0,8.209,9.68,"[0.0, 0.0, 0.0, 67.13, 25.0]",0.0,28.8,LOW,"{""coverage"": 1.0, ""confluence"": 0.0, ""risk_clean"": 0.0, ""regime_align"": 0.18326593529788598, ""liquidity"": 0.013392857142857095, ""weights"": {""coverage"": 0.25, ""confluence"": 0.25, ""risk_clean"": 0.2, ""regime_align"": 0.2, ""liquidity"": 0.1}}",CA00831V2057,AAGFF,AAGFF,Edelmetalle ⛏️,0.86,0.8426302346141594,0.46113168629902407,0.5693599167961697,285216.9,117053.01667121351,0.6001720005273818,-0.3161960190842239,bull,0.08169902329762468,bull,0.1614564603326385,2026-10-07,-0.16645142186709394,Basic Materials,Other Industrial Metals & Mining,Canada,USD,-4.5581403794708875,-35.165877933080466,32.9,stock,S4 Fundament,pillar,84.0,manual thematic assignment after stack redesign,"materials, mining, metals",33.02,73.72,,bull,stock,,,,0.08169902329762468,AAGFF,AFTERMATH SILVER,CA00831V2057,AAGFF,AAGFF,Edelmetalle ⛏️,Basic Materials,Other Industrial Metals & Mining,Canada,USD,0.41040000319480896,0.86,-35.165877933080466,5.98,0.0,28.8,Seitwärts,63.2,Zyklus-neutral,-0.16645142186709394,-0.3161960190842239,0.6001720005273818,0.8426302346141594,0.46113168629902407,0.5693599167961697,285216.9,117053.01667121351,bull,0.08169902329762468,bull,0.1614564603326385,2026-10-07,False,False,False,OK,,,AAGFF,AAGFF,Other Industrial Metals & Mining
ABX.TO,BARRICK MINING,ABX.TO,56.20000076293945,CAD,23.76051880904564,34.68,0.0,Seitwärts,0.0,0.0,78.7,31.3,Zyklus-neutral,20.68,14.509,360.0,4054125056.0,114651471872.0,16956000256.0,3.54,64.5,29.45,93.95,2.922,63.7,"[100.0, 41.36, 0.0, 68.68, 29.71]",11.472485,82.3,HIGH,"{""coverage"": 1.0, ""confluence"": 0.8, ""risk_clean"": 1.0, ""regime_align"": 0.6462604099935938, ""liquidity"": 0.4330357142857143, ""weights"": {""coverage"": 0.25, ""confluence"": 0.25, ""risk_clean"": 0.2, ""regime_align"": 0.2, ""liquidity"": 0.1}}",CA06849F1080,ABX.TO,ABX.TO,Edelmetalle ⛏️,70.41,0.4715261132703349,0.3315909419474962,0.31061419846456595,3647206.05,204972982.79259738,58.76413051605225,-0.043634266866457994,bull,0.08169902329762468,bull,0.1614564603326385,2026-10-07,0.04362419048520705,Basic Materials,Gold,Canada,CAD,-3.0198446539437707,23.76051880904564,31.3,stock,S4 Fundament,pillar,84.0,manual thematic assignment after stack redesign,"materials, mining, metals",67.24,42.98,,bull,stock,,,,0.08169902329762468,ABX.TO,BARRICK MINING,CA06849F1080,ABX.TO,ABX.TO,Edelmetalle ⛏️,Basic Materials,Gold,Canada,CAD,56.20000076293945,70.41,23.76051880904564,34.68,0.0,82.3,Seitwärts,78.7,Zyklus-neutral,0.04362419048520705,-0.043634266866457994,58.76413051605225,0.4715261132703349,0.3315909419474962,0.31061419846456595,3647206.05,204972982.79259738,bull,0.08169902329762468,bull,0.1614564603326385,2026-10-07,False,True,False,OK,,,ABX.TO,ABX.TO,Gold
AEM,AGNICO EAGLE,AEM,181.00999450683594,USD,9.810182240156529,42.07,3.41,BUY,225.0,284.12,75.8,50.1,Zyklus-neutral,15.67,1.427,76.0,3510760960.0,104343330816.0,10567577600.0,3.36,41.9,32.62,74.52,2.12,72.91,"[83.8, 31.34, 28.65, 69.91, 22.95]",16.093971,79.8,HIGH,"{""coverage"": 1.0, ""confluence"": 0.6, ""risk_clean"": 1.0, ""regime_align"": 0.7221732863549006, ""liquidity"": 0.5357142857142857, ""weights"": {""coverage"": 0.25, ""confluence"": 0.25, ""risk_clean"": 0.2, ""regime_align"": 0.2, ""liquidity"": 0.1}}",CA0084741085,AEM,AEM,Edelmetalle ⛏️,215.18,0.48827117358597455,0.3337297240770791,0.45804423932397453,1721844.45,311671054.43612593,188.5988254547119,-0.0402379544495004,bull,0.08169902329762468,bull,0.1614564603326385,2026-10-07,0.2029128530350186,Basic Materials,Gold,Canada,USD,-2.6984918053010287,9.810182240156529,50.1,stock,S4 Fundament,pillar,84.0,manual thematic assignment after stack redesign,"materials, mining, metals",77.24,38.74,,bull,stock,,,,0.08169902329762468,AEM,AGNICO EAGLE,CA0084741085,AEM,AEM,Edelmetalle ⛏️,Basic Materials,Gold,Canada,USD,181.00999450683594,215.18,9.810182240156529,42.07,3.41,79.8,BUY,75.8,Zyklus-neutral,0.2029128530350186,-0.0402379544495004,188.5988254547119,0.48827117358597455,0.3337297240770791,0.45804423932397453,1721844.45,311671054.43612593,bull,0.08169902329762468,bull,0.1614564603326385,2026-10-07,False,True,False,OK,,,AEM,AEM,Gold
AG.TO,FIRST MAJESTIC,AG.TO,23.81999969482422,CAD,34.89406769363046,31.67,6.88,BUY,38.2,54.45,75.9,36.4,Zyklus-neutral,4.21,7.886,9.0,215490000.0,15916909568.0,965571008.0,1.35,95.1,7.07,102.17,3.379,54.01,"[100.0, 8.42, 0.0, 83.64, 22.11]",26.672178,47.2,LOW,"{""coverage"": 1.0, ""confluence"": 0.2, ""risk_clean"": 0.3333333333333333, ""regime_align"": 0.43150424407431137, ""liquidity"": 0.1919642857142857, ""weights"": {""coverage"": 0.25, ""confluence"": 0.25, ""risk_clean"": 0.2, ""regime_align"": 0.2, ""liquidity"": 0.1}}",CA32076V1031,AG.TO,AG.TO,Edelmetalle ⛏️,34.68,0.7445340244002162,0.4669937041125885,0.5174444496202659,1857898.45,44255140.51201439,27.961737241744995,-0.14812161029599547,bull,0.08169902329762468,bull,0.1614564603326385,2026-10-07,-0.057704013434677015,Basic Materials,Silver,Canada,CAD,-4.567305414516698,34.89406769363046,36.4,stock,S4 Fundament,pillar,84.0,manual thematic assignment after stack redesign,"materials, mining, metals",66.01,53.5,,bull,stock,,,,0.08169902329762468,AG.TO,FIRST MAJESTIC,CA32076V1031,AG.TO,AG.TO,Edelmetalle ⛏️,Basic Materials,Silver,Canada,CAD,23.81999969482422,34.68,34.89406769363046,31.67,6.88,47.2,BUY,75.9,Zyklus-neutral,-0.057704013434677015,-0.14812161029599547,27.961737241744995,0.7445340244002162,0.4669937041125885,0.5174444496202659,1857898.45,44255140.51201439,bull,0.08169902329762468,bull,0.1614564603326385,2026-10-07,False,True,False,OK,,,AG.TO,AG.TO,Silver
AGI.TO,ALAMOS GOLD,AGI.TO,45.13999938964844,CAD,-3.13813586681414,27.86,0.0,Seitwärts,0.0,0.0,68.7,100.0,Zyklus-Hoch,14.27,6.831,23.0,228962496.0,25537525760.0,1609299968.0,0.9,28.1,33.46,61.56,1.717,71.77,"[56.2, 28.54, 0.0, 0.0, 26.31]",17.732689,65.4,MED,"{""coverage"": 1.0, ""confluence"": 0.6, ""risk_clean"": 0.6666666666666666, ""regime_align"": 0.5073370435618193, ""liquidity"": 0.1964285714285714, ""weights"": {""coverage"": 0.25, ""confluence"": 0.25, ""risk_clean"": 0.2, ""regime_align"": 0.2, ""liquidity"": 0.1}}",CA0115321089,AGI.TO,AGI.TO,Edelmetalle ⛏️,59.13,0.569480093956881,0.4255747380237651,0.4839531834904772,982432.95,44347022.763370514,53.7777522277832,-0.1606194472678656,bull,0.08169902329762468,bull,0.1614564603326385,2026-10-07,0.031566558331096894,Basic Materials,Gold,Canada,CAD,-3.112257476262126,-3.13813586681414,100.0,stock,S4 Fundament,pillar,84.0,manual thematic assignment after stack redesign,"materials, mining, metals",60.97,56.07,,bull,stock,,,,0.08169902329762468,AGI.TO,ALAMOS GOLD,CA0115321089,AGI.TO,AGI.TO,Edelmetalle ⛏️,Basic Materials,Gold,Canada,CAD,45.13999938964844,59.13,-3.13813586681414,27.86,0.0,65.4,Seitwärts,68.7,Zyklus-Hoch,0.031566558331096894,-0.1606194472678656,53.7777522277832,0.569480093956881,0.4255747380237651,0.4839531834904772,982432.95,44347022.763370514,bull,0.08169902329762468,bull,0.1614564603326385,2026-10-07,False,True,False,OK,,,AGI.TO,AGI.TO,Gold
ASM.TO,AVINO SILVER,ASM.TO,7.599999904632568,CAD,1.468626660558403,32.29,7.87,BUY,16.11,25.14,81.5,36.8,Zyklus-neutral,14.34,2.563,0.0,15571250.0,2153994752.0,86065000.0,0.72,44.0,24.72,68.72,2.754,32.98,"[88.0, 28.68, 0.0, 83.21, 1.54]",14.07,47.2,LOW,"{""coverage"": 1.0, ""confluence"": 0.4, ""risk_clean"": 0.3333333333333333, ""regime_align"": 0.23929972773862906, ""liquidity"": 0.0714285714285714, ""weights"": {""coverage"": 0.25, ""confluence"": 0.25, ""risk_clean"": 0.2, ""regime_align"": 0.2, ""liquidity"": 0.1}}",CA0539061030,ASM.TO,ASM.TO,Edelmetalle ⛏️,13.98,0.8491400316155421,0.5486935394064518,0.5203145437830872,737053.2,5601604.249709129,9.696149990558624,-0.2161837521044051,bull,0.08169902329762468,bull,0.1614564603326385,2026-10-07,-0.16316019800654058,Basic Materials,Other Precious Metals & Mining,Canada,CAD,-3.919089112005014,1.468626660558403,36.8,stock,S4 Fundament,pillar,84.0,manual thematic assignment after stack redesign,"materials, mining, metals",68.26,57.52,,bull,stock,,,,0.08169902329762468,ASM.TO,AVINO SILVER,CA0539061030,ASM.TO,ASM.TO,Edelmetalle ⛏️,Basic Materials,Other Precious Metals & Mining,Canada,CAD,7.599999904632568,13.98,1.468626660558403,32.29,7.87,47.2,BUY,81.5,Zyklus-neutral,-0.16316019800654058,-0.2161837521044051,9.696149990558624,0.8491400316155421,0.5486935394064518,0.5203145437830872,737053.2,5601604.249709129,bull,0.08169902329762468,bull,0.1614564603326385,2026-10-07,False,True,False,OK,,,ASM.TO,ASM.TO,Other Precious Metals & Mining
BTO.TO,B2GOLD CORP.,BTO.TO,7.204999923706055,CAD,0.23680728297326148,29.12,0.0,Seitwärts,0.0,0.0,71.4,64.9,Zyklus-neutral,7.23,18.916,145.0,45092624.0,10475671552.0,2507048960.0,0.43,74.7,8.75,83.45,1.034,66.1,"[100.0, 14.46, 0.0, 35.11, 31.38]",6.9789095,72.0,MED,"{""coverage"": 1.0, ""confluence"": 0.6, ""risk_clean"": 0.6666666666666666, ""regime_align"": 0.8544102338244715, ""liquidity"": 0.15625, ""weights"": {""coverage"": 0.25, ""confluence"": 0.25, ""risk_clean"": 0.2, ""regime_align"": 0.2, ""liquidity"": 0.1}}",CA11777Q2099,BTO.TO,BTO.TO,Edelmetalle ⛏️,7.47,0.6061689617450272,0.37879415939457795,0.3889865283064944,3453788.75,24884547.68024683,6.5936966586112975,0.09271024991669918,bull,0.08169902329762468,bull,0.1614564603326385,2026-10-07,0.2853000456914043,Basic Materials,Gold,Canada,CAD,-2.5033822208649137,0.23680728297326148,64.9,stock,S4 Fundament,pillar,84.0,manual thematic assignment after stack redesign,"materials, mining, metals",62.74,55.52,,bull,stock,,,,0.08169902329762468,BTO.TO,B2GOLD CORP.,CA11777Q2099,BTO.TO,BTO.TO,Edelmetalle ⛏️,Basic Materials,Gold,Canada,CAD,7.204999923706055,7.47,0.23680728297326148,29.12,0.0,72.0,Seitwärts,71.4,Zyklus-neutral,0.2853000456914043,0.09271024991669918,6.5936966586112975,0.6061689617450272,0.37879415939457795,0.3889865283064944,3453788.75,24884547.68024683,bull,0.08169902329762468,bull,0.1614564603326385,2026-10-07,True,True,False,OK,,,BTO.TO,BTO.TO,Gold
CSTM,CONSTELLIUM SE,CSTM,25.290000915527344,USD,64.43433502826517,22.18,0.0,Seitwärts,0.0,0.0,75.4,36.6,Zyklus-neutral,12.18,247.045,0.0,27942560.0,5423435776.0,7968999936.0,0.52,20.2,1.42,21.62,1.277,95.58,"[40.4, 24.36, 0.0, 63.36, 17.64]",15.379264,52.2,MED,"{""coverage"": 1.0, ""confluence"": 0.2, ""risk_clean"": 0.6666666666666666, ""regime_align"": 0.3514373798846893, ""liquidity"": 0.1830357142857143, ""weights"": {""coverage"": 0.25, ""confluence"": 0.25, ""risk_clean"": 0.2, ""regime_align"": 0.2, ""liquidity"": 0.1}}",FR0013467479,CSTM,CSTM,Mining ⛏️,22.72,0.4536895607464072,0.24740354636463413,0.33084372024879216,1607248.95,40647327.41698036,27.51674998283386,-0.08092340369758999,bull,0.08169902329762468,bull,0.1614564603326385,2026-10-07,-0.16854468157834412,Basic Materials,Aluminum,France,USD,-0.8235258214614016,64.43433502826517,36.6,stock,S4 Fundament,pillar,84.0,manual thematic assignment after stack redesign,"materials, mining, metals",50.82,51.69,,bull,stock,,,,0.08169902329762468,CSTM,CONSTELLIUM SE,FR0013467479,CSTM,CSTM,Mining ⛏️,Basic Materials,Aluminum,France,USD,25.290000915527344,22.72,64.43433502826517,22.18,0.0,52.2,Seitwärts,75.4,Zyklus-neutral,-0.16854468157834412,-0.08092340369758999,27.51674998283386,0.4536895607464072,0.24740354636463413,0.33084372024879216,1607248.95,40647327.41698036,bull,0.08169902329762468,bull,0.1614564603326385,2026-10-07,False,True,False,OK,,,CSTM,CSTM,Aluminum
DSV.TO,DISCOVERY SILVER,DSV.TO,11.489999771118164,CAD,123.5408573847745,23.02,0.0,Seitwärts,0.0,0.0,78.9,27.9,Zyklus-neutral,11.07,100.0,0.0,152799680.0,7792443392.0,378971008.0,1.96,0.0,9.5,9.5,2.042,36.13,"[0.0, 22.14, 0.0, 72.12, 35.12]",14.400001,61.1,MED,"{""coverage"": 1.0, ""confluence"": 0.4, ""risk_clean"": 0.3333333333333333, ""regime_align"": 0.8858203875720692, ""liquidity"": 0.1696428571428572, ""weights"": {""coverage"": 0.25, ""confluence"": 0.25, ""risk_clean"": 0.2, ""regime_align"": 0.2, ""liquidity"": 0.1}}",CA2546771072,DSV.TO,DSV.TO,Edelmetalle ⛏️,11.36,0.7854067633836279,0.4741303780205994,0.3848768488073805,2586494.3,29718818.914998434,9.787850000858306,0.17390435796529324,bull,0.08169902329762468,bull,0.1614564603326385,2026-10-07,0.2630502827418322,Basic Materials,Silver,Canada,CAD,-2.7918775992063383,123.5408573847745,27.9,stock,S4 Fundament,pillar,84.0,manual thematic assignment after stack redesign,"materials, mining, metals",56.63,65.63,,bull,stock,,,,0.08169902329762468,DSV.TO,DISCOVERY SILVER,CA2546771072,DSV.TO,DSV.TO,Edelmetalle ⛏️,Basic Materials,Silver,Canada,CAD,11.489999771118164,11.36,123.5408573847745,23.02,0.0,61.1,Seitwärts,78.9,Zyklus-neutral,0.2630502827418322,0.17390435796529324,9.787850000858306,0.7854067633836279,0.4741303780205994,0.3848768488073805,2586494.3,29718818.914998434,bull,0.08169902329762468,bull,0.1614564603326385,2026-10-07,True,True,False,OK,,,DSV.TO,DSV.TO,Silver
DV.V,DOLLY VARDEN,DV.V,3.7200000286102295,CAD,-7.231924781023546,5.33,0.0,Seitwärts,0.0,0.0,60.7,32.7,Zyklus-neutral,-26.19,100.0,0.0,-20282864.0,565411840.0,1.0,-3.59,0.0,0.0,0.0,4.598,12.31,"[0.0, 0.0, 0.0, 67.27, 100.0]",-111.962166,26.7,LOW,"{""coverage"": 1.0, ""confluence"": 0.0, ""risk_clean"": 0.0, ""regime_align"": 0.0626801729660474, ""liquidity"": 0.044642857142857095, ""weights"": {""coverage"": 0.25, ""confluence"": 0.25, ""risk_clean"": 0.2, ""regime_align"": 0.2, ""liquidity"": 0.1}}",CA2568277834,DV.V,DV.V,Edelmetalle ⛏️,7.53,0.6471146101340484,0.4193060930592962,0.5242966819756595,396487.15,1474932.2093435884,5.75650000333786,-0.3537739900194184,bull,0.08169902329762468,bull,0.1614564603326385,2026-10-07,-0.371490558149511,Basic Materials,Silver,Canada,CAD,-2.105261176576878,-7.231924781023546,32.7,stock,S4 Fundament,pillar,84.0,manual thematic assignment after stack redesign,"materials, mining, metals",30.31,68.41,,bull,stock,,,,0.08169902329762468,DV.V,DOLLY VARDEN,CA2568277834,DV.V,DV.V,Edelmetalle ⛏️,Basic Materials,Silver,Canada,CAD,3.7200000286102295,7.53,-7.231924781023546,5.33,0.0,26.7,Seitwärts,60.7,Zyklus-neutral,-0.371490558149511,-0.3537739900194184,5.75650000333786,0.6471146101340484,0.4193060930592962,0.5242966819756595,396487.15,1474932.2093435884,bull,0.08169902329762468,bull,0.1614564603326385,2026-10-07,False,False,False,OK,,,DV.V,DV.V,Silver
EDR.TO,ENDEAVOUR SILVER,EDR.TO,11.930000305175781,CAD,10.36077559744253,18.7,0.0,Seitwärts,0.0,0.0,67.6,31.0,Zyklus-neutral,-20.46,31.741,0.0,-69431752.0,4945538560.0,337136992.0,-1.4,167.3,-27.97,139.33,0.788,57.66,"[100.0, 0.0, 0.0, 68.98, 39.63]",12.301942,54.6,MED,"{""coverage"": 1.0, ""confluence"": 0.2, ""risk_clean"": 0.6666666666666666, ""regime_align"": 0.49853859705317105, ""liquidity"": 0.1294642857142857, ""weights"": {""coverage"": 0.25, ""confluence"": 0.25, ""risk_clean"": 0.2, ""regime_align"": 0.2, ""liquidity"": 0.1}}",CA29258Y1034,EDR.TO,EDR.TO,Edelmetalle ⛏️,18.71,0.7832483537906015,0.49548458501337495,0.4640455407362998,1077838.8,12858617.212930297,13.763650016784668,-0.1332240873149757,bull,0.08169902329762468,bull,0.1614564603326385,2026-10-07,-0.010928051604990996,Basic Materials,Silver,Canada,CAD,-3.0869220267073727,10.36077559744253,31.0,stock,S4 Fundament,pillar,84.0,manual thematic assignment after stack redesign,"materials, mining, metals",49.51,64.2,,bull,stock,,,,0.08169902329762468,EDR.TO,ENDEAVOUR SILVER,CA29258Y1034,EDR.TO,EDR.TO,Edelmetalle ⛏️,Basic Materials,Silver,Canada,CAD,11.930000305175781,18.71,10.36077559744253,18.7,0.0,54.6,Seitwärts,67.6,Zyklus-neutral,-0.010928051604990996,-0.1332240873149757,13.763650016784668,0.7832483537906015,0.49548458501337495,0.4640455407362998,1077838.8,12858617.212930297,bull,0.08169902329762468,bull,0.1614564603326385,2026-10-07,False,True,False,OK,,,EDR.TO,EDR.TO,Silver
EQX.TO,EQUINOX GOLD,EQX.TO,15.720000267028809,CAD,-1.2847061920740033,23.77,0.0,Seitwärts,0.0,0.0,69.9,55.9,Zyklus-neutral,1.41,34.774,0.0,247383744.0,18424088576.0,2296356096.0,1.34,91.2,2.71,93.91,1.074,60.19,"[100.0, 2.82, 0.0, 44.08, 30.27]",14.130916,56.1,MED,"{""coverage"": 1.0, ""confluence"": 0.4, ""risk_clean"": 0.3333333333333333, ""regime_align"": 0.6034593209481102, ""liquidity"": 0.2366071428571428, ""weights"": {""coverage"": 0.25, ""confluence"": 0.25, ""risk_clean"": 0.2, ""regime_align"": 0.2, ""liquidity"": 0.1}}",CA29446Y5020,EQX.TO,EQX.TO,Edelmetalle ⛏️,22.8,0.6204886246842833,0.39248166416879127,0.5266961035807802,3427802.2,53885051.49932194,18.065281462669372,-0.12982256603568132,bull,0.08169902329762468,bull,0.1614564603326385,2026-10-07,0.10380296236031383,Basic Materials,Gold,Canada,CAD,-2.6022251456155554,-1.2847061920740033,55.9,stock,S4 Fundament,pillar,84.0,manual thematic assignment after stack redesign,"materials, mining, metals",56.24,60.87,,bull,stock,,,,0.08169902329762468,EQX.TO,EQUINOX GOLD,CA29446Y5020,EQX.TO,EQX.TO,Edelmetalle ⛏️,Basic Materials,Gold,Canada,CAD,15.720000267028809,22.8,-1.2847061920740033,23.77,0.0,56.1,Seitwärts,69.9,Zyklus-neutral,0.10380296236031383,-0.12982256603568132,18.065281462669372,0.6204886246842833,0.39248166416879127,0.5266961035807802,3427802.2,53885051.49932194,bull,0.08169902329762468,bull,0.1614564603326385,2026-10-07,False,True,False,OK,,,EQX.TO,EQX.TO,Gold
FCX,FREEPORT-MCMORAN,FCX,71.72000122070312,USD,78.154342132157,26.42,0.0,Seitwärts,0.0,0.0,65.4,37.1,Zyklus-neutral,13.95,33.768,95.0,1371124992.0,106995998720.0,25915000832.0,1.28,-1.5,8.51,7.01,2.291,85.98,"[0.0, 27.9, 0.0, 62.93, 14.34]",18.48081,78.4,HIGH,"{""coverage"": 1.0, ""confluence"": 0.4, ""risk_clean"": 1.0, ""regime_align"": 0.8455717488789238, ""liquidity"": 0.6473214285714286, ""weights"": {""coverage"": 0.25, ""confluence"": 0.25, ""risk_clean"": 0.2, ""regime_align"": 0.2, ""liquidity"": 0.1}}",US35671D8570,FCX,FCX,Fundament,62.52,0.47821468672825473,0.32149694478756374,0.24309796349452595,11063765.3,793493260.8215729,63.813542652130124,0.12389938310859594,bull,0.08169902329762468,bull,0.1614564603326385,2026-10-07,0.13635518562017568,Basic Materials,Copper,United States,USD,-1.1576576159781582,78.154342132157,37.1,stock,S4 Fundament,pillar,84.0,manual thematic assignment after stack redesign,"materials, mining, metals",53.64,40.22,,bull,stock,,,,0.08169902329762468,FCX,FREEPORT-MCMORAN,US35671D8570,FCX,FCX,Fundament,Basic Materials,Copper,United States,USD,71.72000122070312,62.52,78.154342132157,26.42,0.0,78.4,Seitwärts,65.4,Zyklus-neutral,0.13635518562017568,0.12389938310859594,63.813542652130124,0.47821468672825473,0.32149694478756374,0.24309796349452595,11063765.3,793493260.8215729,bull,0.08169902329762468,bull,0.1614564603326385,2026-10-07,True,True,False,OK,,,FCX,FCX,Copper
FRES.L,FRESNILLO PLC,FRES.L,2688.0,GBp,16.907451431855193,37.13,5.71,BUY,4472.0,5968.4,85.5,21.4,Zyklus-neutral,13.85,20.456,90.0,1243160320.0,27399075840.0,3944284928.0,4.54,30.1,11.56,41.66,5.092,15.79,"[60.2, 27.7, 0.0, 98.63, 15.53]",15.260902,60.8,MED,"{""coverage"": 1.0, ""confluence"": 0.2, ""risk_clean"": 0.6666666666666666, ""regime_align"": 0.4448070147341448, ""liquidity"": 0.8526785714285714, ""weights"": {""coverage"": 0.25, ""confluence"": 0.25, ""risk_clean"": 0.2, ""regime_align"": 0.2, ""liquidity"": 0.1}}",GB00B2QPKJ12,FRES.L,FRES.L,Edelmetalle ⛏️,4140.0,0.5693830173447151,0.3544925126782674,0.450869549748357,968762.25,2604032928.0,3257.7761645507812,-0.17489727217933293,bull,0.08169902329762468,bull,0.1614564603326385,2026-10-07,-0.019204336021536594,Basic Materials,Other Precious Metals & Mining,Mexico,GBp,-0.5549389567147567,16.907451431855193,21.4,stock,S4 Fundament,pillar,84.0,manual thematic assignment after stack redesign,"materials, mining, metals",69.84,39.34,,bull,stock,,,,0.08169902329762468,FRES.L,FRESNILLO PLC,GB00B2QPKJ12,FRES.L,FRES.L,Edelmetalle ⛏️,Basic Materials,Other Precious Metals & Mining,Mexico,GBp,2688.0,4140.0,16.907451431855193,37.13,5.71,60.8,BUY,85.5,Zyklus-neutral,-0.019204336021536594,-0.17489727217933293,3257.7761645507812,0.5693830173447151,0.3544925126782674,0.450869549748357,968762.25,2604032928.0,bull,0.08169902329762468,bull,0.1614564603326385,2026-10-07,False,True,False,OK,,,FRES.L,FRES.L,Other Precious Metals & Mining
GOT.V,GOLIATH RES,GOT.V,1.3849999904632568,CAD,-54.88599281498027,8.34,0.0,Seitwärts,0.0,0.0,50.2,50.0,Zyklus-neutral,-164.74,100.0,0.0,-20772268.0,394225856.0,1.0,-5.27,0.0,0.0,0.0,5.955,11.76,"[0.0, 0.0, 0.0, 50.0, 88.14]",-13.722221,39.2,LOW,"{""coverage"": 1.0, ""confluence"": 0.2, ""risk_clean"": 0.0, ""regime_align"": 0.4468489750160154, ""liquidity"": 0.022321428571428603, ""weights"": {""coverage"": 0.25, ""confluence"": 0.25, ""risk_clean"": 0.2, ""regime_align"": 0.2, ""liquidity"": 0.1}}",CA38171A2092,GOT.V,GOT.V,Edelmetalle ⛏️,2.56,0.5826121030691083,0.3223517653453118,0.600000014901161,265482.3,367692.9829681635,1.7983499962091445,-0.2298495880208048,bull,0.08169902329762468,bull,0.1614564603326385,2026-10-07,0.012518950737296475,Basic Materials,Other Precious Metals & Mining,Canada,CAD,-4.482762419511122,-54.88599281498027,50.0,stock,S4 Fundament,pillar,84.0,manual thematic assignment after stack redesign,"materials, mining, metals",34.36,66.65,,bull,stock,,,,0.08169902329762468,GOT.V,GOLIATH RES,CA38171A2092,GOT.V,GOT.V,Edelmetalle ⛏️,Basic Materials,Other Precious Metals & Mining,Canada,CAD,1.3849999904632568,2.56,-54.88599281498027,8.34,0.0,39.2,Seitwärts,50.2,Zyklus-neutral,0.012518950737296475,-0.2298495880208048,1.7983499962091445,0.5826121030691083,0.3223517653453118,0.600000014901161,265482.3,367692.9829681635,bull,0.08169902329762468,bull,0.1614564603326385,2026-10-07,False,False,False,OK,,,GOT.V,GOT.V,Other Precious Metals & Mining
HL,HECLA MNG,HL,16.4768009185791,USD,38.007773630921804,26.5,0.0,Seitwärts,0.0,0.0,73.7,12.4,Zyklus-Tief,8.88,11.711,7.0,107837000.0,15551884288.0,1224562944.0,0.69,67.1,16.27,83.37,2.153,80.04,"[100.0, 17.76, 0.0, 87.58, 22.19]",21.58091,63.2,MED,"{""coverage"": 1.0, ""confluence"": 0.6, ""risk_clean"": 0.3333333333333333, ""regime_align"": 0.518607863549007, ""liquidity"": 0.6160714285714286, ""weights"": {""coverage"": 0.25, ""confluence"": 0.25, ""risk_clean"": 0.2, ""regime_align"": 0.2, ""liquidity"": 0.1}}",US4227041062,HL,HL,Edelmetalle ⛏️,28.27,0.7380882349630916,0.43662550523040583,0.5581261665440812,37880772.75,624153951.2436862,19.142831563949585,-0.1392704436887613,bull,0.08169902329762468,bull,0.1614564603326385,2026-10-07,0.009442138380069132,Basic Materials,Other Precious Metals & Mining,United States,USD,-3.6444412221531275,38.007773630921804,12.4,stock,S4 Fundament,pillar,84.0,manual thematic assignment after stack redesign,"materials, mining, metals",59.37,57.57,,bull,stock,,,,0.08169902329762468,HL,HECLA MNG,US4227041062,HL,HL,Edelmetalle ⛏️,Basic Materials,Other Precious Metals & Mining,United States,USD,16.4768009185791,28.27,38.007773630921804,26.5,0.0,63.2,Seitwärts,73.7,Zyklus-Tief,0.009442138380069132,-0.1392704436887613,19.142831563949585,0.7380882349630916,0.43662550523040583,0.5581261665440812,37880772.75,624153951.2436862,bull,0.08169902329762468,bull,0.1614564603326385,2026-10-07,False,True,False,OK,,,HL,HL,Other Precious Metals & Mining
HMY,Harmony Gold Mining Company,HMY,16.549999237060547,USD,-7.97389150633977,27.37,0.0,Seitwärts,0.0,0.0,60.2,27.3,Zyklus-neutral,32.52,4.925,98.0,10437374976.0,2812910080.0,73896001536.0,371.05,22.7,19.46,42.16,1.72,23.91,"[45.4, 65.04, 0.0, 72.74, 27.31]",8.793388,66.5,MED,"{""coverage"": 1.0, ""confluence"": 0.8, ""risk_clean"": 0.3333333333333333, ""regime_align"": 0.6058516175528508, ""liquidity"": 0.2723214285714286, ""weights"": {""coverage"": 0.25, ""confluence"": 0.25, ""risk_clean"": 0.2, ""regime_align"": 0.2, ""liquidity"": 0.1}}",US4132163001,HMY,HMY,Tech 💻,,0.6566723685271048,0.420718188069404,0.48847927471409924,3929569.15,65034366.43447666,18.13360986709595,-0.08733013678147539,bull,0.08169902329762468,bull,0.1614564603326385,2026-10-07,0.0630268986895739,Basic Materials,Gold,South Africa,USD,-4.445730203989395,-7.97389150633977,27.3,stock,S4 Fundament,pillar,84.0,manual thematic assignment after stack redesign,"materials, mining, metals",60.62,57.28,,bull,stock,,,,0.08169902329762468,HMY,Harmony Gold Mining Company,US4132163001,HMY,HMY,Tech 💻,Basic Materials,Gold,South Africa,USD,16.549999237060547,,-7.97389150633977,27.37,0.0,66.5,Seitwärts,60.2,Zyklus-neutral,0.0630268986895739,-0.08733013678147539,18.13360986709595,0.6566723685271048,0.420718188069404,0.48847927471409924,3929569.15,65034366.43447666,bull,0.08169902329762468,bull,0.1614564603326385,2026-10-07,False,True,False,OK,,,HMY,HMY,Gold
LGO,LARGO INC,LGO,0.4580000042915344,USD,-73.8285711833409,10.38,3.04,BUY,1.51,2.19,46.2,96.7,Zyklus-Hoch,-38.41,77.781,0.0,5307000.0,244189840.0,111884000.0,2.17,11.2,-57.33,-46.13,0.496,51.58,"[22.4, 0.0, 0.0, 23.29, 57.93]",18.666666,25.9,LOW,"{""coverage"": 1.0, ""confluence"": 0.0, ""risk_clean"": 0.0, ""regime_align"": 0.02905789557975657, ""liquidity"": 0.03125, ""weights"": {""coverage"": 0.25, ""confluence"": 0.25, ""risk_clean"": 0.2, ""regime_align"": 0.2, ""liquidity"": 0.1}}",CA5170971017,LGO,LGO,Mining ⛏️,1.35,0.9733591980987178,0.7283133220681002,0.8182539651753711,1066977.4,488675.6537789702,1.0012900015711785,-0.5425900552558582,bull,0.08169902329762468,bull,0.1614564603326385,2026-10-07,-0.40487695102763643,Basic Materials,Other Industrial Metals & Mining,Canada,USD,-2.5531903291083125,-73.8285711833409,96.7,stock,S4 Fundament,pillar,84.0,manual thematic assignment after stack redesign,"materials, mining, metals",40.04,74.53,,bull,stock,,,,0.08169902329762468,LGO,LARGO INC,CA5170971017,LGO,LGO,Mining ⛏️,Basic Materials,Other Industrial Metals & Mining,Canada,USD,0.4580000042915344,1.35,-73.8285711833409,10.38,3.04,25.9,BUY,46.2,Zyklus-Hoch,-0.40487695102763643,-0.5425900552558582,1.0012900015711785,0.9733591980987178,0.7283133220681002,0.8182539651753711,1066977.4,488675.6537789702,bull,0.08169902329762468,bull,0.1614564603326385,2026-10-07,False,False,False,OK,,,LGO,LGO,Other Industrial Metals & Mining
MGMA.V,MAGMA SILVER,MGMA.V,0.10999999940395355,CAD,-37.14285641300433,2.11,0.0,Seitwärts,0.0,0.0,60.8,23.3,Zyklus-neutral,-2465.46,100.0,0.0,-1205764.0,23695312.0,1.0,-5.09,0.0,0.0,0.0,4.323,0.0,"[0.0, 0.0, 0.0, 76.72, 25.0]",0.0,26.4,LOW,"{""coverage"": 1.0, ""confluence"": 0.0, ""risk_clean"": 0.0, ""regime_align"": 0.06702434336963485, ""liquidity"": 0.004464285714285698, ""weights"": {""coverage"": 0.25, ""confluence"": 0.25, ""risk_clean"": 0.2, ""regime_align"": 0.2, ""liquidity"": 0.1}}",CA5589221004,MGMA.V,MGMA.V,Edelmetalle ⛏️,0.36,1.085037025094269,0.5625692031749794,0.7529411911139434,250169.45,27518.639350887388,0.20069999944418668,-0.45191828745099816,bull,0.08169902329762468,bull,0.1614564603326385,2026-10-07,-0.3033901243675332,Basic Materials,Other Industrial Metals & Mining,Canada,CAD,-8.333331781129004,-37.14285641300433,23.3,stock,S4 Fundament,pillar,84.0,manual thematic assignment after stack redesign,"materials, mining, metals",29.51,81.26,,bull,stock,,,,0.08169902329762468,MGMA.V,MAGMA SILVER,CA5589221004,MGMA.V,MGMA.V,Edelmetalle ⛏️,Basic Materials,Other Industrial Metals & Mining,Canada,CAD,0.10999999940395355,0.36,-37.14285641300433,2.11,0.0,26.4,Seitwärts,60.8,Zyklus-neutral,-0.3033901243675332,-0.45191828745099816,0.20069999944418668,1.085037025094269,0.5625692031749794,0.7529411911139434,250169.45,27518.639350887388,bull,0.08169902329762468,bull,0.1614564603326385,2026-10-07,False,False,False,OK,,,MGMA.V,MGMA.V,Other Industrial Metals & Mining
NEM.AX,NEWMONT CORP.,NEM.AX,164.9199981689453,AUD,24.050906772874715,34.32,0.0,Seitwärts,0.0,0.0,76.4,43.9,Zyklus-neutral,22.88,16.914,90.0,9337749504.0,182633725952.0,21503000576.0,5.11,20.0,33.42,53.42,2.039,11.57,"[40.0, 45.76, 0.0, 56.08, 21.98]",13.116383,78.0,HIGH,"{""coverage"": 1.0, ""confluence"": 0.6, ""risk_clean"": 1.0, ""regime_align"": 0.7917000320307495, ""liquidity"": 0.2142857142857143, ""weights"": {""coverage"": 0.25, ""confluence"": 0.25, ""risk_clean"": 0.2, ""regime_align"": 0.2, ""liquidity"": 0.1}}",AU0000297962,NEM.AX,NEM.AX,Edelmetalle ⛏️,180.94,0.4781368328947582,0.3258714685592604,0.31607120882560125,296048.75,48824359.30791855,158.20758979797364,0.042427853047652286,bull,0.08169902329762468,bull,0.1614564603326385,2026-10-07,0.18359692552172513,Basic Materials,Gold,United States,AUD,0.3773555116685978,24.050906772874715,43.9,stock,S4 Fundament,pillar,84.0,manual thematic assignment after stack redesign,"materials, mining, metals",67.74,46.22,,bull,stock,,,,0.08169902329762468,NEM.AX,NEWMONT CORP.,AU0000297962,NEM.AX,NEM.AX,Edelmetalle ⛏️,Basic Materials,Gold,United States,AUD,164.9199981689453,180.94,24.050906772874715,34.32,0.0,78.0,Seitwärts,76.4,Zyklus-neutral,0.18359692552172513,0.042427853047652286,158.20758979797364,0.4781368328947582,0.3258714685592604,0.31607120882560125,296048.75,48824359.30791855,bull,0.08169902329762468,bull,0.1614564603326385,2026-10-07,True,True,False,OK,,,NEM.AX,NEM.AX,Gold
PAAS.TO,PAN AMER. SILVER,PAAS.TO,63.529998779296875,CAD,17.20270893375002,25.67,0.0,Seitwärts,0.0,0.0,71.7,41.7,Zyklus-neutral,11.29,13.316,97.0,996537472.0,33913999360.0,3254799872.0,2.94,19.3,19.48,38.78,2.313,68.03,"[38.6, 22.58, 0.0, 58.27, 22.51]",16.049044,55.2,MED,"{""coverage"": 1.0, ""confluence"": 0.2, ""risk_clean"": 0.6666666666666666, ""regime_align"": 0.49188220691864193, ""liquidity"": 0.2053571428571428, ""weights"": {""coverage"": 0.25, ""confluence"": 0.25, ""risk_clean"": 0.2, ""regime_align"": 0.2, ""liquidity"": 0.1}}",CA6979001089,PAAS.TO,PAAS.TO,Edelmetalle ⛏️,87.0,0.5757190636970453,0.3988641201830394,0.37078769663532507,726719.3,46168476.24189148,72.66626558303832,-0.12572913621522375,bull,0.08169902329762468,bull,0.1614564603326385,2026-10-07,-0.01736411492581058,Basic Materials,Gold,Canada,CAD,-2.770121916190149,17.20270893375002,41.7,stock,S4 Fundament,pillar,84.0,manual thematic assignment after stack redesign,"materials, mining, metals",56.62,53.02,,bull,stock,,,,0.08169902329762468,PAAS.TO,PAN AMER. SILVER,CA6979001089,PAAS.TO,PAAS.TO,Edelmetalle ⛏️,Basic Materials,Gold,Canada,CAD,63.529998779296875,87.0,17.20270893375002,25.67,0.0,55.2,Seitwärts,71.7,Zyklus-neutral,-0.01736411492581058,-0.12572913621522375,72.66626558303832,0.5757190636970453,0.3988641201830394,0.37078769663532507,726719.3,46168476.24189148,bull,0.08169902329762468,bull,0.1614564603326385,2026-10-07,False,True,False,OK,,,PAAS.TO,PAAS.TO,Gold
PKX,POSCO HOL.ADR,PKX,56.0,USD,16.86144019156277,25.73,2.86,BUY,65.49,81.98,67.1,47.7,Zyklus-neutral,0.81,45.676,278.0,0.0,19552163332096.0,69095001161728.0,0.0,-5.4,0.95,-4.45,1.896,2.67,"[0.0, 1.62, 0.0, 72.33, 23.17]",12.655211,62.8,MED,"{""coverage"": 1.0, ""confluence"": 0.2, ""risk_clean"": 1.0, ""regime_align"": 0.583540198590647, ""liquidity"": 0.1160714285714286, ""weights"": {""coverage"": 0.25, ""confluence"": 0.25, ""risk_clean"": 0.2, ""regime_align"": 0.2, ""liquidity"": 0.1}}",US6934831099,PKX,PKX,Fundament,63.17,0.4592517922868544,0.27879953422406667,0.4692542558079722,188692.5,10566780.0,61.30785003662109,-0.08657700495859089,bull,0.08169902329762468,bull,0.1614564603326385,2026-10-07,0.0388811417440551,Basic Materials,Steel,South Korea,USD,-4.6646264899090735,16.86144019156277,47.7,stock,S4 Fundament,pillar,84.0,manual thematic assignment after stack redesign,"materials, mining, metals",54.4,45.84,,bull,stock,,,,0.08169902329762468,PKX,POSCO HOL.ADR,US6934831099,PKX,PKX,Fundament,Basic Materials,Steel,South Korea,USD,56.0,63.17,16.86144019156277,25.73,2.86,62.8,BUY,67.1,Zyklus-neutral,0.0388811417440551,-0.08657700495859089,61.30785003662109,0.4592517922868544,0.27879953422406667,0.4692542558079722,188692.5,10566780.0,bull,0.08169902329762468,bull,0.1614564603326385,2026-10-07,False,True,False,OK,,,PKX,PKX,Steel
PPTA,Perpetua Resources,PPTA,20.040000915527344,USD,-15.084743255926503,12.24,0.0,Seitwärts,0.0,0.0,64.9,33.6,Zyklus-neutral,-14.54,0.009,0.0,-62575000.0,3159208448.0,1.0,-1.98,0.0,0.0,0.0,42.247,69.23,"[0.0, 0.0, 99.55, 66.44, 100.0]",-434.99997,41.5,LOW,"{""coverage"": 1.0, ""confluence"": 0.0, ""risk_clean"": 0.3333333333333333, ""regime_align"": 0.4222753843689942, ""liquidity"": 0.1428571428571428, ""weights"": {""coverage"": 0.25, ""confluence"": 0.25, ""risk_clean"": 0.2, ""regime_align"": 0.2, ""liquidity"": 0.1}}",CA7142661031,PPTA,PPTA,Edelmetalle ⛏️,,0.7382522941015739,0.45624019589764186,0.5459430665163472,921677.15,18470410.929820634,26.287900018692017,-0.23767205059065588,bull,0.08169902329762468,bull,0.1614564603326385,2026-10-07,-0.0014099844818604712,Basic Materials,Other Precious Metals & Mining,United States,USD,-2.812802619302013,-15.084743255926503,33.6,stock,S4 Fundament,pillar,84.0,manual thematic assignment after stack redesign,"materials, mining, metals",38.53,60.97,,bull,stock,,,,0.08169902329762468,PPTA,Perpetua Resources,CA7142661031,PPTA,PPTA,Edelmetalle ⛏️,Basic Materials,Other Precious Metals & Mining,United States,USD,20.040000915527344,,-15.084743255926503,12.24,0.0,41.5,Seitwärts,64.9,Zyklus-neutral,-0.0014099844818604712,-0.23767205059065588,26.287900018692017,0.7382522941015739,0.45624019589764186,0.5459430665163472,921677.15,18470410.929820634,bull,0.08169902329762468,bull,0.1614564603326385,2026-10-07,False,True,False,OK,,,PPTA,PPTA,Other Precious Metals & Mining
SLVR.V,SILVER TIGER,SLVR.V,0.7300000190734863,CAD,0.0,10.65,0.0,Seitwärts,0.0,0.0,67.6,11.8,Zyklus-Tief,-4.86,100.0,0.0,-4825026.0,488284608.0,1.0,-0.99,0.0,0.0,0.0,16.853,14.6,"[0.0, 0.0, 0.0, 88.22, 43.18]",35.357143,34.6,LOW,"{""coverage"": 1.0, ""confluence"": 0.0, ""risk_clean"": 0.0, ""regime_align"": 0.4657371076233184, ""liquidity"": 0.0267857142857143, ""weights"": {""coverage"": 0.25, ""confluence"": 0.25, ""risk_clean"": 0.2, ""regime_align"": 0.2, ""liquidity"": 0.1}}",CA82831T1093,SLVR.V,SLVR.V,Edelmetalle ⛏️,1.29,0.8526655510836472,0.4791551409014639,0.5037593947896938,615646.0,449421.5917425156,0.8361750009655953,0.0284928553377066,bull,0.08169902329762468,bull,0.1614564603326385,2026-10-07,-0.1600714771977183,Basic Materials,Other Precious Metals & Mining,Canada,CAD,3.614461638270328,0.0,11.8,stock,S4 Fundament,pillar,84.0,manual thematic assignment after stack redesign,"materials, mining, metals",39.65,72.04,,bull,stock,,,,0.08169902329762468,SLVR.V,SILVER TIGER,CA82831T1093,SLVR.V,SLVR.V,Edelmetalle ⛏️,Basic Materials,Other Precious Metals & Mining,Canada,CAD,0.7300000190734863,1.29,0.0,10.65,0.0,34.6,Seitwärts,67.6,Zyklus-Tief,-0.1600714771977183,0.0284928553377066,0.8361750009655953,0.8526655510836472,0.4791551409014639,0.5037593947896938,615646.0,449421.5917425156,bull,0.08169902329762468,bull,0.1614564603326385,2026-10-07,True,False,False,OK,,,SLVR.V,SLVR.V,Other Precious Metals & Mining
SOLB.BR,SOLVAY S.A. A,SOLB.BR,24.979999542236328,EUR,2.0617913985054193,19.1,0.0,Seitwärts,0.0,0.0,51.3,100.0,Zyklus-Hoch,12.58,174.545,868.0,86625000.0,4766044672.0,4905999872.0,1.82,-3.9,3.14,-0.76,1.413,29.14,"[0.0, 25.16, 0.0, 0.0, 17.0]",10.491425,50.1,MED,"{""coverage"": 1.0, ""confluence"": 0.0, ""risk_clean"": 0.6666666666666666, ""regime_align"": 0.5347533632286996, ""liquidity"": 0.1071428571428571, ""weights"": {""coverage"": 0.25, ""confluence"": 0.25, ""risk_clean"": 0.2, ""regime_align"": 0.2, ""liquidity"": 0.1}}",BE0003470755,SOLB.BR,SOLB.BR,Experimente,25.84,0.2509534790889959,0.1814218284686537,0.14035087843632965,359900.95,8990325.56625042,25.633716707229613,-0.025502238807566857,bull,0.08169902329762468,bull,0.1614564603326385,2026-10-07,-0.07445212964847081,Basic Materials,Chemicals,Belgium,EUR,0.48269882919793616,2.0617913985054193,100.0,stock,S4 Fundament,pillar,84.0,manual thematic assignment after stack redesign,"materials, mining, metals",41.75,38.25,,bull,stock,,,,0.08169902329762468,SOLB.BR,SOLVAY S.A. A,BE0003470755,SOLB.BR,SOLB.BR,Experimente,Basic Materials,Chemicals,Belgium,EUR,24.979999542236328,25.84,2.0617913985054193,19.1,0.0,50.1,Seitwärts,51.3,Zyklus-Hoch,-0.07445212964847081,-0.025502238807566857,25.633716707229613,0.2509534790889959,0.1814218284686537,0.14035087843632965,359900.95,8990325.56625042,bull,0.08169902329762468,bull,0.1614564603326385,2026-10-07,False,True,False,OK,,,SOLB.BR,SOLB.BR,Chemicals
VALE,VALE S.A.,VALE,13.710000038146973,BRL,34.487665816700016,28.81,0.0,Seitwärts,0.0,0.0,80.6,3.6,Zyklus-Tief,13.27,50.201,792.0,-951249984.0,458628300800.0,213320007680.0,-0.21,7.0,14.15,21.15,1.237,43.69,"[14.0, 26.54, 0.0, 96.37, 18.54]",8.056645,60.6,MED,"{""coverage"": 1.0, ""confluence"": 0.0, ""risk_clean"": 1.0, ""regime_align"": 0.4942745035233824, ""liquidity"": 0.5758928571428571, ""weights"": {""coverage"": 0.25, ""confluence"": 0.25, ""risk_clean"": 0.2, ""regime_align"": 0.2, ""liquidity"": 0.1}}",BRVALEACNOR0,VALE,VALE,Fundament,85.14,0.32979705911526097,0.21924127311174016,0.23235367941301133,33685986.95,461834882.36951846,14.990892686843871,-0.0854447213687961,bull,0.08169902329762468,bull,0.1614564603326385,2026-10-07,-0.05709054802857294,Basic Materials,Other Industrial Metals & Mining,Brazil,BRL,-2.6278401105395255,34.487665816700016,3.6,stock,S4 Fundament,pillar,84.0,manual thematic assignment after stack redesign,"materials, mining, metals",55.36,34.15,,bull,stock,,,,0.08169902329762468,VALE,VALE S.A.,BRVALEACNOR0,VALE,VALE,Fundament,Basic Materials,Other Industrial Metals & Mining,Brazil,BRL,13.710000038146973,85.14,34.487665816700016,28.81,0.0,60.6,Seitwärts,80.6,Zyklus-Tief,-0.05709054802857294,-0.0854447213687961,14.990892686843871,0.32979705911526097,0.21924127311174016,0.23235367941301133,33685986.95,461834882.36951846,bull,0.08169902329762468,bull,0.1614564603326385,2026-10-07,False,True,False,OK,,,VALE,VALE,Other Industrial Metals & Mining
VZLA.TO,VIZSLA SILVER,VZLA.TO,4.909999847412109,CAD,-20.80645163771265,11.55,0.0,Seitwärts,0.0,0.0,60.3,5.0,Zyklus-Tief,-3.22,100.0,0.0,-38075144.0,1614304768.0,1.0,-2.36,0.0,0.0,0.0,33.437,57.89,"[0.0, 0.0, 0.0, 94.98, 92.49]",-57.42399,42.7,LOW,"{""coverage"": 1.0, ""confluence"": 0.2, ""risk_clean"": 0.0, ""regime_align"": 0.6013372837924408, ""liquidity"": 0.0625, ""weights"": {""coverage"": 0.25, ""confluence"": 0.25, ""risk_clean"": 0.2, ""regime_align"": 0.2, ""liquidity"": 0.1}}",CA92859G6085,VZLA.TO,VZLA.TO,Edelmetalle ⛏️,9.02,0.6759177524510133,0.5087307507106189,0.5593952675097587,878892.1,4315360.076891708,5.474549992084503,-0.10312265765928907,bull,0.08169902329762468,bull,0.1614564603326385,2026-10-07,0.06664737493268613,Basic Materials,Other Precious Metals & Mining,Canada,CAD,-1.9960155070101737,-20.80645163771265,5.0,stock,S4 Fundament,pillar,84.0,manual thematic assignment after stack redesign,"materials, mining, metals",40.94,71.7,,bull,stock,,,,0.08169902329762468,VZLA.TO,VIZSLA SILVER,CA92859G6085,VZLA.TO,VZLA.TO,Edelmetalle ⛏️,Basic Materials,Other Precious Metals & Mining,Canada,CAD,4.909999847412109,9.02,-20.80645163771265,11.55,0.0,42.7,Seitwärts,60.3,Zyklus-Tief,0.06664737493268613,-0.10312265765928907,5.474549992084503,0.6759177524510133,0.5087307507106189,0.5593952675097587,878892.1,4315360.076891708,bull,0.08169902329762468,bull,0.1614564603326385,2026-10-07,False,False,False,OK,,,VZLA.TO,VZLA.TO,Other Precious Metals & Mining
WPM.TO,WHEATON PREC.,WPM.TO,191.52000427246094,CAD,27.493633675545492,43.02,3.74,BUY,214.41,269.3,76.2,38.5,Zyklus-neutral,13.05,0.099,48.0,376391360.0,87851417600.0,1830402048.0,0.43,54.5,54.72,109.22,8.089,73.33,"[100.0, 26.1, 95.05, 81.5, 16.33]",34.90334,79.5,HIGH,"{""coverage"": 1.0, ""confluence"": 0.6, ""risk_clean"": 1.0, ""regime_align"": 0.7872057174887892, ""liquidity"": 0.375, ""weights"": {""coverage"": 0.25, ""confluence"": 0.25, ""risk_clean"": 0.2, ""regime_align"": 0.2, ""liquidity"": 0.1}}",CA9628791027,WPM.TO,WPM.TO,Edelmetalle ⛏️,202.53,0.5087642983999029,0.35439970443446034,0.35599552664080425,846435.95,162109416.76036453,184.4028932952881,0.038595440939074965,bull,0.08169902329762468,bull,0.1614564603326385,2026-10-07,0.18608848295362956,Basic Materials,Gold,Canada,CAD,-2.1309203929280485,27.493633675545492,38.5,stock,S4 Fundament,pillar,84.0,manual thematic assignment after stack redesign,"materials, mining, metals",78.49,38.05,,bull,stock,,,,0.08169902329762468,WPM.TO,WHEATON PREC.,CA9628791027,WPM.TO,WPM.TO,Edelmetalle ⛏️,Basic Materials,Gold,Canada,CAD,191.52000427246094,202.53,27.493633675545492,43.02,3.74,79.5,BUY,76.2,Zyklus-neutral,0.18608848295362956,0.038595440939074965,184.4028932952881,0.5087642983999029,0.35439970443446034,0.35599552664080425,846435.95,162109416.76036453,bull,0.08169902329762468,bull,0.1614564603326385,2026-10-07,True,True,False,OK,,,WPM.TO,WPM.TO,Gold
NDA.DE,AURUBIS AG,NDA.DE,154.89999389648438,EUR,29.93542476161073,23.89,0.0,BUY,123.5,145.46,79.5,54.1,Zyklus-neutral,11.9,10.073,95.0,-585249984.0,7707624960.0,19295000576.0,-7.59,25.3,3.14,28.44,2.108,49.51,"[50.6, 23.8, 0.0, 65.86, 6.88]",18.59068,59.5,MED,"{""coverage"": 1.0, ""confluence"": 0.2, ""risk_clean"": 1.0, ""regime_align"": 0.40045443625880844, ""liquidity"": 0.1517857142857143, ""weights"": {""coverage"": 0.25, ""confluence"": 0.25, ""risk_clean"": 0.2, ""regime_align"": 0.2, ""liquidity"": 0.1}}",DE0006766504,NDA.DE,NDA.DE,Recycling,155.7,0.4013172742659614,0.26523836731550393,0.30018249985329426,158652.5,24575271.281661987,172.4712015914917,-0.101879082031479,bull,0.08169902329762468,bull,0.1614564603326385,2026-10-07,-0.12323664536046353,Industrials,Metal Fabrication,Germany,EUR,-1.4631062954251095,29.93542476161073,54.1,stock,S5 Recycling,pillar,83.0,manual thematic assignment after stack redesign,"recycling, urban mining",49.82,40.45,,bull,stock,,,,0.08169902329762468,NDA.DE,AURUBIS AG,DE0006766504,NDA.DE,NDA.DE,Recycling,Industrials,Metal Fabrication,Germany,EUR,154.89999389648438,155.7,29.93542476161073,23.89,0.0,59.5,BUY,79.5,Zyklus-neutral,-0.12323664536046353,-0.101879082031479,172.4712015914917,0.4013172742659614,0.26523836731550393,0.30018249985329426,158652.5,24575271.281661987,bull,0.08169902329762468,bull,0.1614564603326385,2026-10-07,False,True,False,OK,,,NDA.DE,NDA.DE,Metal Fabrication
SGM.AX,Sims Limited,SGM.AX,23.1200008392334,AUD,73.28735701855497,22.55,,,,,,,,,,,,,,,,,,,,,,56.5,MED,"{""coverage"": 1.0, ""confluence"": 0.0, ""risk_clean"": 1.0, ""regime_align"": 0.5035834401024983, ""liquidity"": 0.1383928571428572, ""weights"": {""coverage"": 0.25, ""confluence"": 0.25, ""risk_clean"": 0.2, ""regime_align"": 0.2, ""liquidity"": 0.1}}",AU000000SGM7,SGM.AX,SGM.AX,Recycling,,0.3866099554127967,0.27644020842187494,0.24408133141311805,699455.25,16171405.967006207,22.734410018920897,0.01696066975090149,bull,0.08169902329762468,bull,0.1614564603326385,2026-10-07,-0.11693075610655113,Industrials,Waste Management,Australia,AUD,-4.777593964608629,73.28735701855497,0.0,stock,S5 Recycling,pillar,84.0,manual gap-filling addition for metals recycling exposure,"recycling, urban mining",48.68,43.32,,bull,stock,,,,0.08169902329762468,SGM.AX,Sims Limited,AU000000SGM7,SGM.AX,SGM.AX,Recycling,Industrials,Waste Management,Australia,AUD,23.1200008392334,,73.28735701855497,22.55,,56.5,,,,-0.11693075610655113,0.01696066975090149,22.734410018920897,0.3866099554127967,0.27644020842187494,0.24408133141311805,699455.25,16171405.967006207,bull,0.08169902329762468,bull,0.1614564603326385,2026-10-07,True,True,False,OK,,,SGM.AX,SGM.AX,Waste Management
TOM.OL,Tomra Systems ASA,TOM.OL,92.94999694824219,NOK,-35.31587021997126,20.24,,,,,,,,,,,,,,,,,,,,,,56.0,MED,"{""coverage"": 1.0, ""confluence"": 0.0, ""risk_clean"": 1.0, ""regime_align"": 0.4293121396540679, ""liquidity"": 0.2455357142857143, ""weights"": {""coverage"": 0.25, ""confluence"": 0.25, ""risk_clean"": 0.2, ""regime_align"": 0.2, ""liquidity"": 0.1}}",NO0005668905,TOM.OL,TOM.OL,Recycling,,0.4340902476111106,0.4161280285437689,0.37368780297601933,657725.85,61135615.75028,108.11367576599122,-0.14025680572151067,bull,0.08169902329762468,bull,0.1614564603326385,2026-10-07,-0.061009833888000964,Industrials,Specialty Industrial Machinery,Norway,NOK,-1.951483168735324,-35.31587021997126,0.0,stock,S5 Recycling,pillar,83.0,manual gap-filling addition for circular economy and sorting technology,"recycling, urban mining",47.88,51.85,,bull,stock,,,,0.08169902329762468,TOM.OL,Tomra Systems ASA,NO0005668905,TOM.OL,TOM.OL,Recycling,Industrials,Specialty Industrial Machinery,Norway,NOK,92.94999694824219,,-35.31587021997126,20.24,,56.0,,,,-0.061009833888000964,-0.14025680572151067,108.11367576599122,0.4340902476111106,0.4161280285437689,0.37368780297601933,657725.85,61135615.75028,bull,0.08169902329762468,bull,0.1614564603326385,2026-10-07,False,True,False,OK,,,TOM.OL,TOM.OL,Specialty Industrial Machinery
UMI.BR,UMICORE,UMI.BR,20.739999771118164,EUR,37.98511782415197,23.11,0.0,Seitwärts,0.0,0.0,68.0,0.0,Zyklus-Tief,7.19,142.464,258.0,972513728.0,6383084544.0,16115299328.0,15.24,16.8,0.8,17.6,1.385,41.43,"[33.6, 14.38, 0.0, 100.0, 14.62]",14.204213,52.1,MED,"{""coverage"": 1.0, ""confluence"": 0.0, ""risk_clean"": 0.6666666666666666, ""regime_align"": 0.646460602178091, ""liquidity"": 0.0848214285714286, ""weights"": {""coverage"": 0.25, ""confluence"": 0.25, ""risk_clean"": 0.2, ""regime_align"": 0.2, ""liquidity"": 0.1}}",BE0974320526,UMI.BR,UMI.BR,Recycling,21.36,0.4705868751253701,0.3087241925525785,0.28724392656859776,372936.0,7734692.554641724,20.318315286636352,0.02075390988539083,bull,0.08169902329762468,bull,0.1614564603326385,2026-10-07,0.0016241204126226094,Industrials,Waste Management,Belgium,EUR,-1.7061639992562272,37.98511782415197,0.0,stock,S5 Recycling,pillar,83.0,manual thematic assignment after stack redesign,"recycling, urban mining",52.72,53.11,,bull,stock,,,,0.08169902329762468,UMI.BR,UMICORE,BE0974320526,UMI.BR,UMI.BR,Recycling,Industrials,Waste Management,Belgium,EUR,20.739999771118164,21.36,37.98511782415197,23.11,0.0,52.1,Seitwärts,68.0,Zyklus-Tief,0.0016241204126226094,0.02075390988539083,20.318315286636352,0.4705868751253701,0.3087241925525785,0.28724392656859776,372936.0,7734692.554641724,bull,0.08169902329762468,bull,0.1614564603326385,2026-10-07,True,True,False,OK,,,UMI.BR,UMI.BR,Waste Management
CPB,CAMPBELLS CO.,CPB,19.0049991607666,USD,-35.00375303509223,14.21,0.0,Seitwärts,0.0,0.0,40.1,100.0,Zyklus-Hoch,14.82,184.567,535.0,630499968.0,15831613440.0,10158000128.0,3.98,-3.4,5.69,2.29,0.819,65.77,"[0.0, 29.64, 0.0, 0.0, 23.49]",11.27821,47.9,LOW,"{""coverage"": 1.0, ""confluence"": 0.0, ""risk_clean"": 0.6666666666666666, ""regime_align"": 0.29310137732222935, ""liquidity"": 0.3660714285714286, ""weights"": {""coverage"": 0.25, ""confluence"": 0.25, ""risk_clean"": 0.2, ""regime_align"": 0.2, ""liquidity"": 0.1}}",US1344291091,CPB,CPB,Konsum & Lifestyle,27.25,0.31801893149061666,0.2302785916668792,0.3614966972271836,7466083.65,141892913.50246325,22.355611724853517,-0.14987791903551095,bull,0.08169902329762468,bull,0.1614564603326385,2026-10-07,-0.16015558325965795,Consumer Defensive,Packaged Foods,United States,USD,0.026311372455789517,-35.00375303509223,100.0,stock,S11 Konsum,pillar,80.0,manual thematic assignment after stack redesign,"consumer staples, food, household",36.63,45.7,,bull,stock,,,,0.08169902329762468,CPB,CAMPBELLS CO.,US1344291091,CPB,CPB,Konsum & Lifestyle,Consumer Defensive,Packaged Foods,United States,USD,19.0049991607666,27.25,-35.00375303509223,14.21,0.0,47.9,Seitwärts,40.1,Zyklus-Hoch,-0.16015558325965795,-0.14987791903551095,22.355611724853517,0.31801893149061666,0.2302785916668792,0.3614966972271836,7466083.65,141892913.50246325,bull,0.08169902329762468,bull,0.1614564603326385,2026-10-07,False,True,False,OK,,,CPB,CPB,Packaged Foods
INGR,INGREDION INC,INGR,94.17500305175781,USD,-19.34523023878405,30.69,0.76,BUY,117.01,127.79,47.5,29.1,Zyklus-neutral,18.1,41.609,275.0,379000000.0,8264359936.0,7218999808.0,4.59,-2.4,10.1,7.7,2.663,97.61,"[0.0, 36.2, 0.0, 90.9, 22.78]",10.015725,56.6,MED,"{""coverage"": 1.0, ""confluence"": 0.0, ""risk_clean"": 1.0, ""regime_align"": 0.45400584561178725, ""liquidity"": 0.2544642857142857, ""weights"": {""coverage"": 0.25, ""confluence"": 0.25, ""risk_clean"": 0.2, ""regime_align"": 0.2, ""liquidity"": 0.1}}",US4571871023,INGR,INGR,Konsum & Lifestyle,116.93,0.18062362187350928,0.12061659933805505,0.20980566569753523,652936.0,61490249.79260254,105.13875621795654,-0.10427889353637076,bull,0.08169902329762468,bull,0.1614564603326385,2026-10-07,-0.07026946110257992,Consumer Defensive,Packaged Foods,United States,USD,-2.661495553738691,-19.34523023878405,29.1,stock,S11 Konsum,pillar,80.0,manual thematic assignment after stack redesign,"consumer staples, food, household",55.12,24.45,,bull,stock,,,,0.08169902329762468,INGR,INGREDION INC,US4571871023,INGR,INGR,Konsum & Lifestyle,Consumer Defensive,Packaged Foods,United States,USD,94.17500305175781,116.93,-19.34523023878405,30.69,0.76,56.6,BUY,47.5,Zyklus-neutral,-0.07026946110257992,-0.10427889353637076,105.13875621795654,0.18062362187350928,0.12061659933805505,0.20980566569753523,652936.0,61490249.79260254,bull,0.08169902329762468,bull,0.1614564603326385,2026-10-07,False,True,False,OK,,,INGR,INGR,Packaged Foods
KO,Coca-Cola,KO,86.04000091552734,USD,32.24624786121024,32.81,0.0,Seitwärts,0.0,0.0,59.6,63.0,Zyklus-neutral,42.44,144.771,262.0,1412875008.0,369796448256.0,47663001600.0,0.38,5.1,27.34,32.44,1.211,66.16,"[10.2, 84.88, 0.0, 37.01, 15.88]",22.126135,75.3,HIGH,"{""coverage"": 1.0, ""confluence"": 0.6, ""risk_clean"": 0.6666666666666666, ""regime_align"": 0.7226637572069186, ""liquidity"": 0.75, ""weights"": {""coverage"": 0.25, ""confluence"": 0.25, ""risk_clean"": 0.2, ""regime_align"": 0.2, ""liquidity"": 0.1}}",US1912161007,KO,KO,Konsum 🥤,73.26,0.18748032869220976,0.09840949775809853,0.07867634192195805,15582071.8,1340681471.9378128,79.38247749328613,0.08386641022641661,bull,0.08169902329762468,bull,0.1614564603326385,2026-10-07,0.004417782666635173,Consumer Defensive,Beverages - Non-Alcoholic,United States,USD,-0.1508613858423158,32.24624786121024,63.0,stock,S11 Konsum,pillar,80.0,manual thematic assignment after stack redesign,"consumer staples, food, household",59.17,26.93,,bull,stock,,,,0.08169902329762468,KO,Coca-Cola,US1912161007,KO,KO,Konsum 🥤,Consumer Defensive,Beverages - Non-Alcoholic,United States,USD,86.04000091552734,73.26,32.24624786121024,32.81,0.0,75.3,Seitwärts,59.6,Zyklus-neutral,0.004417782666635173,0.08386641022641661,79.38247749328613,0.18748032869220976,0.09840949775809853,0.07867634192195805,15582071.8,1340681471.9378128,bull,0.08169902329762468,bull,0.1614564603326385,2026-10-07,True,True,False,OK,,,KO,KO,Beverages - Non-Alcoholic
LC0A.MU,LUCKIN COFFEE,LC0A.MU,29.600000381469727,USD,-19.12567864613679,27.86,0.0,Seitwärts,0.0,0.0,56.1,90.2,Zyklus-Hoch,27.39,41.484,0.0,6359557632.0,94941388800.0,46124539904.0,6.7,50.2,8.48,58.68,1.66,7.79,"[100.0, 54.78, 0.0, 9.77, 32.51]",16.32204,68.2,MED,"{""coverage"": 1.0, ""confluence"": 0.4, ""risk_clean"": 1.0, ""regime_align"": 0.6599035073670724, ""liquidity"": 0, ""weights"": {""coverage"": 0.25, ""confluence"": 0.25, ""risk_clean"": 0.2, ""regime_align"": 0.2, ""liquidity"": 0.1}}",US54951L1098,LC0A.MU,LC0A.MU,Konsum & Lifestyle,32.6,0.45391292001175076,0.29504449829025897,0.3224043641806166,291.45,8626.920111179352,28.882000064849855,0.024859785160574743,bull,0.08169902329762468,bull,0.1614564603326385,2026-10-07,0.0026908337109197156,Consumer Cyclical,Restaurants,China,USD,0.0,-19.12567864613679,90.2,stock,S11 Konsum,pillar,80.0,manual thematic assignment after stack redesign,"consumer staples, food, household",58.8,49.33,,bull,stock,,,,0.08169902329762468,LC0A.MU,LUCKIN COFFEE,US54951L1098,LC0A.MU,LC0A.MU,Konsum & Lifestyle,Consumer Cyclical,Restaurants,China,USD,29.600000381469727,32.6,-19.12567864613679,27.86,0.0,68.2,Seitwärts,56.1,Zyklus-Hoch,0.0026908337109197156,0.024859785160574743,28.882000064849855,0.45391292001175076,0.29504449829025897,0.3224043641806166,291.45,8626.920111179352,bull,0.08169902329762468,bull,0.1614564603326385,2026-10-07,True,False,False,OK,,,LC0A.MU,LC0A.MU,Restaurants
NESN.SW,NESTLE NAM.,NESN.SW,75.55999755859375,CHF,5.578335024603631,24.1,0.0,Seitwärts,0.0,0.0,53.9,95.7,Zyklus-Hoch,33.76,225.855,389.0,5756874752.0,263371161600.0,90898997248.0,2.19,-1.8,11.34,9.54,0.714,45.54,"[0.0, 67.52, 0.0, 4.27, 21.26]",17.62689,57.7,MED,"{""coverage"": 1.0, ""confluence"": 0.2, ""risk_clean"": 0.6666666666666666, ""regime_align"": 0.4789397821909033, ""liquidity"": 0.4776785714285714, ""weights"": {""coverage"": 0.25, ""confluence"": 0.25, ""risk_clean"": 0.2, ""regime_align"": 0.2, ""liquidity"": 0.1}}",CH0038863350,NESN.SW,NESN.SW,Konsum & Lifestyle,72.85,0.23027801775193363,0.14763682328363972,0.15301191025925331,3266032.3,246781392.61428833,77.71745124816894,-0.02776022186684901,bull,0.08169902329762468,bull,0.1614564603326385,2026-10-07,-0.12366436154814808,Consumer Defensive,Packaged Foods,Switzerland,,0.4787242353205601,5.578335024603631,95.7,stock,S11 Konsum,pillar,80.0,manual thematic assignment after stack redesign,"consumer staples, food, household",47.74,33.02,,bull,stock,,,,0.08169902329762468,NESN.SW,NESTLE NAM.,CH0038863350,NESN.SW,NESN.SW,Konsum & Lifestyle,Consumer Defensive,Packaged Foods,Switzerland,,75.55999755859375,72.85,5.578335024603631,24.1,0.0,57.7,Seitwärts,53.9,Zyklus-Hoch,-0.12366436154814808,-0.02776022186684901,77.71745124816894,0.23027801775193363,0.14763682328363972,0.15301191025925331,3266032.3,246781392.61428833,bull,0.08169902329762468,bull,0.1614564603326385,2026-10-07,False,True,False,OK,,,NESN.SW,NESN.SW,Packaged Foods
PEP,PepsiCo,PEP,124.56999969482422,USD,-7.935562716281219,27.13,0.0,Seitwärts,0.0,0.0,61.6,78.4,Zyklus-neutral,42.85,258.081,341.0,8232750080.0,271828385792.0,93924999168.0,3.03,5.6,8.77,14.37,0.853,79.71,"[11.2, 85.7, 0.0, 21.64, 16.48]",18.30416,57.9,MED,"{""coverage"": 1.0, ""confluence"": 0.2, ""risk_clean"": 0.6666666666666666, ""regime_align"": 0.3735285874439462, ""liquidity"": 0.7098214285714286, ""weights"": {""coverage"": 0.25, ""confluence"": 0.25, ""risk_clean"": 0.2, ""regime_align"": 0.2, ""liquidity"": 0.1}}",US7134481081,PEP,PEP,Konsum 🥨,148.02,0.21039902492558774,0.12273710130450743,0.2470993918099682,9389668.1,1169670952.3515007,144.2524870300293,-0.13644470012574372,bull,0.08169902329762468,bull,0.1614564603326385,2026-10-07,-0.11583248677035896,Consumer Defensive,Beverages - Non-Alcoholic,United States,USD,-0.9068486182092772,-7.935562716281219,78.4,stock,S11 Konsum,pillar,80.0,manual thematic assignment after stack redesign,"consumer staples, food, household",52.19,32.36,,bull,stock,,,,0.08169902329762468,PEP,PepsiCo,US7134481081,PEP,PEP,Konsum 🥨,Consumer Defensive,Beverages - Non-Alcoholic,United States,USD,124.56999969482422,148.02,-7.935562716281219,27.13,0.0,57.9,Seitwärts,61.6,Zyklus-neutral,-0.11583248677035896,-0.13644470012574372,144.2524870300293,0.21039902492558774,0.12273710130450743,0.2470993918099682,9389668.1,1169670952.3515007,bull,0.08169902329762468,bull,0.1614564603326385,2026-10-07,False,True,False,OK,,,PEP,PEP,Beverages - Non-Alcoholic
PG,Procter & Gamble,PG,148.58999633789062,USD,0.2750408699817575,29.05,0.0,Seitwärts,0.0,0.0,47.5,86.3,Zyklus-Hoch,31.56,68.719,266.0,13253374976.0,396559024128.0,85259001856.0,3.34,1.5,19.3,20.8,0.724,70.71,"[3.0, 63.12, 0.0, 13.71, 16.78]",21.694807,67.9,MED,"{""coverage"": 1.0, ""confluence"": 0.4, ""risk_clean"": 0.6666666666666666, ""regime_align"": 0.6196448590647021, ""liquidity"": 0.71875, ""weights"": {""coverage"": 0.25, ""confluence"": 0.25, ""risk_clean"": 0.2, ""regime_align"": 0.2, ""liquidity"": 0.1}}",US7427181091,PG,PG,Konsum 🧼,148.27,0.1985685263385894,0.11280532530718508,0.15522932638749032,8096033.35,1202989565.8279402,146.27880668640137,0.015799894077917154,bull,0.08169902329762468,bull,0.1614564603326385,2026-10-07,-0.014189117761175263,Consumer Defensive,Household & Personal Products,United States,USD,0.12128068953562998,0.2750408699817575,86.3,stock,S11 Konsum,pillar,80.0,manual thematic assignment after stack redesign,"consumer staples, food, household",52.86,25.31,,bull,stock,,,,0.08169902329762468,PG,Procter & Gamble,US7427181091,PG,PG,Konsum 🧼,Consumer Defensive,Household & Personal Products,United States,USD,148.58999633789062,148.27,0.2750408699817575,29.05,0.0,67.9,Seitwärts,47.5,Zyklus-Hoch,-0.014189117761175263,0.015799894077917154,146.27880668640137,0.1985685263385894,0.11280532530718508,0.15522932638749032,8096033.35,1202989565.8279402,bull,0.08169902329762468,bull,0.1614564603326385,2026-10-07,True,True,False,OK,,,PG,PG,Household & Personal Products
PM,PHILIP MORRIS INTERNATIONAL INC,PM,192.38999938964844,USD,28.887392119108448,28.37,0.0,Seitwärts,0.0,0.0,62.7,57.4,Zyklus-neutral,0.0,100.0,322.0,8938874880.0,331078795264.0,40647999488.0,2.7,6.8,27.92,34.72,0.958,82.91,"[13.6, 0.0, 0.0, 42.6, 16.42]",19.94217,75.0,HIGH,"{""coverage"": 1.0, ""confluence"": 0.6, ""risk_clean"": 0.6666666666666666, ""regime_align"": 0.7584381005765535, ""liquidity"": 0.6517857142857143, ""weights"": {""coverage"": 0.25, ""confluence"": 0.25, ""risk_clean"": 0.2, ""regime_align"": 0.2, ""liquidity"": 0.1}}",US7181721090,PM,PM,Konsum 🚬,177.68,0.27870556211789854,0.18167315058720268,0.18536339357881737,4448118.1,855773438.5440841,175.53615013122558,0.09601355188559979,bull,0.08169902329762468,bull,0.1614564603326385,2026-10-07,0.036109368479950055,Consumer Defensive,Tobacco,United States,USD,1.045170985796351,28.887392119108448,57.4,stock,S11 Konsum,pillar,80.0,manual thematic assignment after stack redesign,"consumer staples, food, household",53.86,31.6,,bull,stock,,,,0.08169902329762468,PM,PHILIP MORRIS INTERNATIONAL INC,US7181721090,PM,PM,Konsum 🚬,Consumer Defensive,Tobacco,United States,USD,192.38999938964844,177.68,28.887392119108448,28.37,0.0,75.0,Seitwärts,62.7,Zyklus-neutral,0.036109368479950055,0.09601355188559979,175.53615013122558,0.27870556211789854,0.18167315058720268,0.18536339357881737,4448118.1,855773438.5440841,bull,0.08169902329762468,bull,0.1614564603326385,2026-10-07,True,True,False,OK,,,PM,PM,Tobacco
MC.PA,LVMH EO,MC.PA,388.45001220703125,EUR,-28.894336832475776,15.88,0.0,Seitwärts,0.0,0.0,40.1,46.6,Zyklus-neutral,16.24,53.342,243.0,11704625152.0,291645456384.0,80807002112.0,4.01,-4.7,13.46,8.76,1.584,18.38,"[0.0, 32.48, 0.0, 53.38, 24.94]",20.029936,53.7,MED,"{""coverage"": 1.0, ""confluence"": 0.0, ""risk_clean"": 1.0, ""regime_align"": 0.1991311659192825, ""liquidity"": 0.4732142857142857, ""weights"": {""coverage"": 0.25, ""confluence"": 0.25, ""risk_clean"": 0.2, ""regime_align"": 0.2, ""liquidity"": 0.1}}",FR0000121014,MC.PA,MC.PA,Konsum & Lifestyle,589.3,0.29809346523294833,0.18470159522638993,0.41002499289898797,634666.6,246536248.51739502,486.77912612915037,-0.20199944624583355,bull,0.08169902329762468,bull,0.1614564603326385,2026-10-07,-0.23935724417086246,Consumer Cyclical,Luxury Goods,France,EUR,0.7391094549802801,-28.894336832475776,46.6,stock,S12 Luxus & Marken,pillar,78.0,manual thematic assignment after stack redesign,"luxury, brands, premium consumption",37.11,39.23,,bull,stock,,,,0.08169902329762468,MC.PA,LVMH EO,FR0000121014,MC.PA,MC.PA,Konsum & Lifestyle,Consumer Cyclical,Luxury Goods,France,EUR,388.45001220703125,589.3,-28.894336832475776,15.88,0.0,53.7,Seitwärts,40.1,Zyklus-neutral,-0.23935724417086246,-0.20199944624583355,486.77912612915037,0.29809346523294833,0.18470159522638993,0.41002499289898797,634666.6,246536248.51739502,bull,0.08169902329762468,bull,0.1614564603326385,2026-10-07,False,True,False,OK,,,MC.PA,MC.PA,Luxury Goods
MNSO,MINISO GRP ADS,MNSO,8.96500015258789,USD,-56.8390511912084,17.81,0.0,Seitwärts,0.0,0.0,45.6,60.9,Zyklus-neutral,21.17,101.459,321.0,0.0,26843117568.0,19902461952.0,0.0,28.2,10.81,39.01,1.655,8.67,"[56.4, 42.34, 0.0, 39.06, 40.53]",11.638044,44.7,LOW,"{""coverage"": 1.0, ""confluence"": 0.4, ""risk_clean"": 0.3333333333333333, ""regime_align"": 0.11176729660474055, ""liquidity"": 0.0803571428571429, ""weights"": {""coverage"": 0.25, ""confluence"": 0.25, ""risk_clean"": 0.2, ""regime_align"": 0.2, ""liquidity"": 0.1}}",US66981J1025,MNSO,MNSO,Konsum & Lifestyle,18.79,0.3656912517171257,0.2483052980125749,0.6128981327684875,836457.15,7498838.477383233,14.292759747505189,-0.3727593333293986,bull,0.08169902329762468,bull,0.1614564603326385,2026-10-07,-0.2718840242318131,Consumer Cyclical,Specialty Retail,China,USD,0.6172873862815509,-56.8390511912084,60.9,stock,S12 Luxus & Marken,pillar,78.0,manual thematic assignment after stack redesign,"luxury, brands, premium consumption",46.22,58.24,,bull,stock,,,,0.08169902329762468,MNSO,MINISO GRP ADS,US66981J1025,MNSO,MNSO,Konsum & Lifestyle,Consumer Cyclical,Specialty Retail,China,USD,8.96500015258789,18.79,-56.8390511912084,17.81,0.0,44.7,Seitwärts,45.6,Zyklus-neutral,-0.2718840242318131,-0.3727593333293986,14.292759747505189,0.3656912517171257,0.2483052980125749,0.6128981327684875,836457.15,7498838.477383233,bull,0.08169902329762468,bull,0.1614564603326385,2026-10-07,False,True,False,OK,,,MNSO,MNSO,Specialty Retail
NKE,NIKE INC. B,NKE,34.459999084472656,USD,-48.34390817154283,15.35,0.0,Seitwärts,0.0,0.0,45.6,61.5,Zyklus-neutral,17.95,80.099,260.0,2576624896.0,96260366336.0,46513000448.0,2.68,0.6,5.43,6.03,2.063,83.37,"[1.2, 35.9, 0.0, 38.51, 21.93]",27.24181,42.8,LOW,"{""coverage"": 1.0, ""confluence"": 0.0, ""risk_clean"": 0.3333333333333333, ""regime_align"": 0.15879244074311338, ""liquidity"": 0.7946428571428571, ""weights"": {""coverage"": 0.25, ""confluence"": 0.25, ""risk_clean"": 0.2, ""regime_align"": 0.2, ""liquidity"": 0.1}}",US6541061031,NKE,NKE,Konsum & Lifestyle,63.42,0.35653054408682994,0.27761756305122703,0.4978938704805276,46697193.2,1609185234.919443,47.42299633026123,-0.27334833833594596,bull,0.08169902329762468,bull,0.1614564603326385,2026-10-07,-0.24738460035456566,Consumer Cyclical,Footwear & Accessories,United States,USD,-0.43340515236524046,-48.34390817154283,61.5,stock,S12 Luxus & Marken,pillar,78.0,manual thematic assignment after stack redesign,"luxury, brands, premium consumption",38.18,45.06,,bull,stock,,,,0.08169902329762468,NKE,NIKE INC. B,US6541061031,NKE,NKE,Konsum & Lifestyle,Consumer Cyclical,Footwear & Accessories,United States,USD,34.459999084472656,63.42,-48.34390817154283,15.35,0.0,42.8,Seitwärts,45.6,Zyklus-neutral,-0.24738460035456566,-0.27334833833594596,47.42299633026123,0.35653054408682994,0.27761756305122703,0.4978938704805276,46697193.2,1609185234.919443,bull,0.08169902329762468,bull,0.1614564603326385,2026-10-07,False,True,False,OK,,,NKE,NKE,Footwear & Accessories
RACE,Ferrari N.V.,RACE,387.760009765625,USD,-20.092245857725167,24.88,,,,,,,,,,,,,,,,,,,,,,67.5,MED,"{""coverage"": 1.0, ""confluence"": 0.2, ""risk_clean"": 1.0, ""regime_align"": 0.6846172325432416, ""liquidity"": 0.3794642857142857, ""weights"": {""coverage"": 0.25, ""confluence"": 0.25, ""risk_clean"": 0.2, ""regime_align"": 0.2, ""liquidity"": 0.1}}",NL0011585146,RACE,RACE,,,0.35443364615872486,0.2611305552597394,0.35902291587596613,429646.7,166599808.58776855,365.73197341918944,0.060229998871845325,bull,0.08169902329762468,bull,0.1614564603326385,2026-10-07,-0.002750000796498897,Consumer Cyclical,Auto Manufacturers,Italy,USD,0.3260051140038911,-20.092245857725167,0.0,stock,S12 Luxus & Marken,pillar,78.0,manual thematic assignment after stack redesign,"luxury, brands, premium consumption",52.05,42.6,,bull,stock,,,,0.08169902329762468,RACE,Ferrari N.V.,NL0011585146,RACE,RACE,,Consumer Cyclical,Auto Manufacturers,Italy,USD,387.760009765625,,-20.092245857725167,24.88,,67.5,,,,-0.002750000796498897,0.060229998871845325,365.73197341918944,0.35443364615872486,0.2611305552597394,0.35902291587596613,429646.7,166599808.58776855,bull,0.08169902329762468,bull,0.1614564603326385,2026-10-07,True,True,False,OK,,,RACE,RACE,Auto Manufacturers
RI.PA,PERNOD RICARD,RI.PA,60.86000061035156,EUR,-23.209134685963406,18.57,0.0,Seitwärts,0.0,0.0,42.0,100.0,Zyklus-Hoch,10.14,77.61,587.0,1170000000.0,32680491008.0,10958999552.0,3.58,-4.5,14.84,10.34,1.916,57.28,"[0.0, 20.28, 0.0, 0.0, 27.33]",13.442283,50.6,MED,"{""coverage"": 1.0, ""confluence"": 0.0, ""risk_clean"": 0.6666666666666666, ""regime_align"": 0.5211302850736708, ""liquidity"": 0.1875, ""weights"": {""coverage"": 0.25, ""confluence"": 0.25, ""risk_clean"": 0.2, ""regime_align"": 0.2, ""liquidity"": 0.1}}",FR0000120693,RI.PA,RI.PA,Konsum & Lifestyle,72.92,0.2985773660658414,0.19330844246979612,0.31613160066066215,690986.85,42053460.112744905,65.69746334075927,-0.073632412644561,bull,0.08169902329762468,bull,0.1614564603326385,2026-10-07,-0.04870648891275642,Consumer Defensive,Beverages - Wineries & Distilleries,France,EUR,2.7693335964928956,-23.209134685963406,100.0,stock,S12 Luxus & Marken,pillar,78.0,manual thematic assignment after stack redesign,"luxury, brands, premium consumption",42.11,41.92,,bull,stock,,,,0.08169902329762468,RI.PA,PERNOD RICARD,FR0000120693,RI.PA,RI.PA,Konsum & Lifestyle,Consumer Defensive,Beverages - Wineries & Distilleries,France,EUR,60.86000061035156,72.92,-23.209134685963406,18.57,0.0,50.6,Seitwärts,42.0,Zyklus-Hoch,-0.04870648891275642,-0.073632412644561,65.69746334075927,0.2985773660658414,0.19330844246979612,0.31613160066066215,690986.85,42053460.112744905,bull,0.08169902329762468,bull,0.1614564603326385,2026-10-07,False,True,False,OK,,,RI.PA,RI.PA,Beverages - Wineries & Distilleries
UAA,UNDER ARMOUR,UAA,4.855000019073486,USD,0.1030951451389095,4.93,0.0,Seitwärts,0.0,0.0,47.3,51.3,Zyklus-neutral,-30.39,117.662,0.0,-385754240.0,4243432192.0,4975792128.0,-9.09,-5.2,-10.44,-15.64,1.431,109.25,"[0.0, 0.0, 0.0, 48.7, 12.88]",31.058352,44.0,LOW,"{""coverage"": 1.0, ""confluence"": 0.0, ""risk_clean"": 0.6666666666666666, ""regime_align"": 0.1679712524023062, ""liquidity"": 0.2276785714285714, ""weights"": {""coverage"": 0.25, ""confluence"": 0.25, ""risk_clean"": 0.2, ""regime_align"": 0.2, ""liquidity"": 0.1}}",US9043111072,UAA,UAA,Konsum & Lifestyle,6.38,0.5323017284280435,0.3539115698465793,0.47542999989807166,10862552.8,52737694.051186755,5.975375006198883,-0.18749869020155452,bull,0.08169902329762468,bull,0.1614564603326385,2026-10-07,-0.31725210265086823,Consumer Cyclical,Apparel Manufacturing,United States,USD,-0.5122970242039782,0.1030951451389095,51.3,stock,S12 Luxus & Marken,pillar,78.0,manual thematic assignment after stack redesign,"luxury, brands, premium consumption",27.15,60.59,,bull,stock,,,,0.08169902329762468,UAA,UNDER ARMOUR,US9043111072,UAA,UAA,Konsum & Lifestyle,Consumer Cyclical,Apparel Manufacturing,United States,USD,4.855000019073486,6.38,0.1030951451389095,4.93,0.0,44.0,Seitwärts,47.3,Zyklus-neutral,-0.31725210265086823,-0.18749869020155452,5.975375006198883,0.5323017284280435,0.3539115698465793,0.47542999989807166,10862552.8,52737694.051186755,bull,0.08169902329762468,bull,0.1614564603326385,2026-10-07,False,True,False,OK,,,UAA,UAA,Apparel Manufacturing
BAYN.DE,BAYER AG,BAYN.DE,43.970001220703125,EUR,58.73286618352396,16.71,0.0,Seitwärts,0.0,0.0,75.2,6.7,Zyklus-Tief,-0.57,133.457,24.0,5172499968.0,77877329920.0,45866000384.0,6.64,-3.1,-0.43,-3.53,1.136,53.31,"[0.0, 0.0, 0.0, 93.29, 15.79]",9.665203,51.0,MED,"{""coverage"": 1.0, ""confluence"": 0.0, ""risk_clean"": 0.6666666666666666, ""regime_align"": 0.46345491672005124, ""liquidity"": 0.34375, ""weights"": {""coverage"": 0.25, ""confluence"": 0.25, ""risk_clean"": 0.2, ""regime_align"": 0.2, ""liquidity"": 0.1}}",DE000BAY0017,BAYN.DE,BAYN.DE,Pharma & Gesundheit,46.74,0.42379389833973174,0.20658388520767892,0.3065455353648504,2404941.3,105745271.89671935,43.04715446472168,0.02143804317513598,bull,0.08169902329762468,bull,0.1614564603326385,2026-10-07,-0.1549796645196958,Healthcare,Drug Manufacturers - General,Germany,EUR,-1.0575999561876381,58.73286618352396,6.7,stock,S13 Gesundheit,pillar,82.0,manual thematic assignment after stack redesign,"healthcare, pharma, medtech",40.52,45.84,,bull,stock,,,,0.08169902329762468,BAYN.DE,BAYER AG,DE000BAY0017,BAYN.DE,BAYN.DE,Pharma & Gesundheit,Healthcare,Drug Manufacturers - General,Germany,EUR,43.970001220703125,46.74,58.73286618352396,16.71,0.0,51.0,Seitwärts,75.2,Zyklus-Tief,-0.1549796645196958,0.02143804317513598,43.04715446472168,0.42379389833973174,0.20658388520767892,0.3065455353648504,2404941.3,105745271.89671935,bull,0.08169902329762468,bull,0.1614564603326385,2026-10-07,True,True,False,OK,,,BAYN.DE,BAYN.DE,Drug Manufacturers - General
CNC,CENTENE CORP.,CNC,65.4000015258789,USD,70.223853833344,17.79,0.0,Seitwärts,0.0,0.0,40.7,16.9,Zyklus-Tief,-28.68,86.762,0.0,5197749760.0,16662495232.0,176151003136.0,31.19,23.1,-3.79,19.31,1.1,96.84,"[46.2, 0.0, 0.0, 83.06, 26.02]",9.792917,67.9,MED,"{""coverage"": 1.0, ""confluence"": 0.4, ""risk_clean"": 0.6666666666666666, ""regime_align"": 0.71631766495836, ""liquidity"": 0.5223214285714286, ""weights"": {""coverage"": 0.25, ""confluence"": 0.25, ""risk_clean"": 0.2, ""regime_align"": 0.2, ""liquidity"": 0.1}}",US15135B1017,CNC,CNC,Pharma & Gesundheit,41.68,0.47515595444524417,0.3384170846168624,0.32726890355175187,4650244.25,304125981.0457096,53.17564994812012,0.22988626541819923,bull,0.08169902329762468,bull,0.1614564603326385,2026-10-07,-0.06122738553045404,Healthcare,Healthcare Plans,United States,USD,1.2227223464857495,70.223853833344,16.9,stock,S13 Gesundheit,pillar,82.0,manual thematic assignment after stack redesign,"healthcare, pharma, medtech",43.23,49.09,,bull,stock,,,,0.08169902329762468,CNC,CENTENE CORP.,US15135B1017,CNC,CNC,Pharma & Gesundheit,Healthcare,Healthcare Plans,United States,USD,65.4000015258789,41.68,70.223853833344,17.79,0.0,67.9,Seitwärts,40.7,Zyklus-Tief,-0.06122738553045404,0.22988626541819923,53.17564994812012,0.47515595444524417,0.3384170846168624,0.32726890355175187,4650244.25,304125981.0457096,bull,0.08169902329762468,bull,0.1614564603326385,2026-10-07,True,True,False,OK,,,CNC,CNC,Healthcare Plans
FME.DE,FRESEN.MED.CARE,FME.DE,37.41999816894531,EUR,-15.85817613291649,14.72,0.0,Seitwärts,0.0,0.0,60.1,93.6,Zyklus-Hoch,0.0,72.403,749.0,0.0,1.0,28795244.0,0.0,0.0,-80.39,-80.39,0.247,14.23,"[0.0, 0.0, 0.0, 6.36, 25.0]",0.0,48.9,LOW,"{""coverage"": 1.0, ""confluence"": 0.0, ""risk_clean"": 0.6666666666666666, ""regime_align"": 0.4431754484304933, ""liquidity"": 0.1741071428571428, ""weights"": {""coverage"": 0.25, ""confluence"": 0.25, ""risk_clean"": 0.2, ""regime_align"": 0.2, ""liquidity"": 0.1}}",DE0005785802,FME.DE,FME.DE,Pharma & Gesundheit,37.13,0.29168157310568427,0.2847039952184935,0.26920641887056695,827882.45,30979359.763101958,38.87694915771485,-0.037475959928311764,bull,0.08169902329762468,bull,0.1614564603326385,2026-10-07,-0.13983447036575147,Healthcare,Medical Care Facilities,Germany,EUR,-6.845905216211767,-15.85817613291649,93.6,stock,S13 Gesundheit,pillar,82.0,manual thematic assignment after stack redesign,"healthcare, pharma, medtech",36.26,42.16,,bull,stock,,,,0.08169902329762468,FME.DE,FRESEN.MED.CARE,DE0005785802,FME.DE,FME.DE,Pharma & Gesundheit,Healthcare,Medical Care Facilities,Germany,EUR,37.41999816894531,37.13,-15.85817613291649,14.72,0.0,48.9,Seitwärts,60.1,Zyklus-Hoch,-0.13983447036575147,-0.037475959928311764,38.87694915771485,0.29168157310568427,0.2847039952184935,0.26920641887056695,827882.45,30979359.763101958,bull,0.08169902329762468,bull,0.1614564603326385,2026-10-07,False,True,False,OK,,,FME.DE,FME.DE,Medical Care Facilities
INCY,INCYTE CORP,INCY,113.5,USD,30.20534861091102,34.05,0.0,Seitwärts,0.0,0.0,66.1,14.5,Zyklus-Tief,30.39,0.887,0.0,531249760.0,18516510720.0,4813105152.0,2.87,20.0,24.7,44.7,3.195,106.03,"[40.0, 60.78, 55.65, 85.47, 21.36]",11.185932,71.5,MED,"{""coverage"": 1.0, ""confluence"": 0.4, ""risk_clean"": 1.0, ""regime_align"": 0.6153907751441383, ""liquidity"": 0.4151785714285714, ""weights"": {""coverage"": 0.25, ""confluence"": 0.25, ""risk_clean"": 0.2, ""regime_align"": 0.2, ""liquidity"": 0.1}}",US45337C1027,INCY,INCY,Pharma 🧪,103.95,0.3339890405798589,0.1932310584133811,0.18332275209380544,1693580.4,192221375.39999998,107.09750007629394,0.0597819736141838,bull,0.08169902329762468,bull,0.1614564603326385,2026-10-07,-0.05977826307592715,Healthcare,Biotechnology,United States,USD,0.6830449925814275,30.20534861091102,14.5,stock,S13 Gesundheit,pillar,82.0,manual thematic assignment after stack redesign,"healthcare, pharma, medtech",61.45,28.05,,bull,stock,,,,0.08169902329762468,INCY,INCYTE CORP,US45337C1027,INCY,INCY,Pharma 🧪,Healthcare,Biotechnology,United States,USD,113.5,103.95,30.20534861091102,34.05,0.0,71.5,Seitwärts,66.1,Zyklus-Tief,-0.05977826307592715,0.0597819736141838,107.09750007629394,0.3339890405798589,0.1932310584133811,0.18332275209380544,1693580.4,192221375.39999998,bull,0.08169902329762468,bull,0.1614564603326385,2026-10-07,True,True,False,OK,,,INCY,INCY,Biotechnology
JNJ,Johnson & Johnson,JNJ,255.13070678710935,USD,38.64809318142524,36.52,0.0,Seitwärts,0.0,0.0,79.0,76.2,Zyklus-neutral,35.56,57.766,218.0,0.0,601488490496.0,94193000448.0,0.0,9.1,28.46,37.56,1.0,75.59,"[18.2, 71.12, 0.0, 23.78, 14.01]",18.998785,80.8,HIGH,"{""coverage"": 1.0, ""confluence"": 0.6, ""risk_clean"": 1.0, ""regime_align"": 0.6377422325432416, ""liquidity"": 0.8035714285714286, ""weights"": {""coverage"": 0.25, ""confluence"": 0.25, ""risk_clean"": 0.2, ""regime_align"": 0.2, ""liquidity"": 0.1}}",US4781601046,JNJ,JNJ,Pharma 🧪,224.44,0.1913548311986494,0.1173944840999176,0.1095912246161551,6626174.85,1690540672.7754683,240.201018447876,0.062154975177481,bull,0.08169902329762468,bull,0.1614564603326385,2026-10-07,-0.0502071893423131,Healthcare,Drug Manufacturers - General,United States,USD,0.8700882358974038,38.64809318142524,76.2,stock,S13 Gesundheit,pillar,82.0,manual thematic assignment after stack redesign,"healthcare, pharma, medtech",63.48,22.56,,bull,stock,,,,0.08169902329762468,JNJ,Johnson & Johnson,US4781601046,JNJ,JNJ,Pharma 🧪,Healthcare,Drug Manufacturers - General,United States,USD,255.13070678710935,224.44,38.64809318142524,36.52,0.0,80.8,Seitwärts,79.0,Zyklus-neutral,-0.0502071893423131,0.062154975177481,240.201018447876,0.1913548311986494,0.1173944840999176,0.1095912246161551,6626174.85,1690540672.7754683,bull,0.08169902329762468,bull,0.1614564603326385,2026-10-07,True,True,False,OK,,,JNJ,JNJ,Drug Manufacturers - General
NOVO-B.CO,NOVO-NORDISK,NOVO-B.CO,253.89999389648438,DKK,-29.198404065473348,17.94,0.0,Seitwärts,0.0,0.0,34.8,31.0,Zyklus-neutral,60.7,67.488,505.0,376875008.0,1503633735680.0,309064007680.0,0.03,-7.6,33.14,25.54,0.8,32.25,"[0.0, 100.0, 0.0, 68.95, 28.64]",14.181444,61.7,MED,"{""coverage"": 1.0, ""confluence"": 0.4, ""risk_clean"": 0.6666666666666666, ""regime_align"": 0.28208079756566307, ""liquidity"": 0.7723214285714286, ""weights"": {""coverage"": 0.25, ""confluence"": 0.25, ""risk_clean"": 0.2, ""regime_align"": 0.2, ""liquidity"": 0.1}}",DK0062498333,NOVO-B.CO,NOVO-B.CO,Pharma & Gesundheit,393.95,0.4674577477458311,0.3862103367894372,0.42319673700217453,5781249.4,1467859187.374054,288.1110677337646,-0.1187426574979541,bull,0.08169902329762468,bull,0.1614564603326385,2026-10-07,-0.23434397920320382,Healthcare,Drug Manufacturers - General,Denmark,DKK,3.400525653003772,-29.198404065473348,31.0,stock,S13 Gesundheit,pillar,82.0,manual thematic assignment after stack redesign,"healthcare, pharma, medtech",43.35,48.75,,bull,stock,,,,0.08169902329762468,NOVO-B.CO,NOVO-NORDISK,DK0062498333,NOVO-B.CO,NOVO-B.CO,Pharma & Gesundheit,Healthcare,Drug Manufacturers - General,Denmark,DKK,253.89999389648438,393.95,-29.198404065473348,17.94,0.0,61.7,Seitwärts,34.8,Zyklus-neutral,-0.23434397920320382,-0.1187426574979541,288.1110677337646,0.4674577477458311,0.3862103367894372,0.42319673700217453,5781249.4,1467859187.374054,bull,0.08169902329762468,bull,0.1614564603326385,2026-10-07,False,True,False,OK,,,NOVO-B.CO,NOVO-B.CO,Drug Manufacturers - General
OGN,ORGANON + CO.,OGN,13.744999885559082,USD,30.72679030464931,19.17,0.0,Seitwärts,0.0,0.0,37.4,0.0,Zyklus-Tief,71.62,974.393,102.0,394000000.0,10186466304.0,6301000192.0,3.87,1.3,7.95,9.25,1.754,76.86,"[2.6, 100.0, 0.0, 100.0, 33.89]",2.035662,58.9,MED,"{""coverage"": 1.0, ""confluence"": 0.4, ""risk_clean"": 0.3333333333333333, ""regime_align"": 0.7788276745675848, ""liquidity"": 0.1651785714285714, ""weights"": {""coverage"": 0.25, ""confluence"": 0.25, ""risk_clean"": 0.2, ""regime_align"": 0.2, ""liquidity"": 0.1}}",US68622V1061,OGN,OGN,Pharma & Gesundheit,8.98,0.6552073922820768,0.43082688209166614,0.45948217679450876,2081990.75,28616962.620485067,10.968801543712615,0.2530995141796326,bull,0.08169902329762468,bull,0.1614564603326385,2026-10-07,-0.014148069560195209,Healthcare,Drug Manufacturers - General,United States,USD,0.036390935401819924,30.72679030464931,0.0,stock,S13 Gesundheit,pillar,82.0,manual thematic assignment after stack redesign,"healthcare, pharma, medtech",51.49,68.08,,bull,stock,,,,0.08169902329762468,OGN,ORGANON + CO.,US68622V1061,OGN,OGN,Pharma & Gesundheit,Healthcare,Drug Manufacturers - General,United States,USD,13.744999885559082,8.98,30.72679030464931,19.17,0.0,58.9,Seitwärts,37.4,Zyklus-Tief,-0.014148069560195209,0.2530995141796326,10.968801543712615,0.6552073922820768,0.43082688209166614,0.45948217679450876,2081990.75,28616962.620485067,bull,0.08169902329762468,bull,0.1614564603326385,2026-10-07,True,True,False,OK,,,OGN,OGN,Drug Manufacturers - General
PFE,PFIZER INC.,PFE,28.055099487304688,USD,14.284986148465295,27.26,0.48,BUY,26.83,28.94,60.4,100.0,Zyklus-Hoch,8.58,66.531,636.0,0.0,204229378048.0,62578999296.0,0.0,-1.2,12.42,11.22,1.0,68.0,"[0.0, 17.16, 0.0, 20.0, 21.85]",9.772898,71.5,MED,"{""coverage"": 1.0, ""confluence"": 0.4, ""risk_clean"": 0.6666666666666666, ""regime_align"": 0.8253623478539398, ""liquidity"": 0.6696428571428571, ""weights"": {""coverage"": 0.25, ""confluence"": 0.25, ""risk_clean"": 0.2, ""regime_align"": 0.2, ""liquidity"": 0.1}}",US7170811035,PFE,PFE,Pharma & Gesundheit,26.43,0.21052484571135385,0.12258902795237482,0.15724287268696713,31779668.4,891581758.6355529,25.86021679878235,0.08487487578316388,bull,0.08169902329762468,bull,0.1614564603326385,2026-10-07,0.14877224237517983,Healthcare,Drug Manufacturers - General,United States,USD,2.0185435901988624,14.284986148465295,100.0,stock,S13 Gesundheit,pillar,82.0,manual thematic assignment after stack redesign,"healthcare, pharma, medtech",48.72,21.0,,bull,stock,,,,0.08169902329762468,PFE,PFIZER INC.,US7170811035,PFE,PFE,Pharma & Gesundheit,Healthcare,Drug Manufacturers - General,United States,USD,28.055099487304688,26.43,14.284986148465295,27.26,0.48,71.5,BUY,60.4,Zyklus-Hoch,0.14877224237517983,0.08487487578316388,25.86021679878235,0.21052484571135385,0.12258902795237482,0.15724287268696713,31779668.4,891581758.6355529,bull,0.08169902329762468,bull,0.1614564603326385,2026-10-07,True,True,False,OK,,,PFE,PFE,Drug Manufacturers - General
TEM,Tempus AI,TEM,71.27989959716797,USD,-23.363188947393766,18.19,0.0,Seitwärts,0.0,0.0,46.7,31.3,Zyklus-neutral,-72.61,263.048,0.0,-108350376.0,10517640192.0,1105257984.0,-1.03,84.7,-18.45,66.25,3.275,55.68,"[100.0, 0.0, 0.0, 68.71, 100.0]",-119.52941,64.3,MED,"{""coverage"": 1.0, ""confluence"": 0.6, ""risk_clean"": 0.0, ""regime_align"": 0.9149983984625241, ""liquidity"": 0.5982142857142857, ""weights"": {""coverage"": 0.25, ""confluence"": 0.25, ""risk_clean"": 0.2, ""regime_align"": 0.2, ""liquidity"": 0.1}}",US88023B1035,TEM,TEM,Pharma 🧪,,0.7510504014342698,0.3907806867972312,0.5975786998831909,7656295.05,545739942.4502941,56.60692440032959,0.2592081331440954,bull,0.08169902329762468,bull,0.1614564603326385,2026-10-07,0.19183536743345853,Healthcare,Health Information Services,United States,USD,-0.9726364644552121,-23.363188947393766,31.3,stock,S13 Gesundheit,pillar,82.0,manual thematic assignment after stack redesign,"healthcare, pharma, medtech",49.79,67.48,,bull,stock,,,,0.08169902329762468,TEM,Tempus AI,US88023B1035,TEM,TEM,Pharma 🧪,Healthcare,Health Information Services,United States,USD,71.27989959716797,,-23.363188947393766,18.19,0.0,64.3,Seitwärts,46.7,Zyklus-neutral,0.19183536743345853,0.2592081331440954,56.60692440032959,0.7510504014342698,0.3907806867972312,0.5975786998831909,7656295.05,545739942.4502941,bull,0.08169902329762468,bull,0.1614564603326385,2026-10-07,True,True,False,OK,,,TEM,TEM,Health Information Services
UNH,UNITEDHEALTH,UNH,378.9200134277344,USD,6.970711714495748,20.57,0.0,Seitwärts,0.0,0.0,33.6,26.5,Zyklus-neutral,12.54,77.08,324.0,15929249792.0,300506185728.0,447567003648.0,5.3,12.3,2.69,14.99,0.788,83.33,"[24.6, 25.08, 0.0, 73.53, 34.9]",13.6433325,62.3,MED,"{""coverage"": 1.0, ""confluence"": 0.2, ""risk_clean"": 0.6666666666666666, ""regime_align"": 0.541800128122998, ""liquidity"": 0.8169642857142857, ""weights"": {""coverage"": 0.25, ""confluence"": 0.25, ""risk_clean"": 0.2, ""regime_align"": 0.2, ""liquidity"": 0.1}}",US91324P1021,UNH,UNH,Pharma & Gesundheit,281.25,0.34454862252611584,0.28871839172716735,0.2896065899080599,4742233.6,1796927219.389453,353.35165176391604,0.07235953627549829,bull,0.08169902329762468,bull,0.1614564603326385,2026-10-07,-0.13440492858212738,Healthcare,Healthcare Plans,United States,USD,0.6909029689924573,6.970711714495748,26.5,stock,S13 Gesundheit,pillar,82.0,manual thematic assignment after stack redesign,"healthcare, pharma, medtech",43.8,37.6,,bull,stock,,,,0.08169902329762468,UNH,UNITEDHEALTH,US91324P1021,UNH,UNH,Pharma & Gesundheit,Healthcare,Healthcare Plans,United States,USD,378.9200134277344,281.25,6.970711714495748,20.57,0.0,62.3,Seitwärts,33.6,Zyklus-neutral,-0.13440492858212738,0.07235953627549829,353.35165176391604,0.34454862252611584,0.28871839172716735,0.2896065899080599,4742233.6,1796927219.389453,bull,0.08169902329762468,bull,0.1614564603326385,2026-10-07,True,True,False,OK,,,UNH,UNH,Healthcare Plans
AAPL,Apple Inc.,AAPL,336.42999267578125,USD,31.656564345295358,35.16,0.0,Seitwärts,0.0,0.0,58.9,84.3,Zyklus-Hoch,152.02,102.63,38.0,106312753152.0,4041536438272.0,435617005568.0,2.63,15.7,27.04,42.74,0.974,65.09,"[31.4, 100.0, 0.0, 15.71, 13.81]",29.453894,83.3,HIGH,"{""coverage"": 1.0, ""confluence"": 0.8, ""risk_clean"": 0.6666666666666666, ""regime_align"": 0.7831117873158231, ""liquidity"": 0.9285714285714286, ""weights"": {""coverage"": 0.25, ""confluence"": 0.25, ""risk_clean"": 0.2, ""regime_align"": 0.2, ""liquidity"": 0.1}}",US0378331005,AAPL,AAPL,,,0.24691236978254427,0.18408473313568663,0.13798523953754416,39428127.85,13264804763.795267,289.7316321563721,0.1611779845088004,bull,0.08169902329762468,bull,0.1614564603326385,2026-10-07,0.035593750623705844,Technology,Consumer Electronics,United States,USD,0.8392493936365986,31.656564345295358,84.3,stock,S14 Kommunikations- & Alltagsinfrastruktur,pillar,76.0,manual thematic assignment after stack redesign,"connectivity, telecom, civic infrastructure",63.03,27.67,,bull,stock,,,,0.08169902329762468,AAPL,Apple Inc.,US0378331005,AAPL,AAPL,,Technology,Consumer Electronics,United States,USD,336.42999267578125,,31.656564345295358,35.16,0.0,83.3,Seitwärts,58.9,Zyklus-Hoch,0.035593750623705844,0.1611779845088004,289.7316321563721,0.24691236978254427,0.18408473313568663,0.13798523953754416,39428127.85,13264804763.795267,bull,0.08169902329762468,bull,0.1614564603326385,2026-10-07,True,True,False,OK,,,AAPL,AAPL,Consumer Electronics
ASTS,"AST SpaceMobile, Inc.",ASTS,60.02000045776367,,-19.705685006336225,13.77,,,,,,,,,,,,,,,,,,,,,,41.5,LOW,"{""coverage"": 1.0, ""confluence"": 0.0, ""risk_clean"": 0.3333333333333333, ""regime_align"": 0.17892176489429854, ""liquidity"": 0.6205357142857143, ""weights"": {""coverage"": 0.25, ""confluence"": 0.25, ""risk_clean"": 0.2, ""regime_align"": 0.2, ""liquidity"": 0.1}}",US00217D1000,ASTS,ASTS,,,1.0805991259308407,0.5964897144824421,0.6015478229884115,10440668.3,626648916.1453587,81.01937490463257,-0.2591895391884612,bull,0.08169902329762468,bull,0.1614564603326385,2026-10-07,-0.2136708087039838,Technology,Communication Equipment,United States,,-4.911277767077316,-19.705685006336225,0.0,stock,S14 Kommunikations- & Alltagsinfrastruktur,pillar,76.0,manual thematic assignment after stack redesign,"connectivity, telecom, civic infrastructure",43.31,68.5,,bull,stock,,,,0.08169902329762468,ASTS,"AST SpaceMobile, Inc.",US00217D1000,ASTS,ASTS,,Technology,Communication Equipment,United States,,60.02000045776367,,-19.705685006336225,13.77,,41.5,,,,-0.2136708087039838,-0.2591895391884612,81.01937490463257,1.0805991259308407,0.5964897144824421,0.6015478229884115,10440668.3,626648916.1453587,bull,0.08169902329762468,bull,0.1614564603326385,2026-10-07,False,True,False,OK,,,ASTS,ASTS,Communication Equipment
CDNL,Cardinal Infrastructure,CDNL,25.975000381469727,USD,10.531916516892448,9.59,0.0,Datenmangel,0.0,0.0,60.2,50.0,Zyklus-neutral,0.0,230.784,0.0,0.0,77877880.0,395162976.0,0.0,60.2,6.11,66.31,1.203,34.65,"[100.0, 0.0, 0.0, 50.0, 21.79]",20.158104,31.9,LOW,"{""coverage"": 1.0, ""confluence"": 0.2, ""risk_clean"": 0.0, ""regime_align"": 0.024653667520819985, ""liquidity"": 0.1383928571428572, ""weights"": {""coverage"": 0.25, ""confluence"": 0.25, ""risk_clean"": 0.2, ""regime_align"": 0.2, ""liquidity"": 0.1}}",US14154A1025,CDNL,CDNL,,,0.9746123637468221,0.6669893745710924,0.7245785064798486,620143.35,16108223.752815913,44.27072496414185,-0.4132691433784107,bull,0.08169902329762468,bull,0.1614564603326385,2026-10-07,-0.6510737221535239,Industrials,Engineering & Construction,United States,USD,-9.557795952343117,10.531916516892448,50.0,stock,S14 Kommunikations- & Alltagsinfrastruktur,pillar,76.0,manual thematic assignment after stack redesign,"connectivity, telecom, civic infrastructure",41.13,81.65,,bull,stock,,,,0.08169902329762468,CDNL,Cardinal Infrastructure,US14154A1025,CDNL,CDNL,,Industrials,Engineering & Construction,United States,USD,25.975000381469727,,10.531916516892448,9.59,0.0,31.9,Datenmangel,60.2,Zyklus-neutral,-0.6510737221535239,-0.4132691433784107,44.27072496414185,0.9746123637468221,0.6669893745710924,0.7245785064798486,620143.35,16108223.752815913,bull,0.08169902329762468,bull,0.1614564603326385,2026-10-07,False,True,False,OK,,,CDNL,CDNL,Engineering & Construction
LUMN,LUMEN TECHN.,LUMN,5.894999980926514,USD,-14.688855121548627,6.67,0.0,Seitwärts,0.0,0.0,60.8,49.3,Zyklus-neutral,0.0,100.0,0.0,-5826500096.0,24455852032.0,12401999872.0,-23.82,-8.7,-14.02,-22.72,1.802,69.05,"[0.0, 0.0, 0.0, 50.71, 38.17]",-28.083603,32.9,LOW,"{""coverage"": 1.0, ""confluence"": 0.0, ""risk_clean"": 0.0, ""regime_align"": 0.24821828955797565, ""liquidity"": 0.2901785714285714, ""weights"": {""coverage"": 0.25, ""confluence"": 0.25, ""risk_clean"": 0.2, ""regime_align"": 0.2, ""liquidity"": 0.1}}",US5502411037,LUMN,LUMN,Medien & Digitales 📱,9.32,0.7618924758835085,0.47832727460565777,0.5325443579482345,13147323.9,77503474.1397347,7.522924995422363,-0.21639522067366457,bull,0.08169902329762468,bull,0.1614564603326385,2026-10-07,-0.15634552854116568,Communication Services,Telecom Services,United States,USD,-0.25380485402489716,-14.688855121548627,49.3,stock,S14 Kommunikations- & Alltagsinfrastruktur,pillar,76.0,manual thematic assignment after stack redesign,"connectivity, telecom, civic infrastructure",32.52,68.91,,bull,stock,,,,0.08169902329762468,LUMN,LUMEN TECHN.,US5502411037,LUMN,LUMN,Medien & Digitales 📱,Communication Services,Telecom Services,United States,USD,5.894999980926514,9.32,-14.688855121548627,6.67,0.0,32.9,Seitwärts,60.8,Zyklus-neutral,-0.15634552854116568,-0.21639522067366457,7.522924995422363,0.7618924758835085,0.47832727460565777,0.5325443579482345,13147323.9,77503474.1397347,bull,0.08169902329762468,bull,0.1614564603326385,2026-10-07,False,True,False,OK,,,LUMN,LUMN,Telecom Services
TTK.DE,TAKKT AG,TTK.DE,2.950000047683716,EUR,-41.35189016630051,14.55,0.0,Seitwärts,0.0,0.0,58.0,86.5,Zyklus-Hoch,0.0,72.403,752.0,0.0,1.0,28795244.0,0.0,0.0,-80.39,-80.39,0.247,14.27,"[0.0, 0.0, 0.0, 13.54, 25.0]",,52.7,MED,"{""coverage"": 1.0, ""confluence"": 0.2, ""risk_clean"": 0.3333333333333333, ""regime_align"": 0.7983564221652787, ""liquidity"": 0.008928571428571397, ""weights"": {""coverage"": 0.25, ""confluence"": 0.25, ""risk_clean"": 0.2, ""regime_align"": 0.2, ""liquidity"": 0.1}}",DE0007446007,TTK.DE,TTK.DE,Medien & Digitales 📱,3.67,0.4789237886974196,0.300537477851189,0.5820610395268901,15765.1,46507.04575173855,2.849549992084503,0.03525119962037637,bull,0.08169902329762468,bull,0.1614564603326385,2026-10-07,0.27883693151612565,Industrials,Business Equipment & Supplies,Germany,EUR,1.5490559978359242,-41.35189016630051,86.5,stock,S14 Kommunikations- & Alltagsinfrastruktur,pillar,76.0,manual thematic assignment after stack redesign,"connectivity, telecom, civic infrastructure",42.3,61.62,,bull,stock,,,,0.08169902329762468,TTK.DE,TAKKT AG,DE0007446007,TTK.DE,TTK.DE,Medien & Digitales 📱,Industrials,Business Equipment & Supplies,Germany,EUR,2.950000047683716,3.67,-41.35189016630051,14.55,0.0,52.7,Seitwärts,58.0,Zyklus-Hoch,0.27883693151612565,0.03525119962037637,2.849549992084503,0.4789237886974196,0.300537477851189,0.5820610395268901,15765.1,46507.04575173855,bull,0.08169902329762468,bull,0.1614564603326385,2026-10-07,True,False,False,OK,,,TTK.DE,TTK.DE,Business Equipment & Supplies
MBLY,Mobileye Global,MBLY,7.242599964141846,USD,-52.00397686609857,4.64,0.0,Seitwärts,0.0,0.0,34.0,44.0,Zyklus-neutral,-3.27,0.564,0.0,632000000.0,5882599936.0,1894000000.0,10.74,-9.0,-20.7,-29.7,6.103,67.31,"[0.0, 0.0, 71.8, 56.05, 45.94]",24.514277,37.7,LOW,"{""coverage"": 1.0, ""confluence"": 0.0, ""risk_clean"": 0.3333333333333333, ""regime_align"": 0.20370555733504164, ""liquidity"": 0.2008928571428572, ""weights"": {""coverage"": 0.25, ""confluence"": 0.25, ""risk_clean"": 0.2, ""regime_align"": 0.2, ""liquidity"": 0.1}}",US60741F1049,MBLY,MBLY,Tech 💻,,0.5677686179243674,0.35801029599439427,0.5778635805094745,6142745.6,44489449.06229248,8.869462966918945,-0.1834229432881026,bull,0.08169902329762468,bull,0.1614564603326385,2026-10-07,-0.273886785134248,Consumer Cyclical,Auto Parts,Israel,USD,-3.0441744636778734,-52.00397686609857,44.0,stock,S15 Mobilität,pillar,80.0,manual thematic assignment after stack redesign,"mobility, autos, autonomy",25.33,56.29,,bull,stock,,,,0.08169902329762468,MBLY,Mobileye Global,US60741F1049,MBLY,MBLY,Tech 💻,Consumer Cyclical,Auto Parts,Israel,USD,7.242599964141846,,-52.00397686609857,4.64,0.0,37.7,Seitwärts,34.0,Zyklus-neutral,-0.273886785134248,-0.1834229432881026,8.869462966918945,0.5677686179243674,0.35801029599439427,0.5778635805094745,6142745.6,44489449.06229248,bull,0.08169902329762468,bull,0.1614564603326385,2026-10-07,False,True,False,OK,,,MBLY,MBLY,Auto Parts
STLA,Stellantis N.V.,STLA,4.635000228881836,USD,-57.28110538320566,3.64,0.0,Seitwärts,0.0,0.0,39.0,15.0,Zyklus-Tief,-3.06,55.559,1058.0,-8076749824.0,31891654656.0,146121998336.0,-25.33,-12.7,-1.64,-14.34,1.061,46.24,"[0.0, 0.0, 0.0, 84.99, 45.88]",4.304615,44.9,LOW,"{""coverage"": 1.0, ""confluence"": 0.0, ""risk_clean"": 0.6666666666666666, ""regime_align"": 0.1519859064702114, ""liquidity"": 0.3571428571428572, ""weights"": {""coverage"": 0.25, ""confluence"": 0.25, ""risk_clean"": 0.2, ""regime_align"": 0.2, ""liquidity"": 0.1}}",NL00150001Q9,STLA,STLA,Konsum 🥨,,0.5088369249385407,0.39964378634148817,0.6402640119898579,28192403.6,130671797.1387291,7.127975010871888,-0.34974516299336933,bull,0.08169902329762468,bull,0.1614564603326385,2026-10-07,-0.18954688644559614,Consumer Cyclical,Auto Manufacturers,Netherlands,USD,0.5423014022425399,-57.28110538320566,15.0,stock,S15 Mobilität,pillar,80.0,manual thematic assignment after stack redesign,"mobility, autos, autonomy",25.64,62.03,,bull,stock,,,,0.08169902329762468,STLA,Stellantis N.V.,NL00150001Q9,STLA,STLA,Konsum 🥨,Consumer Cyclical,Auto Manufacturers,Netherlands,USD,4.635000228881836,,-57.28110538320566,3.64,0.0,44.9,Seitwärts,39.0,Zyklus-Tief,-0.18954688644559614,-0.34974516299336933,7.127975010871888,0.5088369249385407,0.39964378634148817,0.6402640119898579,28192403.6,130671797.1387291,bull,0.08169902329762468,bull,0.1614564603326385,2026-10-07,False,True,False,OK,,,STLA,STLA,Auto Manufacturers
TSLA,Tesla,TSLA,377.0799865722656,USD,-12.932649158196396,17.9,0.0,Seitwärts,0.0,0.0,56.0,35.8,Zyklus-neutral,4.93,17.763,0.0,3732624896.0,1566959599616.0,94827003904.0,0.24,-3.1,4.0,0.9,2.164,44.57,"[0.0, 9.86, 0.0, 64.22, 0.0]",151.62677,64.1,MED,"{""coverage"": 1.0, ""confluence"": 0.0, ""risk_clean"": 1.0, ""regime_align"": 0.49230261050608587, ""liquidity"": 0.9241071428571429, ""weights"": {""coverage"": 0.25, ""confluence"": 0.25, ""risk_clean"": 0.2, ""regime_align"": 0.2, ""liquidity"": 0.1}}",US88160R1014,TSLA,TSLA,Tech 💻,,0.45375110782041117,0.30840294745309477,0.39103453018952694,35130658.4,13247068197.746851,391.6620492553711,-0.03723123726393429,bull,0.08169902329762468,bull,0.1614564603326385,2026-10-07,-0.1075145933191144,Consumer Cyclical,Auto Manufacturers,United States,USD,-0.9456777799672023,-12.932649158196396,35.8,stock,S15 Mobilität,pillar,80.0,manual thematic assignment after stack redesign,"mobility, autos, autonomy",40.0,38.57,,bull,stock,,,,0.08169902329762468,TSLA,Tesla,US88160R1014,TSLA,TSLA,Tech 💻,Consumer Cyclical,Auto Manufacturers,United States,USD,377.0799865722656,,-12.932649158196396,17.9,0.0,64.1,Seitwärts,56.0,Zyklus-neutral,-0.1075145933191144,-0.03723123726393429,391.6620492553711,0.45375110782041117,0.30840294745309477,0.39103453018952694,35130658.4,13247068197.746851,bull,0.08169902329762468,bull,0.1614564603326385,2026-10-07,False,True,False,OK,,,TSLA,TSLA,Auto Manufacturers
VOW3.DE,Volkswagen AG Vz.,VOW3.DE,69.73999786376953,EUR,-20.042061851197303,18.44,0.0,Seitwärts,0.0,0.0,58.0,57.2,Zyklus-neutral,3.58,130.129,630.0,-83611090944.0,262762414080.0,326045990912.0,-31.82,2.3,2.26,4.56,1.096,27.73,"[4.6, 7.16, 0.0, 42.85, 28.51]",4.8342667,50.2,MED,"{""coverage"": 1.0, ""confluence"": 0.0, ""risk_clean"": 0.6666666666666666, ""regime_align"": 0.431454196028187, ""liquidity"": 0.3258928571428572, ""weights"": {""coverage"": 0.25, ""confluence"": 0.25, ""risk_clean"": 0.2, ""regime_align"": 0.2, ""liquidity"": 0.1}}",DE0007664039,VOW3.DE,VOW3.DE,Andere 🌐,102.3,0.2952203406777952,0.17019066398615962,0.33718144146195184,1390754.35,96991205.3980282,82.69778484344482,-0.15668844098068258,bull,0.08169902329762468,bull,0.1614564603326385,2026-10-07,-0.049743987129240774,Consumer Cyclical,Auto Manufacturers,Germany,EUR,1.2485491356620138,-20.042061851197303,57.2,stock,S15 Mobilität,pillar,80.0,manual thematic assignment after stack redesign,"mobility, autos, autonomy",41.91,41.91,,bull,stock,,,,0.08169902329762468,VOW3.DE,Volkswagen AG Vz.,DE0007664039,VOW3.DE,VOW3.DE,Andere 🌐,Consumer Cyclical,Auto Manufacturers,Germany,EUR,69.73999786376953,102.3,-20.042061851197303,18.44,0.0,50.2,Seitwärts,58.0,Zyklus-neutral,-0.049743987129240774,-0.15668844098068258,82.69778484344482,0.2952203406777952,0.17019066398615962,0.33718144146195184,1390754.35,96991205.3980282,bull,0.08169902329762468,bull,0.1614564603326385,2026-10-07,False,True,False,OK,,,VOW3.DE,VOW3.DE,Auto Manufacturers
NFLX,NETFLIX INC.,NFLX,69.50399780273438,USD,-41.645260386246974,24.87,0.0,Seitwärts,0.0,0.0,39.3,93.9,Zyklus-Hoch,42.76,63.782,0.0,24817524736.0,355017424896.0,45183037440.0,6.99,17.6,24.3,41.9,1.186,86.0,"[35.2, 85.52, 0.0, 6.14, 32.01]",21.525,64.3,MED,"{""coverage"": 1.0, ""confluence"": 0.4, ""risk_clean"": 0.6666666666666666, ""regime_align"": 0.3823270339525945, ""liquidity"": 0.8348214285714286, ""weights"": {""coverage"": 0.25, ""confluence"": 0.25, ""risk_clean"": 0.2, ""regime_align"": 0.2, ""liquidity"": 0.1}}",US64110L1061,NFLX,NFLX,Medien & Digitales 📱,85.7,0.36506128304191215,0.26724697282390153,0.4597817182538124,35448466.3,2463810123.8255033,83.68211986541748,-0.16942833290415193,bull,0.08169902329762468,bull,0.1614564603326385,2026-10-07,-0.08496610209788891,Communication Services,Entertainment,United States,USD,1.1850274165042807,-41.645260386246974,93.9,stock,S19 Medien & Unterhaltung,pillar,75.0,manual thematic assignment after stack redesign,"media, entertainment, streaming",51.78,41.84,,bull,stock,,,,0.08169902329762468,NFLX,NETFLIX INC.,US64110L1061,NFLX,NFLX,Medien & Digitales 📱,Communication Services,Entertainment,United States,USD,69.50399780273438,85.7,-41.645260386246974,24.87,0.0,64.3,Seitwärts,39.3,Zyklus-Hoch,-0.08496610209788891,-0.16942833290415193,83.68211986541748,0.36506128304191215,0.26724697282390153,0.4597817182538124,35448466.3,2463810123.8255033,bull,0.08169902329762468,bull,0.1614564603326385,2026-10-07,False,True,False,OK,,,NFLX,NFLX,Entertainment
SPOT,SPOTIFY TECH.,SPOT,513.9600219726562,USD,-24.466518704282947,24.82,0.0,Seitwärts,0.0,0.0,41.6,76.0,Zyklus-neutral,22.64,28.873,0.0,789000000.0,92863963136.0,16897000448.0,0.85,7.1,8.31,15.41,1.612,67.37,"[14.2, 45.28, 0.0, 24.02, 38.46]",25.314257,75.4,HIGH,"{""coverage"": 1.0, ""confluence"": 0.4, ""risk_clean"": 1.0, ""regime_align"": 0.7045964125560538, ""liquidity"": 0.6339285714285714, ""weights"": {""coverage"": 0.25, ""confluence"": 0.25, ""risk_clean"": 0.2, ""regime_align"": 0.2, ""liquidity"": 0.1}}",LU1778762911,SPOT,SPOT,Medien & Digitales 📱,511.74,0.45131170717467733,0.2945689536542368,0.4035749189280341,1426206.05,733012892.7955353,499.22320159912107,0.029519502151202026,bull,0.08169902329762468,bull,0.1614564603326385,2026-10-07,0.0389891832127256,Communication Services,Internet Content & Information,Sweden,USD,5.291626581333575,-24.466518704282947,76.0,stock,S19 Medien & Unterhaltung,pillar,75.0,manual thematic assignment after stack redesign,"media, entertainment, streaming",51.9,42.46,,bull,stock,,,,0.08169902329762468,SPOT,SPOTIFY TECH.,LU1778762911,SPOT,SPOT,Medien & Digitales 📱,Communication Services,Internet Content & Information,Sweden,USD,513.9600219726562,511.74,-24.466518704282947,24.82,0.0,75.4,Seitwärts,41.6,Zyklus-neutral,0.0389891832127256,0.029519502151202026,499.22320159912107,0.45131170717467733,0.2945689536542368,0.4035749189280341,1426206.05,733012892.7955353,bull,0.08169902329762468,bull,0.1614564603326385,2026-10-07,True,True,False,OK,,,SPOT,SPOT,Internet Content & Information
TME,TENCENT MUSIC ENTERTAINMENT GROUP,TME,8.005000114440918,USD,-64.32439602646451,21.46,0.0,Seitwärts,0.0,0.0,55.8,84.0,Zyklus-Hoch,14.79,4.524,107.0,5382750208.0,36124852224.0,31719000064.0,14.9,20.6,34.08,54.68,2.085,63.88,"[41.2, 29.58, 0.0, 15.98, 46.52]",16.826365,56.0,MED,"{""coverage"": 1.0, ""confluence"": 0.4, ""risk_clean"": 0.6666666666666666, ""regime_align"": 0.2614910313901345, ""liquidity"": 0.2410714285714286, ""weights"": {""coverage"": 0.25, ""confluence"": 0.25, ""risk_clean"": 0.2, ""regime_align"": 0.2, ""liquidity"": 0.1}}",US88034P1093,TME,TME,Tech 💻,16.98,0.46993126344395053,0.44156156417920683,0.6648016215781773,6885858.55,55121298.48077397,10.885773842334748,-0.26463655865148583,bull,0.08169902329762468,bull,0.1614564603326385,2026-10-07,-0.13081023555390192,Communication Services,Internet Content & Information,China,USD,0.9457791642601743,-64.32439602646451,84.0,stock,S19 Medien & Unterhaltung,pillar,75.0,manual thematic assignment after stack redesign,"media, entertainment, streaming",51.64,57.65,,bull,stock,,,,0.08169902329762468,TME,TENCENT MUSIC ENTERTAINMENT GROUP,US88034P1093,TME,TME,Tech 💻,Communication Services,Internet Content & Information,China,USD,8.005000114440918,16.98,-64.32439602646451,21.46,0.0,56.0,Seitwärts,55.8,Zyklus-Hoch,-0.13081023555390192,-0.26463655865148583,10.885773842334748,0.46993126344395053,0.44156156417920683,0.6648016215781773,6885858.55,55121298.48077397,bull,0.08169902329762468,bull,0.1614564603326385,2026-10-07,False,True,False,OK,,,TME,TME,Internet Content & Information
PL,Planet Labs PBC,PL,17.689800262451172,,12.81760151887228,11.85,,,,,,,,,,,,,,,,,,,,,,37.1,LOW,"{""coverage"": 1.0, ""confluence"": 0.0, ""risk_clean"": 0.3333333333333333, ""regime_align"": 0.06938661114670083, ""liquidity"": 0.40625, ""weights"": {""coverage"": 0.25, ""confluence"": 0.25, ""risk_clean"": 0.2, ""regime_align"": 0.2, ""liquidity"": 0.1}}",US72703X1063,PL,PL,,,0.9341872626401517,0.546350909677903,0.6883268485955606,10382177.55,183658647.14880466,27.34759902000427,-0.35314978658596663,bull,0.08169902329762468,bull,0.1614564603326385,2026-10-07,-0.3532031535500796,Industrials,Aerospace & Defense,United States,,-4.739900090673532,12.81760151887228,0.0,stock,S20 Sicherheit & Verteidigung,pillar,81.0,manual thematic assignment after stack redesign,"defense, aerospace, security",41.3,71.42,,bull,stock,,,,0.08169902329762468,PL,Planet Labs PBC,US72703X1063,PL,PL,,Industrials,Aerospace & Defense,United States,,17.689800262451172,,12.81760151887228,11.85,,37.1,,,,-0.3532031535500796,-0.35314978658596663,27.34759902000427,0.9341872626401517,0.546350909677903,0.6883268485955606,10382177.55,183658647.14880466,bull,0.08169902329762468,bull,0.1614564603326385,2026-10-07,False,True,False,OK,,,PL,PL,Aerospace & Defense
RCAT,Red Cat Holdings,RCAT,6.114999771118164,USD,-58.65449772217565,10.92,0.0,Seitwärts,0.0,0.0,52.6,13.2,Zyklus-Tief,0.0,8.852,0.0,0.0,1322458240.0,7443942.0,0.0,646.4,0.0,646.4,10.416,41.83,"[100.0, 0.0, 0.0, 86.81, 73.29]",-42.066666,40.0,LOW,"{""coverage"": 1.0, ""confluence"": 0.2, ""risk_clean"": 0.3333333333333333, ""regime_align"": 0.05140935297885971, ""liquidity"": 0.2321428571428572, ""weights"": {""coverage"": 0.25, ""confluence"": 0.25, ""risk_clean"": 0.2, ""regime_align"": 0.2, ""liquidity"": 0.1}}",US75644T1007,RCAT,RCAT,,,1.0827794140700524,0.5554602482208444,0.647753481790095,8728344.75,53373826.14849043,10.933149950504303,-0.44069185927189236,bull,0.08169902329762468,bull,0.1614564603326385,2026-10-07,-0.3397487394113423,Industrials,Aerospace & Defense,United States,USD,-3.5489018305131292,-58.65449772217565,13.2,stock,S20 Sicherheit & Verteidigung,pillar,81.0,manual thematic assignment after stack redesign,"defense, aerospace, security",39.23,69.42,,bull,stock,,,,0.08169902329762468,RCAT,Red Cat Holdings,US75644T1007,RCAT,RCAT,,Industrials,Aerospace & Defense,United States,USD,6.114999771118164,,-58.65449772217565,10.92,0.0,40.0,Seitwärts,52.6,Zyklus-Tief,-0.3397487394113423,-0.44069185927189236,10.933149950504303,1.0827794140700524,0.5554602482208444,0.647753481790095,8728344.75,53373826.14849043,bull,0.08169902329762468,bull,0.1614564603326385,2026-10-07,False,True,False,OK,,,RCAT,RCAT,Aerospace & Defense
RHM.DE,Rheinmetall AG,RHM.DE,926.2000122070312,EUR,-50.36041449678902,30.91,5.48,BUY,1966.0,2521.79,71.8,18.7,Zyklus-Tief,22.42,47.166,49.0,-1625000.0,76487131136.0,10997999616.0,-0.0,13.3,7.64,20.94,1.135,43.98,"[26.6, 44.84, 0.0, 100.0, 20.38]",40.79185,52.9,MED,"{""coverage"": 1.0, ""confluence"": 0.2, ""risk_clean"": 0.6666666666666666, ""regime_align"": 0.285974535554132, ""liquidity"": 0.3883928571428572, ""weights"": {""coverage"": 0.25, ""confluence"": 0.25, ""risk_clean"": 0.2, ""regime_align"": 0.2, ""liquidity"": 0.1}}",DE0007030009,RHM.DE,RHM.DE,,,0.475654390510138,0.3699061649504196,0.5161841163464314,186098.1,172364062.49170533,1325.852741394043,-0.30143070697791396,bull,0.08169902329762468,bull,0.1614564603326385,2026-10-07,-0.09860483364356343,Industrials,Aerospace & Defense,Germany,EUR,-2.8121708072370133,-50.36041449678902,18.7,stock,S20 Sicherheit & Verteidigung,pillar,81.0,manual thematic assignment after stack redesign,"defense, aerospace, security",63.03,47.9,,bull,stock,,,,0.08169902329762468,RHM.DE,Rheinmetall AG,DE0007030009,RHM.DE,RHM.DE,,Industrials,Aerospace & Defense,Germany,EUR,926.2000122070312,,-50.36041449678902,30.91,5.48,52.9,BUY,71.8,Zyklus-Tief,-0.09860483364356343,-0.30143070697791396,1325.852741394043,0.475654390510138,0.3699061649504196,0.5161841163464314,186098.1,172364062.49170533,bull,0.08169902329762468,bull,0.1614564603326385,2026-10-07,False,True,False,OK,,,RHM.DE,RHM.DE,Aerospace & Defense
RKLB,"Rocket Lab USA, Inc.",RKLB,71.97000122070312,,17.005370158672427,16.47,,,,,,,,,,,,,,,,,,,,,,46.5,LOW,"{""coverage"": 1.0, ""confluence"": 0.0, ""risk_clean"": 0.3333333333333333, ""regime_align"": 0.3512872357463165, ""liquidity"": 0.78125, ""weights"": {""coverage"": 0.25, ""confluence"": 0.25, ""risk_clean"": 0.2, ""regime_align"": 0.2, ""liquidity"": 0.1}}",US7731211089,RKLB,RKLB,,,0.9318283426311306,0.5116841346276916,0.609931437524637,21111831.7,1519418553.220279,81.66735010147094,-0.11874205381610825,bull,0.08169902329762468,bull,0.1614564603326385,2026-10-07,-0.14419423524429265,Industrials,Aerospace & Defense,United States,,-4.116701889682972,17.005370158672427,0.0,stock,S20 Sicherheit & Verteidigung,pillar,81.0,manual thematic assignment after stack redesign,"defense, aerospace, security",46.21,64.6,,bull,stock,,,,0.08169902329762468,RKLB,"Rocket Lab USA, Inc.",US7731211089,RKLB,RKLB,,Industrials,Aerospace & Defense,United States,,71.97000122070312,,17.005370158672427,16.47,,46.5,,,,-0.14419423524429265,-0.11874205381610825,81.66735010147094,0.9318283426311306,0.5116841346276916,0.609931437524637,21111831.7,1519418553.220279,bull,0.08169902329762468,bull,0.1614564603326385,2026-10-07,False,True,False,OK,,,RKLB,RKLB,Aerospace & Defense
ADA-USD,Cardano,ADA-USD,0.2563300132751465,USD,-68.77458985147886,20.13,,,,,,,,,,,,,,,,,,,,,,55.5,MED,"{""coverage"": 1.0, ""confluence"": 0.2, ""risk_clean"": 0.3333333333333333, ""regime_align"": 0.7452654548366432, ""liquidity"": 0.3928571428571428, ""weights"": {""coverage"": 0.25, ""confluence"": 0.25, ""risk_clean"": 0.2, ""regime_align"": 0.2, ""liquidity"": 0.1}}",,ADA-USD,ADA-USD,,,0.6576177092217103,0.41189282848839254,0.8290305637607973,689505035.3,176740834.85172933,0.2131006047129631,0.20285915481287087,bull,0.08169902329762468,bull,0.1614564603326385,2026-10-07,-0.01979363449878524,Cryptocurrency,Digital Currency,Global,USD,-4.171035101155674,-68.77458985147886,0.0,crypto,S21 Finanzsystem,pillar,83.0,manual thematic assignment after stack redesign,"payments, exchanges, capital markets, crypto",52.83,67.66,,bull,crypto,,,,0.1614564603326385,ADA-USD,Cardano,,ADA-USD,ADA-USD,,Cryptocurrency,Digital Currency,Global,USD,0.2563300132751465,,-68.77458985147886,20.13,,55.5,,,,-0.01979363449878524,0.20285915481287087,0.2131006047129631,0.6576177092217103,0.41189282848839254,0.8290305637607973,689505035.3,176740834.85172933,bull,0.08169902329762468,bull,0.1614564603326385,2026-10-07,True,True,True,OK,ADA,USD,CRYPTO:ADA,ADA,Krypto
ALV.DE,ALLIANZ SE,ALV.DE,417.29998779296875,EUR,19.819653015893568,29.61,0.0,Seitwärts,0.0,0.0,65.4,58.7,Zyklus-neutral,17.98,100.0,398.0,0.0,114918481920.0,105018998784.0,0.0,5.8,10.08,15.88,127.745,41.77,"[11.6, 35.96, 0.0, 41.3, 20.39]",12.127932,60.8,MED,"{""coverage"": 1.0, ""confluence"": 0.2, ""risk_clean"": 0.6666666666666666, ""regime_align"": 0.6556294042280589, ""liquidity"": 0.4375, ""weights"": {""coverage"": 0.25, ""confluence"": 0.25, ""risk_clean"": 0.2, ""regime_align"": 0.2, ""liquidity"": 0.1}}",DE0008404005,ALV.DE,ALV.DE,Finanzen,365.3,0.18389232765213856,0.14850845254122033,0.12350398048430755,542132.7,226231969.09216917,389.92864593505857,0.07019577079871375,bull,0.08169902329762468,bull,0.1614564603326385,2026-10-07,-0.0424734850578985,Financial Services,Insurance - Diversified,Germany,EUR,-0.8081826278600879,19.819653015893568,58.7,stock,S21 Finanzsystem,pillar,83.0,manual thematic assignment after stack redesign,"payments, exchanges, capital markets, crypto",55.17,29.75,,bull,stock,,,,0.08169902329762468,ALV.DE,ALLIANZ SE,DE0008404005,ALV.DE,ALV.DE,Finanzen,Financial Services,Insurance - Diversified,Germany,EUR,417.29998779296875,365.3,19.819653015893568,29.61,0.0,60.8,Seitwärts,65.4,Zyklus-neutral,-0.0424734850578985,0.07019577079871375,389.92864593505857,0.18389232765213856,0.14850845254122033,0.12350398048430755,542132.7,226231969.09216917,bull,0.08169902329762468,bull,0.1614564603326385,2026-10-07,True,True,False,OK,,,ALV.DE,ALV.DE,Insurance - Diversified
BLK,BLACKROCK INC,BLK,1066.987548828125,USD,-6.55447196226413,30.81,0.0,Seitwärts,0.0,0.0,58.7,28.1,Zyklus-neutral,10.69,24.32,192.0,0.0,177495670784.0,24216000512.0,0.0,23.4,22.93,46.33,1.0,84.09,"[46.8, 21.38, 0.0, 71.87, 27.29]",17.549316,73.8,MED,"{""coverage"": 1.0, ""confluence"": 0.4, ""risk_clean"": 1.0, ""regime_align"": 0.6397141255605381, ""liquidity"": 0.6026785714285714, ""weights"": {""coverage"": 0.25, ""confluence"": 0.25, ""risk_clean"": 0.2, ""regime_align"": 0.2, ""liquidity"": 0.1}}",US09247X1019,BLK,BLK,Finanzen 🏦,1107.99,0.27323126866323433,0.1811779314375305,0.22454441911078005,522092.7,557066410.2340577,1051.2579037475587,0.014962689007609553,bull,0.08169902329762468,bull,0.1614564603326385,2026-10-07,0.0028120455244864395,Financial Services,Asset Management,United States,USD,-1.1517754545066983,-6.55447196226413,28.1,stock,S21 Finanzsystem,pillar,83.0,manual thematic assignment after stack redesign,"payments, exchanges, capital markets, crypto",56.38,27.81,,bull,stock,,,,0.08169902329762468,BLK,BLACKROCK INC,US09247X1019,BLK,BLK,Finanzen 🏦,Financial Services,Asset Management,United States,USD,1066.987548828125,1107.99,-6.55447196226413,30.81,0.0,73.8,Seitwärts,58.7,Zyklus-neutral,0.0028120455244864395,0.014962689007609553,1051.2579037475587,0.27323126866323433,0.1811779314375305,0.22454441911078005,522092.7,557066410.2340577,bull,0.08169902329762468,bull,0.1614564603326385,2026-10-07,True,True,False,OK,,,BLK,BLK,Asset Management
BTC-USD,Bitcoin,BTC-USD,83310.2890625,USD,-31.404412915481807,25.84,,,,,,,,,,,,,,,,,,,,,,68.4,MED,"{""coverage"": 1.0, ""confluence"": 0.2, ""risk_clean"": 0.6666666666666666, ""regime_align"": 0.7541039397821909, ""liquidity"": 1.0, ""weights"": {""coverage"": 0.25, ""confluence"": 0.25, ""risk_clean"": 0.2, ""regime_align"": 0.2, ""liquidity"": 0.1}}",,BTC-USD,BTC-USD,,,0.37364139154355497,0.260157244655979,0.5252813228197128,32003590293.55,2666228358393469.5,71729.1537890625,0.1614564603326385,bull,0.08169902329762468,bull,0.1614564603326385,2026-10-07,0.0,Cryptocurrency,Digital Currency,Global,USD,-2.6266216238921003,-31.404412915481807,0.0,crypto,S21 Finanzsystem,pillar,83.0,manual thematic assignment after stack redesign,"payments, exchanges, capital markets, crypto",53.11,41.34,,bull,crypto,,,,0.1614564603326385,BTC-USD,Bitcoin,,BTC-USD,BTC-USD,,Cryptocurrency,Digital Currency,Global,USD,83310.2890625,,-31.404412915481807,25.84,,68.4,,,,0.0,0.1614564603326385,71729.1537890625,0.37364139154355497,0.260157244655979,0.5252813228197128,32003590293.55,2666228358393469.5,bull,0.08169902329762468,bull,0.1614564603326385,2026-10-07,True,True,True,OK,BTC,USD,CRYPTO:BTC,BTC,Krypto
CME,CME Group Inc.,CME,269.8299865722656,USD,6.33644815640706,27.58,,,,,,,,,,,,,,,,,,,,,,69.8,MED,"{""coverage"": 1.0, ""confluence"": 0.2, ""risk_clean"": 1.0, ""regime_align"": 0.7088705156950672, ""liquidity"": 0.5669642857142857, ""weights"": {""coverage"": 0.25, ""confluence"": 0.25, ""risk_clean"": 0.2, ""regime_align"": 0.2, ""liquidity"": 0.1}}",US12572Q1058,CME,CME,Finanzen,,0.24103186206526062,0.16773431048063867,0.3108934680698645,1682996.8,454123003.94516605,274.58661285400393,-0.01732286302051944,bull,0.08169902329762468,bull,0.1614564603326385,2026-10-07,0.09602583975392531,Financial Services,Financial Data & Stock Exchanges,United States,USD,-0.12954553001843783,6.33644815640706,0.0,stock,S21 Finanzsystem,pillar,85.0,manual gap-filling addition for derivatives and exchange infrastructure,"payments, exchanges, capital markets, crypto",52.87,32.29,,bull,stock,,,,0.08169902329762468,CME,CME Group Inc.,US12572Q1058,CME,CME,Finanzen,Financial Services,Financial Data & Stock Exchanges,United States,USD,269.8299865722656,,6.33644815640706,27.58,,69.8,,,,0.09602583975392531,-0.01732286302051944,274.58661285400393,0.24103186206526062,0.16773431048063867,0.3108934680698645,1682996.8,454123003.94516605,bull,0.08169902329762468,bull,0.1614564603326385,2026-10-07,False,True,False,OK,,,CME,CME,Financial Data & Stock Exchanges
COIN,COINBASE GLB.,COIN,178.66000366210938,USD,-52.456223257630064,27.07,0.0,Seitwärts,0.0,0.0,40.6,34.0,Zyklus-neutral,26.0,48.559,0.0,-1097911808.0,41830793216.0,7370428928.0,-2.62,58.9,43.66,102.56,2.404,67.14,"[100.0, 52.0, 0.0, 65.97, 63.27]",25.270573,73.6,MED,"{""coverage"": 1.0, ""confluence"": 0.8, ""risk_clean"": 0.3333333333333333, ""regime_align"": 0.6932154868673926, ""liquidity"": 0.8080357142857143, ""weights"": {""coverage"": 0.25, ""confluence"": 0.25, ""risk_clean"": 0.2, ""regime_align"": 0.2, ""liquidity"": 0.1}}",US19260Q1076,COIN,COIN,Krypto-Infrastruktur 🪙,211.68,0.7223695436424128,0.3911147919576368,0.6356805320824648,9557609.0,1707562458.9410095,184.49204971313478,-0.03161136786161578,bull,0.08169902329762468,bull,0.1614564603326385,2026-10-07,0.0908790992429862,Financial Services,Financial Data & Stock Exchanges,United States,USD,-3.8117807804820214,-52.456223257630064,34.0,stock,S21 Finanzsystem,pillar,83.0,manual thematic assignment after stack redesign,"payments, exchanges, capital markets, crypto",61.01,59.95,,bull,stock,,,,0.08169902329762468,COIN,COINBASE GLB.,US19260Q1076,COIN,COIN,Krypto-Infrastruktur 🪙,Financial Services,Financial Data & Stock Exchanges,United States,USD,178.66000366210938,211.68,-52.456223257630064,27.07,0.0,73.6,Seitwärts,40.6,Zyklus-neutral,0.0908790992429862,-0.03161136786161578,184.49204971313478,0.7223695436424128,0.3911147919576368,0.6356805320824648,9557609.0,1707562458.9410095,bull,0.08169902329762468,bull,0.1614564603326385,2026-10-07,False,True,False,OK,,,COIN,COIN,Financial Data & Stock Exchanges
DB1.DE,DEUTSCHE BOERSE AG,DB1.DE,292.20001220703125,EUR,31.428959693404135,29.94,0.0,Seitwärts,0.0,0.0,42.2,59.0,Zyklus-neutral,19.48,54.664,189.0,0.0,1.0,7302400000.0,0.0,4.2,27.59,31.79,1.009,64.75,"[8.4, 38.96, 0.0, 41.03, 28.01]",17.867914,85.6,HIGH,"{""coverage"": 1.0, ""confluence"": 0.8, ""risk_clean"": 1.0, ""regime_align"": 0.8724675688661114, ""liquidity"": 0.3125, ""weights"": {""coverage"": 0.25, ""confluence"": 0.25, ""risk_clean"": 0.2, ""regime_align"": 0.2, ""liquidity"": 0.1}}",DE0005140008,DB1.DE,DB1.DE,Finanzen,33.53,0.2267413286556538,0.1405042332861419,0.11800429950284552,317815.4,92865663.75958252,247.97817054748535,0.1783295745827671,bull,0.08169902329762468,bull,0.1614564603326385,2026-10-07,0.14121982414008816,Financial Services,Financial Data & Stock Exchanges,Germany,EUR,-1.0497716607123064,31.428959693404135,59.0,stock,S21 Finanzsystem,pillar,83.0,manual thematic assignment after stack redesign,"payments, exchanges, capital markets, crypto",55.59,29.52,,bull,stock,,,,0.08169902329762468,DB1.DE,DEUTSCHE BOERSE AG,DE0005140008,DB1.DE,DB1.DE,Finanzen,Financial Services,Financial Data & Stock Exchanges,Germany,EUR,292.20001220703125,33.53,31.428959693404135,29.94,0.0,85.6,Seitwärts,42.2,Zyklus-neutral,0.14121982414008816,0.1783295745827671,247.97817054748535,0.2267413286556538,0.1405042332861419,0.11800429950284552,317815.4,92865663.75958252,bull,0.08169902329762468,bull,0.1614564603326385,2026-10-07,True,True,False,OK,,,DB1.DE,DB1.DE,Financial Data & Stock Exchanges
ETH-USD,Ethereum,ETH-USD,2558.43994140625,USD,-42.52184547999832,24.24,,,,,,,,,,,,,,,,,,,,,,74.8,MED,"{""coverage"": 1.0, ""confluence"": 0.4, ""risk_clean"": 0.6666666666666666, ""regime_align"": 0.8300968930172966, ""liquidity"": 0.9910714285714286, ""weights"": {""coverage"": 0.25, ""confluence"": 0.25, ""risk_clean"": 0.2, ""regime_align"": 0.2, ""liquidity"": 0.1}}",,ETH-USD,ETH-USD,,,0.5276891952570365,0.364363005235801,0.6543864125609333,13813889652.95,35342007034285.805,2126.457331542969,0.20314661547891588,bull,0.08169902329762468,bull,0.1614564603326385,2026-10-07,0.048676971325860574,Cryptocurrency,Digital Currency,Global,USD,-5.15572095171819,-42.52184547999832,0.0,crypto,S21 Finanzsystem,pillar,83.0,manual thematic assignment after stack redesign,"payments, exchanges, capital markets, crypto",54.52,53.31,,bull,crypto,,,,0.1614564603326385,ETH-USD,Ethereum,,ETH-USD,ETH-USD,,Cryptocurrency,Digital Currency,Global,USD,2558.43994140625,,-42.52184547999832,24.24,,74.8,,,,0.048676971325860574,0.20314661547891588,2126.457331542969,0.5276891952570365,0.364363005235801,0.6543864125609333,13813889652.95,35342007034285.805,bull,0.08169902329762468,bull,0.1614564603326385,2026-10-07,True,True,True,OK,ETH,USD,CRYPTO:ETH,ETH,Krypto
FIGR,Figure Technology Solutions,FIGR,27.940000534057617,USD,-36.8302038814696,15.89,0.0,Seitwärts,0.0,0.0,56.2,3.2,Zyklus-Tief,0.0,68.77,0.0,0.0,8038661632.0,382600000.0,0.0,54.8,32.46,87.26,2.261,53.12,"[100.0, 0.0, 0.0, 96.84, 34.69]",38.201473,43.5,LOW,"{""coverage"": 1.0, ""confluence"": 0.4, ""risk_clean"": 0.0, ""regime_align"": 0.24371396540679052, ""liquidity"": 0.3616071428571428, ""weights"": {""coverage"": 0.25, ""confluence"": 0.25, ""risk_clean"": 0.2, ""regime_align"": 0.2, ""liquidity"": 0.1}}",US3493811034,FIGR,FIGR,Finanzen 🏦,,0.9517545881051753,0.562190049933967,0.6629684939363297,4686508.25,130941043.00786543,36.333749990463254,-0.23101797801242085,bull,0.08169902329762468,bull,0.1614564603326385,2026-10-07,-0.15365781071263096,Financial Services,Capital Markets,United States,USD,2.157221734401249,-36.8302038814696,3.2,stock,S21 Finanzsystem,pillar,83.0,manual thematic assignment after stack redesign,"payments, exchanges, capital markets, crypto",48.34,73.98,,bull,stock,,,,0.08169902329762468,FIGR,Figure Technology Solutions,US3493811034,FIGR,FIGR,Finanzen 🏦,Financial Services,Capital Markets,United States,USD,27.940000534057617,,-36.8302038814696,15.89,0.0,43.5,Seitwärts,56.2,Zyklus-Tief,-0.15365781071263096,-0.23101797801242085,36.333749990463254,0.9517545881051753,0.562190049933967,0.6629684939363297,4686508.25,130941043.00786543,bull,0.08169902329762468,bull,0.1614564603326385,2026-10-07,False,True,False,OK,,,FIGR,FIGR,Capital Markets
ICE,"Intercontinental Exchange, Inc.",ICE,152.5749969482422,USD,-4.551766810188395,27.66,,,,,,,,,,,,,,,,,,,,,,69.7,MED,"{""coverage"": 1.0, ""confluence"": 0.2, ""risk_clean"": 1.0, ""regime_align"": 0.7133448110185778, ""liquidity"": 0.5446428571428571, ""weights"": {""coverage"": 0.25, ""confluence"": 0.25, ""risk_clean"": 0.2, ""regime_align"": 0.2, ""liquidity"": 0.1}}",US45866F1049,ICE,ICE,Finanzen,,0.2490578964306259,0.1844747445556104,0.2931752428992731,2597997.45,396389453.005291,153.91382320404054,-0.008698544600659441,bull,0.08169902329762468,bull,0.1614564603326385,2026-10-07,0.09948937962705795,Financial Services,Financial Data & Stock Exchanges,United States,USD,-0.5961355867972973,-4.551766810188395,0.0,stock,S21 Finanzsystem,pillar,85.0,manual gap-filling addition for market infrastructure coverage,"payments, exchanges, capital markets, crypto",52.95,32.19,,bull,stock,,,,0.08169902329762468,ICE,"Intercontinental Exchange, Inc.",US45866F1049,ICE,ICE,Finanzen,Financial Services,Financial Data & Stock Exchanges,United States,USD,152.5749969482422,,-4.551766810188395,27.66,,69.7,,,,0.09948937962705795,-0.008698544600659441,153.91382320404054,0.2490578964306259,0.1844747445556104,0.2931752428992731,2597997.45,396389453.005291,bull,0.08169902329762468,bull,0.1614564603326385,2026-10-07,False,True,False,OK,,,ICE,ICE,Financial Data & Stock Exchanges
MA,MASTERCARD INC,MA,573.2999877929688,USD,-0.5117746403686341,33.85,0.0,Seitwärts,0.0,0.0,45.5,58.4,Zyklus-neutral,209.91,245.288,64.0,16265374720.0,491219648512.0,32790999040.0,3.31,17.6,45.65,63.25,1.035,91.48,"[35.2, 100.0, 0.0, 41.63, 24.28]",23.911453,81.6,HIGH,"{""coverage"": 1.0, ""confluence"": 0.8, ""risk_clean"": 0.6666666666666666, ""regime_align"": 0.7672865951313261, ""liquidity"": 0.7901785714285714, ""weights"": {""coverage"": 0.25, ""confluence"": 0.25, ""risk_clean"": 0.2, ""regime_align"": 0.2, ""liquidity"": 0.1}}",US57636Q1040,MA,MA,Finanzen,521.34,0.22546179480965756,0.14615349445165945,0.18484014964889117,2729177.15,1564637226.7798493,531.2212478637696,0.07921132691588073,bull,0.08169902329762468,bull,0.1614564603326385,2026-10-07,0.05611855165521096,Financial Services,Credit Services,United States,USD,1.1860585443237426,-0.5117746403686341,58.4,stock,S21 Finanzsystem,pillar,83.0,manual thematic assignment after stack redesign,"payments, exchanges, capital markets, crypto",61.82,30.17,,bull,stock,,,,0.08169902329762468,MA,MASTERCARD INC,US57636Q1040,MA,MA,Finanzen,Financial Services,Credit Services,United States,USD,573.2999877929688,521.34,-0.5117746403686341,33.85,0.0,81.6,Seitwärts,45.5,Zyklus-neutral,0.05611855165521096,0.07921132691588073,531.2212478637696,0.22546179480965756,0.14615349445165945,0.18484014964889117,2729177.15,1564637226.7798493,bull,0.08169902329762468,bull,0.1614564603326385,2026-10-07,True,True,False,OK,,,MA,MA,Credit Services
NRDS,NERDWALLET INC,NRDS,9.095000267028809,USD,-13.049710957362281,20.4,0.0,Seitwärts,0.0,0.0,41.2,18.1,Zyklus-Tief,20.23,3.554,0.0,65625000.0,640464896.0,795000000.0,10.25,12.4,9.22,21.62,3.698,78.36,"[24.8, 40.46, 0.0, 81.85, 50.24]",6.934785,53.2,MED,"{""coverage"": 1.0, ""confluence"": 0.2, ""risk_clean"": 0.6666666666666666, ""regime_align"": 0.4562680172966047, ""liquidity"": 0.0758928571428571, ""weights"": {""coverage"": 0.25, ""confluence"": 0.25, ""risk_clean"": 0.2, ""regime_align"": 0.2, ""liquidity"": 0.1}}",US64082B1026,NRDS,NRDS,Finanzen 🏦,12.38,0.4721815599891885,0.3270310032993736,0.524168249937619,755924.75,6875135.803103685,10.121650021076203,-0.10143106626978926,bull,0.08169902329762468,bull,0.1614564603326385,2026-10-07,-0.07187293251171833,Communication Services,Internet Content & Information,United States,USD,2.65237719478304,-13.049710957362281,18.1,stock,S21 Finanzsystem,pillar,83.0,manual thematic assignment after stack redesign,"payments, exchanges, capital markets, crypto",48.3,52.35,,bull,stock,,,,0.08169902329762468,NRDS,NERDWALLET INC,US64082B1026,NRDS,NRDS,Finanzen 🏦,Communication Services,Internet Content & Information,United States,USD,9.095000267028809,12.38,-13.049710957362281,20.4,0.0,53.2,Seitwärts,41.2,Zyklus-Tief,-0.07187293251171833,-0.10143106626978926,10.121650021076203,0.4721815599891885,0.3270310032993736,0.524168249937619,755924.75,6875135.803103685,bull,0.08169902329762468,bull,0.1614564603326385,2026-10-07,False,True,False,OK,,,NRDS,NRDS,Internet Content & Information
PGY,Pagaya Technologies Ltd.,PGY,18.280000686645508,USD,-39.59021629749344,14.14,0.0,Seitwärts,0.0,0.0,52.6,0.5,Zyklus-Tief,-36.31,141.786,0.0,196523376.0,1852567424.0,1245945984.0,10.61,36.1,-15.32,20.78,5.113,63.62,"[72.2, 0.0, 0.0, 99.55, 76.3]",4.0632296,50.8,MED,"{""coverage"": 1.0, ""confluence"": 0.4, ""risk_clean"": 0.0, ""regime_align"": 0.6869394618834082, ""liquidity"": 0.2098214285714286, ""weights"": {""coverage"": 0.25, ""confluence"": 0.25, ""risk_clean"": 0.2, ""regime_align"": 0.2, ""liquidity"": 0.1}}",IL0011858912,PGY,PGY,,,0.7473277573879571,0.48432097210121494,0.6490765022949834,2571463.25,47006349.97568369,16.87497495651245,0.08326090757194438,bull,0.08169902329762468,bull,0.1614564603326385,2026-10-07,-0.016154082988029117,Technology,Software - Infrastructure,United States,USD,1.2742463119484126,-39.59021629749344,0.5,stock,S21 Finanzsystem,pillar,83.0,manual thematic assignment after stack redesign,"payments, exchanges, capital markets, crypto",45.83,74.52,,bull,stock,,,,0.08169902329762468,PGY,Pagaya Technologies Ltd.,IL0011858912,PGY,PGY,,Technology,Software - Infrastructure,United States,USD,18.280000686645508,,-39.59021629749344,14.14,0.0,50.8,Seitwärts,52.6,Zyklus-Tief,-0.016154082988029117,0.08326090757194438,16.87497495651245,0.7473277573879571,0.48432097210121494,0.6490765022949834,2571463.25,47006349.97568369,bull,0.08169902329762468,bull,0.1614564603326385,2026-10-07,True,True,False,OK,,,PGY,PGY,Software - Infrastructure
PYPL,PAYPAL HDGS,PYPL,55.11000061035156,USD,-25.312179888241936,24.28,0.0,Seitwärts,0.0,0.0,30.9,29.5,Zyklus-neutral,25.73,60.703,135.0,3274249984.0,40072372224.0,33172000768.0,8.17,3.7,15.78,19.48,1.287,82.92,"[7.4, 51.46, 0.0, 70.46, 34.62]",7.116504,81.5,HIGH,"{""coverage"": 1.0, ""confluence"": 0.8, ""risk_clean"": 0.6666666666666666, ""regime_align"": 0.8477638532991671, ""liquidity"": 0.625, ""weights"": {""coverage"": 0.25, ""confluence"": 0.25, ""risk_clean"": 0.2, ""regime_align"": 0.2, ""liquidity"": 0.1}}",US70450Y1038,PYPL,PYPL,Finanzen,55.47,0.43731186499684377,0.3712571126025323,0.48548076249797456,11396797.4,628077511.6700531,49.934733409881595,0.10364062941899732,bull,0.08169902329762468,bull,0.1614564603326385,2026-10-07,0.16043137370861071,Financial Services,Credit Services,United States,USD,0.9155832162822231,-25.312179888241936,29.5,stock,S21 Finanzsystem,pillar,83.0,manual thematic assignment after stack redesign,"payments, exchanges, capital markets, crypto",53.8,50.91,,bull,stock,,,,0.08169902329762468,PYPL,PAYPAL HDGS,US70450Y1038,PYPL,PYPL,Finanzen,Financial Services,Credit Services,United States,USD,55.11000061035156,55.47,-25.312179888241936,24.28,0.0,81.5,Seitwärts,30.9,Zyklus-neutral,0.16043137370861071,0.10364062941899732,49.934733409881595,0.43731186499684377,0.3712571126025323,0.48548076249797456,11396797.4,628077511.6700531,bull,0.08169902329762468,bull,0.1614564603326385,2026-10-07,True,True,False,OK,,,PYPL,PYPL,Credit Services
SOL-EUR,SOLANA (KRYPTO),SOL-EUR,103.7699966430664,EUR,-45.155569035919484,25.41,,,,,,,,,,,,,,,,,,,,,,77.4,HIGH,"{""coverage"": 1.0, ""confluence"": 0.4, ""risk_clean"": 0.6666666666666666, ""regime_align"": 0.9642056374119155, ""liquidity"": 0.9776785714285714, ""weights"": {""coverage"": 0.25, ""confluence"": 0.25, ""risk_clean"": 0.2, ""regime_align"": 0.2, ""liquidity"": 0.1}}",,SOL-EUR,SOL-EUR,Krypto 🪙,,0.5492992572635321,0.3693128981124493,0.7260262444772796,3362906271.0,348968772452.61694,74.81187677383423,0.3870791793765078,bull,0.08169902329762468,bull,0.1614564603326385,2026-10-07,0.35129721676790715,Cryptocurrency,Digital Currency,Global,EUR,-3.324780789229853,-45.155569035919484,0.0,crypto,S21 Finanzsystem,pillar,83.0,manual thematic assignment after stack redesign,"payments, exchanges, capital markets, crypto",57.0,55.43,,bull,stock,,,,0.08169902329762468,SOL-EUR,SOLANA (KRYPTO),,SOL-EUR,SOL-EUR,Krypto 🪙,Cryptocurrency,Digital Currency,Global,EUR,103.7699966430664,,-45.155569035919484,25.41,,77.4,,,,0.35129721676790715,0.3870791793765078,74.81187677383423,0.5492992572635321,0.3693128981124493,0.7260262444772796,3362906271.0,348968772452.61694,bull,0.08169902329762468,bull,0.1614564603326385,2026-10-07,True,True,True,OK,SOL,EUR,CRYPTO:SOL,SOL,Krypto
V,Visa Inc.,V,373.94000244140625,USD,6.954940328504189,30.06,,,,,,,,,,,,,,,,,,,,,,79.1,HIGH,"{""coverage"": 1.0, ""confluence"": 0.4, ""risk_clean"": 1.0, ""regime_align"": 0.7875260249839846, ""liquidity"": 0.8303571428571429, ""weights"": {""coverage"": 0.25, ""confluence"": 0.25, ""risk_clean"": 0.2, ""regime_align"": 0.2, ""liquidity"": 0.1}}",US92826C8394,V,V,Finanzen,,0.22145835382474804,0.1327896121024996,0.17180513781287055,5937267.4,2220181786.051282,336.93554183959964,0.10982652764908618,bull,0.08169902329762468,bull,0.1614564603326385,2026-10-07,0.04126990288634236,Financial Services,Credit Services,United States,USD,0.8903484951830798,6.954940328504189,0.0,stock,S21 Finanzsystem,pillar,86.0,manual gap-filling addition for payments infrastructure coverage,"payments, exchanges, capital markets, crypto",53.85,23.53,,bull,stock,,,,0.08169902329762468,V,Visa Inc.,US92826C8394,V,V,Finanzen,Financial Services,Credit Services,United States,USD,373.94000244140625,,6.954940328504189,30.06,,79.1,,,,0.04126990288634236,0.10982652764908618,336.93554183959964,0.22145835382474804,0.1327896121024996,0.17180513781287055,5937267.4,2220181786.051282,bull,0.08169902329762468,bull,0.1614564603326385,2026-10-07,True,True,False,OK,,,V,V,Credit Services
XRP-EUR,XRP (KRYPTO),XRP-EUR,1.2710000276565552,EUR,-48.140672217046955,14.41,0.0,Seitwärts,0.0,0.0,40.7,29.1,Zyklus-neutral,0.0,100.0,0.0,0.0,1.0,1.0,0.0,0.0,0.0,0.0,1.0,0.0,"[0.0, 0.0, 0.0, 70.92, 25.0]",0.0,67.4,MED,"{""coverage"": 1.0, ""confluence"": 0.4, ""risk_clean"": 0.3333333333333333, ""regime_align"": 0.8455917680973735, ""liquidity"": 0.8839285714285714, ""weights"": {""coverage"": 0.25, ""confluence"": 0.25, ""risk_clean"": 0.2, ""regime_align"": 0.2, ""liquidity"": 0.1}}",,XRP-EUR,XRP-EUR,Krypto 🪙,1.6,0.5526482304967428,0.3573026304674079,0.6540147569214695,3538295182.3,4497173274.560356,1.1076294413208962,0.14749570591120476,bull,0.08169902329762468,bull,0.1614564603326385,2026-10-07,0.12058847448794574,Cryptocurrency,Digital Currency,Global,EUR,-4.480328643141163,-48.140672217046955,29.1,crypto,S21 Finanzsystem,pillar,83.0,manual thematic assignment after stack redesign,"payments, exchanges, capital markets, crypto",40.84,57.8,,bull,stock,,,,0.08169902329762468,XRP-EUR,XRP (KRYPTO),,XRP-EUR,XRP-EUR,Krypto 🪙,Cryptocurrency,Digital Currency,Global,EUR,1.2710000276565552,1.6,-48.140672217046955,14.41,0.0,67.4,Seitwärts,40.7,Zyklus-neutral,0.12058847448794574,0.14749570591120476,1.1076294413208962,0.5526482304967428,0.3573026304674079,0.6540147569214695,3538295182.3,4497173274.560356,bull,0.08169902329762468,bull,0.1614564603326385,2026-10-07,True,True,True,OK,XRP,EUR,CRYPTO:XRP,XRP,Krypto
XYZ,BLOCK INC. A,XYZ,76.23999786376953,USD,-3.518095289036949,21.64,0.0,Seitwärts,0.0,0.0,41.0,35.8,Zyklus-neutral,14.69,36.049,0.0,241061248.0,34101551104.0,23973765120.0,0.71,2.3,13.08,15.38,2.183,81.62,"[4.6, 29.38, 0.0, 64.15, 39.94]",17.737028,68.5,MED,"{""coverage"": 1.0, ""confluence"": 0.2, ""risk_clean"": 1.0, ""regime_align"": 0.669102338244715, ""liquidity"": 0.5089285714285714, ""weights"": {""coverage"": 0.25, ""confluence"": 0.25, ""risk_clean"": 0.2, ""regime_align"": 0.2, ""liquidity"": 0.1}}",US8522341036,XYZ,XYZ,Fintech,64.75,0.46789735411348676,0.3076071940413207,0.39477253380364496,3833322.65,292252510.6471394,70.31664972305298,0.08423820196277942,bull,0.08169902329762468,bull,0.1614564603326385,2026-10-07,-0.04598707460585827,Technology,Software - Infrastructure,United States,USD,-0.39195590301718264,-3.518095289036949,35.8,stock,S21 Finanzsystem,pillar,83.0,manual thematic assignment after stack redesign,"payments, exchanges, capital markets, crypto",48.14,45.93,,bull,stock,,,,0.08169902329762468,XYZ,BLOCK INC. A,US8522341036,XYZ,XYZ,Fintech,Technology,Software - Infrastructure,United States,USD,76.23999786376953,64.75,-3.518095289036949,21.64,0.0,68.5,Seitwärts,41.0,Zyklus-neutral,-0.04598707460585827,0.08423820196277942,70.31664972305298,0.46789735411348676,0.3076071940413207,0.39477253380364496,3833322.65,292252510.6471394,bull,0.08169902329762468,bull,0.1614564603326385,2026-10-07,True,True,False,OK,,,XYZ,XYZ,Software - Infrastructure
ACB.TO,Aurora Cannabis,ACB.TO,6.380000114440918,,-25.727590208262928,23.43,,,,,,,,,,,,,,,,,,,,,,61.5,MED,"{""coverage"": 1.0, ""confluence"": 0.4, ""risk_clean"": 0.3333333333333333, ""regime_align"": 0.9641555893657912, ""liquidity"": 0.0535714285714286, ""weights"": {""coverage"": 0.25, ""confluence"": 0.25, ""risk_clean"": 0.2, ""regime_align"": 0.2, ""liquidity"": 0.1}}",CA05156X8504,ACB.TO,ACB.TO,Pharma 🧪,,0.5936779207451862,0.3683726062185954,0.5767441926226864,368043.4,2348116.9341192245,4.9437500095367435,0.2905183518854262,bull,0.08169902329762468,bull,0.1614564603326385,2026-10-07,0.6290729831232931,Healthcare,Medical Devices,Canada,,-1.9969294910953783,-25.727590208262928,0.0,stock,Playground,playground,70.0,manual thematic assignment after stack redesign,"speculation, high volatility, optionality",57.05,65.0,,bull,stock,,,,0.08169902329762468,ACB.TO,Aurora Cannabis,CA05156X8504,ACB.TO,ACB.TO,Pharma 🧪,Healthcare,Medical Devices,Canada,,6.380000114440918,,-25.727590208262928,23.43,,61.5,,,,0.6290729831232931,0.2905183518854262,4.9437500095367435,0.5936779207451862,0.3683726062185954,0.5767441926226864,368043.4,2348116.9341192245,bull,0.08169902329762468,bull,0.1614564603326385,2026-10-07,True,False,False,OK,,,ACB.TO,ACB.TO,Medical Devices
DOGE-EUR,DOGECOIN (KRYPTO),DOGE-EUR,0.07906000316143036,EUR,-62.74883889109273,20.17,,,,,,,,,,,,,,,,,,,,,,53.8,MED,"{""coverage"": 1.0, ""confluence"": 0.2, ""risk_clean"": 0.3333333333333333, ""regime_align"": 0.6957078795643818, ""liquidity"": 0.3169642857142857, ""weights"": {""coverage"": 0.25, ""confluence"": 0.25, ""risk_clean"": 0.2, ""regime_align"": 0.2, ""liquidity"": 0.1}}",,DOGE-EUR,DOGE-EUR,Krypto 🪙,,0.5913918303397481,0.4008109130997823,0.7275949793838599,1180099524.2,93298672.11405447,0.0759132649190724,0.04145175741963625,bull,0.08169902329762468,bull,0.1614564603326385,2026-10-07,0.024246449166369866,Cryptocurrency,Digital Currency,Global,EUR,-5.099142236980847,-62.74883889109273,0.0,crypto,Playground,playground,70.0,manual thematic assignment after stack redesign,"speculation, high volatility, optionality",52.35,65.97,,bull,stock,,,,0.08169902329762468,DOGE-EUR,DOGECOIN (KRYPTO),,DOGE-EUR,DOGE-EUR,Krypto 🪙,Cryptocurrency,Digital Currency,Global,EUR,0.07906000316143036,,-62.74883889109273,20.17,,53.8,,,,0.024246449166369866,0.04145175741963625,0.0759132649190724,0.5913918303397481,0.4008109130997823,0.7275949793838599,1180099524.2,93298672.11405447,bull,0.08169902329762468,bull,0.1614564603326385,2026-10-07,True,True,True,OK,DOGE,EUR,CRYPTO:DOGE,DOGE,Krypto
QBTS,D-Wave Quantum Inc.,QBTS,15.21500015258789,,-57.40481625804269,12.6,,,,,,,,,,,,,,,,,,,,,,39.0,LOW,"{""coverage"": 1.0, ""confluence"": 0.0, ""risk_clean"": 0.3333333333333333, ""regime_align"": 0.14542961242793082, ""liquidity"": 0.4419642857142857, ""weights"": {""coverage"": 0.25, ""confluence"": 0.25, ""risk_clean"": 0.2, ""regime_align"": 0.2, ""liquidity"": 0.1}}",US26740W1099,QBTS,QBTS,,,1.0850292535330275,0.529696435240688,0.710138456988137,15252030.7,232059649.42777517,20.666374945640563,-0.2637799230581851,bull,0.08169902329762468,bull,0.1614564603326385,2026-10-07,-0.2749322377699941,Technology,Computer Hardware,United States,,-3.6415440826743195,-57.40481625804269,0.0,stock,Playground,playground,70.0,manual thematic assignment after stack redesign,"speculation, high volatility, optionality",42.65,72.04,,bull,stock,,,,0.08169902329762468,QBTS,D-Wave Quantum Inc.,US26740W1099,QBTS,QBTS,,Technology,Computer Hardware,United States,,15.21500015258789,,-57.40481625804269,12.6,,39.0,,,,-0.2749322377699941,-0.2637799230581851,20.666374945640563,1.0850292535330275,0.529696435240688,0.710138456988137,15252030.7,232059649.42777517,bull,0.08169902329762468,bull,0.1614564603326385,2026-10-07,False,True,False,OK,,,QBTS,QBTS,Computer Hardware
QS,QUANTUMSCAPE A,QS,4.489999771118164,USD,-70.71102548294927,4.54,0.0,Seitwärts,0.0,0.0,57.1,60.4,Zyklus-neutral,-38.65,6.004,0.0,-116634872.0,4444975104.0,1.0,-2.62,0.0,0.0,0.0,21.138,32.36,"[0.0, 0.0, 0.0, 39.58, 36.84]",-13.218594,35.0,LOW,"{""coverage"": 1.0, ""confluence"": 0.0, ""risk_clean"": 0.3333333333333333, ""regime_align"": 0.058165839205637414, ""liquidity"": 0.21875, ""weights"": {""coverage"": 0.25, ""confluence"": 0.25, ""risk_clean"": 0.2, ""regime_align"": 0.2, ""liquidity"": 0.1}}",US74767V1098,QS,QS,Experimente,10.12,0.7489273080258564,0.4760776162234167,0.756507611655141,11513124.85,51693927.94135485,7.231800019741058,-0.37913109338455786,bull,0.08169902329762468,bull,0.1614564603326385,2026-10-07,-0.3499034069915591,Consumer Cyclical,Auto Parts,United States,USD,-3.440867117587121,-70.71102548294927,60.4,stock,Playground,playground,70.0,manual thematic assignment after stack redesign,"speculation, high volatility, optionality",28.42,66.35,,bull,stock,,,,0.08169902329762468,QS,QUANTUMSCAPE A,US74767V1098,QS,QS,Experimente,Consumer Cyclical,Auto Parts,United States,USD,4.489999771118164,10.12,-70.71102548294927,4.54,0.0,35.0,Seitwärts,57.1,Zyklus-neutral,-0.3499034069915591,-0.37913109338455786,7.231800019741058,0.7489273080258564,0.4760776162234167,0.756507611655141,11513124.85,51693927.94135485,bull,0.08169902329762468,bull,0.1614564603326385,2026-10-07,False,True,False,OK,,,QS,QS,Auto Parts
RGTI,"Rigetti Computing, Inc.",RGTI,14.609999656677246,,-66.72739761455885,13.97,,,,,,,,,,,,,,,,,,,,,,41.3,LOW,"{""coverage"": 1.0, ""confluence"": 0.0, ""risk_clean"": 0.3333333333333333, ""regime_align"": 0.2661154708520179, ""liquidity"": 0.4330357142857143, ""weights"": {""coverage"": 0.25, ""confluence"": 0.25, ""risk_clean"": 0.2, ""regime_align"": 0.2, ""liquidity"": 0.1}}",US76655K1034,RGTI,RGTI,,,1.0056941709858567,0.5226470971639616,0.7710330212354866,15252414.55,222837771.33899903,18.205225033760073,-0.19748316048913328,bull,0.08169902329762468,bull,0.1614564603326385,2026-10-07,-0.14896109026900928,Technology,Computer Hardware,United States,,-3.6914991219532567,-66.72739761455885,0.0,stock,Playground,playground,70.0,manual thematic assignment after stack redesign,"speculation, high volatility, optionality",44.9,72.44,,bull,stock,,,,0.08169902329762468,RGTI,"Rigetti Computing, Inc.",US76655K1034,RGTI,RGTI,,Technology,Computer Hardware,United States,,14.609999656677246,,-66.72739761455885,13.97,,41.3,,,,-0.14896109026900928,-0.19748316048913328,18.205225033760073,1.0056941709858567,0.5226470971639616,0.7710330212354866,15252414.55,222837771.33899903,bull,0.08169902329762468,bull,0.1614564603326385,2026-10-07,False,True,False,OK,,,RGTI,RGTI,Computer Hardware
RIGD.IL,RELIANCE INDS,RIGD.IL,49.45000076293945,USD,-19.61534862530563,19.94,0.0,Seitwärts,0.0,0.0,58.2,100.0,Zyklus-Hoch,0.0,37.389,33.0,0.0,2996862451712.0,9252890476544.0,0.0,11.7,7.43,19.13,1.0,0.89,"[23.4, 0.0, 0.0, 0.0, 26.68]",16.744186,52.7,MED,"{""coverage"": 1.0, ""confluence"": 0.0, ""risk_clean"": 1.0, ""regime_align"": 0.3578735586162716, ""liquidity"": 0.0580357142857143, ""weights"": {""coverage"": 0.25, ""confluence"": 0.25, ""risk_clean"": 0.2, ""regime_align"": 0.2, ""liquidity"": 0.1}}",US7594701077,RIGD.IL,RIGD.IL,Experimente,60.3,0.23422702072556284,0.15339230982869378,0.3088034981336335,70661.85,3494228.5364107136,57.642217864990236,-0.14212182330039103,bull,0.08169902329762468,bull,0.1614564603326385,2026-10-07,-0.12436179973730965,Energy,Oil & Gas Refining & Marketing,India,USD,-1.884922091622665,-19.61534862530563,100.0,stock,Playground,playground,70.0,manual thematic assignment after stack redesign,"speculation, high volatility, optionality",42.55,36.77,,bull,stock,,,,0.08169902329762468,RIGD.IL,RELIANCE INDS,US7594701077,RIGD.IL,RIGD.IL,Experimente,Energy,Oil & Gas Refining & Marketing,India,USD,49.45000076293945,60.3,-19.61534862530563,19.94,0.0,52.7,Seitwärts,58.2,Zyklus-Hoch,-0.12436179973730965,-0.14212182330039103,57.642217864990236,0.23422702072556284,0.15339230982869378,0.3088034981336335,70661.85,3494228.5364107136,bull,0.08169902329762468,bull,0.1614564603326385,2026-10-07,False,False,False,OK,,,RIGD.IL,RIGD.IL,Oil & Gas Refining & Marketing
SMX,SMX (Security Matters) Public,SMX,4.059899806976318,USD,-97.64744230468777,0.0,0.0,Seitwärts,0.0,0.0,35.1,53.8,Zyklus-neutral,-210.65,50.074,0.0,-14249375.0,22898526.0,1.0,-62.23,0.0,0.0,0.0,0.079,0.07,"[0.0, 0.0, 0.0, 46.18, 25.0]",0.0,32.1,LOW,"{""coverage"": 1.0, ""confluence"": 0.0, ""risk_clean"": 0.3333333333333333, ""regime_align"": 0.002242152466367713, ""liquidity"": 0.0357142857142857, ""weights"": {""coverage"": 0.25, ""confluence"": 0.25, ""risk_clean"": 0.2, ""regime_align"": 0.2, ""liquidity"": 0.1}}",IE000B5COQZ5,SMX,SMX,Tech 💻,,13.52433951452922,1.7307978554270844,0.9993179106435013,217298.35,882209.5292212724,99.1715838778019,-0.9590618638099107,bull,0.08169902329762468,bull,0.1614564603326385,2026-10-07,-0.7728556764467494,Industrials,Specialty Business Services,Ireland,USD,7.1213680168833005,-97.64744230468777,53.8,stock,Playground,playground,70.0,manual thematic assignment after stack redesign,"speculation, high volatility, optionality",23.07,80.95,,bull,stock,,,,0.08169902329762468,SMX,SMX (Security Matters) Public,IE000B5COQZ5,SMX,SMX,Tech 💻,Industrials,Specialty Business Services,Ireland,USD,4.059899806976318,,-97.64744230468777,0.0,0.0,32.1,Seitwärts,35.1,Zyklus-neutral,-0.7728556764467494,-0.9590618638099107,99.1715838778019,13.52433951452922,1.7307978554270844,0.9993179106435013,217298.35,882209.5292212724,bull,0.08169902329762468,bull,0.1614564603326385,2026-10-07,False,False,False,AVOID,,,SMX,SMX,Specialty Business Services
6506.T,YASKAWA ELECTRIC CORPORATION,6506.T,4946.0,JPY,38.058621508364276,18.36,,,,,,,,,,,,,,,,,,,,,,53.2,MED,"{""coverage"": 1.0, ""confluence"": 0.0, ""risk_clean"": 0.6666666666666666, ""regime_align"": 0.2733724375400384, ""liquidity"": 0.9419642857142857, ""weights"": {""coverage"": 0.25, ""confluence"": 0.25, ""risk_clean"": 0.2, ""regime_align"": 0.2, ""liquidity"": 0.1}}",JP3932000007,6506.T,6506.T,Hardware 💻,,0.5913192571350566,0.39472223544059215,0.43462997798848957,3364885.0,16642721210.0,5328.916849365234,-0.071856412886391,bull,0.08169902329762468,bull,0.1614564603326385,2026-10-07,-0.3286033955280675,Industrials,Electrical Equipment & Parts,Japan,JPY,0.20259319286872746,38.058621508364276,0.0,stock,S1 Hardware,pillar,85.0,manual thematic assignment after stack redesign,"robotics, automation, devices",44.42,50.03,,bull,stock,,,,0.08169902329762468,6506.T,YASKAWA ELECTRIC CORPORATION,JP3932000007,6506.T,6506.T,Hardware 💻,Industrials,Electrical Equipment & Parts,Japan,JPY,4946.0,,38.058621508364276,18.36,,53.2,,,,-0.3286033955280675,-0.071856412886391,5328.916849365234,0.5913192571350566,0.39472223544059215,0.43462997798848957,3364885.0,16642721210.0,bull,0.08169902329762468,bull,0.1614564603326385,2026-10-07,False,True,False,OK,,,6506.T,6506.T,Electrical Equipment & Parts
DIS,THE WALT DISNEY COMPANY,DIS,104.82499694824219,USD,-5.498196059496507,28.11,,,,,,,,,,,,,,,,,,,,,,70.6,MED,"{""coverage"": 1.0, ""confluence"": 0.2, ""risk_clean"": 1.0, ""regime_align"": 0.6977598494554773, ""liquidity"": 0.6651785714285714, ""weights"": {""coverage"": 0.25, ""confluence"": 0.25, ""risk_clean"": 0.2, ""regime_align"": 0.2, ""liquidity"": 0.1}}",US2546871060,DIS,DIS,Medien & Digitales 📱,,0.2689877929746755,0.18702027965878715,0.20245083866478664,8502132.8,891236044.8135499,103.22873165130615,0.015463381864731396,bull,0.08169902329762468,bull,0.1614564603326385,2026-10-07,0.06399220725718568,Communication Services,Entertainment,United States,USD,0.7642008827010827,-5.498196059496507,0.0,stock,S19 Medien & Unterhaltung,pillar,75.0,manual thematic assignment after stack redesign,"media, entertainment, streaming",52.59,28.94,,bull,stock,,,,0.08169902329762468,DIS,THE WALT DISNEY COMPANY,US2546871060,DIS,DIS,Medien & Digitales 📱,Communication Services,Entertainment,United States,USD,104.82499694824219,,-5.498196059496507,28.11,,70.6,,,,0.06399220725718568,0.015463381864731396,103.22873165130615,0.2689877929746755,0.18702027965878715,0.20245083866478664,8502132.8,891236044.8135499,bull,0.08169902329762468,bull,0.1614564603326385,2026-10-07,True,True,False,OK,,,DIS,DIS,Entertainment
TEAM,ATLASSIAN CORP.,TEAM,196.72000122070312,USD,31.041838275533173,23.95,,,,,,,,,,,,,,,,,,,,,,67.6,MED,"{""coverage"": 1.0, ""confluence"": 0.4, ""risk_clean"": 0.3333333333333333, ""regime_align"": 0.9910514093529789, ""liquidity"": 0.6071428571428571, ""weights"": {""coverage"": 0.25, ""confluence"": 0.25, ""risk_clean"": 0.2, ""regime_align"": 0.2, ""liquidity"": 0.1}}",US0494681010,TEAM,TEAM,Tech 💻,,0.784802311369538,0.3656907230008444,0.6754316166993615,2907841.1,572030504.7416108,112.86122497558594,0.7430255720089647,bull,0.08169902329762468,bull,0.1614564603326385,2026-10-07,1.1815452890782765,Technology,Software - Application,Australia,USD,1.412519617235497,31.041838275533173,0.0,stock,S2 Gehirn,pillar,85.0,manual thematic assignment after stack redesign,"ai, semis, software",57.47,63.83,,bull,stock,,,,0.08169902329762468,TEAM,ATLASSIAN CORP.,US0494681010,TEAM,TEAM,Tech 💻,Technology,Software - Application,Australia,USD,196.72000122070312,,31.041838275533173,23.95,,67.6,,,,1.1815452890782765,0.7430255720089647,112.86122497558594,0.784802311369538,0.3656907230008444,0.6754316166993615,2907841.1,572030504.7416108,bull,0.08169902329762468,bull,0.1614564603326385,2026-10-07,True,True,False,OK,,,TEAM,TEAM,Software - Application
UBER,UBER TECH. DL,UBER,68.625,USD,-29.831290533107435,23.37,,,,,,,,,,,,,,,,,,,,,,60.9,MED,"{""coverage"": 1.0, ""confluence"": 0.0, ""risk_clean"": 1.0, ""regime_align"": 0.4340466848174247, ""liquidity"": 0.7232142857142857, ""weights"": {""coverage"": 0.25, ""confluence"": 0.25, ""risk_clean"": 0.2, ""regime_align"": 0.2, ""liquidity"": 0.1}}",US90353T1007,UBER,UBER,Tech 💻,,0.35100727454973685,0.21522628694808862,0.33874847940017594,17990270.65,1234582323.3562498,74.57052505493164,-0.07973022920989126,bull,0.08169902329762468,bull,0.1614564603326385,2026-10-07,-0.1116275794150241,Technology,Software - Application,United States,USD,-0.6586592631648513,-29.831290533107435,0.0,stock,S15 Mobilität,pillar,85.0,manual thematic assignment after stack redesign,"mobility, autos, autonomy",47.67,36.3,,bull,stock,,,,0.08169902329762468,UBER,UBER TECH. DL,US90353T1007,UBER,UBER,Tech 💻,Technology,Software - Application,United States,USD,68.625,,-29.831290533107435,23.37,,60.9,,,,-0.1116275794150241,-0.07973022920989126,74.57052505493164,0.35100727454973685,0.21522628694808862,0.33874847940017594,17990270.65,1234582323.3562498,bull,0.08169902329762468,bull,0.1614564603326385,2026-10-07,False,True,False,OK,,,UBER,UBER,Software - Application
NOW,SERVICENOW INC.,NOW,139.27000427246094,USD,-22.99057842711665,24.63,,,,,,,,,,,,,,,,,,,,,,67.7,MED,"{""coverage"": 1.0, ""confluence"": 0.4, ""risk_clean"": 0.3333333333333333, ""regime_align"": 0.9104840647021141, ""liquidity"": 0.7857142857142857, ""weights"": {""coverage"": 0.25, ""confluence"": 0.25, ""risk_clean"": 0.2, ""regime_align"": 0.2, ""liquidity"": 0.1}}",US81762P1021,NOW,NOW,Tech 💻,,0.5763653461192709,0.40029580678004656,0.5614452127400548,11067361.3,1541351455.535869,115.49960006713867,0.20580507803927284,bull,0.08169902329762468,bull,0.1614564603326385,2026-10-07,0.26073485553242715,Technology,Software - Application,United States,USD,0.9422360225091797,-22.99057842711665,0.0,stock,S2 Gehirn,pillar,85.0,manual thematic assignment after stack redesign,"ai, semis, software",56.09,56.35,,bull,stock,,,,0.08169902329762468,NOW,SERVICENOW INC.,US81762P1021,NOW,NOW,Tech 💻,Technology,Software - Application,United States,USD,139.27000427246094,,-22.99057842711665,24.63,,67.7,,,,0.26073485553242715,0.20580507803927284,115.49960006713867,0.5763653461192709,0.40029580678004656,0.5614452127400548,11067361.3,1541351455.535869,bull,0.08169902329762468,bull,0.1614564603326385,2026-10-07,True,True,False,OK,,,NOW,NOW,Software - Application
ILMN,ILLUMINA INC.,ILMN,270.4700012207031,USD,179.7579647982515,29.01,,,,,,,,,,,,,,,,,,,,,,81.7,HIGH,"{""coverage"": 1.0, ""confluence"": 0.4, ""risk_clean"": 1.0, ""regime_align"": 0.9798806854580397, ""liquidity"": 0.7142857142857143, ""weights"": {""coverage"": 0.25, ""confluence"": 0.25, ""risk_clean"": 0.2, ""regime_align"": 0.2, ""liquidity"": 0.1}}",US4523271090,ILMN,ILMN,Pharma & Gesundheit,,0.49520763261537376,0.24066416226825965,0.2566417362133443,4419007.45,1195208950.3957963,164.933699760437,0.6398710609993927,bull,0.08169902329762468,bull,0.1614564603326385,2026-10-07,0.38975527113860675,Healthcare,Diagnostics & Research,United States,USD,-1.1223247891778088,179.7579647982515,0.0,stock,S13 Gesundheit,pillar,85.0,manual thematic assignment after stack redesign,"healthcare, pharma, medtech",57.26,39.1,,bull,stock,,,,0.08169902329762468,ILMN,ILLUMINA INC.,US4523271090,ILMN,ILMN,Pharma & Gesundheit,Healthcare,Diagnostics & Research,United States,USD,270.4700012207031,,179.7579647982515,29.01,,81.7,,,,0.38975527113860675,0.6398710609993927,164.933699760437,0.49520763261537376,0.24066416226825965,0.2566417362133443,4419007.45,1195208950.3957963,bull,0.08169902329762468,bull,0.1614564603326385,2026-10-07,True,True,False,OK,,,ILMN,ILMN,Diagnostics & Research
HIMS,"HIMS & HERS HEALTH, INC.",HIMS,29.864999771118164,USD,-48.48197491420386,16.67,,,,,,,,,,,,,,,,,,,,,,51.9,MED,"{""coverage"": 1.0, ""confluence"": 0.2, ""risk_clean"": 0.3333333333333333, ""regime_align"": 0.5150944907110826, ""liquidity"": 0.4955357142857143, ""weights"": {""coverage"": 0.25, ""confluence"": 0.25, ""risk_clean"": 0.2, ""regime_align"": 0.2, ""liquidity"": 0.1}}",US4330001060,HIMS,HIMS,Pharma & Gesundheit,,0.9100003168249444,0.5192564152512614,0.7686424339373858,9388722.55,280394196.80684197,27.453524980545044,0.0878384394092202,bull,0.08169902329762468,bull,0.1614564603326385,2026-10-07,-0.16360058696358748,Healthcare,Drug Manufacturers - Specialty & Generic,United States,USD,1.3403476992436714,-48.48197491420386,0.0,stock,S13 Gesundheit,pillar,85.0,manual thematic assignment after stack redesign,"healthcare, pharma, medtech",48.52,70.81,,bull,stock,,,,0.08169902329762468,HIMS,"HIMS & HERS HEALTH, INC.",US4330001060,HIMS,HIMS,Pharma & Gesundheit,Healthcare,Drug Manufacturers - Specialty & Generic,United States,USD,29.864999771118164,,-48.48197491420386,16.67,,51.9,,,,-0.16360058696358748,0.0878384394092202,27.453524980545044,0.9100003168249444,0.5192564152512614,0.7686424339373858,9388722.55,280394196.80684197,bull,0.08169902329762468,bull,0.1614564603326385,2026-10-07,True,True,False,OK,,,HIMS,HIMS,Drug Manufacturers - Specialty & Generic
SHOP,SHOPIFY INC.,SHOP,166.6649932861328,USD,3.338910309768184,25.68,,,,,,,,,,,,,,,,,,,,,,75.2,HIGH,"{""coverage"": 1.0, ""confluence"": 0.4, ""risk_clean"": 0.6666666666666666, ""regime_align"": 0.9418241511851377, ""liquidity"": 0.7991071428571429, ""weights"": {""coverage"": 0.25, ""confluence"": 0.25, ""risk_clean"": 0.2, ""regime_align"": 0.2, ""liquidity"": 0.1}}",CA82509L1076,SHOP,SHOP,E-Commerce,,0.5890754959773763,0.4003245958410578,0.4670688539558845,9825531.45,1637572133.1469367,129.5465249633789,0.286526159873812,bull,0.08169902329762468,bull,0.1614564603326385,2026-10-07,0.32781223662808734,Technology,Software - Application,Canada,USD,1.3530715225569034,3.338910309768184,0.0,stock,S2 Gehirn,pillar,85.0,manual thematic assignment after stack redesign,"ai, semis, software",56.62,52.94,,bull,stock,,,,0.08169902329762468,SHOP,SHOPIFY INC.,CA82509L1076,SHOP,SHOP,E-Commerce,Technology,Software - Application,Canada,USD,166.6649932861328,,3.338910309768184,25.68,,75.2,,,,0.32781223662808734,0.286526159873812,129.5465249633789,0.5890754959773763,0.4003245958410578,0.4670688539558845,9825531.45,1637572133.1469367,bull,0.08169902329762468,bull,0.1614564603326385,2026-10-07,True,True,False,OK,,,SHOP,SHOP,Software - Application
MP,MP MATERIALS CORP.,MP,46.15999984741211,USD,-37.42713576258424,15.83,,,,,,,,,,,,,,,,,,,,,,41.9,LOW,"{""coverage"": 1.0, ""confluence"": 0.0, ""risk_clean"": 0.3333333333333333, ""regime_align"": 0.28628483344010247, ""liquidity"": 0.4553571428571428, ""weights"": {""coverage"": 0.25, ""confluence"": 0.25, ""risk_clean"": 0.2, ""regime_align"": 0.2, ""liquidity"": 0.1}}",US5533681012,MP,MP,Mining ⛏️,,0.7507309615134071,0.39674112007990453,0.6137861339604105,5159431.85,238159373.40873316,56.637399997711185,-0.1849908391049463,bull,0.08169902329762468,bull,0.1614564603326385,2026-10-07,-0.14815237246271806,Basic Materials,Other Industrial Metals & Mining,United States,USD,-4.883575090662928,-37.42713576258424,0.0,stock,S4 Fundament,pillar,85.0,manual thematic assignment after stack redesign,"materials, mining, metals",45.21,64.58,,bull,stock,,,,0.08169902329762468,MP,MP MATERIALS CORP.,US5533681012,MP,MP,Mining ⛏️,Basic Materials,Other Industrial Metals & Mining,United States,USD,46.15999984741211,,-37.42713576258424,15.83,,41.9,,,,-0.14815237246271806,-0.1849908391049463,56.637399997711185,0.7507309615134071,0.39674112007990453,0.6137861339604105,5159431.85,238159373.40873316,bull,0.08169902329762468,bull,0.1614564603326385,2026-10-07,False,True,False,OK,,,MP,MP,Other Industrial Metals & Mining
USAR,"USA RARE EARTH, INC.",USAR,13.220000267028809,USD,-53.236646434513034,11.77,,,,,,,,,,,,,,,,,,,,,,37.5,LOW,"{""coverage"": 1.0, ""confluence"": 0.0, ""risk_clean"": 0.3333333333333333, ""regime_align"": 0.09845451633568225, ""liquidity"": 0.3839285714285714, ""weights"": {""coverage"": 0.25, ""confluence"": 0.25, ""risk_clean"": 0.2, ""regime_align"": 0.2, ""liquidity"": 0.1}}",US91733P1075,USAR,USAR,Mining ⛏️,,1.089073584011624,0.5721590170486597,0.6923474786803988,12885022.9,170340006.1786723,19.292725024223326,-0.314767600200065,bull,0.08169902329762468,bull,0.1614564603326385,2026-10-07,-0.3169062032499619,Basic Materials,Other Industrial Metals & Mining,United States,USD,-3.784567050593468,-53.236646434513034,0.0,stock,S4 Fundament,pillar,85.0,manual thematic assignment after stack redesign,"materials, mining, metals",41.83,73.43,,bull,stock,,,,0.08169902329762468,USAR,"USA RARE EARTH, INC.",US91733P1075,USAR,USAR,Mining ⛏️,Basic Materials,Other Industrial Metals & Mining,United States,USD,13.220000267028809,,-53.236646434513034,11.77,,37.5,,,,-0.3169062032499619,-0.314767600200065,19.292725024223326,1.089073584011624,0.5721590170486597,0.6923474786803988,12885022.9,170340006.1786723,bull,0.08169902329762468,bull,0.1614564603326385,2026-10-07,False,True,False,OK,,,USAR,USAR,Other Industrial Metals & Mining
ROL,"ROLLINS, INC.",ROL,31.264999389648438,USD,-45.29289735584816,17.58,,,,,,,,,,,,,,,,,,,,,,44.7,LOW,"{""coverage"": 1.0, ""confluence"": 0.0, ""risk_clean"": 0.6666666666666666, ""regime_align"": 0.07829516335682254, ""liquidity"": 0.4821428571428572, ""weights"": {""coverage"": 0.25, ""confluence"": 0.25, ""risk_clean"": 0.2, ""regime_align"": 0.2, ""liquidity"": 0.1}}",US7757111049,ROL,ROL,Konsum & Lifestyle,,0.28067803467200864,0.24342544239926733,0.5422674987776048,8114543.8,253701206.95427552,48.859013643264774,-0.36009761437420407,bull,0.08169902329762468,bull,0.1614564603326385,2026-10-07,-0.3257902778696109,Consumer Cyclical,Personal Services,United States,USD,3.0148237122835875,-45.29289735584816,0.0,stock,S11 Konsum,pillar,85.0,manual thematic assignment after stack redesign,"consumer staples, food, household",41.5,44.72,,bull,stock,,,,0.08169902329762468,ROL,"ROLLINS, INC.",US7757111049,ROL,ROL,Konsum & Lifestyle,Consumer Cyclical,Personal Services,United States,USD,31.264999389648438,,-45.29289735584816,17.58,,44.7,,,,-0.3257902778696109,-0.36009761437420407,48.859013643264774,0.28067803467200864,0.24342544239926733,0.5422674987776048,8114543.8,253701206.95427552,bull,0.08169902329762468,bull,0.1614564603326385,2026-10-07,False,True,False,OK,,,ROL,ROL,Personal Services
WM,"WASTE MANAGEMENT, INC.",WM,210.77000427246094,USD,-1.503163473814273,25.56,,,,,,,,,,,,,,,,,,,,,,59.8,MED,"{""coverage"": 1.0, ""confluence"": 0.0, ""risk_clean"": 1.0, ""regime_align"": 0.44532751441383733, ""liquidity"": 0.5848214285714286, ""weights"": {""coverage"": 0.25, ""confluence"": 0.25, ""risk_clean"": 0.2, ""regime_align"": 0.2, ""liquidity"": 0.1}}",US94106L1098,WM,WM,Recycling,,0.20375463981524178,0.13756550139372917,0.17049634865172691,2205132.2,464775723.2153412,222.97373344421388,-0.05473168961763031,bull,0.08169902329762468,bull,0.1614564603326385,2026-10-07,-0.12496906333942648,Industrials,Waste Management,United States,USD,1.3902248036205433,-1.503163473814273,0.0,stock,S5 Recycling,pillar,85.0,manual thematic assignment after stack redesign,"recycling, urban mining",47.76,26.15,,bull,stock,,,,0.08169902329762468,WM,"WASTE MANAGEMENT, INC.",US94106L1098,WM,WM,Recycling,Industrials,Waste Management,United States,USD,210.77000427246094,,-1.503163473814273,25.56,,59.8,,,,-0.12496906333942648,-0.05473168961763031,222.97373344421388,0.20375463981524178,0.13756550139372917,0.17049634865172691,2205132.2,464775723.2153412,bull,0.08169902329762468,bull,0.1614564603326385,2026-10-07,False,True,False,OK,,,WM,WM,Waste Management
LIN,LINDE PLC,LIN,485.6400146484375,USD,4.646988707810462,26.51,,,,,,,,,,,,,,,,,,,,,,61.9,MED,"{""coverage"": 1.0, ""confluence"": 0.0, ""risk_clean"": 1.0, ""regime_align"": 0.49907911595131327, ""liquidity"": 0.6964285714285714, ""weights"": {""coverage"": 0.25, ""confluence"": 0.25, ""risk_clean"": 0.2, ""regime_align"": 0.2, ""liquidity"": 0.1}}",IE000S9YS762,LIN,LIN,Fundament,,0.19190073743060865,0.12838207257544557,0.1691347959339753,2122526.5,1030783800.5516968,484.51236190795896,0.0023273972536799192,bull,0.08169902329762468,bull,0.1614564603326385,2026-10-07,-0.11259032309962891,Basic Materials,Specialty Chemicals,Ireland,USD,-0.879681079949135,4.646988707810462,0.0,stock,S4 Fundament,pillar,85.0,manual thematic assignment after stack redesign,"materials, mining, metals",48.64,24.31,,bull,stock,,,,0.08169902329762468,LIN,LINDE PLC,IE000S9YS762,LIN,LIN,Fundament,Basic Materials,Specialty Chemicals,Ireland,USD,485.6400146484375,,4.646988707810462,26.51,,61.9,,,,-0.11259032309962891,0.0023273972536799192,484.51236190795896,0.19190073743060865,0.12838207257544557,0.1691347959339753,2122526.5,1030783800.5516968,bull,0.08169902329762468,bull,0.1614564603326385,2026-10-07,True,True,False,OK,,,LIN,LIN,Specialty Chemicals
WDAY,"WORKDAY, INC.",WDAY,186.32000732421875,USD,-20.09263250531099,25.18,,,,,,,,,,,,,,,,,,,,,,72.1,MED,"{""coverage"": 1.0, ""confluence"": 0.4, ""risk_clean"": 0.6666666666666666, ""regime_align"": 0.9059697309417041, ""liquidity"": 0.5625, ""weights"": {""coverage"": 0.25, ""confluence"": 0.25, ""risk_clean"": 0.2, ""regime_align"": 0.2, ""liquidity"": 0.1}}",US98138H1014,WDAY,WDAY,Tech 💻,,0.538987543608602,0.3115746374790451,0.542068625235082,2311684.3,430713035.7072815,156.80389965057373,0.18823580114665228,bull,0.08169902329762468,bull,0.1614564603326385,2026-10-07,0.3086398792148699,Technology,Software - Application,United States,USD,-0.12328905053690109,-20.09263250531099,0.0,stock,S2 Gehirn,pillar,85.0,manual thematic assignment after stack redesign,"ai, semis, software",56.06,53.6,,bull,stock,,,,0.08169902329762468,WDAY,"WORKDAY, INC.",US98138H1014,WDAY,WDAY,Tech 💻,Technology,Software - Application,United States,USD,186.32000732421875,,-20.09263250531099,25.18,,72.1,,,,0.3086398792148699,0.18823580114665228,156.80389965057373,0.538987543608602,0.3115746374790451,0.542068625235082,2311684.3,430713035.7072815,bull,0.08169902329762468,bull,0.1614564603326385,2026-10-07,True,True,False,OK,,,WDAY,WDAY,Software - Application
NPN.JO,NASPERS LIMITED CLASS N,NPN.JO,70891.0,ZAc,-44.296488444406336,20.53,,,,,,,,,,,,,,,,,,,,,,58.6,MED,"{""coverage"": 1.0, ""confluence"": 0.0, ""risk_clean"": 1.0, ""regime_align"": 0.19467688981422165, ""liquidity"": 0.96875, ""weights"": {""coverage"": 0.25, ""confluence"": 0.25, ""risk_clean"": 0.2, ""regime_align"": 0.2, ""liquidity"": 0.1}}",ZAE000351946,NPN.JO,NPN.JO,E-Commerce,,0.36433828582973593,0.20995191317417566,0.45772930212097374,2220694.7,157427267977.7,88379.07,-0.1978756961348429,bull,0.08169902329762468,bull,0.1614564603326385,2026-10-07,-0.2519939187251651,Consumer Cyclical,Internet Retail,South Africa,ZAc,0.14691963213584458,-44.296488444406336,0.0,stock,S2 Gehirn,pillar,85.0,manual thematic assignment after stack redesign,"ai, semis, software",43.48,36.84,,bull,stock,,,,0.08169902329762468,NPN.JO,NASPERS LIMITED CLASS N,ZAE000351946,NPN.JO,NPN.JO,E-Commerce,Consumer Cyclical,Internet Retail,South Africa,ZAc,70891.0,,-44.296488444406336,20.53,,58.6,,,,-0.2519939187251651,-0.1978756961348429,88379.07,0.36433828582973593,0.20995191317417566,0.45772930212097374,2220694.7,157427267977.7,bull,0.08169902329762468,bull,0.1614564603326385,2026-10-07,False,True,False,OK,,,NPN.JO,NPN.JO,Internet Retail
NBIS,NEBIUS GROUP N.V.,NBIS,235.30499267578125,USD,99.91928528193175,22.79,,,,,,,,,,,,,,,,,,,,,,74.3,MED,"{""coverage"": 1.0, ""confluence"": 0.4, ""risk_clean"": 0.6666666666666666, ""regime_align"": 0.861527065983344, ""liquidity"": 0.875, ""weights"": {""coverage"": 0.25, ""confluence"": 0.25, ""risk_clean"": 0.2, ""regime_align"": 0.2, ""liquidity"": 0.1}}",NL0009805522,NBIS,NBIS,Tech 💻,,1.0905251626488117,0.5581039788742004,0.4829955702728198,15376851.75,3618249988.410324,170.1558253479004,0.38287944121029627,bull,0.08169902329762468,bull,0.1614564603326385,2026-10-07,0.03899827457901517,Communication Services,Internet Content & Information,Netherlands,USD,-5.829032187148098,99.91928528193175,0.0,stock,S2 Gehirn,pillar,85.0,manual thematic assignment after stack redesign,"ai, semis, software",54.95,61.56,,bull,stock,,,,0.08169902329762468,NBIS,NEBIUS GROUP N.V.,NL0009805522,NBIS,NBIS,Tech 💻,Communication Services,Internet Content & Information,Netherlands,USD,235.30499267578125,,99.91928528193175,22.79,,74.3,,,,0.03899827457901517,0.38287944121029627,170.1558253479004,1.0905251626488117,0.5581039788742004,0.4829955702728198,15376851.75,3618249988.410324,bull,0.08169902329762468,bull,0.1614564603326385,2026-10-07,True,True,False,OK,,,NBIS,NBIS,Internet Content & Information
ENSG,"THE ENSIGN GROUP, INC.",ENSG,169.3300018310547,USD,-3.920841698722022,24.54,,,,,,,,,,,,,,,,,,,,,,58.4,MED,"{""coverage"": 1.0, ""confluence"": 0.0, ""risk_clean"": 1.0, ""regime_align"": 0.541249599615631, ""liquidity"": 0.2589285714285714, ""weights"": {""coverage"": 0.25, ""confluence"": 0.25, ""risk_clean"": 0.2, ""regime_align"": 0.2, ""liquidity"": 0.1}}",US29358P1012,ENSG,ENSG,Pharma & Gesundheit,,0.27886761763023904,0.16583293807072885,0.3180849832019299,368425.55,62385499.05610733,181.5697151184082,-0.06741054409526137,bull,0.08169902329762468,bull,0.1614564603326385,2026-10-07,-0.027512697858992352,Healthcare,Medical Care Facilities,United States,USD,-1.5866533571287422,-3.920841698722022,0.0,stock,S13 Gesundheit,pillar,85.0,manual thematic assignment after stack redesign,"healthcare, pharma, medtech",49.75,37.14,,bull,stock,,,,0.08169902329762468,ENSG,"THE ENSIGN GROUP, INC.",US29358P1012,ENSG,ENSG,Pharma & Gesundheit,Healthcare,Medical Care Facilities,United States,USD,169.3300018310547,,-3.920841698722022,24.54,,58.4,,,,-0.027512697858992352,-0.06741054409526137,181.5697151184082,0.27886761763023904,0.16583293807072885,0.3180849832019299,368425.55,62385499.05610733,bull,0.08169902329762468,bull,0.1614564603326385,2026-10-07,False,True,False,OK,,,ENSG,ENSG,Medical Care Facilities
WYFI,"WHITEFIBER, INC.",WYFI,16.69499969482422,USD,-50.35682674820718,10.89,,,,,,,,,,,,,,,,,,,,,,35.2,LOW,"{""coverage"": 1.0, ""confluence"": 0.0, ""risk_clean"": 0.3333333333333333, ""regime_align"": 0.10310898462524024, ""liquidity"": 0.1473214285714286, ""weights"": {""coverage"": 0.25, ""confluence"": 0.25, ""risk_clean"": 0.2, ""regime_align"": 0.2, ""liquidity"": 0.1}}",KYG961151035,WYFI,WYFI,Tech 💻,,1.2308190464594146,0.7018503756644406,0.7245080644335788,1209768.35,20197082.234058,21.576250004768372,-0.2262325616761668,bull,0.08169902329762468,bull,0.1614564603326385,2026-10-07,-0.5986378450780281,Technology,Information Technology Services,United States,USD,-3.664167522662287,-50.35682674820718,0.0,stock,S2 Gehirn,pillar,85.0,manual thematic assignment after stack redesign,"ai, semis, software",41.71,77.25,,bull,stock,,,,0.08169902329762468,WYFI,"WHITEFIBER, INC.",KYG961151035,WYFI,WYFI,Tech 💻,Technology,Information Technology Services,United States,USD,16.69499969482422,,-50.35682674820718,10.89,,35.2,,,,-0.5986378450780281,-0.2262325616761668,21.576250004768372,1.2308190464594146,0.7018503756644406,0.7245080644335788,1209768.35,20197082.234058,bull,0.08169902329762468,bull,0.1614564603326385,2026-10-07,False,True,False,OK,,,WYFI,WYFI,Information Technology Services
APP,APPLOVIN CORPORATION,APP,279.7900085449219,USD,-55.718917566553294,13.23,,,,,,,,,,,,,,,,,,,,,,40.4,LOW,"{""coverage"": 1.0, ""confluence"": 0.0, ""risk_clean"": 0.3333333333333333, ""regime_align"": 0.049257286995515695, ""liquidity"": 0.7767857142857143, ""weights"": {""coverage"": 0.25, ""confluence"": 0.25, ""risk_clean"": 0.2, ""regime_align"": 0.2, ""liquidity"": 0.1}}",US03831W1080,APP,APP,Medien & Digitales 📱,,0.7203755608467859,0.5604459183949887,0.6343783940198857,5377885.8,1504678713.9356139,450.27485061645507,-0.3786239489905522,bull,0.08169902329762468,bull,0.1614564603326385,2026-10-07,-0.48039838225085707,Communication Services,Advertising Agencies,United States,USD,0.3622963519791744,-55.718917566553294,0.0,stock,S2 Gehirn,pillar,85.0,manual thematic assignment after stack redesign,"ai, semis, software",40.94,63.7,,bull,stock,,,,0.08169902329762468,APP,APPLOVIN CORPORATION,US03831W1080,APP,APP,Medien & Digitales 📱,Communication Services,Advertising Agencies,United States,USD,279.7900085449219,,-55.718917566553294,13.23,,40.4,,,,-0.48039838225085707,-0.3786239489905522,450.27485061645507,0.7203755608467859,0.5604459183949887,0.6343783940198857,5377885.8,1504678713.9356139,bull,0.08169902329762468,bull,0.1614564603326385,2026-10-07,False,True,False,OK,,,APP,APP,Advertising Agencies
KLAR,KLARNA GROUP PLC,KLAR,13.244999885559082,USD,-67.96081316722022,12.31,,,,,,,,,,,,,,,,,,,,,,36.6,LOW,"{""coverage"": 1.0, ""confluence"": 0.0, ""risk_clean"": 0.3333333333333333, ""regime_align"": 0.10527106021780909, ""liquidity"": 0.2857142857142857, ""weights"": {""coverage"": 0.25, ""confluence"": 0.25, ""risk_clean"": 0.2, ""regime_align"": 0.2, ""liquidity"": 0.1}}",GB00BMHVL512,KLAR,KLAR,Fintech,,0.6932455696081846,0.5611023637511693,0.7086202735711327,5326320.5,70547114.412951,17.788075041770934,-0.2554000444423331,bull,0.08169902329762468,bull,0.1614564603326385,2026-10-07,-0.3571977828972076,Financial Services,Credit Services,United Kingdom,USD,-0.03773671276164903,-67.96081316722022,0.0,stock,S21 Finanzsystem,pillar,85.0,manual thematic assignment after stack redesign,"payments, exchanges, capital markets, crypto",41.83,70.84,,bull,stock,,,,0.08169902329762468,KLAR,KLARNA GROUP PLC,GB00BMHVL512,KLAR,KLAR,Fintech,Financial Services,Credit Services,United Kingdom,USD,13.244999885559082,,-67.96081316722022,12.31,,36.6,,,,-0.3571977828972076,-0.2554000444423331,17.788075041770934,0.6932455696081846,0.5611023637511693,0.7086202735711327,5326320.5,70547114.412951,bull,0.08169902329762468,bull,0.1614564603326385,2026-10-07,False,True,False,OK,,,KLAR,KLAR,Credit Services
CRWV,"COREWEAVE, INC.",CRWV,87.75,USD,-31.88698381369757,19.16,,,,,,,,,,,,,,,,,,,,,,51.2,MED,"{""coverage"": 1.0, ""confluence"": 0.0, ""risk_clean"": 0.3333333333333333, ""regime_align"": 0.5502582479180014, ""liquidity"": 0.8482142857142857, ""weights"": {""coverage"": 0.25, ""confluence"": 0.25, ""risk_clean"": 0.2, ""regime_align"": 0.2, ""liquidity"": 0.1}}",US21873S1087,CRWV,CRWV,Tech 💻,,0.945892788474143,0.5084741472565073,0.5749231275056945,29164413.35,2559177271.4625,92.60462501525879,-0.05242313776940277,bull,0.08169902329762468,bull,0.1614564603326385,2026-10-07,-0.04498794165562958,Technology,Software - Infrastructure,United States,USD,-4.328392027765271,-31.88698381369757,0.0,stock,S2 Gehirn,pillar,85.0,manual thematic assignment after stack redesign,"ai, semis, software",49.84,63.01,,bull,stock,,,,0.08169902329762468,CRWV,"COREWEAVE, INC.",US21873S1087,CRWV,CRWV,Tech 💻,Technology,Software - Infrastructure,United States,USD,87.75,,-31.88698381369757,19.16,,51.2,,,,-0.04498794165562958,-0.05242313776940277,92.60462501525879,0.945892788474143,0.5084741472565073,0.5749231275056945,29164413.35,2559177271.4625,bull,0.08169902329762468,bull,0.1614564603326385,2026-10-07,False,True,False,OK,,,CRWV,CRWV,Software - Infrastructure
IREN,IREN LIMITED,IREN,38.60499954223633,USD,-37.41083114262428,16.6,,,,,,,,,,,,,,,,,,,,,,46.9,LOW,"{""coverage"": 1.0, ""confluence"": 0.0, ""risk_clean"": 0.3333333333333333, ""regime_align"": 0.38459921524663676, ""liquidity"": 0.7589285714285714, ""weights"": {""coverage"": 0.25, ""confluence"": 0.25, ""risk_clean"": 0.2, ""regime_align"": 0.2, ""liquidity"": 0.1}}",AU0000185993,IREN,IREN,Tech 💻,,1.0705825910397468,0.5510758539344696,0.6164114898416528,35242121.8,1360522095.9564369,45.64497505187988,-0.15423330830265436,bull,0.08169902329762468,bull,0.1614564603326385,2026-10-07,-0.09389306041393375,Financial Services,Capital Markets,Australia,USD,-6.480134002334658,-37.41083114262428,0.0,stock,S2 Gehirn,pillar,85.0,manual thematic assignment after stack redesign,"ai, semis, software",47.07,66.65,,bull,stock,,,,0.08169902329762468,IREN,IREN LIMITED,AU0000185993,IREN,IREN,Tech 💻,Financial Services,Capital Markets,Australia,USD,38.60499954223633,,-37.41083114262428,16.6,,46.9,,,,-0.09389306041393375,-0.15423330830265436,45.64497505187988,1.0705825910397468,0.5510758539344696,0.6164114898416528,35242121.8,1360522095.9564369,bull,0.08169902329762468,bull,0.1614564603326385,2026-10-07,False,True,False,OK,,,IREN,IREN,Capital Markets
PATH,"UIPATH, INC.",PATH,13.145000457763672,USD,-11.302289281730072,22.4,,,,,,,,,,,,,,,,,,,,,,57.9,MED,"{""coverage"": 1.0, ""confluence"": 0.2, ""risk_clean"": 0.3333333333333333, ""regime_align"": 0.7559657270980141, ""liquidity"": 0.6116071428571429, ""weights"": {""coverage"": 0.25, ""confluence"": 0.25, ""risk_clean"": 0.2, ""regime_align"": 0.2, ""liquidity"": 0.1}}",US90364P1057,PATH,PATH,Tech 💻,,0.6862454193156934,0.42641978396519953,0.5137377050671597,44147623.9,580320536.3746784,12.635324993133544,0.04033734509457432,bull,0.08169902329762468,bull,0.1614564603326385,2026-10-07,0.09315389119087136,Technology,Software - Infrastructure,United States,USD,0.3435120227752053,-11.302289281730072,0.0,stock,S2 Gehirn,pillar,85.0,manual thematic assignment after stack redesign,"ai, semis, software",53.56,59.13,,bull,stock,,,,0.08169902329762468,PATH,"UIPATH, INC.",US90364P1057,PATH,PATH,Tech 💻,Technology,Software - Infrastructure,United States,USD,13.145000457763672,,-11.302289281730072,22.4,,57.9,,,,0.09315389119087136,0.04033734509457432,12.635324993133544,0.6862454193156934,0.42641978396519953,0.5137377050671597,44147623.9,580320536.3746784,bull,0.08169902329762468,bull,0.1614564603326385,2026-10-07,True,True,False,OK,,,PATH,PATH,Software - Infrastructure
SE,SEA LIMITED,SE,94.80500030517578,USD,-50.366471372374775,18.18,,,,,,,,,,,,,,,,,,,,,,50.8,MED,"{""coverage"": 1.0, ""confluence"": 0.0, ""risk_clean"": 0.6666666666666666, ""regime_align"": 0.35147741832158874, ""liquidity"": 0.5401785714285714, ""weights"": {""coverage"": 0.25, ""confluence"": 0.25, ""risk_clean"": 0.2, ""regime_align"": 0.2, ""liquidity"": 0.1}}",US81141R1005,SE,SE,E-Commerce,,0.5094621843344763,0.3334501150661236,0.5943743698592951,3659562.9,346944861.85130996,102.50867511749267,-0.07515144258266093,bull,0.08169902329762468,bull,0.1614564603326385,2026-10-07,-0.17925097939293222,Consumer Cyclical,Internet Retail,Singapore,USD,-1.7870076617996,-50.366471372374775,0.0,stock,S2 Gehirn,pillar,85.0,manual thematic assignment after stack redesign,"ai, semis, software",46.0,55.8,,bull,stock,,,,0.08169902329762468,SE,SEA LIMITED,US81141R1005,SE,SE,E-Commerce,Consumer Cyclical,Internet Retail,Singapore,USD,94.80500030517578,,-50.366471372374775,18.18,,50.8,,,,-0.17925097939293222,-0.07515144258266093,102.50867511749267,0.5094621843344763,0.3334501150661236,0.5943743698592951,3659562.9,346944861.85130996,bull,0.08169902329762468,bull,0.1614564603326385,2026-10-07,False,True,False,OK,,,SE,SE,Internet Retail
TE,T1 ENERGY INC.,TE,3.680000066757202,USD,28.67133572513305,10.56,,,,,,,,,,,,,,,,,,,,,,35.1,LOW,"{""coverage"": 1.0, ""confluence"": 0.0, ""risk_clean"": 0.3333333333333333, ""regime_align"": 0.031330076873798844, ""liquidity"": 0.2767857142857143, ""weights"": {""coverage"": 0.25, ""confluence"": 0.25, ""risk_clean"": 0.2, ""regime_align"": 0.2, ""liquidity"": 0.1}}",US35834F1049,TE,TE,Energie,,1.3074024297506017,0.6358544414851104,0.7034883766981879,18312192.45,67388869.43847074,6.453100016117096,-0.4297314379807955,bull,0.08169902329762468,bull,0.1614564603326385,2026-10-07,-0.4950479061905081,Industrials,Electrical Equipment & Parts,United States,USD,-3.157891764865317,28.67133572513305,0.0,stock,S3 Energie,pillar,85.0,manual thematic assignment after stack redesign,"energy, grid, electrification",40.66,75.55,,bull,stock,,,,0.08169902329762468,TE,T1 ENERGY INC.,US35834F1049,TE,TE,Energie,Industrials,Electrical Equipment & Parts,United States,USD,3.680000066757202,,28.67133572513305,10.56,,35.1,,,,-0.4950479061905081,-0.4297314379807955,6.453100016117096,1.3074024297506017,0.6358544414851104,0.7034883766981879,18312192.45,67388869.43847074,bull,0.08169902329762468,bull,0.1614564603326385,2026-10-07,False,True,False,OK,,,TE,TE,Electrical Equipment & Parts
TTD,"THE TRADE DESK, INC.",TTD,12.010000228881836,USD,-77.54720536171409,13.3,,,,,,,,,,,,,,,,,,,,,,44.2,LOW,"{""coverage"": 1.0, ""confluence"": 0.0, ""risk_clean"": 0.6666666666666666, ""regime_align"": 0.02906790518898142, ""liquidity"": 0.5267857142857143, ""weights"": {""coverage"": 0.25, ""confluence"": 0.25, ""risk_clean"": 0.2, ""regime_align"": 0.2, ""liquidity"": 0.1}}",US88339J1051,TTD,TTD,Medien & Digitales 📱,,0.5599400370457192,0.3935364733453837,0.7797893988345899,25325876.9,304163787.3656332,22.224175086021422,-0.4595974796636706,bull,0.08169902329762468,bull,0.1614564603326385,2026-10-07,-0.4173228538021744,Communication Services,Advertising Agencies,United States,USD,0.7550348323141387,-77.54720536171409,0.0,stock,S2 Gehirn,pillar,85.0,manual thematic assignment after stack redesign,"ai, semis, software",40.65,62.49,,bull,stock,,,,0.08169902329762468,TTD,"THE TRADE DESK, INC.",US88339J1051,TTD,TTD,Medien & Digitales 📱,Communication Services,Advertising Agencies,United States,USD,12.010000228881836,,-77.54720536171409,13.3,,44.2,,,,-0.4173228538021744,-0.4595974796636706,22.224175086021422,0.5599400370457192,0.3935364733453837,0.7797893988345899,25325876.9,304163787.3656332,bull,0.08169902329762468,bull,0.1614564603326385,2026-10-07,False,True,False,OK,,,TTD,TTD,Advertising Agencies
GRAB,GRAB HOLDINGS LIMITED,GRAB,3.065000057220459,USD,-51.11642637090493,18.19,,,,,,,,,,,,,,,,,,,,,,47.0,LOW,"{""coverage"": 1.0, ""confluence"": 0.0, ""risk_clean"": 0.6666666666666666, ""regime_align"": 0.19917120435618194, ""liquidity"": 0.46875, ""weights"": {""coverage"": 0.25, ""confluence"": 0.25, ""risk_clean"": 0.2, ""regime_align"": 0.2, ""liquidity"": 0.1}}",KYG4124C1096,GRAB,GRAB,Tech 💻,,0.38141659854574417,0.22321419270303158,0.5605345884246883,80024658.8,245275583.80104768,3.810624997615814,-0.1956699861208775,bull,0.08169902329762468,bull,0.1614564603326385,2026-10-07,-0.25237598064611055,Technology,Software - Application,Singapore,USD,-0.16286241469254392,-51.11642637090493,0.0,stock,S15 Mobilität,pillar,85.0,manual thematic assignment after stack redesign,"mobility, autos, autonomy",43.54,48.15,,bull,stock,,,,0.08169902329762468,GRAB,GRAB HOLDINGS LIMITED,KYG4124C1096,GRAB,GRAB,Tech 💻,Technology,Software - Application,Singapore,USD,3.065000057220459,,-51.11642637090493,18.19,,47.0,,,,-0.25237598064611055,-0.1956699861208775,3.810624997615814,0.38141659854574417,0.22321419270303158,0.5605345884246883,80024658.8,245275583.80104768,bull,0.08169902329762468,bull,0.1614564603326385,2026-10-07,False,True,False,OK,,,GRAB,GRAB,Software - Application
MCD,MCDONALD'S CORPORATION,MCD,231.6199951171875,USD,-19.82403323441083,22.95,,,,,,,,,,,,,,,,,,,,,,57.4,MED,"{""coverage"": 1.0, ""confluence"": 0.0, ""risk_clean"": 1.0, ""regime_align"": 0.23938981422165279, ""liquidity"": 0.7633928571428571, ""weights"": {""coverage"": 0.25, ""confluence"": 0.25, ""risk_clean"": 0.2, ""regime_align"": 0.2, ""liquidity"": 0.1}}",US5801351017,MCD,MCD,Konsum 🥨,,0.1912027025296324,0.13071823014874828,0.3096025150276075,6184697.1,1432499512.1032836,285.16416137695313,-0.18776611338963667,bull,0.08169902329762468,bull,0.1614564603326385,2026-10-07,-0.1827974426566784,Consumer Cyclical,Restaurants,United States,USD,-0.3570668281142164,-19.82403323441083,0.0,stock,S11 Konsum,pillar,85.0,manual thematic assignment after stack redesign,"consumer staples, food, household",44.3,27.82,,bull,stock,,,,0.08169902329762468,MCD,MCDONALD'S CORPORATION,US5801351017,MCD,MCD,Konsum 🥨,Consumer Cyclical,Restaurants,United States,USD,231.6199951171875,,-19.82403323441083,22.95,,57.4,,,,-0.1827974426566784,-0.18776611338963667,285.16416137695313,0.1912027025296324,0.13071823014874828,0.3096025150276075,6184697.1,1432499512.1032836,bull,0.08169902329762468,bull,0.1614564603326385,2026-10-07,False,True,False,OK,,,MCD,MCD,Restaurants
RR.L,ROLLS-ROYCE HOLDINGS PLC,RR.L,1404.4000244140625,GBp,21.76119329058741,26.7,,,,,,,,,,,,,,,,,,,,,,66.9,MED,"{""coverage"": 1.0, ""confluence"": 0.0, ""risk_clean"": 1.0, ""regime_align"": 0.6176129083920563, ""liquidity"": 0.9508928571428571, ""weights"": {""coverage"": 0.25, ""confluence"": 0.25, ""risk_clean"": 0.2, ""regime_align"": 0.2, ""liquidity"": 0.1}}",GB00B63H8491,RR.L,RR.L,,,0.3723282695764952,0.22166969487969726,0.19394848747118054,17118121.1,24040689690.762882,1328.733077392578,0.056946687268423,bull,0.08169902329762468,bull,0.1614564603326385,2026-10-07,-0.05896394917983694,Industrials,Aerospace & Defense,United Kingdom,GBp,-2.350154909285851,21.76119329058741,0.0,stock,S20 Sicherheit & Verteidigung,pillar,85.0,manual thematic assignment after stack redesign,"defense, aerospace, security",50.75,29.93,,bull,stock,,,,0.08169902329762468,RR.L,ROLLS-ROYCE HOLDINGS PLC,GB00B63H8491,RR.L,RR.L,,Industrials,Aerospace & Defense,United Kingdom,GBp,1404.4000244140625,,21.76119329058741,26.7,,66.9,,,,-0.05896394917983694,0.056946687268423,1328.733077392578,0.3723282695764952,0.22166969487969726,0.19394848747118054,17118121.1,24040689690.762882,bull,0.08169902329762468,bull,0.1614564603326385,2026-10-07,True,True,False,OK,,,RR.L,RR.L,Aerospace & Defense
SPCX,SPACE EXPLORATION TECHNOLOGIES CORP.,SPCX,167.20010375976562,USD,3.8832599751668972,21.75,,,,,,,,,,,,,,,,,,,,,,59.7,MED,"{""coverage"": 1.0, ""confluence"": 0.2, ""risk_clean"": 0.3333333333333333, ""regime_align"": 0.6808035714285714, ""liquidity"": 0.9419642857142857, ""weights"": {""coverage"": 0.25, ""confluence"": 0.25, ""risk_clean"": 0.2, ""regime_align"": 0.2, ""liquidity"": 0.1}}",US84615Q1031,SPCX,SPCX,,,0.8591508109421291,0.5271487378707279,0.48781873808752996,96380493.1,16114828446.737373,,,bull,0.08169902329762468,bull,0.1614564603326385,2026-10-07,0.11844913195854723,Industrials,Aerospace & Defense,United States,USD,-2.745401616710963,3.8832599751668972,0.0,stock,S20 Sicherheit & Verteidigung,pillar,85.0,manual thematic assignment after stack redesign,"defense, aerospace, security",52.49,58.89,,bull,stock,,,,0.08169902329762468,SPCX,SPACE EXPLORATION TECHNOLOGIES CORP.,US84615Q1031,SPCX,SPCX,,Industrials,Aerospace & Defense,United States,USD,167.20010375976562,,3.8832599751668972,21.75,,59.7,,,,0.11844913195854723,,,0.8591508109421291,0.5271487378707279,0.48781873808752996,96380493.1,16114828446.737373,bull,0.08169902329762468,bull,0.1614564603326385,2026-10-07,False,True,False,OK,,,SPCX,SPCX,Aerospace & Defense
AVAV,"AeroVironment, Inc.",AVAV,139.0749969482422,USD,-64.80272436169736,15.9,,,,,,,,,,,,,,,,,,,,,,42.9,LOW,"{""coverage"": 1.0, ""confluence"": 0.0, ""risk_clean"": 0.3333333333333333, ""regime_align"": 0.3105180973734785, ""liquidity"": 0.5044642857142857, ""weights"": {""coverage"": 0.25, ""confluence"": 0.25, ""risk_clean"": 0.2, ""regime_align"": 0.2, ""liquidity"": 0.1}}",US0080731088,AVAV,AVAV,,,0.7505761642106588,0.4776984579292551,0.6664958710831659,2090310.65,290709947.2696281,199.8823249053955,-0.30421563280261765,bull,0.08169902329762468,bull,0.1614564603326385,2026-10-07,-0.0703500398601894,Industrials,Aerospace & Defense,United States,USD,-3.1106287771590524,-64.80272436169736,0.0,stock,S20 Sicherheit & Verteidigung,pillar,85.0,manual thematic assignment after stack redesign,"defense, aerospace, security",46.06,66.86,,bull,stock,,,,0.08169902329762468,AVAV,"AeroVironment, Inc.",US0080731088,AVAV,AVAV,,Industrials,Aerospace & Defense,United States,USD,139.0749969482422,,-64.80272436169736,15.9,,42.9,,,,-0.0703500398601894,-0.30421563280261765,199.8823249053955,0.7505761642106588,0.4776984579292551,0.6664958710831659,2090310.65,290709947.2696281,bull,0.08169902329762468,bull,0.1614564603326385,2026-10-07,False,True,False,OK,,,AVAV,AVAV,Aerospace & Defense
OCGN,"Ocugen, Inc.",OCGN,1.0099999904632568,USD,-42.61363659454279,12.01,,,,,,,,,,,,,,,,,,,,,,34.2,LOW,"{""coverage"": 1.0, ""confluence"": 0.0, ""risk_clean"": 0.3333333333333333, ""regime_align"": 0.08280949711723254, ""liquidity"": 0.0892857142857143, ""weights"": {""coverage"": 0.25, ""confluence"": 0.25, ""risk_clean"": 0.2, ""regime_align"": 0.2, ""liquidity"": 0.1}}",US67577C1053,OCGN,OCGN,Pharma & Gesundheit,,0.7840185240011732,0.51205742038556,0.5991935443555652,7738802.95,7816190.905697024,1.4882099977135659,-0.3213323442155437,bull,0.08169902329762468,bull,0.1614564603326385,2026-10-07,-0.3451993907157149,Healthcare,Biotechnology,United States,USD,-2.884612739438741,-42.61363659454279,0.0,stock,S13 Gesundheit,pillar,85.0,manual addition via ChatGPT,"healthcare, pharma, medtech",41.53,71.37,,bull,stock,,,,0.08169902329762468,OCGN,"Ocugen, Inc.",US67577C1053,OCGN,OCGN,Pharma & Gesundheit,Healthcare,Biotechnology,United States,USD,1.0099999904632568,,-42.61363659454279,12.01,,34.2,,,,-0.3451993907157149,-0.3213323442155437,1.4882099977135659,0.7840185240011732,0.51205742038556,0.5991935443555652,7738802.95,7816190.905697024,bull,0.08169902329762468,bull,0.1614564603326385,2026-10-07,False,True,False,OK,,,OCGN,OCGN,Biotechnology
AXON,"Axon Enterprise, Inc.",AXON,409.5899963378906,USD,-42.68261820159641,15.53,,,,,,,,,,,,,,,,,,,,,,41.1,LOW,"{""coverage"": 1.0, ""confluence"": 0.0, ""risk_clean"": 0.3333333333333333, ""regime_align"": 0.18588845291479822, ""liquidity"": 0.5714285714285714, ""weights"": {""coverage"": 0.25, ""confluence"": 0.25, ""risk_clean"": 0.2, ""regime_align"": 0.2, ""liquidity"": 0.1}}",US05464C1018,AXON,AXON,,,0.6239633502022722,0.4084309701361338,0.5444801415130922,1111546.25,455278224.46689606,494.82020034790037,-0.1722447950792747,bull,0.08169902329762468,bull,0.1614564603326385,2026-10-07,-0.3083611481636409,Industrials,Aerospace & Defense,United States,USD,-2.157087307014338,-42.68261820159641,0.0,stock,S20 Sicherheit & Verteidigung,pillar,85.0,manual addition via ChatGPT,"defense, aerospace, security",43.15,59.59,,bull,stock,,,,0.08169902329762468,AXON,"Axon Enterprise, Inc.",US05464C1018,AXON,AXON,,Industrials,Aerospace & Defense,United States,USD,409.5899963378906,,-42.68261820159641,15.53,,41.1,,,,-0.3083611481636409,-0.1722447950792747,494.82020034790037,0.6239633502022722,0.4084309701361338,0.5444801415130922,1111546.25,455278224.46689606,bull,0.08169902329762468,bull,0.1614564603326385,2026-10-07,False,True,False,OK,,,AXON,AXON,Aerospace & Defense
INOD,Innodata Inc.,INOD,63.2599983215332,USD,-27.669793066846527,17.16,,,,,,,,,,,,,,,,,,,,,,46.0,LOW,"{""coverage"": 1.0, ""confluence"": 0.0, ""risk_clean"": 0.3333333333333333, ""regime_align"": 0.5460842408712364, ""liquidity"": 0.3392857142857143, ""weights"": {""coverage"": 0.25, ""confluence"": 0.25, ""risk_clean"": 0.2, ""regime_align"": 0.2, ""liquidity"": 0.1}}",US4576422053,INOD,INOD,Tech 💻,,1.198165393366841,0.48131361835764885,0.6303251436805135,1646784.85,104175606.84692632,61.62975009918213,0.02645229324680809,bull,0.08169902329762468,bull,0.1614564603326385,2026-10-07,-0.09923591945845112,Technology,Information Technology Services,United States,USD,-4.498791724548445,-27.669793066846527,0.0,stock,S2 Gehirn,pillar,85.0,manual addition via ChatGPT,"ai, semis, software",49.43,71.31,,bull,stock,,,,0.08169902329762468,INOD,Innodata Inc.,US4576422053,INOD,INOD,Tech 💻,Technology,Information Technology Services,United States,USD,63.2599983215332,,-27.669793066846527,17.16,,46.0,,,,-0.09923591945845112,0.02645229324680809,61.62975009918213,1.198165393366841,0.48131361835764885,0.6303251436805135,1646784.85,104175606.84692632,bull,0.08169902329762468,bull,0.1614564603326385,2026-10-07,True,True,False,OK,,,INOD,INOD,Information Technology Services
UUUU,Energy Fuels Inc.,UUUU,10.295000076293945,USD,-41.472427589607975,12.52,,,,,,,,,,,,,,,,,,,,,,36.6,LOW,"{""coverage"": 1.0, ""confluence"": 0.0, ""risk_clean"": 0.3333333333333333, ""regime_align"": 0.09609224855861627, ""liquidity"": 0.2991071428571428, ""weights"": {""coverage"": 0.25, ""confluence"": 0.25, ""risk_clean"": 0.2, ""regime_align"": 0.2, ""liquidity"": 0.1}}",CA2926717083,UUUU,UUUU,Energie,,0.8915415584153135,0.4969604686629454,0.6286074916555215,7636483.0,78617593.06761742,17.079725036621095,-0.39723853550217225,bull,0.08169902329762468,bull,0.1614564603326385,2026-10-07,-0.27417404363514153,Energy,Uranium,Canada,USD,-8.570161038830804,-41.472427589607975,0.0,stock,S3 Energie,pillar,82.0,manual addition via ChatGPT,"energy, grid, electrification",41.92,70.16,,bull,stock,,,,0.08169902329762468,UUUU,Energy Fuels Inc.,CA2926717083,UUUU,UUUU,Energie,Energy,Uranium,Canada,USD,10.295000076293945,,-41.472427589607975,12.52,,36.6,,,,-0.27417404363514153,-0.39723853550217225,17.079725036621095,0.8915415584153135,0.4969604686629454,0.6286074916555215,7636483.0,78617593.06761742,bull,0.08169902329762468,bull,0.1614564603326385,2026-10-07,False,True,False,OK,,,UUUU,UUUU,Uranium
ADBE,Adobe Inc.,ADBE,232.94000244140625,USD,-33.122791744666934,23.55,,,,,,,,,,,,,,,,,,,,,,63.4,MED,"{""coverage"": 1.0, ""confluence"": 0.0, ""risk_clean"": 1.0, ""regime_align"": 0.5544923126201153, ""liquidity"": 0.7321428571428571, ""weights"": {""coverage"": 0.25, ""confluence"": 0.25, ""risk_clean"": 0.2, ""regime_align"": 0.2, ""liquidity"": 0.1}}",US00724F1012,ADBE,ADBE,Tech 💻,,0.408387093305876,0.27622315965941197,0.4626156492063318,5354497.4,1247276637.4285035,258.12954986572265,-0.09758490431420908,bull,0.08169902329762468,bull,0.1614564603326385,2026-10-07,0.009310502651435737,Technology,Software - Application,United States,USD,-2.1753707298843072,-33.122791744666934,0.0,stock,S2 Gehirn,pillar,85.0,manual addition via ChatGPT,"ai, semis, software",50.18,43.21,,bull,stock,,,,0.08169902329762468,ADBE,Adobe Inc.,US00724F1012,ADBE,ADBE,Tech 💻,Technology,Software - Application,United States,USD,232.94000244140625,,-33.122791744666934,23.55,,63.4,,,,0.009310502651435737,-0.09758490431420908,258.12954986572265,0.408387093305876,0.27622315965941197,0.4626156492063318,5354497.4,1247276637.4285035,bull,0.08169902329762468,bull,0.1614564603326385,2026-10-07,False,True,False,OK,,,ADBE,ADBE,Software - Application
MRNA,Moderna Inc.,MRNA,195.63999938964844,USD,615.5815592456388,25.59,,,,,,,,,,,,,,,,,,,,,,76.9,HIGH,"{""coverage"": 1.0, ""confluence"": 0.4, ""risk_clean"": 0.6666666666666666, ""regime_align"": 0.9955257046764894, ""liquidity"": 0.8616071428571429, ""weights"": {""coverage"": 0.25, ""confluence"": 0.25, ""risk_clean"": 0.2, ""regime_align"": 0.2, ""liquidity"": 0.1}}",US60770K1079,MRNA,MRNA,Pharma & Gesundheit,,1.9313640725445318,0.4695057126367033,0.34156480927913413,15243053.45,2982150967.6543784,70.86057529449462,1.7609146352054568,bull,0.08169902329762468,bull,0.1614564603326385,2026-10-07,1.8334063178814717,Healthcare,Biotechnology,United States,USD,4.363593504115748,615.5815592456388,0.0,stock,S13 Gesundheit,pillar,85.0,manual addition via ChatGPT,"healthcare, pharma, medtech",57.55,56.24,,bull,stock,,,,0.08169902329762468,MRNA,Moderna Inc.,US60770K1079,MRNA,MRNA,Pharma & Gesundheit,Healthcare,Biotechnology,United States,USD,195.63999938964844,,615.5815592456388,25.59,,76.9,,,,1.8334063178814717,1.7609146352054568,70.86057529449462,1.9313640725445318,0.4695057126367033,0.34156480927913413,15243053.45,2982150967.6543784,bull,0.08169902329762468,bull,0.1614564603326385,2026-10-07,True,True,False,OK,,,MRNA,MRNA,Biotechnology
DRO.AX,DroneShield Limited,DRO.AX,1.690000057220459,AUD,-72.11221001356468,10.9,,,,,,,,,,,,,,,,,,,,,,34.6,LOW,"{""coverage"": 1.0, ""confluence"": 0.0, ""risk_clean"": 0.3333333333333333, ""regime_align"": 0.08044722934016656, ""liquidity"": 0.1294642857142857, ""weights"": {""coverage"": 0.25, ""confluence"": 0.25, ""risk_clean"": 0.2, ""regime_align"": 0.2, ""liquidity"": 0.1}}",AU000000DRO2,DRO.AX,DRO.AX,,,0.9803469706491592,0.6550691765903387,0.7613636256906282,9146231.95,15457132.51885159,2.934325007200241,-0.4240583258250057,bull,0.08169902329762468,bull,0.1614564603326385,2026-10-07,-0.29428289713159395,Industrials,Aerospace & Defense,Australia,AUD,-2.312136497804762,-72.11221001356468,0.0,stock,S20 Sicherheit & Verteidigung,pillar,85.0,manual addition via ChatGPT,"defense, aerospace, security",41.63,76.94,,bull,stock,,,,0.08169902329762468,DRO.AX,DroneShield Limited,AU000000DRO2,DRO.AX,DRO.AX,,Industrials,Aerospace & Defense,Australia,AUD,1.690000057220459,,-72.11221001356468,10.9,,34.6,,,,-0.29428289713159395,-0.4240583258250057,2.934325007200241,0.9803469706491592,0.6550691765903387,0.7613636256906282,9146231.95,15457132.51885159,bull,0.08169902329762468,bull,0.1614564603326385,2026-10-07,False,True,False,OK,,,DRO.AX,DRO.AX,Aerospace & Defense
1211.HK,BYD Company Limited,1211.HK,74.55000305175781,HKD,-31.71754031539542,21.71,,,,,,,,,,,,,,,,,,,,,,58.1,MED,"{""coverage"": 1.0, ""confluence"": 0.0, ""risk_clean"": 1.0, ""regime_align"": 0.2929312139654068, ""liquidity"": 0.7276785714285714, ""weights"": {""coverage"": 0.25, ""confluence"": 0.25, ""risk_clean"": 0.2, ""regime_align"": 0.2, ""liquidity"": 0.1}}",CNE100000296,1211.HK,1211.HK,Industrie/Auto 🚗,,0.37239798027013715,0.2041835444150188,0.356927331146771,16708347.3,1245607342.2048295,92.57874084472657,-0.19473950097470683,bull,0.08169902329762468,bull,0.1614564603326385,2026-10-07,-0.13472703407997078,Consumer Cyclical,Auto Manufacturers,China,HKD,-0.599995930989583,-31.71754031539542,0.0,stock,S15 Mobilität,pillar,85.0,manual addition via ChatGPT,"mobility, autos, autonomy",45.4,37.15,,bull,stock,,,,0.08169902329762468,1211.HK,BYD Company Limited,CNE100000296,1211.HK,1211.HK,Industrie/Auto 🚗,Consumer Cyclical,Auto Manufacturers,China,HKD,74.55000305175781,,-31.71754031539542,21.71,,58.1,,,,-0.13472703407997078,-0.19473950097470683,92.57874084472657,0.37239798027013715,0.2041835444150188,0.356927331146771,16708347.3,1245607342.2048295,bull,0.08169902329762468,bull,0.1614564603326385,2026-10-07,False,True,False,OK,,,1211.HK,1211.HK,Auto Manufacturers
BAS.DE,BASF SE,BAS.DE,51.18000030517578,EUR,21.30420375335604,28.15,,,,,,,,,,,,,,,,,,,,,,67.9,MED,"{""coverage"": 1.0, ""confluence"": 0.2, ""risk_clean"": 1.0, ""regime_align"": 0.7292200512491993, ""liquidity"": 0.3348214285714286, ""weights"": {""coverage"": 0.25, ""confluence"": 0.25, ""risk_clean"": 0.2, ""regime_align"": 0.2, ""liquidity"": 0.1}}",DE000BASF111,BAS.DE,BAS.DE,Fundament,,0.24928669705527143,0.15579573999042085,0.13370372630931715,1926572.05,98601958.10694313,48.901351585388184,0.046596845402294695,bull,0.08169902329762468,bull,0.1614564603326385,2026-10-07,0.0440665169064387,Basic Materials,Chemicals,Germany,EUR,0.1957683448247316,21.30420375335604,0.0,stock,S4 Fundament,pillar,85.0,manual addition via ChatGPT,"materials, mining, metals",52.98,29.96,,bull,stock,,,,0.08169902329762468,BAS.DE,BASF SE,DE000BASF111,BAS.DE,BAS.DE,Fundament,Basic Materials,Chemicals,Germany,EUR,51.18000030517578,,21.30420375335604,28.15,,67.9,,,,0.0440665169064387,0.046596845402294695,48.901351585388184,0.24928669705527143,0.15579573999042085,0.13370372630931715,1926572.05,98601958.10694313,bull,0.08169902329762468,bull,0.1614564603326385,2026-10-07,True,True,False,OK,,,BAS.DE,BAS.DE,Chemicals
FISV,Fiserv Inc.,FISV,45.529998779296875,USD,-64.06188499336847,15.99,,,,,,,,,,,,,,,,,,,,,,43.2,LOW,"{""coverage"": 1.0, ""confluence"": 0.0, ""risk_clean"": 0.3333333333333333, ""regime_align"": 0.30856622357463165, ""liquidity"": 0.53125, ""weights"": {""coverage"": 0.25, ""confluence"": 0.25, ""risk_clean"": 0.2, ""regime_align"": 0.2, ""liquidity"": 0.1}}",US3377381088,FISV,FISV,Fintech,,0.5823481741859516,0.6579587932352643,0.6498539761977831,6683322.55,304291667.54314727,56.417600059509276,-0.1929823542427923,bull,0.08169902329762468,bull,0.1614564603326385,2026-10-07,-0.12979653793817314,Technology,Information Technology Services,United States,USD,0.10993675805583969,-64.06188499336847,0.0,stock,S21 Finanzsystem,pillar,85.0,manual addition via ChatGPT,"payments, exchanges, capital markets, crypto",45.7,65.33,,bull,stock,,,,0.08169902329762468,FISV,Fiserv Inc.,US3377381088,FISV,FISV,Fintech,Technology,Information Technology Services,United States,USD,45.529998779296875,,-64.06188499336847,15.99,,43.2,,,,-0.12979653793817314,-0.1929823542427923,56.417600059509276,0.5823481741859516,0.6579587932352643,0.6498539761977831,6683322.55,304291667.54314727,bull,0.08169902329762468,bull,0.1614564603326385,2026-10-07,False,True,False,OK,,,FISV,FISV,Information Technology Services
NIO,NIO Inc.,NIO,3.5292999744415283,USD,-52.94266700744629,15.73,,,,,,,,,,,,,,,,,,,,,,44.3,LOW,"{""coverage"": 1.0, ""confluence"": 0.0, ""risk_clean"": 0.6666666666666666, ""regime_align"": 0.12303811659192826, ""liquidity"": 0.3482142857142857, ""weights"": {""coverage"": 0.25, ""confluence"": 0.25, ""risk_clean"": 0.2, ""regime_align"": 0.2, ""liquidity"": 0.1}}",US62914V1061,NIO,NIO,Industrie/Auto 🚗,,0.5151125096601645,0.2878078391398458,0.5707006463056995,30271001.3,106835444.11440948,5.030596500635147,-0.2984331035105021,bull,0.08169902329762468,bull,0.1614564603326385,2026-10-07,-0.2939269582082268,Consumer Cyclical,Auto Manufacturers,China,USD,1.4166653763745485,-52.94266700744629,0.0,stock,S15 Mobilität,pillar,85.0,manual addition via ChatGPT,"mobility, autos, autonomy",42.28,55.99,,bull,stock,,,,0.08169902329762468,NIO,NIO Inc.,US62914V1061,NIO,NIO,Industrie/Auto 🚗,Consumer Cyclical,Auto Manufacturers,China,USD,3.5292999744415283,,-52.94266700744629,15.73,,44.3,,,,-0.2939269582082268,-0.2984331035105021,5.030596500635147,0.5151125096601645,0.2878078391398458,0.5707006463056995,30271001.3,106835444.11440948,bull,0.08169902329762468,bull,0.1614564603326385,2026-10-07,False,True,False,OK,,,NIO,NIO,Auto Manufacturers
XPEV,XPeng Inc.,XPEV,9.545000076293945,USD,-59.67469351276647,14.25,,,,,,,,,,,,,,,,,,,,,,42.5,LOW,"{""coverage"": 1.0, ""confluence"": 0.0, ""risk_clean"": 0.6666666666666666, ""regime_align"": 0.08270940102498399, ""liquidity"": 0.25, ""weights"": {""coverage"": 0.25, ""confluence"": 0.25, ""risk_clean"": 0.2, ""regime_align"": 0.2, ""liquidity"": 0.1}}",US98422D1054,XPEV,XPEV,Industrie/Auto 🚗,,0.5341643925002407,0.31837455804174997,0.6704666868341437,6424984.35,61326476.1109374,15.406524991989135,-0.38045730096455765,bull,0.08169902329762468,bull,0.1614564603326385,2026-10-07,-0.29973388828557523,Consumer Cyclical,Auto Manufacturers,China,USD,-0.1569073500454432,-59.67469351276647,0.0,stock,S15 Mobilität,pillar,85.0,manual addition via ChatGPT,"mobility, autos, autonomy",41.64,61.02,,bull,stock,,,,0.08169902329762468,XPEV,XPeng Inc.,US98422D1054,XPEV,XPEV,Industrie/Auto 🚗,Consumer Cyclical,Auto Manufacturers,China,USD,9.545000076293945,,-59.67469351276647,14.25,,42.5,,,,-0.29973388828557523,-0.38045730096455765,15.406524991989135,0.5341643925002407,0.31837455804174997,0.6704666868341437,6424984.35,61326476.1109374,bull,0.08169902329762468,bull,0.1614564603326385,2026-10-07,False,True,False,OK,,,XPEV,XPEV,Auto Manufacturers
GE,GE Aerospace,GE,305.18499755859375,USD,1.6856738567113227,23.45,,,,,,,,,,,,,,,,,,,,,,59.9,MED,"{""coverage"": 1.0, ""confluence"": 0.0, ""risk_clean"": 1.0, ""regime_align"": 0.3694246476617553, ""liquidity"": 0.7544642857142857, ""weights"": {""coverage"": 0.25, ""confluence"": 0.25, ""risk_clean"": 0.2, ""regime_align"": 0.2, ""liquidity"": 0.1}}",US3696043013,GE,GE,,,0.3313224080300894,0.2259039168764532,0.20851492134460958,4437835.25,1354360739.9366913,323.1126821899414,-0.055484311262065766,bull,0.08169902329762468,bull,0.1614564603326385,2026-10-07,-0.18152388293575972,Industrials,Aerospace & Defense,United States,USD,-1.3591314815450506,1.6856738567113227,0.0,stock,S20 Sicherheit & Verteidigung,pillar,81.0,manual addition via ChatGPT,"defense, aerospace, security",46.26,31.51,,bull,stock,,,,0.08169902329762468,GE,GE Aerospace,US3696043013,GE,GE,,Industrials,Aerospace & Defense,United States,USD,305.18499755859375,,1.6856738567113227,23.45,,59.9,,,,-0.18152388293575972,-0.055484311262065766,323.1126821899414,0.3313224080300894,0.2259039168764532,0.20851492134460958,4437835.25,1354360739.9366913,bull,0.08169902329762468,bull,0.1614564603326385,2026-10-07,False,True,False,OK,,,GE,GE,Aerospace & Defense
CRUS,Cirrus Logic Inc.,CRUS,113.1500015258789,USD,-8.6984578009774,18.72,,,,,,,,,,,,,,,,,,,,,,51.8,MED,"{""coverage"": 1.0, ""confluence"": 0.0, ""risk_clean"": 1.0, ""regime_align"": 0.18804051889814222, ""liquidity"": 0.3080357142857143, ""weights"": {""coverage"": 0.25, ""confluence"": 0.25, ""risk_clean"": 0.2, ""regime_align"": 0.2, ""liquidity"": 0.1}}",US1727551004,CRUS,CRUS,Tech 💻,,0.3671705378645817,0.2560167899922966,0.3936276855341728,789703.45,89354946.57249182,139.7752000427246,-0.19048585520684114,bull,0.08169902329762468,bull,0.1614564603326385,2026-10-07,-0.27974692580389127,Technology,Semiconductors,United States,USD,-4.811980389112591,-8.6984578009774,0.0,stock,S2 Gehirn,pillar,85.0,manual addition via ChatGPT,"ai, semis, software",43.28,44.82,,bull,stock,,,,0.08169902329762468,CRUS,Cirrus Logic Inc.,US1727551004,CRUS,CRUS,Tech 💻,Technology,Semiconductors,United States,USD,113.1500015258789,,-8.6984578009774,18.72,,51.8,,,,-0.27974692580389127,-0.19048585520684114,139.7752000427246,0.3671705378645817,0.2560167899922966,0.3936276855341728,789703.45,89354946.57249182,bull,0.08169902329762468,bull,0.1614564603326385,2026-10-07,False,True,False,OK,,,CRUS,CRUS,Semiconductors
ADS.DE,adidas AG,ADS.DE,146.75,EUR,-20.05132724794875,21.04,,,,,,,,,,,,,,,,,,,,,,55.1,MED,"{""coverage"": 1.0, ""confluence"": 0.0, ""risk_clean"": 1.0, ""regime_align"": 0.3583039718129404, ""liquidity"": 0.2946428571428572, ""weights"": {""coverage"": 0.25, ""confluence"": 0.25, ""risk_clean"": 0.2, ""regime_align"": 0.2, ""liquidity"": 0.1}}",DE000A1EWWW0,ADS.DE,ADS.DE,Konsum & Lifestyle,,0.3358095711438476,0.26207145074765814,0.328630068972118,533700.5,78320548.375,154.10704864501952,-0.04773985816811166,bull,0.08169902329762468,bull,0.1614564603326385,2026-10-07,-0.2252904500340387,Consumer Cyclical,Footwear & Accessories,Germany,EUR,1.1023122086086357,-20.05132724794875,0.0,stock,S12 Luxus & Marken,pillar,78.0,manual addition via ChatGPT,"luxury, brands, premium consumption",45.99,42.15,,bull,stock,,,,0.08169902329762468,ADS.DE,adidas AG,DE000A1EWWW0,ADS.DE,ADS.DE,Konsum & Lifestyle,Consumer Cyclical,Footwear & Accessories,Germany,EUR,146.75,,-20.05132724794875,21.04,,55.1,,,,-0.2252904500340387,-0.04773985816811166,154.10704864501952,0.3358095711438476,0.26207145074765814,0.328630068972118,533700.5,78320548.375,bull,0.08169902329762468,bull,0.1614564603326385,2026-10-07,False,True,False,OK,,,ADS.DE,ADS.DE,Footwear & Accessories
SGL.DE,SGL Carbon SE,SGL.DE,5.409999847412109,EUR,60.77265474233682,26.0,,,,,,,,,,,,,,,,,,,,,,74.4,MED,"{""coverage"": 1.0, ""confluence"": 0.4, ""risk_clean"": 1.0, ""regime_align"": 0.9463084561178732, ""liquidity"": 0.049107142857142905, ""weights"": {""coverage"": 0.25, ""confluence"": 0.25, ""risk_clean"": 0.2, ""regime_align"": 0.2, ""liquidity"": 0.1}}",DE0007235301,SGL.DE,SGL.DE,Fundament,,0.504868580419253,0.2969491011235348,0.32745823937031304,317699.3,1718753.164522934,4.1741000068187715,0.2960877407283926,bull,0.08169902329762468,bull,0.1614564603326385,2026-10-07,0.328732082786537,Basic Materials,Chemicals,Germany,EUR,0.5576158426217503,60.77265474233682,0.0,stock,S4 Fundament,pillar,84.0,manual addition via ChatGPT,"materials, mining, metals",56.69,51.66,,bull,stock,,,,0.08169902329762468,SGL.DE,SGL Carbon SE,DE0007235301,SGL.DE,SGL.DE,Fundament,Basic Materials,Chemicals,Germany,EUR,5.409999847412109,,60.77265474233682,26.0,,74.4,,,,0.328732082786537,0.2960877407283926,4.1741000068187715,0.504868580419253,0.2969491011235348,0.32745823937031304,317699.3,1718753.164522934,bull,0.08169902329762468,bull,0.1614564603326385,2026-10-07,True,False,False,OK,,,SGL.DE,SGL.DE,Chemicals
AVGO,Broadcom Inc.,AVGO,373.4150085449219,USD,11.825289877423263,23.75,,,,,,,,,,,,,,,,,,,,,,64.8,MED,"{""coverage"": 1.0, ""confluence"": 0.0, ""risk_clean"": 1.0, ""regime_align"": 0.5348434497117233, ""liquidity"": 0.90625, ""weights"": {""coverage"": 0.25, ""confluence"": 0.25, ""risk_clean"": 0.2, ""regime_align"": 0.2, ""liquidity"": 0.1}}",US11135F1012,AVGO,AVGO,Gehirn,,0.4685145553822401,0.32303077404322983,0.29437687207730845,23703517.3,8851249115.124205,366.86882415771487,0.017843392395732183,bull,0.08169902329762468,bull,0.1614564603326385,2026-10-07,-0.09696663669111294,Technology,Semiconductors,United States,USD,-0.6372872007744945,11.825289877423263,0.0,stock,S2 Gehirn,pillar,85.0,manual addition from finanzen.net Trading Idee 2026-10-07,"ai, semis, software",49.3,39.5,,bull,stock,,,,0.08169902329762468,AVGO,Broadcom Inc.,US11135F1012,AVGO,AVGO,Gehirn,Technology,Semiconductors,United States,USD,373.4150085449219,,11.825289877423263,23.75,,64.8,,,,-0.09696663669111294,0.017843392395732183,366.86882415771487,0.4685145553822401,0.32303077404322983,0.29437687207730845,23703517.3,8851249115.124205,bull,0.08169902329762468,bull,0.1614564603326385,2026-10-07,True,True,False,OK,,,AVGO,AVGO,Semiconductors
ANET,Arista Networks Inc.,ANET,216.0500030517578,USD,48.702603782402875,27.01,,,,,,,,,,,,,,,,,,,,,,80.3,HIGH,"{""coverage"": 1.0, ""confluence"": 0.4, ""risk_clean"": 1.0, ""regime_align"": 0.9150884849455477, ""liquidity"": 0.7008928571428571, ""weights"": {""coverage"": 0.25, ""confluence"": 0.25, ""risk_clean"": 0.2, ""regime_align"": 0.2, ""liquidity"": 0.1}}",US0404132054,ANET,ANET,Hardware 💻,,0.540086725370533,0.3528650245339905,0.28328088546368435,4838095.05,1045270450.3171943,160.24394989013672,0.34825684963383474,bull,0.08169902329762468,bull,0.1614564603326385,2026-10-07,0.12332055366907735,Technology,Computer Hardware,United States,USD,0.3203948920183386,48.702603782402875,0.0,stock,S1 Hardware,pillar,85.0,manual addition from finanzen.net Trading Idee 2026-10-07,"robotics, automation, devices",56.03,44.8,,bull,stock,,,,0.08169902329762468,ANET,Arista Networks Inc.,US0404132054,ANET,ANET,Hardware 💻,Technology,Computer Hardware,United States,USD,216.0500030517578,,48.702603782402875,27.01,,80.3,,,,0.12332055366907735,0.34825684963383474,160.24394989013672,0.540086725370533,0.3528650245339905,0.28328088546368435,4838095.05,1045270450.3171943,bull,0.08169902329762468,bull,0.1614564603326385,2026-10-07,True,True,False,OK,,,ANET,ANET,Computer Hardware
