Ticker,Name,Yahoo,Akt. Kurs,Währung,Perf %,Score,CRV,Elliott-Signal,Elliott-Einstieg,Elliott-Ausstieg,MC-Chance,Zyklus %,Zyklus-Status,ROE %,Debt/Equity,Div. Rendite %,FCF,Enterprise Value,Revenue,FCF Yield %,Growth %,Margin %,Rule of 40,Current Ratio,Institutional Ownership %,Radar Vector,PE,ConfidenceScore,ConfidenceLabel,ConfidenceBreakdown,ISIN,Symbol,YahooSymbol,Sektor,Akt. Kurs [€],Volatility,DownsideDev,MaxDrawdown,AvgVolume,DollarVolume,SMA200,Trend200,MarketRegimeStock,MarketTrend200Stock,MarketRegimeCrypto,MarketTrend200Crypto,MarketDate,RS3M,Sector,Industry,Country,Currency,Perf 1D %,Perf 1Y %,cycle,AssetType,pillar_primary,bucket_type,pillar_confidence,pillar_reason,pillar_tags
1810.HK,XIAOMI CORP. CL.B,1810.HK,23.940000534057617,HKD,-55.543173235998225,0.0,0.0,Seitwärts,0.0,0.0,46.9,100.0,Zyklus-Hoch,19.86,10.389,0.0,32390629376.0,839264567296.0,449375305728.0,3.86,22.3,9.82,32.12,1.317,24.94,"[44.6, 39.72, 0.0, 0.0, 42.06]",18.211044,39.8,LOW,"{""coverage"": 0.5714285714285714, ""confluence"": 0.4, ""risk_clean"": 0.3333333333333333, ""regime_align"": 0.0, ""liquidity"": 0.8859060402684564, ""weights"": {""coverage"": 0.25, ""confluence"": 0.25, ""risk_clean"": 0.2, ""regime_align"": 0.2, ""liquidity"": 0.1}}",KYG9830T1067,1810.HK,1810.HK,Hardware 💻,35.56,0.40923307307550444,0.23049341597330533,0.6022283995683335,104734173.15,2507336161.145083,30.735400018692015,-0.2210935755025708,bull,0.07434263101572625,bull,0.12242522206423057,2026-10-08,-0.07890330654186861,Technology,Consumer Electronics,China,HKD,-1.319042422939698,-55.543173235998225,0.0,stock,S1 Hardware,pillar,85.0,manual thematic assignment after stack redesign,"robotics, automation, devices"
6503.T,MITSUBISHI EL.,6503.T,5285.0,JPY,30.732456765459727,23.94,0.09,BUY,5152.0,5863.86,79.6,100.0,Zyklus-Hoch,9.51,8.262,95.0,252386869248.0,11700824702976.0,5677370048512.0,2.16,4.9,6.59,11.49,1.988,49.55,"[9.8, 19.02, 0.0, 20.0, 0.0]",35.206493,,,,JP3902400005,6503.T,6503.T,Hardware 💻,4886.0,0.42394845564407085,0.2750163288122731,0.23368907431856034,5866515.0,31004531775.0,5504.267058105469,-0.039835832053711995,bull,0.07434263101572625,bull,0.12242522206423057,2026-10-08,-0.1471810150383399,Industrials,Electrical Equipment & Parts,Japan,JPY,-0.7884362680683266,30.732456765459727,0.0,stock,S1 Hardware,pillar,85.0,manual thematic assignment after stack redesign,"robotics, automation, devices"
6861.T,KEYENCE CORP.,6861.T,81560.0,JPY,39.71559643893643,0.0,0.0,Seitwärts,0.0,0.0,45.7,38.5,Zyklus-neutral,0.0,100.0,97.0,0.0,12400190291968.0,1118560059392.0,0.0,0.0,0.0,0.0,13.552,35.37,"[0.0, 0.0, 0.0, 61.55, 21.55]",30.325748,30.5,LOW,"{""coverage"": 0.5714285714285714, ""confluence"": 0.0, ""risk_clean"": 0.3333333333333333, ""regime_align"": 0.0, ""liquidity"": 0.959731543624161, ""weights"": {""coverage"": 0.25, ""confluence"": 0.25, ""risk_clean"": 0.2, ""regime_align"": 0.2, ""liquidity"": 0.1}}",JP3236200006,6861.T,6861.T,Hardware 💻,58890.0,0.4085657942309346,0.22370041967700688,0.179230282939153,561195.0,45771064200.0,69247.5562890625,0.17780329546274865,bull,0.07434263101572625,bull,0.12242522206423057,2026-10-08,-0.028031060514989603,Technology,Scientific & Technical Instruments,Japan,JPY,0.08590011044300461,39.71559643893643,0.0,stock,S1 Hardware,pillar,85.0,manual thematic assignment after stack redesign,"robotics, automation, devices"
9880.HK,UBTECH ROBOT.CORP.,9880.HK,74.4000015258789,HKD,-50.98814227262469,0.0,0.0,Seitwärts,0.0,0.0,62.0,14.4,Zyklus-Tief,-48.53,57.216,0.0,-506247008.0,56993132544.0,1439591936.0,-0.89,27.6,-70.91,-43.31,1.495,16.68,"[55.2, 0.0, 0.0, 85.56, 72.86]",-73.768105,26.0,LOW,"{""coverage"": 0.5714285714285714, ""confluence"": 0.2, ""risk_clean"": 0.0, ""regime_align"": 0.0, ""liquidity"": 0.6711409395973155, ""weights"": {""coverage"": 0.25, ""confluence"": 0.25, ""risk_clean"": 0.2, ""regime_align"": 0.2, ""liquidity"": 0.1}}",CNE100006CQ4,9880.HK,9880.HK,Hardware 💻,141.1,0.6196271231308148,0.35158583457385956,0.5207509977770217,3313721.9,246540914.41633835,104.17374996185303,-0.2858085501086104,bull,0.07434263101572625,bull,0.12242522206423057,2026-10-08,-0.18815664472484006,Industrials,Specialty Industrial Machinery,China,HKD,-0.8660912717493696,-50.98814227262469,0.0,stock,S1 Hardware,pillar,85.0,manual thematic assignment after stack redesign,"robotics, automation, devices"
ABBN.SW,ABB LTD. NA,ABBN.SW,78.80000305175781,CHF,35.6737825797367,0.0,0.0,Seitwärts,0.0,0.0,64.9,82.3,Zyklus-Hoch,29.33,55.485,131.0,880625024.0,127925157888.0,33219999744.0,0.69,5.4,14.25,19.65,1.558,56.54,"[10.8, 58.66, 0.0, 17.74, 6.46]",27.666952,30.6,LOW,"{""coverage"": 0.5714285714285714, ""confluence"": 0.2, ""risk_clean"": 0.3333333333333333, ""regime_align"": 0.0, ""liquidity"": 0.46308724832214765, ""weights"": {""coverage"": 0.25, ""confluence"": 0.25, ""risk_clean"": 0.2, ""regime_align"": 0.2, ""liquidity"": 0.1}}",CH0012221716,ABBN.SW,ABBN.SW,Hardware 💻,61.46,0.28601876169281515,0.17660547192295992,0.1481480970966259,2227339.0,175514319.9972992,74.8699443244934,0.052491807797147017,bull,0.07434263101572625,bull,0.12242522206423057,2026-10-08,-0.0937524276875299,Industrials,Electrical Equipment & Parts,Switzerland,CHF,-1.3520208297377545,35.6737825797367,0.0,stock,S1 Hardware,pillar,85.0,manual thematic assignment after stack redesign,"robotics, automation, devices"
ABT,Abbott Laboratories,ABT,98.41500091552734,USD,-25.009505013763956,0.0,0.0,Seitwärts,0.0,0.0,40.7,80.8,Zyklus-Hoch,13.16,25.31,224.0,0.0,200792539136.0,44328001536.0,0.0,4.4,14.72,19.12,1.0,81.66,"[8.8, 26.32, 0.0, 19.21, 25.41]",17.985203,27.7,LOW,"{""coverage"": 0.5714285714285714, ""confluence"": 0.0, ""risk_clean"": 0.3333333333333333, ""regime_align"": 0.0, ""liquidity"": 0.6778523489932886, ""weights"": {""coverage"": 0.25, ""confluence"": 0.25, ""risk_clean"": 0.2, ""regime_align"": 0.2, ""liquidity"": 0.1}}",US0028241000,ABT,ABT,Pharma 🧪,107.46,0.2715551649267059,0.18701976062823902,0.3753624694851271,8966627.7,882450673.3046927,102.64678432464599,-0.04122665348906185,bull,0.07434263101572625,bull,0.12242522206423057,2026-10-08,0.042209075157565445,Healthcare,Medical Devices,United States,USD,-0.31905442185333754,-25.009505013763956,0.0,stock,S1 Hardware,pillar,85.0,manual thematic assignment after stack redesign,"robotics, automation, devices"
AUTO.OL,AUTOSTORE HOLDINGS,AUTO.OL,15.949999809265137,NOK,54.85436421265899,0.0,0.0,Seitwärts,0.0,0.0,53.0,43.6,Zyklus-neutral,5.71,35.222,0.0,163850000.0,39791874048.0,523800000.0,0.41,-3.6,15.48,11.88,4.24,95.1,"[0.0, 11.42, 0.0, 56.35, 8.19]",28.716442,50.0,MED,{},BMG0670A1099,AUTO.OL,AUTO.OL,Hardware 💻,11.83,0.5571131507676015,0.2812980435940594,0.3009188498396024,5403700.55,86189022.74182591,12.511275005340575,0.2748500694339069,bull,0.07434263101572625,bull,0.12242522206423057,2026-10-08,0.39279245807887886,Technology,Computer Hardware,Norway,NOK,0.0,54.85436421265899,0.0,stock,S1 Hardware,pillar,85.0,manual thematic assignment after stack redesign,"robotics, automation, devices"
CGNX,COGNEX CORP.,CGNX,60.93000030517578,USD,31.17558695825531,64.58,1.15,BUY,42.33,48.59,56.8,94.1,Zyklus-Hoch,7.21,5.298,78.0,180942256.0,7082582016.0,971705024.0,2.55,18.0,11.33,29.33,3.964,100.6,"[36.0, 14.42, 0.0, 25.87, 10.85]",38.553066,,,,US1924221039,CGNX,CGNX,Hardware 💻,39.72,0.5987050435626625,0.3439275305404549,0.27864217475145925,1705606.75,103922619.79800987,56.18665433883667,0.08442122105605554,bull,0.07434263101572625,bull,0.12242522206423057,2026-10-08,-0.07915204748942362,Technology,Scientific & Technical Instruments,United States,USD,-0.4574396070656128,31.17558695825531,0.0,stock,S1 Hardware,pillar,85.0,manual thematic assignment after stack redesign,"robotics, automation, devices"
FANUY,FANUC CORP.,FANUY,18.81999969482422,USD,26.734001423382956,0.0,0.0,Seitwärts,0.0,0.0,66.4,60.4,Zyklus-neutral,9.37,100.0,153.0,0.0,-659248840704.0,835426975744.0,-0.0,9.5,19.35,28.85,6.859,0.26,"[19.0, 18.74, 0.0, 39.61, 5.97]",33.14925,26.8,LOW,"{""coverage"": 0.5714285714285714, ""confluence"": 0.2, ""risk_clean"": 0.3333333333333333, ""regime_align"": 0.0, ""liquidity"": 0.08053691275167785, ""weights"": {""coverage"": 0.25, ""confluence"": 0.25, ""risk_clean"": 0.2, ""regime_align"": 0.2, ""liquidity"": 0.1}}",US3073051027,FANUY,FANUY,Hardware 💻,20.6,0.4796001916493868,0.2790897093657376,0.3198045860085911,514466.0,9682249.962997437,20.71019998550415,-0.09126905061288415,bull,0.07434263101572625,bull,0.12242522206423057,2026-10-08,-0.1490479674858337,Industrials,Specialty Industrial Machinery,Japan,USD,-2.9396581370111807,26.734001423382956,0.0,stock,S1 Hardware,pillar,85.0,manual thematic assignment after stack redesign,"robotics, automation, devices"
GMED,Globus Medical,GMED,73.37000274658203,USD,21.433308457617215,0.0,0.0,Seitwärts,0.0,0.0,53.2,24.1,Zyklus-neutral,10.01,2.731,0.0,445762752.0,11603802112.0,2769804032.0,3.84,22.9,15.3,38.2,4.13,106.79,"[45.8, 20.02, 0.0, 75.85, 24.94]",20.902147,50.0,MED,{},US3795772082,GMED,GMED,Pharma 🧪,,0.48699725335924393,0.21708361391993164,0.24220199361863637,1647572.8,120882420.86119385,84.41250011444092,-0.13081590229987494,bull,0.07434263101572625,bull,0.12242522206423057,2026-10-08,-0.11386219208629067,Healthcare,Medical Devices,United States,USD,-0.5152505131091112,21.433308457617215,0.0,stock,S1 Hardware,pillar,85.0,manual thematic assignment after stack redesign,"robotics, automation, devices"
ISRG,INTUITIVE SURGICAL INC,ISRG,415.010009765625,USD,-7.38244255453564,0.0,0.0,Seitwärts,0.0,0.0,44.7,47.5,Zyklus-neutral,16.69,0.953,0.0,2274837504.0,170196434944.0,10064700416.0,1.34,18.8,28.38,47.18,4.875,88.83,"[37.6, 33.38, 52.35, 52.5, 15.13]",43.30517,32.5,LOW,"{""coverage"": 0.5714285714285714, ""confluence"": 0.2, ""risk_clean"": 0.3333333333333333, ""regime_align"": 0.0, ""liquidity"": 0.6577181208053692, ""weights"": {""coverage"": 0.25, ""confluence"": 0.25, ""risk_clean"": 0.2, ""regime_align"": 0.2, ""liquidity"": 0.1}}",US46120E6023,ISRG,ISRG,Pharma 🧪,526.07,0.3694523922187214,0.2679182244695445,0.4399595130529892,2173868.75,902177291.166687,444.19044967651365,-0.06569353288018598,bull,0.07434263101572625,bull,0.12242522206423057,2026-10-08,-0.01448215494270988,Healthcare,Medical Instruments & Supplies,United States,USD,0.11821402222824684,-7.38244255453564,0.0,stock,S1 Hardware,pillar,85.0,manual thematic assignment after stack redesign,"robotics, automation, devices"
ROK,ROCKWELL AU.,ROK,430.7099914550781,USD,25.38320776212708,0.0,0.0,Seitwärts,0.0,0.0,66.6,18.2,Zyklus-Tief,23.74,99.289,134.0,1025500032.0,49741873152.0,8566000128.0,2.06,11.9,11.56,23.46,1.156,86.72,"[23.8, 47.48, 0.0, 81.79, 11.78]",30.140837,31.3,LOW,"{""coverage"": 0.5714285714285714, ""confluence"": 0.2, ""risk_clean"": 0.3333333333333333, ""regime_align"": 0.0, ""liquidity"": 0.5369127516778524, ""weights"": {""coverage"": 0.25, ""confluence"": 0.25, ""risk_clean"": 0.2, ""regime_align"": 0.2, ""liquidity"": 0.1}}",US7739031091,ROK,ROK,Hardware 💻,420.36,0.3113854642681578,0.20238560130815192,0.18728308848486097,693971.5,298900458.83506775,422.85275131225586,0.018581504125108728,bull,0.07434263101572625,bull,0.12242522206423057,2026-10-08,-0.09556978320981091,Industrials,Specialty Industrial Machinery,United States,USD,-2.532247702186552,25.38320776212708,0.0,stock,S1 Hardware,pillar,85.0,manual thematic assignment after stack redesign,"robotics, automation, devices"
SN.L,SMITH + NEP. DL,SN.L,1003.5,GBp,-25.284543099160118,45.65,0.0,Seitwärts,0.0,0.0,63.3,87.2,Zyklus-Hoch,9.14,62.392,226.0,700875008.0,14034447360.0,5944000000.0,4.99,4.7,8.26,12.96,3.003,69.36,"[9.4, 18.28, 0.0, 12.76, 21.21]",15.511343,,,,GB0009223206,SN.L,SN.L,Hardware 💻,1243.0,0.26429441471946863,0.22135167737788927,0.3067401209992813,3094074.5,3104903760.75,1164.1849615478516,-0.13802356743572053,bull,0.07434263101572625,bull,0.12242522206423057,2026-10-08,-0.1455475446052903,Healthcare,Medical Devices,United Kingdom,GBp,-1.521099116781155,-25.284543099160118,0.0,stock,S1 Hardware,pillar,85.0,manual thematic assignment after stack redesign,"robotics, automation, devices"
SNN,SMITH & NEPHEW PLC,SNN,26.885000228881836,USD,-23.137141543434016,0.0,0.0,Seitwärts,0.0,0.0,67.3,100.0,Zyklus-Hoch,9.14,62.392,215.0,700875008.0,33722298368.0,5944000000.0,2.08,4.7,8.26,12.96,3.003,7.72,"[9.4, 18.28, 0.0, 0.0, 16.69]",19.562094,22.6,LOW,"{""coverage"": 0.5714285714285714, ""confluence"": 0.0, ""risk_clean"": 0.3333333333333333, ""regime_align"": 0.0, ""liquidity"": 0.1610738255033557, ""weights"": {""coverage"": 0.25, ""confluence"": 0.25, ""risk_clean"": 0.2, ""regime_align"": 0.2, ""liquidity"": 0.1}}",US83175M2052,SNN,SNN,Pharma 🧪,34.07,0.27837736993319984,0.2248004763875666,0.2740642057938667,1266759.3,34056824.0704382,30.853200244903565,-0.12861550777628683,bull,0.07434263101572625,bull,0.12242522206423057,2026-10-08,-0.1585621072981921,Healthcare,Medical Devices,United Kingdom,USD,-0.018591152398927946,-23.137141543434016,0.0,stock,S1 Hardware,pillar,85.0,manual thematic assignment after stack redesign,"robotics, automation, devices"
SYK,STRYKER CORP,SYK,274.4049987792969,USD,-26.07181120918923,0.0,0.0,Seitwärts,0.0,0.0,45.3,47.5,Zyklus-neutral,15.08,66.276,97.0,5600750080.0,148864450560.0,25116000256.0,3.76,11.4,12.92,24.32,1.893,82.26,"[22.8, 30.16, 0.0, 52.47, 22.98]",21.582815,27.3,LOW,"{""coverage"": 0.5714285714285714, ""confluence"": 0.0, ""risk_clean"": 0.3333333333333333, ""regime_align"": 0.0, ""liquidity"": 0.6375838926174496, ""weights"": {""coverage"": 0.25, ""confluence"": 0.25, ""risk_clean"": 0.2, ""regime_align"": 0.2, ""liquidity"": 0.1}}",US8636671013,SYK,SYK,Pharma 🧪,354.05,0.2987976210019278,0.21393845427817293,0.30005174583816974,2756020.85,756265897.9799668,326.769533996582,-0.16024913515295114,bull,0.07434263101572625,bull,0.12242522206423057,2026-10-08,-0.20334796586116077,Healthcare,Medical Devices,United States,USD,-0.36129090023200305,-26.07181120918923,0.0,stock,S1 Hardware,pillar,85.0,manual thematic assignment after stack redesign,"robotics, automation, devices"
SYM,Symbotic Inc.,SYM,41.86000061035156,,-39.183496299915554,,,,,,,,,,,,,,,,,,,,,,,,,,US87151X1019,SYM,SYM,,,0.8116504920352714,0.5151146360872731,0.5621993140361803,1606400.0,67243904.98046875,50.12027498245239,-0.16480903935568658,bull,0.07434263101572625,bull,0.12242522206423057,2026-10-08,-0.047296110351892406,Industrials,Specialty Industrial Machinery,United States,,-3.3479582474307157,-39.183496299915554,0.0,stock,S1 Hardware,pillar,85.0,manual thematic assignment after stack redesign,"robotics, automation, devices"
TER,TERADYNE INC.,TER,396.625,USD,174.82245272216605,0.0,0.0,Seitwärts,0.0,0.0,72.8,86.1,Zyklus-Hoch,19.73,10.131,17.0,276822624.0,47649693696.0,3190023936.0,0.58,43.9,17.37,61.27,1.757,105.27,"[87.8, 39.46, 0.0, 13.9, 5.44]",38.050655,36.2,LOW,"{""coverage"": 0.5714285714285714, ""confluence"": 0.6, ""risk_clean"": 0.0, ""regime_align"": 0.0, ""liquidity"": 0.6912751677852349, ""weights"": {""coverage"": 0.25, ""confluence"": 0.25, ""risk_clean"": 0.2, ""regime_align"": 0.2, ""liquidity"": 0.1}}",US8807701029,TER,TER,Hardware 💻,239.62,0.7730348482262526,0.5369988273494334,0.3398437354578995,2442438.2,968732051.075,339.4728643798828,0.16835553476274856,bull,0.07434263101572625,bull,0.12242522206423057,2026-10-08,0.12933256100110668,Technology,Semiconductor Equipment & Materials,United States,USD,-3.6803630152564937,174.82245272216605,0.0,stock,S1 Hardware,pillar,85.0,manual thematic assignment after stack redesign,"robotics, automation, devices"
YASKY,YASKAWA EL. CORP.,YASKY,59.56999969482422,USD,22.951493822040803,0.0,0.0,Seitwärts,0.0,0.0,55.7,68.1,Zyklus-neutral,0.0,24.901,129.0,0.0,101908422656.0,539219984384.0,0.0,0.0,6.87,6.87,2.139,0.0,"[0.0, 0.0, 0.0, 31.91, 25.0]",0.0,21.1,LOW,"{""coverage"": 0.5714285714285714, ""confluence"": 0.0, ""risk_clean"": 0.3333333333333333, ""regime_align"": 0.0, ""liquidity"": 0.01342281879194629, ""weights"": {""coverage"": 0.25, ""confluence"": 0.25, ""risk_clean"": 0.2, ""regime_align"": 0.2, ""liquidity"": 0.1}}",US9850871057,YASKY,YASKY,Hardware 💻,66.06,0.540261034564763,0.356877514797626,0.42090398186059197,15479.95,922140.6167758942,67.5713198852539,-0.11841296283714908,bull,0.07434263101572625,bull,0.12242522206423057,2026-10-08,-0.2193189005326185,Industrials,Electrical Equipment & Parts,Japan,USD,-4.6422306214359725,22.951493822040803,0.0,stock,S1 Hardware,pillar,85.0,manual thematic assignment after stack redesign,"robotics, automation, devices"
000660.KS,SK hynix Inc.,000660.KS,1723000.0,KRW,303.75677754990465,,,,,,,,,,,,,,,,,,,,,,,,,,KR7000660001,000660.KS,000660.KS,,,0.9120998255738593,0.5962680208869453,0.5471051921241235,3203760.05,5520078566150.0,1429498.754375,0.20531759452516862,bull,0.07434263101572625,bull,0.12242522206423057,2026-10-08,-0.25813974506103676,Technology,Semiconductors,South Korea,KRW,-2.820078962210937,303.75677754990465,,stock,S2 Gehirn,pillar,85.0,manual thematic assignment after stack redesign,"ai, semis, software"
005930.KS,"Samsung Electronics Co., Ltd.",005930.KS,268500.0,KRW,186.71804198807527,,,,,,,,,,,,,,,,,,,,,,,,,,KR7005930003,005930.KS,005930.KS,,,0.7627288166086184,0.5059270683723683,0.42833575022000525,17035225.15,4573957952775.0,227978.30921875,0.17774362359345597,bull,0.07434263101572625,bull,0.12242522206423057,2026-10-08,-0.1073365653016497,Technology,Semiconductors,South Korea,KRW,-1.2867647058823484,186.71804198807527,,stock,S2 Gehirn,pillar,85.0,manual thematic assignment after stack redesign,"ai, semis, software"
0700.HK,TENCENT HLDGS,0700.HK,420.6000061035156,HKD,-36.96290576677252,0.0,0.0,Seitwärts,0.0,0.0,60.8,13.1,Zyklus-Tief,19.83,32.47,82.0,129573249024.0,5078710222848.0,729841008640.0,2.55,15.4,29.86,45.26,1.356,24.22,"[30.8, 39.66, 0.0, 86.9, 36.1]",15.502593,39.9,LOW,"{""coverage"": 0.5714285714285714, ""confluence"": 0.4, ""risk_clean"": 0.3333333333333333, ""regime_align"": 0.0, ""liquidity"": 0.8993288590604027, ""weights"": {""coverage"": 0.25, ""confluence"": 0.25, ""risk_clean"": 0.2, ""regime_align"": 0.2, ""liquidity"": 0.1}}",KYG875721634,0700.HK,0700.HK,Gehirn,607.0,0.3329931165218501,0.1877629636959509,0.38327486861892746,20067568.4,8440419391.5227165,493.067459564209,-0.14697269522661816,bull,0.07434263101572625,bull,0.12242522206423057,2026-10-08,-0.14084744920556602,Communication Services,Internet Content & Information,China,HKD,-1.7748729301392596,-36.96290576677252,0.0,stock,S2 Gehirn,pillar,85.0,manual thematic assignment after stack redesign,"ai, semis, software"
0700.HK,Tencent Holdings Limited,0700.HK,420.6000061035156,HKD,-36.96290576677252,0.0,0.0,Seitwärts,0.0,0.0,60.8,13.1,Zyklus-Tief,19.83,32.47,82.0,129573249024.0,5078710222848.0,729841008640.0,2.55,15.4,29.86,45.26,1.356,24.22,"[30.8, 39.66, 0.0, 86.9, 36.1]",15.502593,39.9,LOW,"{""coverage"": 0.5714285714285714, ""confluence"": 0.4, ""risk_clean"": 0.3333333333333333, ""regime_align"": 0.0, ""liquidity"": 0.8993288590604027, ""weights"": {""coverage"": 0.25, ""confluence"": 0.25, ""risk_clean"": 0.2, ""regime_align"": 0.2, ""liquidity"": 0.1}}",KYG875721634,0700.HK,0700.HK,Gehirn,607.0,0.3329931165218501,0.1877629636959509,0.38327486861892746,20067568.4,8440419391.5227165,493.067459564209,-0.14697269522661816,bull,0.07434263101572625,bull,0.12242522206423057,2026-10-08,-0.14084744920556602,Communication Services,Internet Content & Information,China,HKD,-1.7748729301392596,-36.96290576677252,0.0,stock,S2 Gehirn,pillar,85.0,manual thematic assignment after stack redesign,"ai, semis, software"
8035.T,Tokyo Electron Limited,8035.T,12500.0,JPY,123.24716312591724,,,,,,,,,,,,,,,,,,,,,,,,,,JP3571400005,8035.T,8035.T,,,0.5712687345523529,0.3512551361355822,0.3654822097306196,15457665.0,193220812500.0,9745.351203613282,0.28266285522530765,bull,0.07434263101572625,bull,0.12242522206423057,2026-10-08,-0.15903666049752962,Technology,Semiconductor Equipment & Materials,Japan,JPY,-2.3818820773135463,123.24716312591724,,stock,S2 Gehirn,pillar,85.0,manual thematic assignment after stack redesign,"ai, semis, software"
9888.HK,"Baidu, Inc. Class A",9888.HK,84.75,,-37.22222222222222,,,,,,,,,,,,,,,,,,,,,,,,,,KYG070341048,9888.HK,9888.HK,,,0.4619948762213464,0.28827904559526973,0.48161995670877145,13758431.5,1166027069.625,116.97674983978271,-0.27549705290942095,bull,0.07434263101572625,bull,0.12242522206423057,2026-10-08,-0.2956816594636502,Communication Services,Internet Content & Information,China,,-1.6250742902869875,-37.22222222222222,0.0,stock,S2 Gehirn,pillar,85.0,manual thematic assignment after stack redesign,"ai, semis, software"
9988.HK,Alibaba Group Holding Limited,9988.HK,105.4000015258789,,-40.58655971006046,,,,,,,,,,,,,,,,,,,,,,,,,,KYG017191142,9988.HK,9988.HK,,,0.44154776471647894,0.2432007574065588,0.4954930902307454,54729336.1,5768472108.450339,127.86592720031739,-0.1756990792335389,bull,0.07434263101572625,bull,0.12242522206423057,2026-10-08,-0.060577387849738984,Consumer Cyclical,Internet Retail,Hong Kong,,-2.5877962119561504,-40.58655971006046,0.0,stock,S2 Gehirn,pillar,85.0,manual thematic assignment after stack redesign,"ai, semis, software"
AMAT,"Applied Materials, Inc.",AMAT,511.0799865722656,USD,136.2681301395108,,,,,,,,,,,,,,,,,,,,,,,,,,US0382221051,AMAT,AMAT,,,0.5947510158181546,0.37386722728073707,0.4248628346251607,6115833.6,3125680154.1662107,432.412241973877,0.1819276536651364,bull,0.07434263101572625,bull,0.12242522206423057,2026-10-08,-0.14468013051382178,Technology,Semiconductor Equipment & Materials,United States,USD,-1.838094188618733,136.2681301395108,,stock,S2 Gehirn,pillar,85.0,manual thematic assignment after stack redesign,"ai, semis, software"
AMKR,"Amkor Technology, Inc.",AMKR,51.03499984741211,,67.88868776826888,,,,,,,,,,,,,,,,,,,,,,,,,,US0316521006,AMKR,AMKR,,,0.7875950027557483,0.5490171833823416,0.543238922412152,3610749.6,184274605.28504333,57.384018402099606,-0.11064088454382615,bull,0.07434263101572625,bull,0.12242522206423057,2026-10-08,-0.259885230187889,Technology,Semiconductor Equipment & Materials,United States,,-2.362733115622395,67.88868776826888,0.0,stock,S2 Gehirn,pillar,85.0,manual thematic assignment after stack redesign,"ai, semis, software"
AMZN,AMAZON.COM,AMZN,254.625,USD,13.056122289281769,0.0,0.0,Seitwärts,0.0,0.0,47.3,1.3,Zyklus-Tief,22.29,43.435,0.0,23793125376.0,2277217140736.0,716923994112.0,1.04,13.6,10.83,24.43,1.051,66.62,"[27.2, 44.58, 0.0, 98.71, 32.39]",22.206844,34.9,LOW,"{""coverage"": 0.5714285714285714, ""confluence"": 0.2, ""risk_clean"": 0.3333333333333333, ""regime_align"": 0.0, ""liquidity"": 0.8926174496644296, ""weights"": {""coverage"": 0.25, ""confluence"": 0.25, ""risk_clean"": 0.2, ""regime_align"": 0.2, ""liquidity"": 0.1}}",US0231351067,AMZN,AMZN,E-Commerce,244.38,0.3449363358252527,0.18218586929966435,0.2173622311569574,35704480.7,9091253398.237501,241.984375,0.05223736036675919,bull,0.07434263101572625,bull,0.12242522206423057,2026-10-08,-0.0042839542621544435,Consumer Cyclical,Internet Retail,United States,USD,-2.0371703424855947,13.056122289281769,0.0,stock,S2 Gehirn,pillar,85.0,manual thematic assignment after stack redesign,"ai, semis, software"
APLD,Applied Digital,APLD,23.06730079650879,USD,-17.439869879777646,0.0,0.0,Seitwärts,0.0,0.0,66.8,50.9,Zyklus-neutral,-7.9,125.912,0.0,-1606530304.0,11793511424.0,263986000.0,-13.62,250.1,-47.35,202.75,4.823,67.1,"[100.0, 0.0, 0.0, 49.06, 56.34]",-41.865925,50.0,MED,{},US0381692070,APLD,APLD,Tech 💻,,1.0293402884524527,0.547322821387011,0.5354018109247087,20169362.5,465252751.6613245,32.10653653144836,-0.2815387989945798,bull,0.07434263101572625,bull,0.12242522206423057,2026-10-08,-0.23402517123966715,Technology,Information Technology Services,United States,USD,-3.119272096145753,-17.439869879777646,0.0,stock,S2 Gehirn,pillar,85.0,manual thematic assignment after stack redesign,"ai, semis, software"
ASML,ASML HOLDING,ASML,1785.2100830078125,USD,81.91439347391842,0.0,0.0,Seitwärts,0.0,0.0,73.9,35.5,Zyklus-neutral,50.46,13.813,62.0,12685974528.0,535751229440.0,32667299840.0,2.37,4.9,29.42,34.32,1.262,18.74,"[9.8, 100.0, 0.0, 64.53, 12.03]",31.993082,39.1,LOW,"{""coverage"": 0.5714285714285714, ""confluence"": 0.4, ""risk_clean"": 0.3333333333333333, ""regime_align"": 0.0, ""liquidity"": 0.8120805369127517, ""weights"": {""coverage"": 0.25, ""confluence"": 0.25, ""risk_clean"": 0.2, ""regime_align"": 0.2, ""liquidity"": 0.1}}",NL0010273215,ASML,ASML,Gehirn,1466.93,0.46345840145953393,0.2751506448353555,0.2195313939004605,1396058.55,2492257799.9292665,1555.3183221435547,0.14781010265951133,bull,0.07434263101572625,bull,0.12242522206423057,2026-10-08,0.0017561944341959457,Technology,Semiconductor Equipment & Materials,Netherlands,USD,-1.0942003344733164,81.91439347391842,0.0,stock,S2 Gehirn,pillar,85.0,manual thematic assignment after stack redesign,"ai, semis, software"
ASX,"ASE Technology Holding Co., Ltd.",ASX,44.9900016784668,,283.15837350672155,,,,,,,,,,,,,,,,,,,,,,,,,,US00215W1009,ASX,ASX,,,0.5659937184312434,0.3614367463687384,0.303345400370175,6541790.45,294315163.32567805,31.118778662681578,0.44575088136154717,bull,0.07434263101572625,bull,0.12242522206423057,2026-10-08,0.07535868459766726,Technology,Semiconductors,Taiwan,,-1.6826850334565435,283.15837350672155,0.0,stock,S2 Gehirn,pillar,85.0,manual thematic assignment after stack redesign,"ai, semis, software"
BIDU,BAIDU INC,BIDU,83.1500015258789,USD,-39.702679328400805,0.0,0.0,Seitwärts,0.0,0.0,65.8,26.0,Zyklus-neutral,3.08,33.81,0.0,21750999040.0,396094570496.0,130462998528.0,5.49,-7.1,6.9,-0.2,1.907,23.06,"[0.0, 6.16, 0.0, 73.98, 26.0]",17.818422,26.7,LOW,"{""coverage"": 0.5714285714285714, ""confluence"": 0.0, ""risk_clean"": 0.3333333333333333, ""regime_align"": 0.0, ""liquidity"": 0.5771812080536913, ""weights"": {""coverage"": 0.25, ""confluence"": 0.25, ""risk_clean"": 0.2, ""regime_align"": 0.2, ""liquidity"": 0.1}}",US0567521085,BIDU,BIDU,Tech 💻,158.08,0.4860559732161598,0.31416592297269397,0.48837066613362934,2230673.6,185480513.2437378,119.11710018157959,-0.30194739966699324,bull,0.07434263101572625,bull,0.12242522206423057,2026-10-08,-0.3005523934416532,Communication Services,Internet Content & Information,China,USD,-2.5205175251568734,-39.702679328400805,0.0,stock,S2 Gehirn,pillar,85.0,manual thematic assignment after stack redesign,"ai, semis, software"
DVLT,Datavault AI Inc.,DVLT,0.147599995136261,USD,-93.7721518032292,0.0,0.0,Seitwärts,0.0,0.0,44.8,71.3,Zyklus-neutral,-165.72,29.069,0.0,-28070000.0,238018480.0,6170000.0,-11.79,147.8,0.0,147.8,0.684,3.15,"[100.0, 0.0, 0.0, 28.75, 100.0]",0.0,21.6,LOW,"{""coverage"": 0.5714285714285714, ""confluence"": 0.2, ""risk_clean"": 0.0, ""regime_align"": 0.0, ""liquidity"": 0.22818791946308725, ""weights"": {""coverage"": 0.25, ""confluence"": 0.25, ""risk_clean"": 0.2, ""regime_align"": 0.2, ""liquidity"": 0.1}}",US86633R6099,DVLT,DVLT,Tech 💻,,1.7222685448400394,0.829991791024976,0.9568421076480774,51013425.2,7529581.311404014,0.525088000819087,-0.7189042695585899,bull,0.07434263101572625,bull,0.12242522206423057,2026-10-08,-0.6121479475265508,Technology,Software - Infrastructure,United States,USD,-1.6000071525570925,-93.7721518032292,0.0,stock,S2 Gehirn,pillar,85.0,manual thematic assignment after stack redesign,"ai, semis, software"
GOOGL,ALPHABET INC.A,GOOGL,347.2900085449219,USD,42.34045375463944,0.0,0.0,Seitwärts,0.0,0.0,75.0,4.9,Zyklus-Tief,35.71,16.133,26.0,38088376320.0,3794015354880.0,402835996672.0,1.0,18.0,32.81,50.81,2.005,81.35,"[36.0, 71.42, 0.0, 95.07, 21.4]",23.884943,40.1,LOW,"{""coverage"": 0.5714285714285714, ""confluence"": 0.4, ""risk_clean"": 0.3333333333333333, ""regime_align"": 0.0, ""liquidity"": 0.9194630872483222, ""weights"": {""coverage"": 0.25, ""confluence"": 0.25, ""risk_clean"": 0.2, ""regime_align"": 0.2, ""liquidity"": 0.1}}",US02079K3059,GOOGL,GOOGL,Gehirn,335.67,0.3167916938648957,0.18796863560264468,0.21047200943300937,26185932.7,9094112791.13975,339.4509902954102,0.023093225454106747,bull,0.07434263101572625,bull,0.12242522206423057,2026-10-08,-0.048037059602932364,Communication Services,Internet Content & Information,United States,USD,-0.9158320841877621,42.34045375463944,0.0,stock,S2 Gehirn,pillar,85.0,manual thematic assignment after stack redesign,"ai, semis, software"
IFX.DE,INFINEON TECH.,IFX.DE,58.900001525878906,EUR,79.5318374247977,0.0,0.0,Seitwärts,0.0,0.0,57.6,40.9,Zyklus-neutral,5.71,41.673,83.0,1671250048.0,61230231552.0,14899999744.0,2.73,7.0,6.88,13.88,1.721,55.03,"[14.0, 11.42, 0.0, 59.12, 22.1]",18.915174,25.4,LOW,"{""coverage"": 0.5714285714285714, ""confluence"": 0.0, ""risk_clean"": 0.3333333333333333, ""regime_align"": 0.0, ""liquidity"": 0.4429530201342282, ""weights"": {""coverage"": 0.25, ""confluence"": 0.25, ""risk_clean"": 0.2, ""regime_align"": 0.2, ""liquidity"": 0.1}}",DE0006231004,IFX.DE,IFX.DE,Gehirn,42.32,0.5380684848331926,0.32781253866690413,0.3859090805053711,3952571.55,232806470.32614553,56.07275936126709,0.05042095657173551,bull,0.07434263101572625,bull,0.12242522206423057,2026-10-08,-0.196857832224959,Technology,Semiconductors,Germany,EUR,-3.3634113394581666,79.5318374247977,0.0,stock,S2 Gehirn,pillar,85.0,manual thematic assignment after stack redesign,"ai, semis, software"
JD,JD.COM ADR,JD,26.860000610351562,USD,-20.475763826214198,0.0,0.0,Seitwärts,0.0,0.0,39.9,39.2,Zyklus-neutral,11.72,36.821,353.0,-13451249664.0,68616331264.0,1303786946560.0,-19.6,14.9,2.47,17.37,1.198,15.54,"[29.8, 23.44, 0.0, 60.83, 42.95]",9.074207,26.1,LOW,"{""coverage"": 0.5714285714285714, ""confluence"": 0.0, ""risk_clean"": 0.3333333333333333, ""regime_align"": 0.0, ""liquidity"": 0.5167785234899329, ""weights"": {""coverage"": 0.25, ""confluence"": 0.25, ""risk_clean"": 0.2, ""regime_align"": 0.2, ""liquidity"": 0.1}}",US47215P1066,JD,JD,E-Commerce,29.49,0.30789220319056104,0.17994806666035273,0.2738707797854134,5863112.05,157483193.2415596,28.48725425720215,-0.05712216530798808,bull,0.07434263101572625,bull,0.12242522206423057,2026-10-08,-0.10380677670329741,Consumer Cyclical,Internet Retail,China,USD,-0.6289310838898166,-20.475763826214198,0.0,stock,S2 Gehirn,pillar,85.0,manual thematic assignment after stack redesign,"ai, semis, software"
KLAC,KLA Corporation,KLAC,197.1999969482422,,86.58543091027701,,,,,,,,,,,,,,,,,,,,,,,,,,US4824801009,KLAC,KLAC,,,0.6045730686354122,0.441426682753386,0.44466815138541516,8787306.75,1732856864.283268,179.07565795898438,0.1012105117793789,bull,0.07434263101572625,bull,0.12242522206423057,2026-10-08,-0.14557028867123345,Technology,Semiconductor Equipment & Materials,United States,,0.18797699219912367,86.58543091027701,0.0,stock,S2 Gehirn,pillar,85.0,manual thematic assignment after stack redesign,"ai, semis, software"
LRCX,Lam Research Corporation,LRCX,322.5,,127.29734987741637,,,,,,,,,,,,,,,,,,,,,,,,,,US5128073062,LRCX,LRCX,,,0.6455127702506853,0.39413798710010234,0.41764934428507483,9129249.1,2944182834.75,278.00552322387693,0.16004889492893937,bull,0.07434263101572625,bull,0.12242522206423057,2026-10-08,-0.055314171722506744,Technology,Semiconductor Equipment & Materials,United States,,-2.1274041934601917,127.29734987741637,0.0,stock,S2 Gehirn,pillar,85.0,manual thematic assignment after stack redesign,"ai, semis, software"
MELI,MercadoLibre Inc.,MELI,1857.300048828125,USD,-14.798446694409762,0.0,0.0,Seitwärts,0.0,0.0,50.3,20.4,Zyklus-neutral,40.65,159.296,0.0,-4066249984.0,108489015296.0,26193000448.0,-3.75,39.5,7.93,47.43,1.174,84.75,"[79.0, 81.3, 0.0, 79.65, 27.28]",33.958015,38.1,LOW,"{""coverage"": 0.5714285714285714, ""confluence"": 0.4, ""risk_clean"": 0.3333333333333333, ""regime_align"": 0.0, ""liquidity"": 0.7114093959731543, ""weights"": {""coverage"": 0.25, ""confluence"": 0.25, ""risk_clean"": 0.2, ""regime_align"": 0.2, ""liquidity"": 0.1}}",US58733R1023,MELI,MELI,Konsum 🥨,,0.41391228799899005,0.3151016227243155,0.3447830138619993,688515.7,1278780243.2289305,1835.7970001220704,0.01171319525232084,bull,0.07434263101572625,bull,0.12242522206423057,2026-10-08,-0.03921755225773338,Consumer Cyclical,Internet Retail,Uruguay,USD,-0.8265776133122182,-14.798446694409762,0.0,stock,S2 Gehirn,pillar,85.0,manual thematic assignment after stack redesign,"ai, semis, software"
META,META PLATFORMS INC,META,718.5599975585938,USD,0.43983908996008125,0.0,0.0,Seitwärts,0.0,0.0,47.0,39.9,Zyklus-neutral,30.24,39.164,31.0,23432374272.0,1700112498688.0,200965996544.0,1.38,23.8,30.08,53.88,2.599,79.52,"[47.6, 60.48, 0.0, 60.14, 29.7]",18.803259,45.0,LOW,"{""coverage"": 0.5714285714285714, ""confluence"": 0.6, ""risk_clean"": 0.3333333333333333, ""regime_align"": 0.0, ""liquidity"": 0.9060402684563759, ""weights"": {""coverage"": 0.25, ""confluence"": 0.25, ""risk_clean"": 0.2, ""regime_align"": 0.2, ""liquidity"": 0.1}}",US30303M1027,META,META,Tech 💻,673.89,0.41907298084005784,0.29202737728304007,0.29942768814821386,21574287.95,15502420296.680399,628.8748904418945,0.142612001973365,bull,0.07434263101572625,bull,0.12242522206423057,2026-10-08,0.06114958544695237,Communication Services,Internet Content & Information,United States,USD,-0.38125078112155597,0.43983908996008125,0.0,stock,S2 Gehirn,pillar,85.0,manual thematic assignment after stack redesign,"ai, semis, software"
MSFT,MICROSOFT DL,MSFT,519.85498046875,USD,-0.13675745998812383,0.0,0.0,Seitwärts,0.0,0.0,53.6,43.2,Zyklus-neutral,34.39,31.539,88.0,53640626176.0,3102605836288.0,305453006848.0,1.73,16.7,39.04,55.74,1.386,76.1,"[33.4, 68.78, 0.0, 56.83, 36.18]",21.908993,40.2,LOW,"{""coverage"": 0.5714285714285714, ""confluence"": 0.4, ""risk_clean"": 0.3333333333333333, ""regime_align"": 0.0, ""liquidity"": 0.9261744966442953, ""weights"": {""coverage"": 0.25, ""confluence"": 0.25, ""risk_clean"": 0.2, ""regime_align"": 0.2, ""liquidity"": 0.1}}",US5949181045,MSFT,MSFT,Gehirn,481.15,0.3277335482855634,0.20649374870081103,0.3449839013222916,21797587.15,11331584242.129126,432.42475296020507,0.20218599168995977,bull,0.07434263101572625,bull,0.12242522206423057,2026-10-08,0.2982271170846811,Technology,Software - Infrastructure,United States,USD,-1.8697200834878358,-0.13675745998812383,0.0,stock,S2 Gehirn,pillar,85.0,manual thematic assignment after stack redesign,"ai, semis, software"
MU,MICRON TECHNOLOGY INC,MU,1042.5870361328125,USD,430.9895710692486,0.0,0.0,Seitwärts,0.0,0.0,76.3,0.0,Zyklus-Tief,22.55,21.244,12.0,444249984.0,422271320064.0,42311999488.0,0.11,56.7,28.15,84.85,2.46,83.37,"[100.0, 45.1, 0.0, 100.0, 21.56]",8.597669,38.4,LOW,"{""coverage"": 0.5714285714285714, ""confluence"": 0.6, ""risk_clean"": 0.0, ""regime_align"": 0.0, ""liquidity"": 0.912751677852349, ""weights"": {""coverage"": 0.25, ""confluence"": 0.25, ""risk_clean"": 0.2, ""regime_align"": 0.2, ""liquidity"": 0.1}}",US5951121038,MU,MU,Tech 💻,414.04,0.8123636857434408,0.4707265478704787,0.3909541844002312,25268083.8,26344176597.797535,697.8398999023437,0.49402038530429815,bull,0.07434263101572625,bull,0.12242522206423057,2026-10-08,0.07882404469345983,Technology,Semiconductors,United States,USD,-4.173985649557677,430.9895710692486,0.0,stock,S2 Gehirn,pillar,85.0,manual thematic assignment after stack redesign,"ai, semis, software"
NVDA,NVIDIA CORP.,NVDA,230.47000122070312,USD,22.162843221212224,0.0,0.0,Seitwärts,0.0,0.0,60.0,73.6,Zyklus-neutral,107.36,9.102,2.0,53282873344.0,4531735756800.0,187141996544.0,1.18,62.5,53.01,115.51,4.468,69.59,"[100.0, 100.0, 0.0, 26.36, 30.04]",24.441496,45.4,LOW,"{""coverage"": 0.5714285714285714, ""confluence"": 0.6, ""risk_clean"": 0.3333333333333333, ""regime_align"": 0.0, ""liquidity"": 0.9463087248322147, ""weights"": {""coverage"": 0.25, ""confluence"": 0.25, ""risk_clean"": 0.2, ""regime_align"": 0.2, ""liquidity"": 0.1}}",US67066G1040,NVDA,NVDA,Gehirn,186.47,0.378209343996267,0.22528149460450067,0.20214384555482312,106729538.55,24597956879.90358,201.59875144958497,0.14321145127894397,bull,0.07434263101572625,bull,0.12242522206423057,2026-10-08,0.09976866829056075,Technology,Semiconductors,United States,USD,-2.9477407521020904,22.162843221212224,0.0,stock,S2 Gehirn,pillar,85.0,manual thematic assignment after stack redesign,"ai, semis, software"
NXP,NXP SEMICONDUCTORS NV,NXP,13.029999732971191,USD,-6.033365820257464,0.0,0.0,Seitwärts,0.0,0.0,48.7,100.0,Zyklus-Hoch,1.13,100.0,446.0,0.0,741452096.0,34414504.0,0.0,9.1,24.21,33.31,4.03,15.78,"[18.2, 2.26, 0.0, 0.0, 25.0]",0.0,26.6,LOW,"{""coverage"": 0.5714285714285714, ""confluence"": 0.2, ""risk_clean"": 0.3333333333333333, ""regime_align"": 0.0, ""liquidity"": 0.06040268456375841, ""weights"": {""coverage"": 0.25, ""confluence"": 0.25, ""risk_clean"": 0.2, ""regime_align"": 0.2, ""liquidity"": 0.1}}",NL0009538784,NXP,NXP,Tech 💻,13.93,0.09016554101040528,0.06708481368205721,0.0974753612974073,362905.35,4728656.613593817,13.927170958518982,-0.06441877020250175,bull,0.07434263101572625,bull,0.12242522206423057,2026-10-08,-0.11537350452809225,Financial Services,Asset Management,United States,USD,-0.7616175216917376,-6.033365820257464,0.0,stock,S2 Gehirn,pillar,85.0,manual thematic assignment after stack redesign,"ai, semis, software"
ON,ON SEMICOND.,ON,79.58999633789062,USD,56.426876311067865,56.36,1.76,BUY,66.86,79.21,59.9,88.0,Zyklus-Hoch,1.5,39.064,0.0,1250724992.0,27005202432.0,5995400192.0,4.63,-11.2,2.02,-9.18,4.522,109.63,"[0.0, 3.0, 0.0, 31.95, 17.06]",16.742908,,,,US6821891057,ON,ON,Gehirn,63.03,0.635494336040743,0.4604539686878979,0.5027252884621081,12287112.65,977931250.8167496,81.03939992904662,-0.017885171810563927,bull,0.07434263101572625,bull,0.12242522206423057,2026-10-08,-0.15314966794545226,Technology,Semiconductors,United States,USD,-3.538971909755484,56.426876311067865,0.0,stock,S2 Gehirn,pillar,85.0,manual thematic assignment after stack redesign,"ai, semis, software"
ON,ON SEMICONDUCTOR CORP,ON,79.58999633789062,USD,56.426876311067865,56.36,1.76,BUY,66.86,79.21,59.9,88.0,Zyklus-Hoch,1.5,39.064,0.0,1250724992.0,27005202432.0,5995400192.0,4.63,-11.2,2.02,-9.18,4.522,109.63,"[0.0, 3.0, 0.0, 31.95, 17.06]",16.742908,,,,US6821891057,ON,ON,Tech 💻,63.03,0.635494336040743,0.4604539686878979,0.5027252884621081,12287112.65,977931250.8167496,81.03939992904662,-0.017885171810563927,bull,0.07434263101572625,bull,0.12242522206423057,2026-10-08,-0.15314966794545226,Technology,Semiconductors,United States,USD,-3.538971909755484,56.426876311067865,0.0,stock,S2 Gehirn,pillar,85.0,manual thematic assignment after stack redesign,"ai, semis, software"
ORCL,ORACLE CORP,ORCL,136.07000732421875,USD,-52.31927381655878,0.0,0.0,Seitwärts,0.0,0.0,47.1,57.0,Zyklus-neutral,69.03,432.511,125.0,-10208000000.0,571854749696.0,61015998464.0,-1.79,14.2,25.28,39.48,0.909,45.01,"[28.4, 100.0, 0.0, 42.99, 50.22]",20.229126,32.9,LOW,"{""coverage"": 0.5714285714285714, ""confluence"": 0.4, ""risk_clean"": 0.0, ""regime_align"": 0.0, ""liquidity"": 0.8657718120805369, ""weights"": {""coverage"": 0.25, ""confluence"": 0.25, ""risk_clean"": 0.2, ""regime_align"": 0.2, ""liquidity"": 0.1}}",US68389X1054,ORCL,ORCL,Tech 💻,174.77,0.567242775397902,0.3201154165250035,0.6290762078673806,32739285.45,4454834810.971189,161.38301151275635,-0.15685048848240613,bull,0.07434263101572625,bull,0.12242522206423057,2026-10-08,0.0005760756579367143,Technology,Software - Infrastructure,United States,USD,-5.2173240190520165,-52.31927381655878,0.0,stock,S2 Gehirn,pillar,85.0,manual thematic assignment after stack redesign,"ai, semis, software"
PLTR,PALANTIR TECHN.,PLTR,196.93499755859375,USD,7.286445945680842,0.0,0.0,Seitwärts,0.0,0.0,54.0,30.5,Zyklus-neutral,25.98,3.063,0.0,1260918400.0,326150029312.0,4475445760.0,0.39,70.0,36.31,106.31,7.11,60.57,"[100.0, 51.96, 0.0, 69.5, 4.56]",77.01267,38.1,LOW,"{""coverage"": 0.5714285714285714, ""confluence"": 0.6, ""risk_clean"": 0.0, ""regime_align"": 0.0, ""liquidity"": 0.8791946308724832, ""weights"": {""coverage"": 0.25, ""confluence"": 0.25, ""risk_clean"": 0.2, ""regime_align"": 0.2, ""liquidity"": 0.1}}",US69608A1088,PLTR,PLTR,Gehirn,167.47,0.6009969572689485,0.3516594963705664,0.4822376656276136,22550030.4,4440890181.770214,152.2465996170044,0.29352641079675146,bull,0.07434263101572625,bull,0.12242522206423057,2026-10-08,0.4805564733061667,Technology,Software - Infrastructure,United States,USD,1.4501352319254313,7.286445945680842,0.0,stock,S2 Gehirn,pillar,85.0,manual thematic assignment after stack redesign,"ai, semis, software"
SAP.DE,SAP SE O.N.,SAP.DE,184.6199951171875,EUR,-20.845951057415924,0.0,0.0,Seitwärts,0.0,0.0,35.8,68.8,Zyklus-neutral,16.46,17.84,134.0,7799625216.0,206661484544.0,36800000000.0,3.77,3.3,19.91,23.21,1.174,40.19,"[6.6, 32.92, 0.0, 31.24, 36.01]",20.883703,31.4,LOW,"{""coverage"": 0.5714285714285714, ""confluence"": 0.2, ""risk_clean"": 0.3333333333333333, ""regime_align"": 0.0, ""liquidity"": 0.5436241610738255, ""weights"": {""coverage"": 0.25, ""confluence"": 0.25, ""risk_clean"": 0.2, ""regime_align"": 0.2, ""liquidity"": 0.1}}",DE0007164600,SAP.DE,SAP.DE,Gehirn,195.54,0.40938423760075926,0.3105413072354868,0.46075256027080425,2110578.05,389654909.28544307,164.07397888183593,0.12522409936891066,bull,0.07434263101572625,bull,0.12242522206423057,2026-10-08,0.2781047541138413,Technology,Software - Application,Germany,EUR,-1.5989766965542218,-20.845951057415924,0.0,stock,S2 Gehirn,pillar,85.0,manual thematic assignment after stack redesign,"ai, semis, software"
SNOW,SNOWFLAKE INC. A,SNOW,340.67498779296875,USD,36.155620739243524,0.0,0.0,Seitwärts,0.0,0.0,48.8,55.9,Zyklus-neutral,-53.09,125.912,0.0,1285029632.0,61811384320.0,4386721792.0,2.08,28.7,-30.76,-2.06,1.367,76.66,"[57.4, 0.0, 0.0, 44.05, 1.67]",112.415726,32.8,LOW,"{""coverage"": 0.5714285714285714, ""confluence"": 0.2, ""risk_clean"": 0.3333333333333333, ""regime_align"": 0.0, ""liquidity"": 0.6845637583892618, ""weights"": {""coverage"": 0.25, ""confluence"": 0.25, ""risk_clean"": 0.2, ""regime_align"": 0.2, ""liquidity"": 0.1}}",US8334451098,SNOW,SNOW,Gehirn,212.77,0.6463469161523745,0.36717322425921445,0.5630006703868291,3935926.7,1340871780.4765198,230.32502479553222,0.4791053994041601,bull,0.07434263101572625,bull,0.12242522206423057,2026-10-08,0.2342375148951208,Technology,Software - Application,United States,USD,2.3509032735362423,36.155620739243524,0.0,stock,S2 Gehirn,pillar,85.0,manual thematic assignment after stack redesign,"ai, semis, software"
TSMN.MX,TAIWAN SEMICON.MANU.ADR/5,TSMN.MX,8280.0,MXN,48.740157853271306,65.66,2.45,BUY,6231.98,7734.88,62.8,81.8,Zyklus-Hoch,35.22,18.187,116.0,619089625088.0,159076159848448.0,3809054031872.0,0.39,20.5,45.1,65.6,2.618,16.13,"[41.0, 70.44, 0.0, 38.21, 25.0]",0.0,,,,US8740391003,TSMN.MX,TSMN.MX,Gehirn,5876.64,0.37243993306978807,0.23008010346492327,0.21477518008997998,2988.85,24747678.0,6838.356879882813,0.21081718100414393,bull,0.07434263101572625,bull,0.12242522206423057,2026-10-08,0.060729871762269294,Technology,Semiconductors,Taiwan,MXN,-2.645502645502651,48.740157853271306,0.0,stock,S2 Gehirn,pillar,85.0,manual thematic assignment after stack redesign,"ai, semis, software"
TTAN,ServiceTitan,TTAN,72.8499984741211,USD,-26.629068584560223,0.0,0.0,Seitwärts,0.0,0.0,38.4,26.4,Zyklus-neutral,-16.86,10.505,0.0,124609000.0,5720048128.0,916259008.0,2.18,25.0,-23.91,1.09,4.139,95.05,"[50.0, 0.0, 0.0, 73.56, 48.95]",58.844948,50.0,MED,{},US81764X1037,TTAN,TTAN,Tech 💻,,0.6471111253302306,0.5144451657992667,0.5082041410509157,3135077.45,228390387.44875145,74.41632482528686,-0.021048155157395332,bull,0.07434263101572625,bull,0.12242522206423057,2026-10-08,-0.12720385866592976,Technology,Software - Application,United States,USD,1.5472548695351085,-26.629068584560223,0.0,stock,S2 Gehirn,pillar,85.0,manual thematic assignment after stack redesign,"ai, semis, software"
ZETA,ZETA GLOBAL,ZETA,32.5,USD,64.39048683601452,83.39,8.58,BUY,24.9,31.9,46.3,24.7,Zyklus-neutral,-3.92,30.196,0.0,160941248.0,3953812480.0,1224702976.0,4.07,25.7,-1.86,23.84,3.011,83.76,"[51.4, 0.0, 0.0, 95.27, 53.49]",17.743103,,,,US98956A1051,ZETA,ZETA,Medien & Digitales 📱,20.1,0.6672424003037941,0.35926183113280347,0.4036885074504244,5757404.75,187115654.375,21.56910001754761,0.5067851682990725,bull,0.07434263101572625,bull,0.12242522206423057,2026-10-08,0.4521916716381411,Technology,Software - Infrastructure,United States,USD,-3.6751678031426316,64.39048683601452,0.0,stock,S2 Gehirn,pillar,85.0,manual thematic assignment after stack redesign,"ai, semis, software"
0857.HK,PETROCHINA CO.,0857.HK,9.585000038146973,HKD,42.2321311757514,0.0,0.0,Seitwärts,0.0,0.0,72.7,69.6,Zyklus-neutral,10.21,20.439,552.0,37757001728.0,1962411294720.0,2849543028736.0,1.92,2.3,5.55,7.85,1.148,26.73,"[4.6, 20.42, 0.0, 30.38, 21.24]",9.865313,27.6,LOW,"{""coverage"": 0.5714285714285714, ""confluence"": 0.0, ""risk_clean"": 0.3333333333333333, ""regime_align"": 0.0, ""liquidity"": 0.6644295302013423, ""weights"": {""coverage"": 0.25, ""confluence"": 0.25, ""risk_clean"": 0.2, ""regime_align"": 0.2, ""liquidity"": 0.1}}",CNE1000003W8,0857.HK,0857.HK,Energie,8.81,0.29463706128014616,0.20564145041605664,0.2736484957735713,67307564.2,645143005.4245799,9.370225236415862,0.02292098602885484,bull,0.07434263101572625,bull,0.12242522206423057,2026-10-08,0.05523536567233345,Energy,Oil & Gas Integrated,China,HKD,-0.8790076264358127,42.2321311757514,0.0,stock,S3 Energie,pillar,82.0,manual thematic assignment after stack redesign,"energy, grid, electrification"
3750.HK,CONT.AMPEREX (CATL),3750.HK,486.3999938964844,HKD,-15.01775746998495,0.0,0.0,Seitwärts,0.0,0.0,73.2,82.0,Zyklus-Hoch,22.14,37.135,22.0,48903442432.0,2110351081472.0,386039808000.0,2.32,12.9,16.52,29.42,1.684,57.34,"[25.8, 44.28, 0.0, 17.96, 23.92]",23.25123,38.4,LOW,"{""coverage"": 0.5714285714285714, ""confluence"": 0.4, ""risk_clean"": 0.3333333333333333, ""regime_align"": 0.0, ""liquidity"": 0.7449664429530202, ""weights"": {""coverage"": 0.25, ""confluence"": 0.25, ""risk_clean"": 0.2, ""regime_align"": 0.2, ""liquidity"": 0.1}}",CNE100006WS8,3750.HK,3750.HK,Energie,467.0,0.4493331036003869,0.2833407791562747,0.38681928789510855,2956863.55,1438218412.6727371,592.5492735290527,-0.17914000467906033,bull,0.07434263101572625,bull,0.12242522206423057,2026-10-08,-0.2716436759003653,Industrials,Electrical Equipment & Parts,China,HKD,-0.45026855905628826,-15.01775746998495,0.0,stock,S3 Energie,pillar,82.0,manual thematic assignment after stack redesign,"energy, grid, electrification"
ALB,ALBEMARLE CORP.,ALB,100.9800033569336,USD,11.394719535610797,0.0,0.0,Seitwärts,0.0,0.0,67.0,25.2,Zyklus-neutral,0.21,36.655,96.0,-155030256.0,24179556352.0,4946415104.0,-0.64,-3.5,-0.43,-3.93,2.273,93.0,"[0.0, 0.42, 0.0, 74.79, 0.0]",64.59475,20.4,LOW,"{""coverage"": 0.5714285714285714, ""confluence"": 0.0, ""risk_clean"": 0.0, ""regime_align"": 0.0, ""liquidity"": 0.610738255033557, ""weights"": {""coverage"": 0.25, ""confluence"": 0.25, ""risk_clean"": 0.2, ""regime_align"": 0.2, ""liquidity"": 0.1}}",US0126531013,ALB,ALB,Energie,194.95,0.573570689283531,0.33568575786437727,0.5288987786211505,2310818.45,233346454.8382641,153.8092293548584,-0.3434724055215226,bull,0.07434263101572625,bull,0.12242522206423057,2026-10-08,-0.22839122047392313,Basic Materials,Specialty Chemicals,United States,USD,-1.7226244701376237,11.394719535610797,0.0,stock,S3 Energie,pillar,82.0,manual thematic assignment after stack redesign,"energy, grid, electrification"
CCJ,CAMECO CORP.,CCJ,86.0,USD,-0.0493537811327438,0.0,0.0,Seitwärts,0.0,0.0,73.6,23.1,Zyklus-neutral,8.1,14.854,15.0,787334656.0,51645775872.0,3464176128.0,1.52,-14.7,15.18,0.48,2.991,70.09,"[0.0, 16.2, 0.0, 76.9, 0.0]",82.52247,25.2,LOW,"{""coverage"": 0.5714285714285714, ""confluence"": 0.2, ""risk_clean"": 0.0, ""regime_align"": 0.0, ""liquidity"": 0.5906040268456376, ""weights"": {""coverage"": 0.25, ""confluence"": 0.25, ""risk_clean"": 0.2, ""regime_align"": 0.2, ""liquidity"": 0.1}}",CA13321L1085,CCJ,CCJ,Energie,125.9,0.5567318996392454,0.3086063993473776,0.36930418372360896,3276825.75,281807014.5,105.68919986724853,-0.18629339508652965,bull,0.07434263101572625,bull,0.12242522206423057,2026-10-08,-0.0804253871729943,Energy,Uranium,Canada,USD,-3.4467269623249086,-0.0493537811327438,0.0,stock,S3 Energie,pillar,82.0,manual thematic assignment after stack redesign,"energy, grid, electrification"
CVX,CHEVRON CORP,CVX,211.47000122070312,USD,42.97055573029978,0.0,0.0,Seitwärts,0.0,0.0,61.0,80.8,Zyklus-Hoch,7.16,21.239,391.0,0.0,400448815104.0,186030997504.0,0.0,-6.0,6.61,0.61,1.0,68.9,"[0.0, 14.32, 0.0, 19.2, 14.89]",19.885374,28.9,LOW,"{""coverage"": 0.5714285714285714, ""confluence"": 0.0, ""risk_clean"": 0.3333333333333333, ""regime_align"": 0.0, ""liquidity"": 0.7919463087248322, ""weights"": {""coverage"": 0.25, ""confluence"": 0.25, ""risk_clean"": 0.2, ""regime_align"": 0.2, ""liquidity"": 0.1}}",US1667641005,CVX,CVX,Energie ⚡,168.91,0.2397324193682556,0.16116221976817166,0.2081099056422988,9371525.3,1981796466.6308503,185.40586708068847,0.14057879909847504,bull,0.07434263101572625,bull,0.12242522206423057,2026-10-08,0.13691464992388025,Energy,Oil & Gas Integrated,United States,USD,3.080676340359889,42.97055573029978,0.0,stock,S3 Energie,pillar,82.0,manual thematic assignment after stack redesign,"energy, grid, electrification"
ENR.DE,SIEMENS ENERGY,ENR.DE,142.5,EUR,32.01814859378509,10.5,0.0,Seitwärts,0.0,0.0,62.5,86.5,Zyklus-Hoch,0.0,72.403,752.0,0.0,1.0,28795244.0,0.0,0.0,-80.39,-80.39,0.247,14.27,"[0.0, 0.0, 0.0, 13.54, 25.0]",,,,,DE000ENER6Y0,ENR.DE,ENR.DE,Energie,142.2,0.502462017068104,0.32449397983760997,0.29293248526496385,1853664.6,264147205.5,153.79366775512696,-0.07343389308530535,bull,0.07434263101572625,bull,0.12242522206423057,2026-10-08,-0.08814941177567626,Industrials,Specialty Industrial Machinery,Germany,EUR,-0.7660209308923527,32.01814859378509,0.0,stock,S3 Energie,pillar,82.0,manual thematic assignment after stack redesign,"energy, grid, electrification"
ETN,Eaton Corporation plc,ETN,425.114990234375,USD,14.110619614010943,,,,,,,,,,,,,,,,,,,,,,,,,,IE00B8KQN827,ETN,ETN,Energie,,0.3947764309676181,0.27280293147838397,0.1832572876595594,2065073.45,877893679.530017,389.9030130004883,0.09030957971551401,bull,0.07434263101572625,bull,0.12242522206423057,2026-10-08,0.024002825542468686,Industrials,Electrical Equipment & Parts,Ireland,USD,-1.440891320188642,14.110619614010943,,stock,S3 Energie,pillar,86.0,manual gap-filling addition for grid and power management coverage,"energy, grid, electrification"
FLNC,FLUENCE ENER.,FLNC,7.235000133514404,USD,-51.63769976560394,0.0,0.0,Seitwärts,0.0,0.0,61.3,3.7,Zyklus-Tief,-14.46,82.778,0.0,-98396624.0,2566774016.0,2551276032.0,-3.83,154.4,-2.04,152.36,1.483,75.93,"[100.0, 0.0, 0.0, 96.3, 0.0]",87.467186,23.0,LOW,"{""coverage"": 0.5714285714285714, ""confluence"": 0.2, ""risk_clean"": 0.0, ""regime_align"": 0.0, ""liquidity"": 0.3691275167785235, ""weights"": {""coverage"": 0.25, ""confluence"": 0.25, ""risk_clean"": 0.2, ""regime_align"": 0.2, ""liquidity"": 0.1}}",US34379V1035,FLNC,FLNC,Experimente,29.21,1.2292067660059323,0.7278374209881623,0.7755196948100114,8499283.05,61492314.00152672,16.69707500934601,-0.5666905652957365,bull,0.07434263101572625,bull,0.12242522206423057,2026-10-08,-0.5566194688523207,Utilities,Utilities - Renewable,United States,USD,-5.67144639442726,-51.63769976560394,0.0,stock,S3 Energie,pillar,82.0,manual thematic assignment after stack redesign,"energy, grid, electrification"
FLNC,FLUENCE ENERGY INC,FLNC,7.235000133514404,USD,-51.63769976560394,0.0,0.0,Seitwärts,0.0,0.0,61.3,3.7,Zyklus-Tief,-14.46,82.778,0.0,-98396624.0,2566774016.0,2551276032.0,-3.83,154.4,-2.04,152.36,1.483,75.93,"[100.0, 0.0, 0.0, 96.3, 0.0]",87.467186,23.0,LOW,"{""coverage"": 0.5714285714285714, ""confluence"": 0.2, ""risk_clean"": 0.0, ""regime_align"": 0.0, ""liquidity"": 0.3691275167785235, ""weights"": {""coverage"": 0.25, ""confluence"": 0.25, ""risk_clean"": 0.2, ""regime_align"": 0.2, ""liquidity"": 0.1}}",US34379V1035,FLNC,FLNC,Energie ⚡,29.21,1.2292067660059323,0.7278374209881623,0.7755196948100114,8499283.05,61492314.00152672,16.69707500934601,-0.5666905652957365,bull,0.07434263101572625,bull,0.12242522206423057,2026-10-08,-0.5566194688523207,Utilities,Utilities - Renewable,United States,USD,-5.67144639442726,-51.63769976560394,0.0,stock,S3 Energie,pillar,82.0,manual thematic assignment after stack redesign,"energy, grid, electrification"
FSLR,FIRST SOLAR INC,FSLR,177.33999633789062,USD,-23.352206387838237,0.0,0.0,Seitwärts,0.0,0.0,59.4,31.0,Zyklus-neutral,16.86,9.893,0.0,168763744.0,23129389056.0,5050625024.0,0.73,79.7,27.73,107.43,1.91,103.86,"[100.0, 33.72, 0.0, 69.03, 32.13]",9.727635,30.1,LOW,"{""coverage"": 0.5714285714285714, ""confluence"": 0.4, ""risk_clean"": 0.0, ""regime_align"": 0.0, ""liquidity"": 0.5838926174496645, ""weights"": {""coverage"": 0.25, ""confluence"": 0.25, ""risk_clean"": 0.2, ""regime_align"": 0.2, ""liquidity"": 0.1}}",US3364331070,FSLR,FSLR,Energie,236.58,0.5495725720869146,0.36492090920093295,0.45919874120863613,2317157.05,410924622.76131743,222.5933511352539,-0.20330056835285293,bull,0.07434263101572625,bull,0.12242522206423057,2026-10-08,-0.23152771393829374,Technology,Solar,United States,USD,-1.5488860652265957,-23.352206387838237,0.0,stock,S3 Energie,pillar,82.0,manual thematic assignment after stack redesign,"energy, grid, electrification"
KEP,KOREA EL. PWR ADR 1/2,KEP,10.875,USD,-14.571874382883543,106.73,5.08,BUY,23.41,31.51,78.5,12.6,Zyklus-Tief,19.12,279.916,45.0,1394938609664.0,127486264344576.0,97275598602240.0,1.09,5.6,8.47,14.07,0.481,1.78,"[11.2, 38.24, 0.0, 100.0, 30.73]",3.3700979,,,,US5006311063,KEP,KEP,Energie,21.38,0.4879036978637151,0.29929281350875775,0.5335339520763491,780244.05,8485154.043750001,14.736475009918212,-0.26203518869467035,bull,0.07434263101572625,bull,0.12242522206423057,2026-10-08,-0.10278348373018753,Utilities,Utilities - Regulated Electric,South Korea,USD,-2.291106125956466,-14.571874382883543,0.0,stock,S3 Energie,pillar,82.0,manual thematic assignment after stack redesign,"energy, grid, electrification"
KEP,KOREA ELECTRIC POWER CORP,KEP,10.875,USD,-14.571874382883543,106.73,5.08,BUY,23.41,31.51,78.5,12.6,Zyklus-Tief,19.12,279.916,45.0,1394938609664.0,127486264344576.0,97275598602240.0,1.09,5.6,8.47,14.07,0.481,1.78,"[11.2, 38.24, 0.0, 100.0, 30.73]",3.3700979,,,,US5006311063,KEP,KEP,Energie ⚡,21.38,0.4879036978637151,0.29929281350875775,0.5335339520763491,780244.05,8485154.043750001,14.736475009918212,-0.26203518869467035,bull,0.07434263101572625,bull,0.12242522206423057,2026-10-08,-0.10278348373018753,Utilities,Utilities - Regulated Electric,South Korea,USD,-2.291106125956466,-14.571874382883543,0.0,stock,S3 Energie,pillar,82.0,manual thematic assignment after stack redesign,"energy, grid, electrification"
NEE,"NextEra Energy, Inc.",NEE,77.00499725341797,USD,-5.737690526493133,,,,,,,,,,,,,,,,,,,,,,,,,,US65339F1012,NEE,NEE,Energie,,0.2070001576831801,0.14051892452127063,0.21725826227279954,12746569.55,981549553.1882511,86.28002349853516,-0.10749911589065175,bull,0.07434263101572625,bull,0.12242522206423057,2026-10-08,-0.15601580496052214,Utilities,Utilities - Regulated Electric,United States,USD,-0.07137335442291004,-5.737690526493133,,stock,S3 Energie,pillar,84.0,manual gap-filling addition for power generation and utility exposure,"energy, grid, electrification"
OXY,OCCIDENTAL PET.,OXY,60.10499954223633,USD,36.10523184207122,41.42,1.07,BUY,46.95,51.24,47.2,75.7,Zyklus-neutral,5.96,62.221,206.0,3033125120.0,75094687744.0,26601000960.0,4.04,-7.7,8.17,0.47,0.935,51.31,"[0.0, 11.92, 0.0, 44.3, 7.41]",41.212414,,,,US6745991058,OXY,OXY,Energie,44.53,0.3531283039660059,0.22444552930604203,0.2729251994841223,9382182.75,563916089.8939276,53.98463680267334,0.11337230556786682,bull,0.07434263101572625,bull,0.12242522206423057,2026-10-08,0.06777613223722412,Energy,Oil & Gas E&P,United States,USD,3.25545522688242,36.10523184207122,0.0,stock,S3 Energie,pillar,82.0,manual thematic assignment after stack redesign,"energy, grid, electrification"
OXY,OCCIDENTAL PETROLEUM CORP,OXY,60.10499954223633,USD,36.10523184207122,41.42,1.07,BUY,46.95,51.24,47.2,75.7,Zyklus-neutral,5.96,62.221,206.0,3033125120.0,75094687744.0,26601000960.0,4.04,-7.7,8.17,0.47,0.935,51.31,"[0.0, 11.92, 0.0, 44.3, 7.41]",41.212414,,,,US6745991058,OXY,OXY,Energie ⚡,44.53,0.3531283039660059,0.22444552930604203,0.2729251994841223,9382182.75,563916089.8939276,53.98463680267334,0.11337230556786682,bull,0.07434263101572625,bull,0.12242522206423057,2026-10-08,0.06777613223722412,Energy,Oil & Gas E&P,United States,USD,3.25545522688242,36.10523184207122,0.0,stock,S3 Energie,pillar,82.0,manual thematic assignment after stack redesign,"energy, grid, electrification"
SU.PA,Schneider Electric S.E.,SU.PA,261.1000061035156,EUR,6.585922370040809,,,,,,,,,,,,,,,,,,,,,,,,,,FR0000121972,SU.PA,SU.PA,Energie,,0.351017031623505,0.23810016847572782,0.1815112442065665,1123926.55,293457229.06490326,265.93516273498534,-0.018181712345757495,bull,0.07434263101572625,bull,0.12242522206423057,2026-10-08,-0.06160373472985703,Industrials,Electrical Equipment & Parts,France,EUR,2.5731695043138547,6.585922370040809,,stock,S3 Energie,pillar,86.0,manual gap-filling addition for grid and electrification coverage,"energy, grid, electrification"
UEC,URANIUM ENERGY CORP,UEC,9.0600004196167,USD,-35.28571128845215,0.0,0.0,Seitwärts,0.0,0.0,65.3,15.0,Zyklus-Tief,-7.29,0.147,0.0,-61173248.0,7445595648.0,49750000.0,-0.82,0.0,-156.46,-156.46,27.716,85.09,"[0.0, 0.0, 92.65, 85.02, 0.0]",225.37932,19.0,LOW,"{""coverage"": 0.5714285714285714, ""confluence"": 0.0, ""risk_clean"": 0.0, ""regime_align"": 0.0, ""liquidity"": 0.4697986577181208, ""weights"": {""coverage"": 0.25, ""confluence"": 0.25, ""risk_clean"": 0.2, ""regime_align"": 0.2, ""liquidity"": 0.1}}",US9168961038,UEC,UEC,Mining ⛏️,19.25,0.791983003553261,0.46749489688184237,0.5511419942495426,10063297.7,91173481.38472776,12.979000015258789,-0.30194927121000925,bull,0.07434263101572625,bull,0.12242522206423057,2026-10-08,-0.1341600721881563,Energy,Uranium,United States,USD,-4.3294597238775605,-35.28571128845215,0.0,stock,S3 Energie,pillar,82.0,manual thematic assignment after stack redesign,"energy, grid, electrification"
XOM,EXXON MOBIL CORP,XOM,168.60000610351562,USD,52.15443688356727,42.59,0.0,BUY,125.93,136.59,68.0,91.8,Zyklus-Hoch,11.08,16.329,272.0,12923750400.0,673590607872.0,323904995328.0,1.92,-1.3,8.9,7.6,1.153,67.11,"[0.0, 22.16, 0.0, 28.24, 12.41]",18.14254,,,,US30231G1022,XOM,XOM,Energie ⚡,136.58,0.26032840196098517,0.17104811215289026,0.2011225721014881,13107765.45,2209969334.873451,148.67321029663086,0.13403084366798224,bull,0.07434263101572625,bull,0.12242522206423057,2026-10-08,0.14039368318719148,Energy,Oil & Gas Integrated,United States,USD,2.7735464596866155,52.15443688356727,0.0,stock,S3 Energie,pillar,82.0,manual thematic assignment after stack redesign,"energy, grid, electrification"
XSDG.F,SAMSUNG SDI,XSDG.F,93.5999984741211,EUR,206.88524089875767,49.13,3.73,BUY,59.4,74.42,60.6,36.7,Zyklus-neutral,-2.59,46.177,40.0,0.0,9084264775680.0,13266999836672.0,0.0,2.8,-4.89,-2.09,0.892,0.05,"[5.6, 0.0, 0.0, 83.25, 25.0]",0.0,,,,US7960542030,XSDG.F,XSDG.F,Energie,57.8,0.7552318146152374,0.47021550184285066,0.4524271696516611,3176.05,297278.27515373233,70.0690001487732,0.33582608964572036,bull,0.07434263101572625,bull,0.12242522206423057,2026-10-08,0.3589949568783313,Industrials,Electrical Equipment & Parts,South Korea,EUR,3.083695295436528,206.88524089875767,0.0,stock,S3 Energie,pillar,82.0,manual thematic assignment after stack redesign,"energy, grid, electrification"
YCA.L,YELLOW CAKE PLC,YCA.L,536.0,GBp,-4.456327985739749,0.0,0.0,Seitwärts,0.0,0.0,58.0,8.2,Zyklus-Tief,-0.45,100.0,0.0,-3478875.0,1350797696.0,5420000.0,-0.26,0.0,-153.91,-153.91,35.049,56.08,"[0.0, 0.0, 0.0, 91.83, 100.0]",-239.24458,28.0,LOW,"{""coverage"": 0.5714285714285714, ""confluence"": 0.0, ""risk_clean"": 0.3333333333333333, ""regime_align"": 0.0, ""liquidity"": 0.7046979865771812, ""weights"": {""coverage"": 0.25, ""confluence"": 0.25, ""risk_clean"": 0.2, ""regime_align"": 0.2, ""liquidity"": 0.1}}",JE00BF50RG45,YCA.L,YCA.L,Energie,679.0,0.32557452958066263,0.2020742224159654,0.2832409972299169,1398272.25,749473926.0,585.5975,-0.08469554600216012,bull,0.07434263101572625,bull,0.12242522206423057,2026-10-08,-0.015579254190292602,Energy,Uranium,Jersey,GBp,-2.2789425706472244,-4.456327985739749,0.0,stock,S3 Energie,pillar,82.0,manual thematic assignment after stack redesign,"energy, grid, electrification"
2899.HK,ZIJIN MINING,2899.HK,32.36000061035156,HKD,-2.869684885065238,0.0,0.0,Seitwärts,0.0,0.0,77.8,53.8,Zyklus-neutral,28.01,74.84,129.0,31392294912.0,1275161870336.0,327443021824.0,2.46,8.1,13.91,22.01,1.199,46.16,"[16.2, 56.02, 0.0, 46.24, 20.58]",16.63815,34.3,LOW,"{""coverage"": 0.5714285714285714, ""confluence"": 0.2, ""risk_clean"": 0.3333333333333333, ""regime_align"": 0.0, ""liquidity"": 0.8389261744966443, ""weights"": {""coverage"": 0.25, ""confluence"": 0.25, ""risk_clean"": 0.2, ""regime_align"": 0.2, ""liquidity"": 0.1}}",CNE100000502,2899.HK,2899.HK,Fundament,43.4,0.49698354429148733,0.30167444522303033,0.3978220807776228,34042087.05,1101601957.715641,35.16611649513245,-0.07979601287987825,bull,0.07434263101572625,bull,0.12242522206423057,2026-10-08,0.07959145998797879,Basic Materials,Gold,China,HKD,-0.6752646050910416,-2.869684885065238,0.0,stock,S4 Fundament,pillar,84.0,manual thematic assignment after stack redesign,"materials, mining, metals"
AAGFF,AFTERMATH SILVER,AAGFF,0.4099999964237213,USD,-36.92307515962583,0.0,0.0,Seitwärts,0.0,0.0,63.2,32.9,Zyklus-neutral,-39.66,100.0,0.0,-10936923.0,254957904.0,1.0,-4.29,0.0,0.0,0.0,8.209,9.68,"[0.0, 0.0, 0.0, 67.13, 25.0]",0.0,14.5,LOW,"{""coverage"": 0.5714285714285714, ""confluence"": 0.0, ""risk_clean"": 0.0, ""regime_align"": 0.0, ""liquidity"": 0.020134228187919434, ""weights"": {""coverage"": 0.25, ""confluence"": 0.25, ""risk_clean"": 0.2, ""regime_align"": 0.2, ""liquidity"": 0.1}}",CA00831V2057,AAGFF,AAGFF,Edelmetalle ⛏️,0.86,0.8426872355624535,0.46142013412898464,0.5729275956180767,284213.75,116527.63648357242,0.5988800004124641,-0.3153887320642804,bull,0.07434263101572625,bull,0.12242522206423057,2026-10-08,-0.1464163706357683,Basic Materials,Other Industrial Metals & Mining,Canada,USD,0.7370985601597546,-36.92307515962583,0.0,stock,S4 Fundament,pillar,84.0,manual thematic assignment after stack redesign,"materials, mining, metals"
ABX.TO,BARRICK MINING,ABX.TO,56.43000030517578,CAD,21.745954252553148,0.0,0.0,Seitwärts,0.0,0.0,78.7,31.3,Zyklus-neutral,20.68,14.509,360.0,4054125056.0,114651471872.0,16956000256.0,3.54,64.5,29.45,93.95,2.922,63.7,"[100.0, 41.36, 0.0, 68.68, 29.71]",11.472485,41.3,LOW,"{""coverage"": 0.5714285714285714, ""confluence"": 0.6, ""risk_clean"": 0.3333333333333333, ""regime_align"": 0.0, ""liquidity"": 0.5302013422818792, ""weights"": {""coverage"": 0.25, ""confluence"": 0.25, ""risk_clean"": 0.2, ""regime_align"": 0.2, ""liquidity"": 0.1}}",CA06849F1080,ABX.TO,ABX.TO,Edelmetalle ⛏️,70.41,0.47167348651654306,0.3319967053370936,0.31061419846456595,3550760.9,200369438.67060623,58.74139530181885,-0.03934865668012988,bull,0.07434263101572625,bull,0.12242522206423057,2026-10-08,0.06551046723949683,Basic Materials,Gold,Canada,CAD,1.056590528251533,21.745954252553148,0.0,stock,S4 Fundament,pillar,84.0,manual thematic assignment after stack redesign,"materials, mining, metals"
AEM,AGNICO EAGLE,AEM,183.6300048828125,USD,9.244804656802375,114.13,3.41,BUY,225.0,284.12,75.8,50.1,Zyklus-neutral,15.67,1.427,76.0,3510760960.0,104343330816.0,10567577600.0,3.36,41.9,32.62,74.52,2.12,72.91,"[83.8, 31.34, 28.65, 69.91, 22.95]",16.093971,,,,CA0084741085,AEM,AEM,Edelmetalle ⛏️,215.18,0.4884085149794228,0.33382075333106104,0.45804423932397453,1693191.75,310920809.32003784,188.6484412384033,-0.026602055774469835,bull,0.07434263101572625,bull,0.12242522206423057,2026-10-08,0.2485415671562552,Basic Materials,Gold,Canada,USD,1.7961114829683877,9.244804656802375,0.0,stock,S4 Fundament,pillar,84.0,manual thematic assignment after stack redesign,"materials, mining, metals"
AG.TO,FIRST MAJESTIC,AG.TO,23.969999313354492,CAD,21.96246363112302,100.1,6.88,BUY,38.2,54.45,75.9,36.4,Zyklus-neutral,4.21,7.886,9.0,215490000.0,15916909568.0,965571008.0,1.35,95.1,7.07,102.17,3.379,54.01,"[100.0, 8.42, 0.0, 83.64, 22.11]",26.672178,,,,CA32076V1031,AG.TO,AG.TO,Edelmetalle ⛏️,34.68,0.7363831077618211,0.4671608161336303,0.5174444496202659,1868520.45,44788433.90348882,27.96601222038269,-0.14288819140670161,bull,0.07434263101572625,bull,0.12242522206423057,2026-10-08,-0.0276429784804596,Basic Materials,Silver,Canada,CAD,0.9263128983347135,21.96246363112302,0.0,stock,S4 Fundament,pillar,84.0,manual thematic assignment after stack redesign,"materials, mining, metals"
AGI.TO,ALAMOS GOLD,AGI.TO,45.61000061035156,CAD,-4.2180578670463875,0.0,0.0,Seitwärts,0.0,0.0,68.7,100.0,Zyklus-Hoch,14.27,6.831,23.0,228962496.0,25537525760.0,1609299968.0,0.9,28.1,33.46,61.56,1.717,71.77,"[56.2, 28.54, 0.0, 0.0, 26.31]",17.732689,33.4,LOW,"{""coverage"": 0.5714285714285714, ""confluence"": 0.4, ""risk_clean"": 0.3333333333333333, ""regime_align"": 0.0, ""liquidity"": 0.24832214765100669, ""weights"": {""coverage"": 0.25, ""confluence"": 0.25, ""risk_clean"": 0.2, ""regime_align"": 0.2, ""liquidity"": 0.1}}",CA0115321089,AGI.TO,AGI.TO,Edelmetalle ⛏️,59.13,0.5695188290428276,0.4256802797884908,0.4839531834904772,979335.2,44667479.06973877,53.740523185729984,-0.15129221104303214,bull,0.07434263101572625,bull,0.12242522206423057,2026-10-08,0.06926007125982281,Basic Materials,Gold,Canada,CAD,1.490881184060333,-4.2180578670463875,0.0,stock,S4 Fundament,pillar,84.0,manual thematic assignment after stack redesign,"materials, mining, metals"
ASM.TO,AVINO SILVER,ASM.TO,7.699999809265137,CAD,1.7173003257043407,85.52,7.87,BUY,16.11,25.14,81.5,36.8,Zyklus-neutral,14.34,2.563,0.0,15571250.0,2153994752.0,86065000.0,0.72,44.0,24.72,68.72,2.754,32.98,"[88.0, 28.68, 0.0, 83.21, 1.54]",14.07,,,,CA0539061030,ASM.TO,ASM.TO,Edelmetalle ⛏️,13.98,0.8490197424723284,0.5486845658128587,0.5203145437830872,733869.5,5650795.010025501,9.690199990272522,-0.20538277672341554,bull,0.07434263101572625,bull,0.12242522206423057,2026-10-08,-0.12430750599162854,Basic Materials,Other Precious Metals & Mining,Canada,CAD,1.0498677809387624,1.7173003257043407,0.0,stock,S4 Fundament,pillar,84.0,manual thematic assignment after stack redesign,"materials, mining, metals"
BTO.TO,B2GOLD CORP.,BTO.TO,7.264999866485596,CAD,-1.2255549470857052,0.0,0.0,Seitwärts,0.0,0.0,71.4,64.9,Zyklus-neutral,7.23,18.916,145.0,45092624.0,10475671552.0,2507048960.0,0.43,74.7,8.75,83.45,1.034,66.1,"[100.0, 14.46, 0.0, 35.11, 31.38]",6.9789095,28.2,LOW,"{""coverage"": 0.5714285714285714, ""confluence"": 0.2, ""risk_clean"": 0.3333333333333333, ""regime_align"": 0.0, ""liquidity"": 0.2214765100671141, ""weights"": {""coverage"": 0.25, ""confluence"": 0.25, ""risk_clean"": 0.2, ""regime_align"": 0.2, ""liquidity"": 0.1}}",CA11777Q2099,BTO.TO,BTO.TO,Edelmetalle ⛏️,7.47,0.6066694429294537,0.37893465832955514,0.3889865283064944,3450981.25,25071378.320494294,6.598437194824219,0.10101826417082904,bull,0.07434263101572625,bull,0.12242522206423057,2026-10-08,0.3169056018271468,Basic Materials,Gold,Canada,CAD,2.0365166187797934,-1.2255549470857052,0.0,stock,S4 Fundament,pillar,84.0,manual thematic assignment after stack redesign,"materials, mining, metals"
CSTM,CONSTELLIUM SE,CSTM,25.760000228881836,USD,70.48312914751298,0.0,0.0,Seitwärts,0.0,0.0,75.4,36.6,Zyklus-neutral,12.18,247.045,0.0,27942560.0,5423435776.0,7968999936.0,0.52,20.2,1.42,21.62,1.277,95.58,"[40.4, 24.36, 0.0, 63.36, 17.64]",15.379264,27.7,LOW,"{""coverage"": 0.5714285714285714, ""confluence"": 0.2, ""risk_clean"": 0.3333333333333333, ""regime_align"": 0.0, ""liquidity"": 0.17449664429530198, ""weights"": {""coverage"": 0.25, ""confluence"": 0.25, ""risk_clean"": 0.2, ""regime_align"": 0.2, ""liquidity"": 0.1}}",FR0013467479,CSTM,CSTM,Mining ⛏️,22.72,0.45328455565007447,0.24901293041571582,0.33084372024879216,1606661.95,41387612.19973574,27.552399978637695,-0.06505421491941055,bull,0.07434263101572625,bull,0.12242522206423057,2026-10-08,-0.13972822075038682,Basic Materials,Aluminum,France,USD,1.3375301005799978,70.48312914751298,0.0,stock,S4 Fundament,pillar,84.0,manual thematic assignment after stack redesign,"materials, mining, metals"
DSV.TO,DISCOVERY SILVER,DSV.TO,11.510000228881836,CAD,110.0364997959955,0.0,0.0,Seitwärts,0.0,0.0,78.9,27.9,Zyklus-neutral,11.07,100.0,0.0,152799680.0,7792443392.0,378971008.0,1.96,0.0,9.5,9.5,2.042,36.13,"[0.0, 22.14, 0.0, 72.12, 35.12]",14.400001,16.3,LOW,"{""coverage"": 0.5714285714285714, ""confluence"": 0.0, ""risk_clean"": 0.0, ""regime_align"": 0.0, ""liquidity"": 0.20134228187919456, ""weights"": {""coverage"": 0.25, ""confluence"": 0.25, ""risk_clean"": 0.2, ""regime_align"": 0.2, ""liquidity"": 0.1}}",CA2546771072,DSV.TO,DSV.TO,Edelmetalle ⛏️,11.36,0.7832713217601212,0.47399728395086066,0.3848768488073805,2630538.7,30277501.03908253,9.803000004291535,0.17413039108874973,bull,0.07434263101572625,bull,0.12242522206423057,2026-10-08,0.30468909134526223,Basic Materials,Silver,Canada,CAD,0.8764275443212011,110.0364997959955,0.0,stock,S4 Fundament,pillar,84.0,manual thematic assignment after stack redesign,"materials, mining, metals"
DV.V,DOLLY VARDEN,DV.V,3.7200000286102295,CAD,-7.231924781023546,0.0,0.0,Seitwärts,0.0,0.0,60.7,32.7,Zyklus-neutral,-26.19,100.0,0.0,-20282864.0,565411840.0,1.0,-3.59,0.0,0.0,0.0,4.598,12.31,"[0.0, 0.0, 0.0, 67.27, 100.0]",-111.962166,14.8,LOW,"{""coverage"": 0.5714285714285714, ""confluence"": 0.0, ""risk_clean"": 0.0, ""regime_align"": 0.0, ""liquidity"": 0.046979865771812124, ""weights"": {""coverage"": 0.25, ""confluence"": 0.25, ""risk_clean"": 0.2, ""regime_align"": 0.2, ""liquidity"": 0.1}}",CA2568277834,DV.V,DV.V,Edelmetalle ⛏️,7.53,0.6471146101340484,0.4193060930592962,0.5242966819756595,396487.15,1474932.2093435884,5.75650000333786,-0.3537739900194184,bull,0.07434263101572625,bull,0.12242522206423057,2026-10-08,-0.371490558149511,Basic Materials,Silver,Canada,CAD,-2.105261176576878,-7.231924781023546,0.0,stock,S4 Fundament,pillar,84.0,manual thematic assignment after stack redesign,"materials, mining, metals"
EDR.TO,ENDEAVOUR SILVER,EDR.TO,12.069999694824219,CAD,4.592718671777951,0.0,0.0,Seitwärts,0.0,0.0,67.6,31.0,Zyklus-neutral,-20.46,31.741,0.0,-69431752.0,4945538560.0,337136992.0,-1.4,167.3,-27.97,139.33,0.788,57.66,"[100.0, 0.0, 0.0, 68.98, 39.63]",12.301942,21.0,LOW,"{""coverage"": 0.5714285714285714, ""confluence"": 0.2, ""risk_clean"": 0.0, ""regime_align"": 0.0, ""liquidity"": 0.16778523489932884, ""weights"": {""coverage"": 0.25, ""confluence"": 0.25, ""risk_clean"": 0.2, ""regime_align"": 0.2, ""liquidity"": 0.1}}",CA29258Y1034,EDR.TO,EDR.TO,Edelmetalle ⛏️,18.71,0.7808657358159673,0.49540744590709507,0.4640455407362998,1105018.25,13337569.940275192,13.757750010490417,-0.12267633256740906,bull,0.07434263101572625,bull,0.12242522206423057,2026-10-08,0.029123110146334286,Basic Materials,Silver,Canada,CAD,1.7706580457508059,4.592718671777951,0.0,stock,S4 Fundament,pillar,84.0,manual thematic assignment after stack redesign,"materials, mining, metals"
EQX.TO,EQUINOX GOLD,EQX.TO,15.805000305175781,CAD,-5.704550319316759,0.0,0.0,Seitwärts,0.0,0.0,69.9,55.9,Zyklus-neutral,1.41,34.774,0.0,247383744.0,18424088576.0,2296356096.0,1.34,91.2,2.71,93.91,1.074,60.19,"[100.0, 2.82, 0.0, 44.08, 30.27]",14.130916,28.4,LOW,"{""coverage"": 0.5714285714285714, ""confluence"": 0.2, ""risk_clean"": 0.3333333333333333, ""regime_align"": 0.0, ""liquidity"": 0.24161073825503354, ""weights"": {""coverage"": 0.25, ""confluence"": 0.25, ""risk_clean"": 0.2, ""regime_align"": 0.2, ""liquidity"": 0.1}}",CA29446Y5020,EQX.TO,EQX.TO,Edelmetalle ⛏️,22.8,0.6188892256612991,0.39243252703849235,0.5266960681996757,3397540.0,53698120.736846924,18.046156673431398,-0.12419023112855809,bull,0.07434263101572625,bull,0.12242522206423057,2026-10-08,0.1182610002222706,Basic Materials,Gold,Canada,CAD,1.4441616339636365,-5.704550319316759,0.0,stock,S4 Fundament,pillar,84.0,manual thematic assignment after stack redesign,"materials, mining, metals"
FCX,FREEPORT-MCMORAN,FCX,70.70999908447266,USD,66.79145895945436,0.0,0.0,Seitwärts,0.0,0.0,65.4,37.1,Zyklus-neutral,13.95,33.768,95.0,1371124992.0,106995998720.0,25915000832.0,1.28,-1.5,8.51,7.01,2.291,85.98,"[0.0, 27.9, 0.0, 62.93, 14.34]",18.48081,28.3,LOW,"{""coverage"": 0.5714285714285714, ""confluence"": 0.0, ""risk_clean"": 0.3333333333333333, ""regime_align"": 0.0, ""liquidity"": 0.738255033557047, ""weights"": {""coverage"": 0.25, ""confluence"": 0.25, ""risk_clean"": 0.2, ""regime_align"": 0.2, ""liquidity"": 0.1}}",US35671D8570,FCX,FCX,Fundament,62.52,0.4758371923889009,0.32039901720477026,0.24309796349452595,10628467.4,751538920.1233475,63.923784275054935,0.10616103045804692,bull,0.07434263101572625,bull,0.12242522206423057,2026-10-08,0.1480891593024456,Basic Materials,Copper,United States,USD,-1.6003360925566756,66.79145895945436,0.0,stock,S4 Fundament,pillar,84.0,manual thematic assignment after stack redesign,"materials, mining, metals"
FRES.L,FRESNILLO PLC,FRES.L,2689.0,GBp,13.592552122303768,96.25,5.71,BUY,4472.0,5968.4,85.5,21.4,Zyklus-neutral,13.85,20.456,90.0,1243160320.0,27399075840.0,3944284928.0,4.54,30.1,11.56,41.66,5.092,15.79,"[60.2, 27.7, 0.0, 98.63, 15.53]",15.260902,,,,GB00B2QPKJ12,FRES.L,FRES.L,Edelmetalle ⛏️,4140.0,0.5686766992184025,0.3544925126782674,0.450869549748357,962609.65,2588457348.85,3254.9264453125,-0.17386766024390654,bull,0.07434263101572625,bull,0.12242522206423057,2026-10-08,-0.00573232478654373,Basic Materials,Other Precious Metals & Mining,Mexico,GBp,0.037202380952372494,13.592552122303768,0.0,stock,S4 Fundament,pillar,84.0,manual thematic assignment after stack redesign,"materials, mining, metals"
GOT.V,GOLIATH RES,GOT.V,1.3949999809265137,CAD,-55.99369251254367,0.0,0.0,Seitwärts,0.0,0.0,50.2,50.0,Zyklus-neutral,-164.74,100.0,0.0,-20772268.0,394225856.0,1.0,-5.27,0.0,0.0,0.0,5.955,11.76,"[0.0, 0.0, 0.0, 50.0, 88.14]",-13.722221,14.6,LOW,"{""coverage"": 0.5714285714285714, ""confluence"": 0.0, ""risk_clean"": 0.0, ""regime_align"": 0.0, ""liquidity"": 0.03355704697986572, ""weights"": {""coverage"": 0.25, ""confluence"": 0.25, ""risk_clean"": 0.2, ""regime_align"": 0.2, ""liquidity"": 0.1}}",CA38171A2092,GOT.V,GOT.V,Edelmetalle ⛏️,2.56,0.583754421916517,0.3246951091804178,0.600000014901161,261108.85,364246.84076974395,1.7930999958515168,-0.22201774348672132,bull,0.07434263101572625,bull,0.12242522206423057,2026-10-08,0.03893869619008972,Basic Materials,Other Precious Metals & Mining,Canada,CAD,2.5735269303862385,-55.99369251254367,0.0,stock,S4 Fundament,pillar,84.0,manual thematic assignment after stack redesign,"materials, mining, metals"
HL,HECLA MNG,HL,16.59819984436035,USD,24.53851379596419,0.0,0.0,Seitwärts,0.0,0.0,73.7,12.4,Zyklus-Tief,8.88,11.711,7.0,107837000.0,15551884288.0,1224562944.0,0.69,67.1,16.27,83.37,2.153,80.04,"[100.0, 17.76, 0.0, 87.58, 22.19]",21.58091,30.3,LOW,"{""coverage"": 0.5714285714285714, ""confluence"": 0.4, ""risk_clean"": 0.0, ""regime_align"": 0.0, ""liquidity"": 0.6040268456375839, ""weights"": {""coverage"": 0.25, ""confluence"": 0.25, ""risk_clean"": 0.2, ""regime_align"": 0.2, ""liquidity"": 0.1}}",US4227041062,HL,HL,Edelmetalle ⛏️,28.27,0.7294977450363912,0.43674948758665755,0.5581261665440812,38648650.8,641498029.6932975,19.127099437713625,-0.1322155302004101,bull,0.07434263101572625,bull,0.12242522206423057,2026-10-08,0.0547525020474664,Basic Materials,Other Precious Metals & Mining,United States,USD,1.2702895818495819,24.53851379596419,0.0,stock,S4 Fundament,pillar,84.0,manual thematic assignment after stack redesign,"materials, mining, metals"
HMY,Harmony Gold Mining Company,HMY,16.799999237060547,USD,-8.967593822762698,0.0,0.0,Seitwärts,0.0,0.0,60.2,27.3,Zyklus-neutral,32.52,4.925,98.0,10437374976.0,2812910080.0,73896001536.0,371.05,22.7,19.46,42.16,1.72,23.91,"[45.4, 65.04, 0.0, 72.74, 27.31]",8.793388,32.7,LOW,"{""coverage"": 0.5714285714285714, ""confluence"": 0.6, ""risk_clean"": 0.0, ""regime_align"": 0.0, ""liquidity"": 0.34228187919463093, ""weights"": {""coverage"": 0.25, ""confluence"": 0.25, ""risk_clean"": 0.2, ""regime_align"": 0.2, ""liquidity"": 0.1}}",US4132163001,HMY,HMY,Tech 💻,,0.6566712927869224,0.4209751172579426,0.48847927471409924,3956893.8,66475812.821129605,18.115910568237304,-0.07263843162727623,bull,0.07434263101572625,bull,0.12242522206423057,2026-10-08,0.08688490446641817,Basic Materials,Gold,South Africa,USD,1.8799240160411568,-8.967593822762698,0.0,stock,S4 Fundament,pillar,84.0,manual thematic assignment after stack redesign,"materials, mining, metals"
LGO,LARGO INC,LGO,0.453000009059906,USD,-75.90425477612337,67.3,3.04,BUY,1.51,2.19,46.2,96.7,Zyklus-Hoch,-38.41,77.781,0.0,5307000.0,244189840.0,111884000.0,2.17,11.2,-57.33,-46.13,0.496,51.58,"[22.4, 0.0, 0.0, 23.29, 57.93]",18.666666,,,,CA5170971017,LGO,LGO,Mining ⛏️,1.35,0.970205599086428,0.7267923237297186,0.8202380902823047,1160750.8,525820.1229162932,0.9988650016486644,-0.5464852524493176,bull,0.07434263101572625,bull,0.12242522206423057,2026-10-08,-0.35774282686059944,Basic Materials,Other Industrial Metals & Mining,Canada,USD,-1.521738947339235,-75.90425477612337,0.0,stock,S4 Fundament,pillar,84.0,manual thematic assignment after stack redesign,"materials, mining, metals"
MGMA.V,MAGMA SILVER,MGMA.V,0.10999999940395355,CAD,-42.105262745120186,0.0,0.0,Seitwärts,0.0,0.0,60.8,23.3,Zyklus-neutral,-2465.46,100.0,0.0,-1205764.0,23695312.0,1.0,-5.09,0.0,0.0,0.0,4.323,0.0,"[0.0, 0.0, 0.0, 76.72, 25.0]",0.0,14.3,LOW,"{""coverage"": 0.5714285714285714, ""confluence"": 0.0, ""risk_clean"": 0.0, ""regime_align"": 0.0, ""liquidity"": 0, ""weights"": {""coverage"": 0.25, ""confluence"": 0.25, ""risk_clean"": 0.2, ""regime_align"": 0.2, ""liquidity"": 0.1}}",CA5589221004,MGMA.V,MGMA.V,Edelmetalle ⛏️,0.36,1.0816418096809735,0.5625692031749794,0.7529411911139434,244070.2,26847.721854522824,0.19997499946504832,-0.44993124291429554,bull,0.07434263101572625,bull,0.12242522206423057,2026-10-08,-0.24023255383547337,Basic Materials,Other Industrial Metals & Mining,Canada,CAD,0.0,-42.105262745120186,0.0,stock,S4 Fundament,pillar,84.0,manual thematic assignment after stack redesign,"materials, mining, metals"
NEM.AX,NEWMONT CORP.,NEM.AX,163.2899932861328,AUD,22.90748711474595,0.0,0.0,Seitwärts,0.0,0.0,76.4,43.9,Zyklus-neutral,22.88,16.914,90.0,9337749504.0,182633725952.0,21503000576.0,5.11,20.0,33.42,53.42,2.039,11.57,"[40.0, 45.76, 0.0, 56.08, 21.98]",13.116383,33.6,LOW,"{""coverage"": 0.5714285714285714, ""confluence"": 0.4, ""risk_clean"": 0.3333333333333333, ""regime_align"": 0.0, ""liquidity"": 0.261744966442953, ""weights"": {""coverage"": 0.25, ""confluence"": 0.25, ""risk_clean"": 0.2, ""regime_align"": 0.2, ""liquidity"": 0.1}}",AU0000297962,NEM.AX,NEM.AX,Edelmetalle ⛏️,180.94,0.4782629006621892,0.32476773441495577,0.31607120882560125,288757.4,47151193.90732117,158.23725646972656,0.03193139801038525,bull,0.07434263101572625,bull,0.12242522206423057,2026-10-08,0.18397747330004477,Basic Materials,Gold,United States,AUD,-0.9883609634428359,22.90748711474595,0.0,stock,S4 Fundament,pillar,84.0,manual thematic assignment after stack redesign,"materials, mining, metals"
PAAS.TO,PAN AMER. SILVER,PAAS.TO,64.0199966430664,CAD,16.78822902533481,0.0,0.0,Seitwärts,0.0,0.0,71.7,41.7,Zyklus-neutral,11.29,13.316,97.0,996537472.0,33913999360.0,3254799872.0,2.94,19.3,19.48,38.78,2.313,68.03,"[38.6, 22.58, 0.0, 58.27, 22.51]",16.049044,29.2,LOW,"{""coverage"": 0.5714285714285714, ""confluence"": 0.2, ""risk_clean"": 0.3333333333333333, ""regime_align"": 0.0, ""liquidity"": 0.32885906040268464, ""weights"": {""coverage"": 0.25, ""confluence"": 0.25, ""risk_clean"": 0.2, ""regime_align"": 0.2, ""liquidity"": 0.1}}",CA6979001089,PAAS.TO,PAAS.TO,Edelmetalle ⛏️,87.0,0.5760049602252602,0.3989472233622794,0.37078764485817806,711058.2,45521943.57702484,72.63245386123657,-0.11857588117047735,bull,0.07434263101572625,bull,0.12242522206423057,2026-10-08,0.01290229180860436,Basic Materials,Gold,Canada,CAD,1.2654150694658695,16.78822902533481,0.0,stock,S4 Fundament,pillar,84.0,manual thematic assignment after stack redesign,"materials, mining, metals"
PKX,POSCO HOL.ADR,PKX,56.709999084472656,USD,16.471556138767873,64.89,2.86,BUY,65.49,81.98,67.1,47.7,Zyklus-neutral,0.81,45.676,278.0,0.0,19552163332096.0,69095001161728.0,0.0,-5.4,0.95,-4.45,1.896,2.67,"[0.0, 1.62, 0.0, 72.33, 23.17]",12.655211,,,,US6934831099,PKX,PKX,Fundament,63.17,0.45861475087119274,0.2780201154459438,0.4692542558079722,189428.1,10742467.377573395,61.337650032043456,-0.07544552073894684,bull,0.07434263101572625,bull,0.12242522206423057,2026-10-08,0.07332242269147615,Basic Materials,Steel,South Korea,USD,0.7998591830160384,16.471556138767873,0.0,stock,S4 Fundament,pillar,84.0,manual thematic assignment after stack redesign,"materials, mining, metals"
PKX,POSCO HOLDINGS INC,PKX,56.709999084472656,USD,16.471556138767873,64.89,2.86,BUY,65.49,81.98,67.1,47.7,Zyklus-neutral,0.81,45.676,278.0,0.0,19552163332096.0,69095001161728.0,0.0,-5.4,0.95,-4.45,1.896,2.67,"[0.0, 1.62, 0.0, 72.33, 23.17]",12.655211,,,,US6934831099,PKX,PKX,Mining ⛏️,63.17,0.45861475087119274,0.2780201154459438,0.4692542558079722,189428.1,10742467.377573395,61.337650032043456,-0.07544552073894684,bull,0.07434263101572625,bull,0.12242522206423057,2026-10-08,0.07332242269147615,Basic Materials,Steel,South Korea,USD,0.7998591830160384,16.471556138767873,0.0,stock,S4 Fundament,pillar,84.0,manual thematic assignment after stack redesign,"materials, mining, metals"
PPTA,Perpetua Resources,PPTA,19.655000686645508,USD,-19.24814887663122,0.0,0.0,Seitwärts,0.0,0.0,64.9,33.6,Zyklus-neutral,-14.54,0.009,0.0,-62575000.0,3159208448.0,1.0,-1.98,0.0,0.0,0.0,42.247,69.23,"[0.0, 0.0, 99.55, 66.44, 100.0]",-434.99997,50.0,MED,{},CA7142661031,PPTA,PPTA,Edelmetalle ⛏️,,0.7378924436083215,0.4551204152543324,0.5459430665163472,935994.5,18396972.54019642,26.24792501449585,-0.25117887696681884,bull,0.07434263101572625,bull,0.12242522206423057,2026-10-08,0.019460434104559,Basic Materials,Other Precious Metals & Mining,United States,USD,-1.6758333582207796,-19.24814887663122,0.0,stock,S4 Fundament,pillar,84.0,manual thematic assignment after stack redesign,"materials, mining, metals"
SLVR.V,SILVER TIGER,SLVR.V,0.7300000190734863,CAD,0.0,0.0,0.0,Seitwärts,0.0,0.0,67.6,11.8,Zyklus-Tief,-4.86,100.0,0.0,-4825026.0,488284608.0,1.0,-0.99,0.0,0.0,0.0,16.853,14.6,"[0.0, 0.0, 0.0, 88.22, 43.18]",35.357143,14.8,LOW,"{""coverage"": 0.5714285714285714, ""confluence"": 0.0, ""risk_clean"": 0.0, ""regime_align"": 0.0, ""liquidity"": 0.05369127516778527, ""weights"": {""coverage"": 0.25, ""confluence"": 0.25, ""risk_clean"": 0.2, ""regime_align"": 0.2, ""liquidity"": 0.1}}",CA82831T1093,SLVR.V,SLVR.V,Edelmetalle ⛏️,1.29,0.8526655510836472,0.4791551409014639,0.5037593947896938,615646.0,449421.5917425156,0.8361750009655953,0.0284928553377066,bull,0.07434263101572625,bull,0.12242522206423057,2026-10-08,-0.1600714771977183,Basic Materials,Other Precious Metals & Mining,Canada,CAD,3.614461638270328,0.0,0.0,stock,S4 Fundament,pillar,84.0,manual thematic assignment after stack redesign,"materials, mining, metals"
SOLB.BR,SOLVAY S.A. A,SOLB.BR,24.799999237060547,EUR,2.6244312177486906,0.0,0.0,Seitwärts,0.0,0.0,51.3,100.0,Zyklus-Hoch,12.58,174.545,868.0,86625000.0,4766044672.0,4905999872.0,1.82,-3.9,3.14,-0.76,1.413,29.14,"[0.0, 25.16, 0.0, 0.0, 17.0]",10.491425,22.0,LOW,"{""coverage"": 0.5714285714285714, ""confluence"": 0.0, ""risk_clean"": 0.3333333333333333, ""regime_align"": 0.0, ""liquidity"": 0.10067114093959728, ""weights"": {""coverage"": 0.25, ""confluence"": 0.25, ""risk_clean"": 0.2, ""regime_align"": 0.2, ""liquidity"": 0.1}}",BE0003470755,SOLB.BR,SOLB.BR,Experimente,25.84,0.25073517808900786,0.1815131848637946,0.14035087843632965,363296.9,9009762.842826463,25.634702453613283,-0.032561455240729065,bull,0.07434263101572625,bull,0.12242522206423057,2026-10-08,-0.09517944206575424,Basic Materials,Chemicals,Belgium,EUR,-0.7205776960541366,2.6244312177486906,0.0,stock,S4 Fundament,pillar,84.0,manual thematic assignment after stack redesign,"materials, mining, metals"
VALE,VALE S.A.,VALE,13.505000114440918,BRL,31.760622319443478,0.0,0.0,Seitwärts,0.0,0.0,80.6,3.6,Zyklus-Tief,13.27,50.201,792.0,-951249984.0,458628300800.0,213320007680.0,-0.21,7.0,14.15,21.15,1.237,43.69,"[14.0, 26.54, 0.0, 96.37, 18.54]",8.056645,29.1,LOW,"{""coverage"": 0.5714285714285714, ""confluence"": 0.0, ""risk_clean"": 0.3333333333333333, ""regime_align"": 0.0, ""liquidity"": 0.8187919463087249, ""weights"": {""coverage"": 0.25, ""confluence"": 0.25, ""risk_clean"": 0.2, ""regime_align"": 0.2, ""liquidity"": 0.1}}",BRVALEACNOR0,VALE,VALE,Fundament,85.14,0.33057343951385376,0.21960313449292665,0.23235367941301133,33073126.0,446652570.4149189,14.996081900596618,-0.09943142455739573,bull,0.07434263101572625,bull,0.12242522206423057,2026-10-08,-0.05429199034154708,Basic Materials,Other Industrial Metals & Mining,Brazil,BRL,-0.771488206355786,31.760622319443478,0.0,stock,S4 Fundament,pillar,84.0,manual thematic assignment after stack redesign,"materials, mining, metals"
VALE,VALE SA,VALE,13.505000114440918,USD,31.760622319443478,0.0,0.0,Seitwärts,0.0,0.0,80.6,3.6,Zyklus-Tief,13.27,50.201,792.0,-951249984.0,458628300800.0,213320007680.0,-0.21,7.0,14.15,21.15,1.237,43.69,"[14.0, 26.54, 0.0, 96.37, 18.54]",8.056645,29.1,LOW,"{""coverage"": 0.5714285714285714, ""confluence"": 0.0, ""risk_clean"": 0.3333333333333333, ""regime_align"": 0.0, ""liquidity"": 0.8187919463087249, ""weights"": {""coverage"": 0.25, ""confluence"": 0.25, ""risk_clean"": 0.2, ""regime_align"": 0.2, ""liquidity"": 0.1}}",BRVALEACNOR0,VALE,VALE,Mining ⛏️,85.14,0.33057343951385376,0.21960313449292665,0.23235367941301133,33073126.0,446652570.4149189,14.996081900596618,-0.09943142455739573,bull,0.07434263101572625,bull,0.12242522206423057,2026-10-08,-0.05429199034154708,Basic Materials,Other Industrial Metals & Mining,Brazil,USD,-0.771488206355786,31.760622319443478,0.0,stock,S4 Fundament,pillar,84.0,manual thematic assignment after stack redesign,"materials, mining, metals"
VZLA.TO,VIZSLA SILVER,VZLA.TO,4.900000095367432,CAD,-25.869894154416606,0.0,0.0,Seitwärts,0.0,0.0,60.3,5.0,Zyklus-Tief,-3.22,100.0,0.0,-38075144.0,1614304768.0,1.0,-2.36,0.0,0.0,0.0,33.437,57.89,"[0.0, 0.0, 0.0, 94.98, 92.49]",-57.42399,15.2,LOW,"{""coverage"": 0.5714285714285714, ""confluence"": 0.0, ""risk_clean"": 0.0, ""regime_align"": 0.0, ""liquidity"": 0.09395973154362414, ""weights"": {""coverage"": 0.25, ""confluence"": 0.25, ""risk_clean"": 0.2, ""regime_align"": 0.2, ""liquidity"": 0.1}}",CA92859G6085,VZLA.TO,VZLA.TO,Edelmetalle ⛏️,9.02,0.6728529063586104,0.5084660503497471,0.5593952675097587,863070.7,4229046.512308836,5.461949994564057,-0.10288448260344729,bull,0.07434263101572625,bull,0.12242522206423057,2026-10-08,0.08014804056781788,Basic Materials,Other Precious Metals & Mining,Canada,CAD,0.40983566511259006,-25.869894154416606,0.0,stock,S4 Fundament,pillar,84.0,manual thematic assignment after stack redesign,"materials, mining, metals"
WPM.TO,WHEATON PREC.,WPM.TO,191.0,CAD,28.4221995372959,101.3,3.74,BUY,214.41,269.3,76.2,38.5,Zyklus-neutral,13.05,0.099,48.0,376391360.0,87851417600.0,1830402048.0,0.43,54.5,54.72,109.22,8.089,73.33,"[100.0, 26.1, 95.05, 81.5, 16.33]",34.90334,,,,CA9628791027,WPM.TO,WPM.TO,Edelmetalle ⛏️,202.53,0.5089287199532511,0.3551737922253416,0.35599557018995076,842889.15,160991827.65,184.5315054321289,0.03505360535981872,bull,0.07434263101572625,bull,0.12242522206423057,2026-10-08,0.20137070822432857,Basic Materials,Gold,Canada,CAD,0.3151292661500049,28.4221995372959,0.0,stock,S4 Fundament,pillar,84.0,manual thematic assignment after stack redesign,"materials, mining, metals"
NDA.DE,AURUBIS AG,NDA.DE,154.8000030517578,EUR,37.50331137182519,25.03,0.0,BUY,123.5,145.46,79.5,54.1,Zyklus-neutral,11.9,10.073,95.0,-585249984.0,7707624960.0,19295000576.0,-7.59,25.3,3.14,28.44,2.108,49.51,"[50.6, 23.8, 0.0, 65.86, 6.88]",18.59068,,,,DE0006766504,NDA.DE,NDA.DE,Recycling,155.7,0.39723843347071297,0.26129468216848395,0.30018249985329426,156054.9,24157298.99624176,172.64616588592529,-0.10336842838409277,bull,0.07434263101572625,bull,0.12242522206423057,2026-10-08,-0.1447180701513915,Industrials,Metal Fabrication,Germany,EUR,-0.06455187131472195,37.50331137182519,0.0,stock,S5 Recycling,pillar,83.0,manual thematic assignment after stack redesign,"recycling, urban mining"
SGM.AX,Sims Limited,SGM.AX,22.889999389648438,AUD,75.84930675445149,,,,,,,,,,,,,,,,,,,,,,,,,,AU000000SGM7,SGM.AX,SGM.AX,Recycling,,0.385879008499882,0.27645056079014585,0.24408133141311805,681747.65,15605203.292394256,22.759979028701782,0.005712674901092507,bull,0.07434263101572625,bull,0.12242522206423057,2026-10-08,-0.12081369051000612,Industrials,Waste Management,Australia,AUD,-0.9948159223016173,75.84930675445149,,stock,S5 Recycling,pillar,84.0,manual gap-filling addition for metals recycling exposure,"recycling, urban mining"
TOM.OL,Tomra Systems ASA,TOM.OL,88.8499984741211,NOK,-37.61472101721392,,,,,,,,,,,,,,,,,,,,,,,,,,NO0005668905,TOM.OL,TOM.OL,Recycling,,0.4361452734564804,0.41753800472774194,0.37614721017213915,682415.2,60632589.47871704,107.88166957855225,-0.17641246357031548,bull,0.07434263101572625,bull,0.12242522206423057,2026-10-08,-0.09859908469333711,Industrials,Specialty Industrial Machinery,Norway,NOK,-4.41097214495243,-37.61472101721392,,stock,S5 Recycling,pillar,83.0,manual gap-filling addition for circular economy and sorting technology,"recycling, urban mining"
UMI.BR,UMICORE,UMI.BR,20.559999465942383,EUR,29.641307660427408,0.0,0.0,Seitwärts,0.0,0.0,68.0,0.0,Zyklus-Tief,7.19,142.464,258.0,972513728.0,6383084544.0,16115299328.0,15.24,16.8,0.8,17.6,1.385,41.43,"[33.6, 14.38, 0.0, 100.0, 14.62]",14.204213,22.4,LOW,"{""coverage"": 0.5714285714285714, ""confluence"": 0.0, ""risk_clean"": 0.3333333333333333, ""regime_align"": 0.0, ""liquidity"": 0.1476510067114094, ""weights"": {""coverage"": 0.25, ""confluence"": 0.25, ""risk_clean"": 0.2, ""regime_align"": 0.2, ""liquidity"": 0.1}}",BE0974320526,UMI.BR,UMI.BR,Recycling,21.36,0.4676656299863565,0.3078749307199479,0.28724392656859776,361711.45,7436787.218825245,20.33402159690857,0.011113289516136327,bull,0.07434263101572625,bull,0.12242522206423057,2026-10-08,-0.027991437448430245,Industrials,Waste Management,Belgium,EUR,-0.8678896198757169,29.641307660427408,0.0,stock,S5 Recycling,pillar,83.0,manual thematic assignment after stack redesign,"recycling, urban mining"
CPB,CAMPBELLS CO.,CPB,19.315000534057617,USD,-32.60033104073635,0.0,0.0,Seitwärts,0.0,0.0,40.1,100.0,Zyklus-Hoch,14.82,184.567,535.0,630499968.0,15831613440.0,10158000128.0,3.98,-3.4,5.69,2.29,0.819,65.77,"[0.0, 29.64, 0.0, 0.0, 23.49]",11.27821,25.7,LOW,"{""coverage"": 0.5714285714285714, ""confluence"": 0.0, ""risk_clean"": 0.3333333333333333, ""regime_align"": 0.0, ""liquidity"": 0.47651006711409394, ""weights"": {""coverage"": 0.25, ""confluence"": 0.25, ""risk_clean"": 0.2, ""regime_align"": 0.2, ""liquidity"": 0.1}}",US1344291091,CPB,CPB,Konsum & Lifestyle,27.25,0.31836336807511134,0.2308329857736115,0.36485725374544464,7485826.05,144588734.1536124,22.317350654602052,-0.13452986275166678,bull,0.07434263101572625,bull,0.12242522206423057,2026-10-08,-0.1507192087175554,Consumer Defensive,Packaged Foods,United States,USD,2.195772084145764,-32.60033104073635,0.0,stock,S11 Konsum,pillar,80.0,manual thematic assignment after stack redesign,"consumer staples, food, household"
INGR,INGREDION INC,INGR,94.8550033569336,USD,-19.470772224204946,50.62,0.76,BUY,117.01,127.79,47.5,29.1,Zyklus-neutral,18.1,41.609,275.0,379000000.0,8264359936.0,7218999808.0,4.59,-2.4,10.1,7.7,2.663,97.61,"[0.0, 36.2, 0.0, 90.9, 22.78]",10.015725,,,,US4571871023,INGR,INGR,Konsum & Lifestyle,116.93,0.18040232448842286,0.12040239241087528,0.20980561451553248,665982.05,63171729.588407524,105.07844345092774,-0.09729341012525139,bull,0.07434263101572625,bull,0.12242522206423057,2026-10-08,-0.07066598397880075,Consumer Defensive,Packaged Foods,United States,USD,0.6419133760568574,-19.470772224204946,0.0,stock,S11 Konsum,pillar,80.0,manual thematic assignment after stack redesign,"consumer staples, food, household"
KO,Coca-Cola,KO,87.88999938964844,USD,36.45862934622939,0.0,0.0,Seitwärts,0.0,0.0,59.6,63.0,Zyklus-neutral,42.44,144.771,262.0,1412875008.0,369796448256.0,47663001600.0,0.38,5.1,27.34,32.44,1.211,66.16,"[10.2, 84.88, 0.0, 37.01, 15.88]",22.126135,38.5,LOW,"{""coverage"": 0.5714285714285714, ""confluence"": 0.4, ""risk_clean"": 0.3333333333333333, ""regime_align"": 0.0, ""liquidity"": 0.7516778523489933, ""weights"": {""coverage"": 0.25, ""confluence"": 0.25, ""risk_clean"": 0.2, ""regime_align"": 0.2, ""liquidity"": 0.1}}",US1912161007,KO,KO,Konsum 🥤,73.26,0.18859707584436625,0.09849359520738621,0.07867634192195805,15625436.0,1373319560.5029907,79.47720207214356,0.10585170461673221,bull,0.07434263101572625,bull,0.12242522206423057,2026-10-08,0.015567447201797036,Consumer Defensive,Beverages - Non-Alcoholic,United States,USD,2.41202482193561,36.45862934622939,0.0,stock,S11 Konsum,pillar,80.0,manual thematic assignment after stack redesign,"consumer staples, food, household"
LC0A.MU,LUCKIN COFFEE,LC0A.MU,29.200000762939453,USD,-19.33701616704496,0.0,0.0,Seitwärts,0.0,0.0,56.1,90.2,Zyklus-Hoch,27.39,41.484,0.0,6359557632.0,94941388800.0,46124539904.0,6.7,50.2,8.48,58.68,1.66,7.79,"[100.0, 54.78, 0.0, 9.77, 32.51]",16.32204,33.6,LOW,"{""coverage"": 0.5714285714285714, ""confluence"": 0.4, ""risk_clean"": 0.3333333333333333, ""regime_align"": 0.0, ""liquidity"": 0.26845637583892623, ""weights"": {""coverage"": 0.25, ""confluence"": 0.25, ""risk_clean"": 0.2, ""regime_align"": 0.2, ""liquidity"": 0.1}}",US54951L1098,LC0A.MU,LC0A.MU,Konsum & Lifestyle,32.6,0.4539799985115071,0.2947201969303544,0.3186813682019006,142.2,4152.24010848999,28.88400007247925,0.010940336853180188,bull,0.07434263101572625,bull,0.12242522206423057,2026-10-08,0.008994943578789716,Consumer Cyclical,Restaurants,China,USD,0.0,-19.33701616704496,0.0,stock,S11 Konsum,pillar,80.0,manual thematic assignment after stack redesign,"consumer staples, food, household"
NESN.SW,NESTLE NAM.,NESN.SW,76.0,CHF,5.52730963133401,47.85,0.0,Seitwärts,0.0,0.0,53.9,95.7,Zyklus-Hoch,33.76,225.855,389.0,5756874752.0,263371161600.0,90898997248.0,2.19,-1.8,11.34,9.54,0.714,45.54,"[0.0, 67.52, 0.0, 4.27, 21.26]",17.62689,,,,CH0038863350,NESN.SW,NESN.SW,Konsum & Lifestyle,72.85,0.2302657356893518,0.14763682328363972,0.15301191025925331,3299426.7,250756429.20000002,77.71621795654296,-0.022083137878668113,bull,0.07434263101572625,bull,0.12242522206423057,2026-10-08,-0.13082044072578425,Consumer Defensive,Packaged Foods,Switzerland,,0.5823219370342692,5.52730963133401,0.0,stock,S11 Konsum,pillar,80.0,manual thematic assignment after stack redesign,"consumer staples, food, household"
PEP,PepsiCo,PEP,126.625,USD,-5.102423906081488,0.0,0.0,Seitwärts,0.0,0.0,61.6,78.4,Zyklus-neutral,42.85,258.081,341.0,8232750080.0,271828385792.0,93924999168.0,3.03,5.6,8.77,14.37,0.853,79.71,"[11.2, 85.7, 0.0, 21.64, 16.48]",18.30416,33.5,LOW,"{""coverage"": 0.5714285714285714, ""confluence"": 0.2, ""risk_clean"": 0.3333333333333333, ""regime_align"": 0.0, ""liquidity"": 0.7583892617449665, ""weights"": {""coverage"": 0.25, ""confluence"": 0.25, ""risk_clean"": 0.2, ""regime_align"": 0.2, ""liquidity"": 0.1}}",US7134481081,PEP,PEP,Konsum 🥨,148.02,0.21167087357651668,0.12334149252839573,0.2521763265071233,9860485.7,1248584001.7624998,144.16249641418457,-0.12165089291877029,bull,0.07434263101572625,bull,0.12242522206423057,2026-10-08,-0.10976866770137417,Consumer Defensive,Beverages - Non-Alcoholic,United States,USD,2.3397693077846116,-5.102423906081488,0.0,stock,S11 Konsum,pillar,80.0,manual thematic assignment after stack redesign,"consumer staples, food, household"
PG,Procter & Gamble,PG,150.3800048828125,USD,2.72889778472043,0.0,0.0,Seitwärts,0.0,0.0,47.5,86.3,Zyklus-Hoch,31.56,68.719,266.0,13253374976.0,396559024128.0,85259001856.0,3.34,1.5,19.3,20.8,0.724,70.71,"[3.0, 63.12, 0.0, 13.71, 16.78]",21.694807,38.7,LOW,"{""coverage"": 0.5714285714285714, ""confluence"": 0.4, ""risk_clean"": 0.3333333333333333, ""regime_align"": 0.0, ""liquidity"": 0.7785234899328859, ""weights"": {""coverage"": 0.25, ""confluence"": 0.25, ""risk_clean"": 0.2, ""regime_align"": 0.2, ""liquidity"": 0.1}}",US7427181091,PG,PG,Konsum 🧼,148.27,0.19897546893425958,0.11313737060284138,0.15522932638749032,7869857.95,1183469276.9480407,146.3202833557129,0.027745446044757927,bull,0.07434263101572625,bull,0.12242522206423057,2026-10-08,-0.012748779918208442,Consumer Defensive,Household & Personal Products,United States,USD,1.7318342793603225,2.72889778472043,0.0,stock,S11 Konsum,pillar,80.0,manual thematic assignment after stack redesign,"consumer staples, food, household"
PM,PHILIP MORRIS INTERNATIONAL INC,PM,201.49000549316406,USD,34.35780508219168,0.0,0.0,Seitwärts,0.0,0.0,62.7,57.4,Zyklus-neutral,0.0,100.0,322.0,8938874880.0,331078795264.0,40647999488.0,2.7,6.8,27.92,34.72,0.958,82.91,"[13.6, 0.0, 0.0, 42.6, 16.42]",19.94217,32.9,LOW,"{""coverage"": 0.5714285714285714, ""confluence"": 0.2, ""risk_clean"": 0.3333333333333333, ""regime_align"": 0.0, ""liquidity"": 0.697986577181208, ""weights"": {""coverage"": 0.25, ""confluence"": 0.25, ""risk_clean"": 0.2, ""regime_align"": 0.2, ""liquidity"": 0.1}}",US7181721090,PM,PM,Konsum 🚬,177.68,0.282286453669358,0.1816731291331064,0.18536339357881737,4441504.2,894918705.6559113,175.78769233703613,0.1462122450919323,bull,0.07434263101572625,bull,0.12242522206423057,2026-10-08,0.09393540335500616,Consumer Defensive,Tobacco,United States,USD,4.566922487031344,34.35780508219168,0.0,stock,S11 Konsum,pillar,80.0,manual thematic assignment after stack redesign,"consumer staples, food, household"
MC.PA,LVMH EO,MC.PA,380.8999938964844,EUR,-32.154238500038005,46.85,0.0,Seitwärts,0.0,0.0,40.1,46.6,Zyklus-neutral,16.24,53.342,243.0,11704625152.0,291645456384.0,80807002112.0,4.01,-4.7,13.46,8.76,1.584,18.38,"[0.0, 32.48, 0.0, 53.38, 24.94]",20.029936,,,,FR0000121014,MC.PA,MC.PA,Konsum & Lifestyle,589.3,0.2972492721111016,0.18420745276760875,0.41002499289898797,623569.65,237517675.8790329,485.5738348388672,-0.2155673008557345,bull,0.07434263101572625,bull,0.12242522206423057,2026-10-08,-0.2588876712942795,Consumer Cyclical,Luxury Goods,France,EUR,-1.9436267404525087,-32.154238500038005,0.0,stock,S12 Luxus & Marken,pillar,78.0,manual thematic assignment after stack redesign,"luxury, brands, premium consumption"
MNSO,MINISO GRP ADS,MNSO,8.989999771118164,USD,-57.556778800744056,0.0,0.0,Seitwärts,0.0,0.0,45.6,60.9,Zyklus-neutral,21.17,101.459,321.0,0.0,26843117568.0,19902461952.0,0.0,28.2,10.81,39.01,1.655,8.67,"[56.4, 42.34, 0.0, 39.06, 40.53]",11.638044,32.4,LOW,"{""coverage"": 0.5714285714285714, ""confluence"": 0.4, ""risk_clean"": 0.3333333333333333, ""regime_align"": 0.0, ""liquidity"": 0.14093959731543626, ""weights"": {""coverage"": 0.25, ""confluence"": 0.25, ""risk_clean"": 0.2, ""regime_align"": 0.2, ""liquidity"": 0.1}}",US66981J1025,MNSO,MNSO,Konsum & Lifestyle,18.79,0.36501406704602846,0.2483052980125749,0.6128981327684875,817241.15,7346997.751448345,14.241834602355958,-0.3687611166590158,bull,0.07434263101572625,bull,0.12242522206423057,2026-10-08,-0.24664684026888806,Consumer Cyclical,Specialty Retail,China,USD,0.5592862760819051,-57.556778800744056,0.0,stock,S12 Luxus & Marken,pillar,78.0,manual thematic assignment after stack redesign,"luxury, brands, premium consumption"
NKE,NIKE INC. B,NKE,34.630001068115234,USD,-48.224316559383915,0.0,0.0,Seitwärts,0.0,0.0,45.6,61.5,Zyklus-neutral,17.95,80.099,260.0,2576624896.0,96260366336.0,46513000448.0,2.68,0.6,5.43,6.03,2.063,83.37,"[1.2, 35.9, 0.0, 38.51, 21.93]",27.24181,28.1,LOW,"{""coverage"": 0.5714285714285714, ""confluence"": 0.0, ""risk_clean"": 0.3333333333333333, ""regime_align"": 0.0, ""liquidity"": 0.7181208053691275, ""weights"": {""coverage"": 0.25, ""confluence"": 0.25, ""risk_clean"": 0.2, ""regime_align"": 0.2, ""liquidity"": 0.1}}",US6541061031,NKE,NKE,Konsum & Lifestyle,63.42,0.3566711216360554,0.27742806119142194,0.4978938704805276,46716172.65,1617781108.7677557,47.30965211868286,-0.2680140411677294,bull,0.07434263101572625,bull,0.12242522206423057,2026-10-08,-0.23410539433620658,Consumer Cyclical,Footwear & Accessories,United States,USD,0.7857987571814329,-48.224316559383915,0.0,stock,S12 Luxus & Marken,pillar,78.0,manual thematic assignment after stack redesign,"luxury, brands, premium consumption"
RACE,Ferrari N.V.,RACE,387.9849853515625,USD,-18.102135368910055,,,,,,,,,,,,,,,,,,,,,,,,,,NL0011585146,RACE,RACE,,,0.35368206853429085,0.26195505626910504,0.34344024972567566,430635.45,167080088.76011354,365.7951786804199,0.06066183472179909,bull,0.07434263101572625,bull,0.12242522206423057,2026-10-08,0.0063677427034052325,Consumer Cyclical,Auto Manufacturers,Italy,USD,0.41278776434638953,-18.102135368910055,,stock,S12 Luxus & Marken,pillar,78.0,manual thematic assignment after stack redesign,"luxury, brands, premium consumption"
RI.PA,PERNOD RICARD,RI.PA,61.099998474121094,EUR,-23.663542290412387,47.43,0.0,Seitwärts,0.0,0.0,42.0,100.0,Zyklus-Hoch,10.14,77.61,587.0,1170000000.0,32680491008.0,10958999552.0,3.58,-4.5,14.84,10.34,1.916,57.28,"[0.0, 20.28, 0.0, 0.0, 27.33]",13.442283,,,,FR0000120693,RI.PA,RI.PA,Konsum & Lifestyle,72.92,0.29842239331045545,0.19330844246979612,0.31613160066066215,684252.65,41807835.87091332,65.65040061950684,-0.06931263331900639,bull,0.07434263101572625,bull,0.12242522206423057,2026-10-08,-0.04672344405297546,Consumer Defensive,Beverages - Wineries & Distilleries,France,EUR,0.39434416917949466,-23.663542290412387,0.0,stock,S12 Luxus & Marken,pillar,78.0,manual thematic assignment after stack redesign,"luxury, brands, premium consumption"
UAA,UNDER ARMOUR,UAA,4.84499979019165,USD,-2.1212125882702715,0.0,0.0,Seitwärts,0.0,0.0,47.3,51.3,Zyklus-neutral,-30.39,117.662,0.0,-385754240.0,4243432192.0,4975792128.0,-9.09,-5.2,-10.44,-15.64,1.431,109.25,"[0.0, 0.0, 0.0, 48.7, 12.88]",31.058352,17.4,LOW,"{""coverage"": 0.5714285714285714, ""confluence"": 0.0, ""risk_clean"": 0.0, ""regime_align"": 0.0, ""liquidity"": 0.31543624161073824, ""weights"": {""coverage"": 0.25, ""confluence"": 0.25, ""risk_clean"": 0.2, ""regime_align"": 0.2, ""liquidity"": 0.1}}",US9043111072,UAA,UAA,Konsum & Lifestyle,6.38,0.5320650756231883,0.3532775640834067,0.47542999989807166,10712742.7,51903236.13387713,5.976775004863739,-0.18936219177584568,bull,0.07434263101572625,bull,0.12242522206423057,2026-10-08,-0.3160844798311314,Consumer Cyclical,Apparel Manufacturing,United States,USD,0.5186642663885355,-2.1212125882702715,0.0,stock,S12 Luxus & Marken,pillar,78.0,manual thematic assignment after stack redesign,"luxury, brands, premium consumption"
BAYN.DE,BAYER AG,BAYN.DE,42.59000015258789,EUR,55.769634437010154,0.0,0.0,Seitwärts,0.0,0.0,75.2,6.7,Zyklus-Tief,-0.57,133.457,24.0,5172499968.0,77877329920.0,45866000384.0,6.64,-3.1,-0.43,-3.53,1.136,53.31,"[0.0, 0.0, 0.0, 93.29, 15.79]",9.665203,25.3,LOW,"{""coverage"": 0.5714285714285714, ""confluence"": 0.0, ""risk_clean"": 0.3333333333333333, ""regime_align"": 0.0, ""liquidity"": 0.43624161073825496, ""weights"": {""coverage"": 0.25, ""confluence"": 0.25, ""risk_clean"": 0.2, ""regime_align"": 0.2, ""liquidity"": 0.1}}",DE000BAY0017,BAYN.DE,BAYN.DE,Pharma & Gesundheit,46.74,0.42484939201543753,0.20780084346359193,0.3065455353648504,2417036.95,102941604.06931058,43.08333595275879,-0.011450733543749814,bull,0.07434263101572625,bull,0.12242522206423057,2026-10-08,-0.18069712807306892,Healthcare,Drug Manufacturers - General,Germany,EUR,-3.138505867189889,55.769634437010154,0.0,stock,S13 Gesundheit,pillar,82.0,manual thematic assignment after stack redesign,"healthcare, pharma, medtech"
CNC,CENTENE CORP.,CNC,64.8499984741211,USD,68.66059086435085,0.0,0.0,Seitwärts,0.0,0.0,40.7,16.9,Zyklus-Tief,-28.68,86.762,0.0,5197749760.0,16662495232.0,176151003136.0,31.19,23.1,-3.79,19.31,1.1,96.84,"[46.2, 0.0, 0.0, 83.06, 26.02]",9.792917,24.3,LOW,"{""coverage"": 0.5714285714285714, ""confluence"": 0.2, ""risk_clean"": 0.0, ""regime_align"": 0.0, ""liquidity"": 0.5033557046979866, ""weights"": {""coverage"": 0.25, ""confluence"": 0.25, ""risk_clean"": 0.2, ""regime_align"": 0.2, ""liquidity"": 0.1}}",US15135B1017,CNC,CNC,Pharma & Gesundheit,41.68,0.4750885576720263,0.33791646780275114,0.32726890355175187,4647103.25,301364638.6715832,53.302749919891355,0.2166351374288209,bull,0.07434263101572625,bull,0.12242522206423057,2026-10-08,-0.08423566912815272,Healthcare,Healthcare Plans,United States,USD,-0.2154168245118271,68.66059086435085,0.0,stock,S13 Gesundheit,pillar,82.0,manual thematic assignment after stack redesign,"healthcare, pharma, medtech"
FME.DE,FRESEN.MED.CARE,FME.DE,36.720001220703125,EUR,-18.437382089830212,10.02,0.0,Seitwärts,0.0,0.0,60.1,93.6,Zyklus-Hoch,0.0,72.403,749.0,0.0,1.0,28795244.0,0.0,0.0,-80.39,-80.39,0.247,14.23,"[0.0, 0.0, 0.0, 6.36, 25.0]",0.0,,,,DE0005785802,FME.DE,FME.DE,Pharma & Gesundheit,37.13,0.2919602051893202,0.2836412581054541,0.26920641887056695,872722.2,32046360.249334715,38.86438924789429,-0.055176166889264744,bull,0.07434263101572625,bull,0.12242522206423057,2026-10-08,-0.17871545440070158,Healthcare,Medical Care Facilities,Germany,EUR,-1.8706493385750922,-18.437382089830212,0.0,stock,S13 Gesundheit,pillar,82.0,manual thematic assignment after stack redesign,"healthcare, pharma, medtech"
INCY,INCYTE CORP,INCY,113.4749984741211,USD,32.905835235990736,0.0,0.0,Seitwärts,0.0,0.0,66.1,14.5,Zyklus-Tief,30.39,0.887,0.0,531249760.0,18516510720.0,4813105152.0,2.87,20.0,24.7,44.7,3.195,106.03,"[40.0, 60.78, 55.65, 85.47, 21.36]",11.185932,35.8,LOW,"{""coverage"": 0.5714285714285714, ""confluence"": 0.4, ""risk_clean"": 0.3333333333333333, ""regime_align"": 0.0, ""liquidity"": 0.4832214765100671, ""weights"": {""coverage"": 0.25, ""confluence"": 0.25, ""risk_clean"": 0.2, ""regime_align"": 0.2, ""liquidity"": 0.1}}",US45337C1027,INCY,INCY,Pharma 🧪,103.95,0.33326115113445115,0.19381739042913726,0.18332275209380544,1699099.1,192805267.77988052,107.15112506866456,0.05901826417038625,bull,0.07434263101572625,bull,0.12242522206423057,2026-10-08,-0.04047174119505881,Healthcare,Biotechnology,United States,USD,0.030849816609368474,32.905835235990736,0.0,stock,S13 Gesundheit,pillar,82.0,manual thematic assignment after stack redesign,"healthcare, pharma, medtech"
INCY,INCYTE DL,INCY,113.4749984741211,USD,32.905835235990736,0.0,0.0,Seitwärts,0.0,0.0,66.1,14.5,Zyklus-Tief,30.39,0.887,0.0,531249760.0,18516510720.0,4813105152.0,2.87,20.0,24.7,44.7,3.195,106.03,"[40.0, 60.78, 55.65, 85.47, 21.36]",11.185932,35.8,LOW,"{""coverage"": 0.5714285714285714, ""confluence"": 0.4, ""risk_clean"": 0.3333333333333333, ""regime_align"": 0.0, ""liquidity"": 0.4832214765100671, ""weights"": {""coverage"": 0.25, ""confluence"": 0.25, ""risk_clean"": 0.2, ""regime_align"": 0.2, ""liquidity"": 0.1}}",US45337C1027,INCY,INCY,Pharma & Gesundheit,103.95,0.33326115113445115,0.19381739042913726,0.18332275209380544,1699099.1,192805267.77988052,107.15112506866456,0.05901826417038625,bull,0.07434263101572625,bull,0.12242522206423057,2026-10-08,-0.04047174119505881,Healthcare,Biotechnology,United States,USD,0.030849816609368474,32.905835235990736,0.0,stock,S13 Gesundheit,pillar,82.0,manual thematic assignment after stack redesign,"healthcare, pharma, medtech"
JNJ,Johnson & Johnson,JNJ,255.6300048828125,USD,37.79895018270138,0.0,0.0,Seitwärts,0.0,0.0,79.0,76.2,Zyklus-neutral,35.56,57.766,218.0,0.0,601488490496.0,94193000448.0,0.0,9.1,28.46,37.56,1.0,75.59,"[18.2, 71.12, 0.0, 23.78, 14.01]",18.998785,38.9,LOW,"{""coverage"": 0.5714285714285714, ""confluence"": 0.4, ""risk_clean"": 0.3333333333333333, ""regime_align"": 0.0, ""liquidity"": 0.7986577181208053, ""weights"": {""coverage"": 0.25, ""confluence"": 0.25, ""risk_clean"": 0.2, ""regime_align"": 0.2, ""liquidity"": 0.1}}",US4781601046,JNJ,JNJ,Pharma 🧪,224.44,0.1921111480897959,0.11694769370905551,0.10959122461615511,6616795.4,1691451440.4105713,240.72908638000487,0.061899119574132744,bull,0.07434263101572625,bull,0.12242522206423057,2026-10-08,-0.03727311030189362,Healthcare,Drug Manufacturers - General,United States,USD,-1.091122921657972,37.79895018270138,0.0,stock,S13 Gesundheit,pillar,82.0,manual thematic assignment after stack redesign,"healthcare, pharma, medtech"
NOVO-B.CO,NOVO-NORDISK,NOVO-B.CO,249.89999389648438,DKK,-31.89101361809935,0.0,0.0,Seitwärts,0.0,0.0,34.8,31.0,Zyklus-neutral,60.7,67.488,505.0,376875008.0,1503633735680.0,309064007680.0,0.03,-7.6,33.14,25.54,0.8,32.25,"[0.0, 100.0, 0.0, 68.95, 28.64]",14.181444,32.5,LOW,"{""coverage"": 0.5714285714285714, ""confluence"": 0.4, ""risk_clean"": 0.0, ""regime_align"": 0.0, ""liquidity"": 0.825503355704698, ""weights"": {""coverage"": 0.25, ""confluence"": 0.25, ""risk_clean"": 0.2, ""regime_align"": 0.2, ""liquidity"": 0.1}}",DK0062498333,NOVO-B.CO,NOVO-B.CO,Pharma & Gesundheit,393.95,0.46705621137990094,0.3847704370692396,0.42319673700217453,5837060.0,1458681258.373413,287.85053993225097,-0.13184114938502012,bull,0.07434263101572625,bull,0.12242522206423057,2026-10-08,-0.2537078195145671,Healthcare,Drug Manufacturers - General,Denmark,DKK,-1.5754234329091066,-31.89101361809935,0.0,stock,S13 Gesundheit,pillar,82.0,manual thematic assignment after stack redesign,"healthcare, pharma, medtech"
OGN,ORGANON + CO.,OGN,13.789999961853027,USD,35.76572547703656,0.0,0.0,Seitwärts,0.0,0.0,37.4,0.0,Zyklus-Tief,71.62,974.393,102.0,394000000.0,10186466304.0,6301000192.0,3.87,1.3,7.95,9.25,1.754,76.86,"[2.6, 100.0, 0.0, 100.0, 33.89]",2.035662,21.2,LOW,"{""coverage"": 0.5714285714285714, ""confluence"": 0.2, ""risk_clean"": 0.0, ""regime_align"": 0.0, ""liquidity"": 0.19463087248322153, ""weights"": {""coverage"": 0.25, ""confluence"": 0.25, ""risk_clean"": 0.2, ""regime_align"": 0.2, ""liquidity"": 0.1}}",US68622V1061,OGN,OGN,Pharma & Gesundheit,8.98,0.6542182433301397,0.43219351681118673,0.44047945096796903,2064261.15,28466161.179754686,11.0040114402771,0.2531793552466328,bull,0.07434263101572625,bull,0.12242522206423057,2026-10-08,-0.010889479174555072,Healthcare,Drug Manufacturers - General,United States,USD,0.0,35.76572547703656,0.0,stock,S13 Gesundheit,pillar,82.0,manual thematic assignment after stack redesign,"healthcare, pharma, medtech"
PFE,PFIZER INC.,PFE,27.795000076293945,USD,15.826814229975362,42.81,0.48,BUY,26.83,28.94,60.4,100.0,Zyklus-Hoch,8.58,66.531,636.0,0.0,204229378048.0,62578999296.0,0.0,-1.2,12.42,11.22,1.0,68.0,"[0.0, 17.16, 0.0, 20.0, 21.85]",9.772898,,,,US7170811035,PFE,PFE,Pharma & Gesundheit,26.43,0.20921699467583268,0.12134506696588507,0.1572429309198753,31921403.8,887255421.0564098,25.879148168563844,0.07403071752019041,bull,0.07434263101572625,bull,0.12242522206423057,2026-10-08,0.121417388355896,Healthcare,Drug Manufacturers - General,United States,USD,-0.7321425846644858,15.826814229975362,0.0,stock,S13 Gesundheit,pillar,82.0,manual thematic assignment after stack redesign,"healthcare, pharma, medtech"
TEM,Tempus AI,TEM,67.89839935302734,USD,-34.23883839900499,0.0,0.0,Seitwärts,0.0,0.0,46.7,31.3,Zyklus-neutral,-72.61,263.048,0.0,-108350376.0,10517640192.0,1105257984.0,-1.03,84.7,-18.45,66.25,3.275,55.68,"[100.0, 0.0, 0.0, 68.71, 100.0]",-119.52941,50.0,MED,{},US88023B1035,TEM,TEM,Pharma 🧪,,0.743918080765574,0.3884916128355526,0.5975786998831909,7706304.6,523245747.26687163,56.619466896057126,0.19920591053384973,bull,0.07434263101572625,bull,0.12242522206423057,2026-10-08,0.18012666999709426,Healthcare,Health Information Services,United States,USD,-3.484860233501774,-34.23883839900499,0.0,stock,S13 Gesundheit,pillar,82.0,manual thematic assignment after stack redesign,"healthcare, pharma, medtech"
UNH,UNITEDHEALTH,UNH,372.3500061035156,USD,3.337140632823643,0.0,0.0,Seitwärts,0.0,0.0,33.6,26.5,Zyklus-neutral,12.54,77.08,324.0,15929249792.0,300506185728.0,447567003648.0,5.3,12.3,2.69,14.99,0.788,83.33,"[24.6, 25.08, 0.0, 73.53, 34.9]",13.6433325,29.0,LOW,"{""coverage"": 0.5714285714285714, ""confluence"": 0.0, ""risk_clean"": 0.3333333333333333, ""regime_align"": 0.0, ""liquidity"": 0.8053691275167785, ""weights"": {""coverage"": 0.25, ""confluence"": 0.25, ""risk_clean"": 0.2, ""regime_align"": 0.2, ""liquidity"": 0.1}}",US91324P1021,UNH,UNH,Pharma & Gesundheit,281.25,0.344227813628256,0.28708385707037376,0.2896065297416547,4778794.8,1779384272.9474487,353.59334259033204,0.05304586159845992,bull,0.07434263101572625,bull,0.12242522206423057,2026-10-08,-0.1607522129320209,Healthcare,Healthcare Plans,United States,USD,-0.965478157546118,3.337140632823643,0.0,stock,S13 Gesundheit,pillar,82.0,manual thematic assignment after stack redesign,"healthcare, pharma, medtech"
AAPL,Apple Inc.,AAPL,339.0849914550781,USD,31.883119596134748,0.0,0.0,Seitwärts,0.0,0.0,58.9,84.3,Zyklus-Hoch,152.02,102.63,38.0,106312753152.0,4041536438272.0,435617005568.0,2.63,15.7,27.04,42.74,0.974,65.09,"[31.4, 100.0, 0.0, 15.71, 13.81]",29.453894,40.3,LOW,"{""coverage"": 0.5714285714285714, ""confluence"": 0.4, ""risk_clean"": 0.3333333333333333, ""regime_align"": 0.0, ""liquidity"": 0.9328859060402684, ""weights"": {""coverage"": 0.25, ""confluence"": 0.25, ""risk_clean"": 0.2, ""regime_align"": 0.2, ""liquidity"": 0.1}}",US0378331005,AAPL,AAPL,,,0.2469570610867645,0.18408467774805684,0.13798523953754416,37424802.55,12690188852.874735,290.06362266540526,0.16900212559994143,bull,0.07434263101572625,bull,0.12242522206423057,2026-10-08,0.03568316405087524,Technology,Consumer Electronics,United States,USD,0.7173130754224877,31.883119596134748,0.0,stock,S14 Kommunikations- & Alltagsinfrastruktur,pillar,76.0,manual thematic assignment after stack redesign,"connectivity, telecom, civic infrastructure"
ASTS,"AST SpaceMobile, Inc.",ASTS,56.619998931884766,,-30.270934655360882,,,,,,,,,,,,,,,,,,,,,,,,,,US00217D1000,ASTS,ASTS,,,1.0789248189690817,0.5947670031679559,0.6015478229884115,10725036.5,607251555.1744251,80.92642492294311,-0.30035215338132815,bull,0.07434263101572625,bull,0.12242522206423057,2026-10-08,-0.19604042425055845,Technology,Communication Equipment,United States,,-6.644686714928715,-30.270934655360882,0.0,stock,S14 Kommunikations- & Alltagsinfrastruktur,pillar,76.0,manual thematic assignment after stack redesign,"connectivity, telecom, civic infrastructure"
CDNL,Cardinal Infrastructure,CDNL,24.649999618530273,USD,4.893615398001172,0.0,0.0,Datenmangel,0.0,0.0,60.2,50.0,Zyklus-neutral,0.0,230.784,0.0,0.0,77877880.0,395162976.0,0.0,60.2,6.11,66.31,1.203,34.65,"[100.0, 0.0, 0.0, 50.0, 21.79]",20.158104,50.0,MED,{},US14154A1025,CDNL,CDNL,,,0.9738679522409518,0.6637257713750332,0.7386279264484605,626875.4,15452478.370866014,44.27414996147156,-0.4432417191525686,bull,0.07434263101572625,bull,0.12242522206423057,2026-10-08,-0.653812898950388,Industrials,Engineering & Construction,United States,USD,-5.446874157715708,4.893615398001172,0.0,stock,S14 Kommunikations- & Alltagsinfrastruktur,pillar,76.0,manual thematic assignment after stack redesign,"connectivity, telecom, civic infrastructure"
LUMN,LUMEN TECHN.,LUMN,5.590000152587891,USD,-20.596588311393628,0.0,0.0,Seitwärts,0.0,0.0,60.8,49.3,Zyklus-neutral,0.0,100.0,0.0,-5826500096.0,24455852032.0,12401999872.0,-23.82,-8.7,-14.02,-22.72,1.802,69.05,"[0.0, 0.0, 0.0, 50.71, 38.17]",-28.083603,17.9,LOW,"{""coverage"": 0.5714285714285714, ""confluence"": 0.0, ""risk_clean"": 0.0, ""regime_align"": 0.0, ""liquidity"": 0.36241610738255026, ""weights"": {""coverage"": 0.25, ""confluence"": 0.25, ""risk_clean"": 0.2, ""regime_align"": 0.2, ""liquidity"": 0.1}}",US5502411037,LUMN,LUMN,Medien & Digitales 📱,9.32,0.7636248004044169,0.4772732408910567,0.5325443579482345,13145115.75,73481199.04828548,7.5099999976158145,-0.25565910061750496,bull,0.07434263101572625,bull,0.12242522206423057,2026-10-08,-0.16719551057402826,Communication Services,Telecom Services,United States,USD,-5.414546583522184,-20.596588311393628,0.0,stock,S14 Kommunikations- & Alltagsinfrastruktur,pillar,76.0,manual thematic assignment after stack redesign,"connectivity, telecom, civic infrastructure"
TTK.DE,TAKKT AG,TTK.DE,3.0,EUR,-41.06090549968411,9.6,0.0,Seitwärts,0.0,0.0,58.0,86.5,Zyklus-Hoch,0.0,72.403,752.0,0.0,1.0,28795244.0,0.0,0.0,-80.39,-80.39,0.247,14.27,"[0.0, 0.0, 0.0, 13.54, 25.0]",,,,,DE0007446007,TTK.DE,TTK.DE,Medien & Digitales 📱,3.67,0.4790923653084603,0.300537477851189,0.5820610395268901,15418.6,46255.8,2.846099991798401,0.05407399903204113,bull,0.07434263101572625,bull,0.12242522206423057,2026-10-08,0.2564603276555839,Industrials,Business Equipment & Supplies,Germany,EUR,1.6949136104436047,-41.06090549968411,0.0,stock,S14 Kommunikations- & Alltagsinfrastruktur,pillar,76.0,manual thematic assignment after stack redesign,"connectivity, telecom, civic infrastructure"
MBLY,Mobileye Global,MBLY,7.005000114440918,USD,-54.92277907569812,0.0,0.0,Seitwärts,0.0,0.0,34.0,44.0,Zyklus-neutral,-3.27,0.564,0.0,632000000.0,5882599936.0,1894000000.0,10.74,-9.0,-20.7,-29.7,6.103,67.31,"[0.0, 0.0, 71.8, 56.05, 45.94]",24.514277,50.0,MED,{},US60741F1049,MBLY,MBLY,Tech 💻,,0.5678832687399193,0.3574518878705846,0.5778635805094745,6293483.65,44085853.688482046,8.85307497024536,-0.20874948670554683,bull,0.07434263101572625,bull,0.12242522206423057,2026-10-08,-0.3154006763271222,Consumer Cyclical,Auto Parts,Israel,USD,-2.027971734160683,-54.92277907569812,0.0,stock,S15 Mobilität,pillar,80.0,manual thematic assignment after stack redesign,"mobility, autos, autonomy"
STLA,Stellantis N.V.,STLA,4.510000228881836,USD,-58.24073935895957,0.0,0.0,Seitwärts,0.0,0.0,39.0,15.0,Zyklus-Tief,-3.06,55.559,1058.0,-8076749824.0,31891654656.0,146121998336.0,-25.33,-12.7,-1.64,-14.34,1.061,46.24,"[0.0, 0.0, 0.0, 84.99, 45.88]",4.304615,17.8,LOW,"{""coverage"": 0.5714285714285714, ""confluence"": 0.0, ""risk_clean"": 0.0, ""regime_align"": 0.0, ""liquidity"": 0.3557046979865772, ""weights"": {""coverage"": 0.25, ""confluence"": 0.25, ""risk_clean"": 0.2, ""regime_align"": 0.2, ""liquidity"": 0.1}}",NL00150001Q9,STLA,STLA,Konsum 🥨,,0.5091237042040714,0.3987950698649759,0.6402640119898579,28941062.6,130524198.95008355,7.092700011730194,-0.364134924440197,bull,0.07434263101572625,bull,0.12242522206423057,2026-10-08,-0.2241674168514134,Consumer Cyclical,Auto Manufacturers,Netherlands,USD,-2.169195265431245,-58.24073935895957,0.0,stock,S15 Mobilität,pillar,80.0,manual thematic assignment after stack redesign,"mobility, autos, autonomy"
TSLA,Tesla,TSLA,371.19989013671875,USD,-15.384465551776927,0.0,0.0,Seitwärts,0.0,0.0,56.0,35.8,Zyklus-neutral,4.93,17.763,0.0,3732624896.0,1566959599616.0,94827003904.0,0.24,-3.1,4.0,0.9,2.164,44.57,"[0.0, 9.86, 0.0, 64.22, 0.0]",151.62677,50.0,MED,{},US88160R1014,TSLA,TSLA,Tech 💻,,0.4538566735470967,0.30740585803118037,0.39103453018952694,34836930.4,12931464737.180517,391.11569869995117,-0.050920504161381275,bull,0.07434263101572625,bull,0.12242522206423057,2026-10-08,-0.09354436009107303,Consumer Cyclical,Auto Manufacturers,United States,USD,-1.7495850995446038,-15.384465551776927,0.0,stock,S15 Mobilität,pillar,80.0,manual thematic assignment after stack redesign,"mobility, autos, autonomy"
VOW3.DE,Volkswagen AG Vz.,VOW3.DE,66.5999984741211,EUR,-22.20392397450892,0.0,0.0,Seitwärts,0.0,0.0,58.0,57.2,Zyklus-neutral,3.58,130.129,630.0,-83611090944.0,262762414080.0,326045990912.0,-31.82,2.3,2.26,4.56,1.096,27.73,"[4.6, 7.16, 0.0, 42.85, 28.51]",4.8342667,24.0,LOW,"{""coverage"": 0.5714285714285714, ""confluence"": 0.0, ""risk_clean"": 0.3333333333333333, ""regime_align"": 0.0, ""liquidity"": 0.3087248322147651, ""weights"": {""coverage"": 0.25, ""confluence"": 0.25, ""risk_clean"": 0.2, ""regime_align"": 0.2, ""liquidity"": 0.1}}",DE0007664039,VOW3.DE,VOW3.DE,Andere 🌐,102.3,0.29799312243136256,0.17532489001960339,0.3458252402010681,1411301.95,93992707.71652412,82.54260490417481,-0.19314397029948072,bull,0.07434263101572625,bull,0.12242522206423057,2026-10-08,-0.1016114398783996,Consumer Cyclical,Auto Manufacturers,Germany,EUR,-4.502436888200267,-22.20392397450892,0.0,stock,S15 Mobilität,pillar,80.0,manual thematic assignment after stack redesign,"mobility, autos, autonomy"
NFLX,NETFLIX INC.,NFLX,70.96499633789062,USD,-41.556520852923875,0.0,0.0,Seitwärts,0.0,0.0,39.3,93.9,Zyklus-Hoch,42.76,63.782,0.0,24817524736.0,355017424896.0,45183037440.0,6.99,17.6,24.3,41.9,1.186,86.0,"[35.2, 85.52, 0.0, 6.14, 32.01]",21.525,39.5,LOW,"{""coverage"": 0.5714285714285714, ""confluence"": 0.4, ""risk_clean"": 0.3333333333333333, ""regime_align"": 0.0, ""liquidity"": 0.8590604026845637, ""weights"": {""coverage"": 0.25, ""confluence"": 0.25, ""risk_clean"": 0.2, ""regime_align"": 0.2, ""liquidity"": 0.1}}",US64110L1061,NFLX,NFLX,Medien & Digitales 📱,85.7,0.3651052276931533,0.26724697282390153,0.4597817182538124,36213352.1,2569880399.159244,83.56597484588623,-0.15079077975497257,bull,0.07434263101572625,bull,0.12242522206423057,2026-10-08,-0.07266766363995458,Communication Services,Entertainment,United States,USD,1.814920294168454,-41.556520852923875,0.0,stock,S19 Medien & Unterhaltung,pillar,75.0,manual thematic assignment after stack redesign,"media, entertainment, streaming"
SPOT,SPOTIFY TECH.,SPOT,523.114990234375,USD,-22.472769139032977,0.0,0.0,Seitwärts,0.0,0.0,41.6,76.0,Zyklus-neutral,22.64,28.873,0.0,789000000.0,92863963136.0,16897000448.0,0.85,7.1,8.31,15.41,1.612,67.37,"[14.2, 45.28, 0.0, 24.02, 38.46]",25.314257,33.2,LOW,"{""coverage"": 0.5714285714285714, ""confluence"": 0.2, ""risk_clean"": 0.3333333333333333, ""regime_align"": 0.0, ""liquidity"": 0.7248322147651006, ""weights"": {""coverage"": 0.25, ""confluence"": 0.25, ""risk_clean"": 0.2, ""regime_align"": 0.2, ""liquidity"": 0.1}}",LU1778762911,SPOT,SPOT,Medien & Digitales 📱,511.74,0.4514668185736433,0.2952504481486363,0.4035749189280341,1436703.2,751560980.4376953,498.9227764892578,0.04848889424401359,bull,0.07434263101572625,bull,0.12242522206423057,2026-10-08,0.05632407354624269,Communication Services,Internet Content & Information,Sweden,USD,1.9876408921281064,-22.472769139032977,0.0,stock,S19 Medien & Unterhaltung,pillar,75.0,manual thematic assignment after stack redesign,"media, entertainment, streaming"
TME,TENCENT MUSIC ENTERTAINMENT GROUP,TME,7.909999847412109,USD,-65.05115515834316,0.0,0.0,Seitwärts,0.0,0.0,55.8,84.0,Zyklus-Hoch,14.79,4.524,107.0,5382750208.0,36124852224.0,31719000064.0,14.9,20.6,34.08,54.68,2.085,63.88,"[41.2, 29.58, 0.0, 15.98, 46.52]",16.826365,34.4,LOW,"{""coverage"": 0.5714285714285714, ""confluence"": 0.4, ""risk_clean"": 0.3333333333333333, ""regime_align"": 0.0, ""liquidity"": 0.34899328859060397, ""weights"": {""coverage"": 0.25, ""confluence"": 0.25, ""risk_clean"": 0.2, ""regime_align"": 0.2, ""liquidity"": 0.1}}",US88034P1093,TME,TME,Tech 💻,16.98,0.4697611886361472,0.44017886075451373,0.6648016215781773,6687514.25,52898236.69706631,10.83862179517746,-0.2702024300791095,bull,0.07434263101572625,bull,0.12242522206423057,2026-10-08,-0.13805249654238916,Communication Services,Internet Content & Information,China,USD,-1.0012506382695352,-65.05115515834316,0.0,stock,S19 Medien & Unterhaltung,pillar,75.0,manual thematic assignment after stack redesign,"media, entertainment, streaming"
PL,Planet Labs PBC,PL,16.895000457763672,,8.301282337352989,,,,,,,,,,,,,,,,,,,,,,,,,,US72703X1063,PL,PL,,,0.9353535557008237,0.5450342840388427,0.6883268485955606,10443105.4,176436270.5134743,27.336475019454955,-0.3819612643641963,bull,0.07434263101572625,bull,0.12242522206423057,2026-10-08,-0.3830532491149008,Industrials,Aerospace & Defense,United States,,-4.816898829500438,8.301282337352989,0.0,stock,S20 Sicherheit & Verteidigung,pillar,81.0,manual thematic assignment after stack redesign,"defense, aerospace, security"
RCAT,Red Cat Holdings,RCAT,5.875,USD,-59.05923453781621,0.0,0.0,Seitwärts,0.0,0.0,52.6,13.2,Zyklus-Tief,0.0,8.852,0.0,0.0,1322458240.0,7443942.0,0.0,646.4,0.0,646.4,10.416,41.83,"[100.0, 0.0, 0.0, 86.81, 73.29]",-42.066666,50.0,MED,{},US75644T1007,RCAT,RCAT,,,1.083118748564402,0.5551025534805089,0.6615783529122223,8736783.55,51328603.35625,10.922449951171876,-0.4621170134664093,bull,0.07434263101572625,bull,0.12242522206423057,2026-10-08,-0.33278825042017035,Industrials,Aerospace & Defense,United States,USD,-4.4715461967972825,-59.05923453781621,0.0,stock,S20 Sicherheit & Verteidigung,pillar,81.0,manual thematic assignment after stack redesign,"defense, aerospace, security"
RHM.DE,Rheinmetall AG,RHM.DE,934.9000244140625,EUR,-51.16395211852721,103.81,5.48,BUY,1966.0,2521.79,71.8,18.7,Zyklus-Tief,22.42,47.166,49.0,-1625000.0,76487131136.0,10997999616.0,-0.0,13.3,7.64,20.94,1.135,43.98,"[26.6, 44.84, 0.0, 100.0, 20.38]",40.79185,,,,DE0007030009,RHM.DE,RHM.DE,,,0.47495426912198574,0.3699061649504196,0.5161841163464314,185089.15,173039850.85377806,1322.878694152832,-0.2932836332262725,bull,0.07434263101572625,bull,0.12242522206423057,2026-10-08,-0.07910322656776592,Industrials,Aerospace & Defense,Germany,EUR,0.939323266288894,-51.16395211852721,0.0,stock,S20 Sicherheit & Verteidigung,pillar,81.0,manual thematic assignment after stack redesign,"defense, aerospace, security"
RKLB,"Rocket Lab USA, Inc.",RKLB,68.55999755859375,,4.976267220166752,,,,,,,,,,,,,,,,,,,,,,,,,,US7731211089,RKLB,RKLB,,,0.9312200172728027,0.5095609109407401,0.609931437524637,21102236.8,1446769303.4888673,81.65730009078979,-0.160393529024765,bull,0.07434263101572625,bull,0.12242522206423057,2026-10-08,-0.14033955535327958,Industrials,Aerospace & Defense,United States,,-4.671858587174427,4.976267220166752,0.0,stock,S20 Sicherheit & Verteidigung,pillar,81.0,manual thematic assignment after stack redesign,"defense, aerospace, security"
ADA-USD,Cardano,ADA-USD,0.2254199981689453,USD,-73.12961045281685,,,,,,,,,,,,,,,,,,,,,,,,,,,ADA-USD,ADA-USD,,,0.6643662941376584,0.4224470896140589,0.8290305637607973,690116895.65,155566149.35378122,0.21297015458345414,0.05845816100308365,bull,0.07434263101572625,bull,0.12242522206423057,2026-10-08,-0.1210759882442709,Cryptocurrency,Digital Currency,Global,USD,-11.743631060971572,-73.12961045281685,,crypto,S21 Finanzsystem,pillar,83.0,manual thematic assignment after stack redesign,"payments, exchanges, capital markets, crypto"
ALV.DE,ALLIANZ SE,ALV.DE,413.3999938964844,EUR,16.524798664423624,0.0,0.0,Seitwärts,0.0,0.0,65.4,58.7,Zyklus-neutral,17.98,100.0,398.0,0.0,114918481920.0,105018998784.0,0.0,5.8,10.08,15.88,127.745,41.77,"[11.6, 35.96, 0.0, 41.3, 20.39]",12.127932,30.5,LOW,"{""coverage"": 0.5714285714285714, ""confluence"": 0.2, ""risk_clean"": 0.3333333333333333, ""regime_align"": 0.0, ""liquidity"": 0.4563758389261745, ""weights"": {""coverage"": 0.25, ""confluence"": 0.25, ""risk_clean"": 0.2, ""regime_align"": 0.2, ""liquidity"": 0.1}}",DE0008404005,ALV.DE,ALV.DE,Finanzen,365.3,0.18329220386403977,0.14776837566226236,0.12350398048430755,543200.05,224558897.35457003,390.1295199584961,0.059648072620764436,bull,0.07434263101572625,bull,0.12242522206423057,2026-10-08,-0.05191449755591904,Financial Services,Insurance - Diversified,Germany,EUR,-0.9345780039704321,16.524798664423624,0.0,stock,S21 Finanzsystem,pillar,83.0,manual thematic assignment after stack redesign,"payments, exchanges, capital markets, crypto"
BLK,BLACKROCK INC,BLK,1065.7850341796875,USD,-6.561252072721791,0.0,0.0,Seitwärts,0.0,0.0,58.7,28.1,Zyklus-neutral,10.69,24.32,192.0,0.0,177495670784.0,24216000512.0,0.0,23.4,22.93,46.33,1.0,84.09,"[46.8, 21.38, 0.0, 71.87, 27.29]",17.549316,37.4,LOW,"{""coverage"": 0.5714285714285714, ""confluence"": 0.4, ""risk_clean"": 0.3333333333333333, ""regime_align"": 0.0, ""liquidity"": 0.6442953020134228, ""weights"": {""coverage"": 0.25, ""confluence"": 0.25, ""risk_clean"": 0.2, ""regime_align"": 0.2, ""liquidity"": 0.1}}",US09247X1019,BLK,BLK,Finanzen 🏦,1107.99,0.27315985472190746,0.18095719085700376,0.22454441911078005,523115.85,557529044.0721862,1051.3848403930665,0.013696406143004047,bull,0.07434263101572625,bull,0.12242522206423057,2026-10-08,0.00461770691335861,Financial Services,Asset Management,United States,USD,-0.35946735652261363,-6.561252072721791,0.0,stock,S21 Finanzsystem,pillar,83.0,manual thematic assignment after stack redesign,"payments, exchanges, capital markets, crypto"
BTC-USD,Bitcoin,BTC-USD,80581.8984375,USD,-34.6747313058875,,,,,,,,,,,,,,,,,,,,,,,,,,,BTC-USD,BTC-USD,,,0.37432873755193036,0.2601424759791806,0.5252813228197128,32238530513.2,2597841991588927.0,71792.6654296875,0.12242522206423057,bull,0.07434263101572625,bull,0.12242522206423057,2026-10-08,0.0,Cryptocurrency,Digital Currency,Global,USD,-3.2350659549639116,-34.6747313058875,,crypto,S21 Finanzsystem,pillar,83.0,manual thematic assignment after stack redesign,"payments, exchanges, capital markets, crypto"
CME,CME Group Inc.,CME,276.7528991699219,USD,8.513049396103645,,,,,,,,,,,,,,,,,,,,,,,,,,US12572Q1058,CME,CME,Finanzen,,0.2421406299754007,0.167720072101339,0.3108934680698645,1714856.3,474591452.68480533,274.67142532348635,0.007578050188453922,bull,0.07434263101572625,bull,0.12242522206423057,2026-10-08,0.10058110165196887,Financial Services,Financial Data & Stock Exchanges,United States,USD,2.3986792539966606,8.513049396103645,,stock,S21 Finanzsystem,pillar,85.0,manual gap-filling addition for derivatives and exchange infrastructure,"payments, exchanges, capital markets, crypto"
COIN,COINBASE GLB.,COIN,172.60000610351562,USD,-55.4316081803534,0.0,0.0,Seitwärts,0.0,0.0,40.6,34.0,Zyklus-neutral,26.0,48.559,0.0,-1097911808.0,41830793216.0,7370428928.0,-2.62,58.9,43.66,102.56,2.404,67.14,"[100.0, 52.0, 0.0, 65.97, 63.27]",25.270573,37.0,LOW,"{""coverage"": 0.5714285714285714, ""confluence"": 0.6, ""risk_clean"": 0.0, ""regime_align"": 0.0, ""liquidity"": 0.7718120805369127, ""weights"": {""coverage"": 0.25, ""confluence"": 0.25, ""risk_clean"": 0.2, ""regime_align"": 0.2, ""liquidity"": 0.1}}",US19260Q1076,COIN,COIN,Krypto-Infrastruktur 🪙,211.68,0.7223420329286662,0.3897771771398607,0.6356805320824648,9672671.65,1669503185.8273027,184.12839973449707,-0.06261062197686362,bull,0.07434263101572625,bull,0.12242522206423057,2026-10-08,0.06291613948307884,Financial Services,Financial Data & Stock Exchanges,United States,USD,-3.278224121473816,-55.4316081803534,0.0,stock,S21 Finanzsystem,pillar,83.0,manual thematic assignment after stack redesign,"payments, exchanges, capital markets, crypto"
DB1.DE,DEUTSCHE BOERSE AG,DB1.DE,292.6000061035156,EUR,30.68448705281441,55.08,0.0,Seitwärts,0.0,0.0,42.2,59.0,Zyklus-neutral,19.48,54.664,189.0,0.0,1.0,7302400000.0,0.0,4.2,27.59,31.79,1.009,64.75,"[8.4, 38.96, 0.0, 41.03, 28.01]",17.867914,,,,DE0005140008,DB1.DE,DB1.DE,Finanzen,33.53,0.226664575000528,0.1405042332861419,0.11800429950284552,315837.4,92414025.16771851,248.35067512512208,0.1781727831265214,bull,0.07434263101572625,bull,0.12242522206423057,2026-10-08,0.10732347186991054,Financial Services,Financial Data & Stock Exchanges,Germany,EUR,0.13689044482345647,30.68448705281441,0.0,stock,S21 Finanzsystem,pillar,83.0,manual thematic assignment after stack redesign,"payments, exchanges, capital markets, crypto"
ETH-USD,Ethereum,ETH-USD,2412.75,USD,-46.71074193353919,,,,,,,,,,,,,,,,,,,,,,,,,,,ETH-USD,ETH-USD,,,0.529590675414814,0.36568220136027174,0.6543864125609333,13639460251.7,32908607722289.176,2128.331276855469,0.13363461141479327,bull,0.07434263101572625,bull,0.12242522206423057,2026-10-08,0.019043898004537096,Cryptocurrency,Digital Currency,Global,USD,-6.247353234480279,-46.71074193353919,,crypto,S21 Finanzsystem,pillar,83.0,manual thematic assignment after stack redesign,"payments, exchanges, capital markets, crypto"
FIGR,Figure Technology Solutions,FIGR,27.530000686645508,USD,-44.010572072722084,0.0,0.0,Seitwärts,0.0,0.0,56.2,3.2,Zyklus-Tief,0.0,68.77,0.0,0.0,8038661632.0,382600000.0,0.0,54.8,32.46,87.26,2.261,53.12,"[100.0, 0.0, 0.0, 96.84, 34.69]",38.201473,50.0,MED,{},US3493811034,FIGR,FIGR,Finanzen 🏦,,0.9449302683012653,0.5622825029547972,0.6629684939363297,4648230.15,127965779.22118635,36.25904999732971,-0.24074125801219426,bull,0.07434263101572625,bull,0.12242522206423057,2026-10-08,-0.10817288898352151,Financial Services,Capital Markets,United States,USD,-0.5419061303342021,-44.010572072722084,0.0,stock,S21 Finanzsystem,pillar,83.0,manual thematic assignment after stack redesign,"payments, exchanges, capital markets, crypto"
ICE,"Intercontinental Exchange, Inc.",ICE,154.99000549316406,USD,-1.4530817641304372,,,,,,,,,,,,,,,,,,,,,,,,,,US45866F1049,ICE,ICE,Finanzen,,0.2490304751279334,0.18515491772859508,0.2931752428992731,2519537.85,390503185.2117348,153.89552341461183,0.007111851301896399,bull,0.07434263101572625,bull,0.12242522206423057,2026-10-08,0.09568950020779088,Financial Services,Financial Data & Stock Exchanges,United States,USD,1.5728482946935296,-1.4530817641304372,,stock,S21 Finanzsystem,pillar,85.0,manual gap-filling addition for market infrastructure coverage,"payments, exchanges, capital markets, crypto"
MA,MASTERCARD INC,MA,581.0399780273438,USD,1.4261279467593146,0.0,0.0,Seitwärts,0.0,0.0,45.5,58.4,Zyklus-neutral,209.91,245.288,64.0,16265374720.0,491219648512.0,32790999040.0,3.31,17.6,45.65,63.25,1.035,91.48,"[35.2, 100.0, 0.0, 41.63, 24.28]",23.911453,38.8,LOW,"{""coverage"": 0.5714285714285714, ""confluence"": 0.4, ""risk_clean"": 0.3333333333333333, ""regime_align"": 0.0, ""liquidity"": 0.785234899328859, ""weights"": {""coverage"": 0.25, ""confluence"": 0.25, ""risk_clean"": 0.2, ""regime_align"": 0.2, ""liquidity"": 0.1}}",US57636Q1040,MA,MA,Finanzen,521.34,0.2259732250323138,0.1465846953145723,0.18484023580086917,2750656.2,1598241218.008777,531.2630616760254,0.09369542123685859,bull,0.07434263101572625,bull,0.12242522206423057,2026-10-08,0.046740274564371465,Financial Services,Credit Services,United States,USD,1.926109622807104,1.4261279467593146,0.0,stock,S21 Finanzsystem,pillar,83.0,manual thematic assignment after stack redesign,"payments, exchanges, capital markets, crypto"
NRDS,NERDWALLET INC,NRDS,9.569999694824219,USD,-9.546316031806212,0.0,0.0,Seitwärts,0.0,0.0,41.2,18.1,Zyklus-Tief,20.23,3.554,0.0,65625000.0,640464896.0,795000000.0,10.25,12.4,9.22,21.62,3.698,78.36,"[24.8, 40.46, 0.0, 81.85, 50.24]",6.934785,20.0,LOW,"{""coverage"": 0.5714285714285714, ""confluence"": 0.2, ""risk_clean"": 0.0, ""regime_align"": 0.0, ""liquidity"": 0.0738255033557047, ""weights"": {""coverage"": 0.25, ""confluence"": 0.25, ""risk_clean"": 0.2, ""regime_align"": 0.2, ""liquidity"": 0.1}}",US64082B1026,NRDS,NRDS,Finanzen 🏦,12.38,0.4750150383178092,0.3270310032993736,0.524168249937619,761045.05,7283200.896247483,10.097600018978119,-0.05225007161724482,bull,0.07434263101572625,bull,0.12242522206423057,2026-10-08,-0.025432308124134995,Communication Services,Internet Content & Information,United States,USD,5.338466204081271,-9.546316031806212,0.0,stock,S21 Finanzsystem,pillar,83.0,manual thematic assignment after stack redesign,"payments, exchanges, capital markets, crypto"
PGY,Pagaya Technologies Ltd.,PGY,18.139999389648438,USD,-39.9735281210539,0.0,0.0,Seitwärts,0.0,0.0,52.6,0.5,Zyklus-Tief,-36.31,141.786,0.0,196523376.0,1852567424.0,1245945984.0,10.61,36.1,-15.32,20.78,5.113,63.62,"[72.2, 0.0, 0.0, 99.55, 76.3]",4.0632296,21.4,LOW,"{""coverage"": 0.5714285714285714, ""confluence"": 0.2, ""risk_clean"": 0.0, ""regime_align"": 0.0, ""liquidity"": 0.20805369127516782, ""weights"": {""coverage"": 0.25, ""confluence"": 0.25, ""risk_clean"": 0.2, ""regime_align"": 0.2, ""liquidity"": 0.1}}",IL0011858912,PGY,PGY,,,0.747226012790512,0.4837436799773087,0.6490765022949834,2479834.95,44984204.479428865,16.85072494506836,0.07651151204372386,bull,0.07434263101572625,bull,0.12242522206423057,2026-10-08,-0.00259450439489628,Technology,Software - Infrastructure,United States,USD,0.0,-39.9735281210539,0.0,stock,S21 Finanzsystem,pillar,83.0,manual thematic assignment after stack redesign,"payments, exchanges, capital markets, crypto"
PYPL,PAYPAL HDGS,PYPL,55.02000045776367,USD,-26.922921805724688,0.0,0.0,Seitwärts,0.0,0.0,30.9,29.5,Zyklus-neutral,25.73,60.703,135.0,3274249984.0,40072372224.0,33172000768.0,8.17,3.7,15.78,19.48,1.287,82.92,"[7.4, 51.46, 0.0, 70.46, 34.62]",7.116504,37.5,LOW,"{""coverage"": 0.5714285714285714, ""confluence"": 0.4, ""risk_clean"": 0.3333333333333333, ""regime_align"": 0.0, ""liquidity"": 0.6510067114093959, ""weights"": {""coverage"": 0.25, ""confluence"": 0.25, ""risk_clean"": 0.2, ""regime_align"": 0.2, ""liquidity"": 0.1}}",US70450Y1038,PYPL,PYPL,Finanzen,55.47,0.4367415444115353,0.37125714879676947,0.48548081316444647,11526487.45,634187344.7754072,49.91259792327881,0.1023269224001424,bull,0.07434263101572625,bull,0.12242522206423057,2026-10-08,0.12365923047533856,Financial Services,Credit Services,United States,USD,0.12738797789322298,-26.922921805724688,0.0,stock,S21 Finanzsystem,pillar,83.0,manual thematic assignment after stack redesign,"payments, exchanges, capital markets, crypto"
SOL-EUR,SOLANA (KRYPTO),SOL-EUR,94.83000183105469,EUR,-51.864401029727944,,,,,,,,,,,,,,,,,,,,,,,,,,,SOL-EUR,SOL-EUR,Krypto 🪙,,0.5526986000843519,0.3748985671230869,0.7260262444772796,3286426094.45,311651792554.3194,74.91355443954468,0.265859063029543,bull,0.07434263101572625,bull,0.12242522206423057,2026-10-08,0.2467135088607053,Cryptocurrency,Digital Currency,Global,EUR,-8.613085512813523,-51.864401029727944,,crypto,S21 Finanzsystem,pillar,83.0,manual thematic assignment after stack redesign,"payments, exchanges, capital markets, crypto"
V,Visa Inc.,V,379.6600036621094,USD,8.918591954345011,,,,,,,,,,,,,,,,,,,,,,,,,,US92826C8394,V,V,Finanzen,,0.22219741291659054,0.13301396417459208,0.17180513781287055,5984109.7,2271927110.616464,337.0888150024414,0.12629071854359708,bull,0.07434263101572625,bull,0.12242522206423057,2026-10-08,0.029353234971419617,Financial Services,Credit Services,United States,USD,2.031711215960219,8.918591954345011,,stock,S21 Finanzsystem,pillar,86.0,manual gap-filling addition for payments infrastructure coverage,"payments, exchanges, capital markets, crypto"
XRP-EUR,XRP (KRYPTO),XRP-EUR,1.1886999607086182,EUR,-52.01489512805427,0.0,0.0,Seitwärts,0.0,0.0,40.7,29.1,Zyklus-neutral,0.0,100.0,0.0,0.0,1.0,1.0,0.0,0.0,0.0,0.0,1.0,0.0,"[0.0, 0.0, 0.0, 70.92, 25.0]",0.0,22.8,LOW,"{""coverage"": 0.5714285714285714, ""confluence"": 0.0, ""risk_clean"": 0.0, ""regime_align"": 0.0, ""liquidity"": 0.8523489932885906, ""weights"": {""coverage"": 0.25, ""confluence"": 0.25, ""risk_clean"": 0.2, ""regime_align"": 0.2, ""liquidity"": 0.1}}",,XRP-EUR,XRP-EUR,Krypto 🪙,1.6,0.5550405615178859,0.35952319317386927,0.6540147569214695,3532123992.6,4198635651.221587,1.1075737860798835,0.07324674495581052,bull,0.07434263101572625,bull,0.12242522206423057,2026-10-08,0.1036755671948999,Cryptocurrency,Digital Currency,Global,EUR,-6.324057870590439,-52.01489512805427,0.0,crypto,S21 Finanzsystem,pillar,83.0,manual thematic assignment after stack redesign,"payments, exchanges, capital markets, crypto"
XYZ,BLOCK INC. A,XYZ,74.7249984741211,USD,-7.872028218694882,0.0,0.0,Seitwärts,0.0,0.0,41.0,35.8,Zyklus-neutral,14.69,36.049,0.0,241061248.0,34101551104.0,23973765120.0,0.71,2.3,13.08,15.38,2.183,81.62,"[4.6, 29.38, 0.0, 64.15, 39.94]",17.737028,19.9,LOW,"{""coverage"": 0.5714285714285714, ""confluence"": 0.0, ""risk_clean"": 0.0, ""regime_align"": 0.0, ""liquidity"": 0.5570469798657718, ""weights"": {""coverage"": 0.25, ""confluence"": 0.25, ""risk_clean"": 0.2, ""regime_align"": 0.2, ""liquidity"": 0.1}}",US8522341036,XYZ,XYZ,Fintech,64.75,0.4675239340559297,0.30617961033633034,0.39477253380364496,3929645.8,293642776.40883636,70.36277471542358,0.06199618727857392,bull,0.07434263101572625,bull,0.12242522206423057,2026-10-08,-0.08461175249966546,Technology,Software - Infrastructure,United States,USD,-1.7681099330865924,-7.872028218694882,0.0,stock,S21 Finanzsystem,pillar,83.0,manual thematic assignment after stack redesign,"payments, exchanges, capital markets, crypto"
ACB.TO,Aurora Cannabis,ACB.TO,6.329999923706055,,-25.70423023935433,,,,,,,,,,,,,,,,,,,,,,,,,,CA05156X8504,ACB.TO,ACB.TO,Pharma 🧪,,0.5937093927861798,0.36851443990191607,0.5767441926226864,372487.25,2357844.264081478,4.941100008487702,0.2810912373424004,bull,0.07434263101572625,bull,0.12242522206423057,2026-10-08,0.6139495659124681,Healthcare,Medical Devices,Canada,,-0.6279428975141443,-25.70423023935433,,stock,Playground,playground,70.0,manual thematic assignment after stack redesign,"speculation, high volatility, optionality"
DOGE-EUR,DOGECOIN (KRYPTO),DOGE-EUR,0.07300999760627747,EUR,-66.77754564697332,,,,,,,,,,,,,,,,,,,,,,,,,,,DOGE-EUR,DOGE-EUR,Krypto 🪙,,0.593942248128635,0.4043752265244995,0.7275949793838599,1178853973.15,86068125.75783218,0.07589055987074972,-0.0379567929051805,bull,0.07434263101572625,bull,0.12242522206423057,2026-10-08,-0.02966319044184229,Cryptocurrency,Digital Currency,Global,EUR,-8.09415943492634,-66.77754564697332,,crypto,Playground,playground,70.0,manual thematic assignment after stack redesign,"speculation, high volatility, optionality"
QBTS,D-Wave Quantum Inc.,QBTS,14.359999656677246,,-58.07299370313213,,,,,,,,,,,,,,,,,,,,,,,,,,US26740W1099,QBTS,QBTS,,,1.0856982123833114,0.5297274939861178,0.710138456988137,15314213.85,219912105.62828192,20.604099946022032,-0.30305134928013755,bull,0.07434263101572625,bull,0.12242522206423057,2026-10-08,-0.2643016812902387,Technology,Computer Hardware,United States,,-5.65046383221548,-58.07299370313213,0.0,stock,Playground,playground,70.0,manual thematic assignment after stack redesign,"speculation, high volatility, optionality"
QS,QUANTUMSCAPE A,QS,4.434999942779541,USD,-71.06979801140551,0.0,0.0,Seitwärts,0.0,0.0,57.1,60.4,Zyklus-neutral,-38.65,6.004,0.0,-116634872.0,4444975104.0,1.0,-2.62,0.0,0.0,0.0,21.138,32.36,"[0.0, 0.0, 0.0, 39.58, 36.84]",-13.218594,18.4,LOW,"{""coverage"": 0.5714285714285714, ""confluence"": 0.0, ""risk_clean"": 0.0, ""regime_align"": 0.0, ""liquidity"": 0.41610738255033564, ""weights"": {""coverage"": 0.25, ""confluence"": 0.25, ""risk_clean"": 0.2, ""regime_align"": 0.2, ""liquidity"": 0.1}}",US74767V1098,QS,QS,Experimente,10.12,0.7488313404320607,0.4749112799276692,0.7594902486803972,11877865.9,52678334.586843066,7.196975018978119,-0.38376888469327275,bull,0.07434263101572625,bull,0.12242522206423057,2026-10-08,-0.3276520681486823,Consumer Cyclical,Auto Parts,United States,USD,-1.8805318253463654,-71.06979801140551,0.0,stock,Playground,playground,70.0,manual thematic assignment after stack redesign,"speculation, high volatility, optionality"
QS,QUANTUMSCAPE CORP,QS,4.434999942779541,USD,-71.06979801140551,0.0,0.0,Seitwärts,0.0,0.0,57.1,60.4,Zyklus-neutral,-38.65,6.004,0.0,-116634872.0,4444975104.0,1.0,-2.62,0.0,0.0,0.0,21.138,32.36,"[0.0, 0.0, 0.0, 39.58, 36.84]",-13.218594,18.4,LOW,"{""coverage"": 0.5714285714285714, ""confluence"": 0.0, ""risk_clean"": 0.0, ""regime_align"": 0.0, ""liquidity"": 0.41610738255033564, ""weights"": {""coverage"": 0.25, ""confluence"": 0.25, ""risk_clean"": 0.2, ""regime_align"": 0.2, ""liquidity"": 0.1}}",US74767V1098,QS,QS,Industrie/Auto 🚗,10.12,0.7488313404320607,0.4749112799276692,0.7594902486803972,11877865.9,52678334.586843066,7.196975018978119,-0.38376888469327275,bull,0.07434263101572625,bull,0.12242522206423057,2026-10-08,-0.3276520681486823,Consumer Cyclical,Auto Parts,United States,USD,-1.8805318253463654,-71.06979801140551,0.0,stock,Playground,playground,70.0,manual thematic assignment after stack redesign,"speculation, high volatility, optionality"
RGTI,"Rigetti Computing, Inc.",RGTI,13.84000015258789,,-67.98519477413825,,,,,,,,,,,,,,,,,,,,,,,,,,US76655K1034,RGTI,RGTI,,,1.00685365437655,0.520941241794939,0.7710330212354866,15214040.1,210562317.30547827,18.155525035858155,-0.23769760856526412,bull,0.07434263101572625,bull,0.12242522206423057,2026-10-08,-0.13282052978556524,Technology,Computer Hardware,United States,,-5.140507142948659,-67.98519477413825,0.0,stock,Playground,playground,70.0,manual thematic assignment after stack redesign,"speculation, high volatility, optionality"
RIGD.IL,RELIANCE INDS,RIGD.IL,48.54999923706055,USD,-20.564220313469185,0.0,0.0,Seitwärts,0.0,0.0,58.2,100.0,Zyklus-Hoch,0.0,37.389,33.0,0.0,2996862451712.0,9252890476544.0,0.0,11.7,7.43,19.13,1.0,0.89,"[23.4, 0.0, 0.0, 0.0, 26.68]",16.744186,21.6,LOW,"{""coverage"": 0.5714285714285714, ""confluence"": 0.0, ""risk_clean"": 0.3333333333333333, ""regime_align"": 0.0, ""liquidity"": 0.06711409395973156, ""weights"": {""coverage"": 0.25, ""confluence"": 0.25, ""risk_clean"": 0.2, ""regime_align"": 0.2, ""liquidity"": 0.1}}",US7594701077,RIGD.IL,RIGD.IL,Experimente,60.3,0.23480506844753585,0.15345928014230203,0.3130482971038664,69518.15,3375106.1294618603,57.53358594894409,-0.15614508575661656,bull,0.07434263101572625,bull,0.12242522206423057,2026-10-08,-0.1464178724175389,Energy,Oil & Gas Refining & Marketing,India,USD,-1.8200232800671956,-20.564220313469185,0.0,stock,Playground,playground,70.0,manual thematic assignment after stack redesign,"speculation, high volatility, optionality"
SMX,SMX (Security Matters) Public,SMX,3.899899959564209,USD,-97.56632197776834,0.0,0.0,Seitwärts,0.0,0.0,35.1,53.8,Zyklus-neutral,-210.65,50.074,0.0,-14249375.0,22898526.0,1.0,-62.23,0.0,0.0,0.0,0.079,0.07,"[0.0, 0.0, 0.0, 46.18, 25.0]",0.0,16.4,LOW,"{""coverage"": 0.5714285714285714, ""confluence"": 0.0, ""risk_clean"": 0.0, ""regime_align"": 0.0, ""liquidity"": 0.21476510067114096, ""weights"": {""coverage"": 0.25, ""confluence"": 0.25, ""risk_clean"": 0.2, ""regime_align"": 0.2, ""liquidity"": 0.1}}",IE000B5COQZ5,SMX,SMX,Tech 💻,,13.523860747611625,1.7365736517434238,0.9993179106435013,221497.7,863818.8712735653,89.31737616419792,-0.9563366040624081,bull,0.07434263101572625,bull,0.12242522206423057,2026-10-08,-0.7932761574436902,Industrials,Specialty Business Services,Ireland,USD,-0.0025675846352268827,-97.56632197776834,0.0,stock,Playground,playground,70.0,manual thematic assignment after stack redesign,"speculation, high volatility, optionality"
6506.T,YASKAWA ELECTRIC CORPORATION,6506.T,4946.0,JPY,36.257860674987974,,,,,,,,,,,,,,,,,,,,,,,,,,JP3932000007,6506.T,6506.T,Hardware 💻,,0.5924384841582644,0.39472223544059215,0.43462997798848957,3387795.0,16756034070.0,5328.916849365234,-0.071856412886391,bull,0.07434263101572625,bull,0.12242522206423057,2026-10-08,-0.3283812508958096,Industrials,Electrical Equipment & Parts,Japan,JPY,0.20259319286872746,36.257860674987974,,stock,S1 Hardware,pillar,85.0,manual thematic assignment after stack redesign,"robotics, automation, devices"
DIS,THE WALT DISNEY COMPANY,DIS,106.83000183105469,USD,-3.139762578515859,,,,,,,,,,,,,,,,,,,,,,,,,,US2546871060,DIS,DIS,Medien & Digitales 📱,,0.2696485028595883,0.1875289173646853,0.20245083866478664,8514591.8,909613857.5846833,103.21053611755372,0.03506876186921959,bull,0.07434263101572625,bull,0.12242522206423057,2026-10-08,0.07895029254729558,Communication Services,Entertainment,United States,USD,1.9856819389543645,-3.139762578515859,,stock,S19 Medien & Unterhaltung,pillar,75.0,manual thematic assignment after stack redesign,"media, entertainment, streaming"
TEAM,ATLASSIAN CORP.,TEAM,201.0,USD,34.43017272373152,,,,,,,,,,,,,,,,,,,,,,,,,,US0494681010,TEAM,TEAM,Tech 💻,,0.7850992747116381,0.3651843994087785,0.6754316166993615,2879420.0,578763420.0,113.05622489929199,0.7778764519958667,bull,0.07434263101572625,bull,0.12242522206423057,2026-10-08,1.0564039168308885,Technology,Software - Application,Australia,USD,2.6610178724778555,34.43017272373152,,stock,S2 Gehirn,pillar,85.0,manual thematic assignment after stack redesign,"ai, semis, software"
UBER,UBER TECH. DL,UBER,69.4000015258789,USD,-30.096693816286514,,,,,,,,,,,,,,,,,,,,,,,,,,US90353T1007,UBER,UBER,Tech 💻,,0.35099938268794667,0.2150203746881992,0.33874847940017594,16840924.45,1168760182.5272114,74.52010005950928,-0.06870761753596177,bull,0.07434263101572625,bull,0.12242522206423057,2026-10-08,-0.0993079640772867,Technology,Software - Application,United States,USD,1.387881110287048,-30.096693816286514,,stock,S15 Mobilität,pillar,85.0,manual thematic assignment after stack redesign,"mobility, autos, autonomy"
NOW,SERVICENOW INC.,NOW,137.39999389648438,USD,-24.862195353455707,,,,,,,,,,,,,,,,,,,,,,,,,,US81762P1021,NOW,NOW,Tech 💻,,0.576171133187049,0.40005621425883775,0.5614452127400548,10835961.55,1488861050.8325396,115.40305000305176,0.1906097273239391,bull,0.07434263101572625,bull,0.12242522206423057,2026-10-08,0.2010828683718593,Technology,Software - Application,United States,USD,-0.34090174610047486,-24.862195353455707,,stock,S2 Gehirn,pillar,85.0,manual thematic assignment after stack redesign,"ai, semis, software"
ILMN,ILLUMINA INC.,ILMN,261.6099853515625,USD,167.54958950454972,,,,,,,,,,,,,,,,,,,,,,,,,,US4523271090,ILMN,ILMN,Pharma & Gesundheit,,0.49634176728273094,0.23953368374291437,0.2566417362133443,4501033.9,1177515412.6458864,165.55429973602295,0.5802065290282448,bull,0.07434263101572625,bull,0.12242522206423057,2026-10-08,0.34267016574278597,Healthcare,Diagnostics & Research,United States,USD,-2.2968420188831495,167.54958950454972,,stock,S13 Gesundheit,pillar,85.0,manual thematic assignment after stack redesign,"healthcare, pharma, medtech"
HIMS,"HIMS & HERS HEALTH, INC.",HIMS,28.06999969482422,USD,-51.74488468557372,,,,,,,,,,,,,,,,,,,,,,,,,,US4330001060,HIMS,HIMS,Pharma & Gesundheit,,0.9111831714920711,0.5176233991643631,0.7686424339373858,9570703.1,268649633.0962532,27.414449977874757,0.023912561349161976,bull,0.07434263101572625,bull,0.12242522206423057,2026-10-08,-0.21739920084999464,Healthcare,Drug Manufacturers - Specialty & Generic,United States,USD,-4.976307295679316,-51.74488468557372,,stock,S13 Gesundheit,pillar,85.0,manual thematic assignment after stack redesign,"healthcare, pharma, medtech"
SHOP,SHOPIFY INC.,SHOP,164.6300048828125,USD,-1.0815284937705116,,,,,,,,,,,,,,,,,,,,,,,,,,CA82509L1076,SHOP,SHOP,E-Commerce,,0.5882419135232886,0.39958357473383216,0.4670688539558845,9592809.55,1579264283.0563905,129.51864997863768,0.27109111243798445,bull,0.07434263101572625,bull,0.12242522206423057,2026-10-08,0.2859229883381502,Technology,Software - Application,Canada,USD,-0.8432174346669652,-1.0815284937705116,,stock,S2 Gehirn,pillar,85.0,manual thematic assignment after stack redesign,"ai, semis, software"
MP,MP MATERIALS CORP.,MP,45.81999969482422,USD,-35.089953149311334,,,,,,,,,,,,,,,,,,,,,,,,,,US5533681012,MP,MP,Mining ⛏️,,0.7493943526929506,0.39805229324454333,0.6137861339604105,5059523.8,231827378.97195587,56.59739999771118,-0.19042218022953006,bull,0.07434263101572625,bull,0.12242522206423057,2026-10-08,-0.1082056670347924,Basic Materials,Other Industrial Metals & Mining,United States,USD,-1.0580903993438473,-35.089953149311334,,stock,S4 Fundament,pillar,85.0,manual thematic assignment after stack redesign,"materials, mining, metals"
USAR,"USA RARE EARTH, INC.",USAR,12.494999885559082,USD,-53.756477890921396,,,,,,,,,,,,,,,,,,,,,,,,,,US91733P1075,USAR,USAR,Mining ⛏️,,1.0895645083071832,0.5722666862278153,0.6923474786803988,12843685.3,160481846.3536569,19.28605001926422,-0.3521223955616508,bull,0.07434263101572625,bull,0.12242522206423057,2026-10-08,-0.30783081744654583,Basic Materials,Other Industrial Metals & Mining,United States,USD,-5.555553152747928,-53.756477890921396,,stock,S4 Fundament,pillar,85.0,manual thematic assignment after stack redesign,"materials, mining, metals"
ROL,"ROLLINS, INC.",ROL,32.439998626708984,USD,-43.3736274734311,,,,,,,,,,,,,,,,,,,,,,,,,,US7757111049,ROL,ROL,Konsum & Lifestyle,,0.2844579245912001,0.24342552278230048,0.5422674987776048,8364140.55,271332707.9556009,48.72231149673462,-0.3341859688064447,bull,0.07434263101572625,bull,0.12242522206423057,2026-10-08,-0.30817062453482824,Consumer Cyclical,Personal Services,United States,USD,5.085836555858592,-43.3736274734311,,stock,S11 Konsum,pillar,85.0,manual thematic assignment after stack redesign,"consumer staples, food, household"
WM,"WASTE MANAGEMENT, INC.",WM,210.44000244140625,USD,-2.739238840563152,,,,,,,,,,,,,,,,,,,,,,,,,,US94106L1098,WM,WM,Recycling,,0.20316123655351606,0.13756557846954148,0.17049634865172691,2211451.85,465377932.7130524,222.94873657226563,-0.056105875831258034,bull,0.07434263101572625,bull,0.12242522206423057,2026-10-08,-0.14091290497919962,Industrials,Waste Management,United States,USD,0.7179094392997687,-2.739238840563152,,stock,S5 Recycling,pillar,85.0,manual thematic assignment after stack redesign,"recycling, urban mining"
LIN,LINDE PLC,LIN,482.0199890136719,USD,4.4308648707010345,,,,,,,,,,,,,,,,,,,,,,,,,,IE000S9YS762,LIN,LIN,Fundament,,0.19205661663776527,0.12854656946879878,0.16462374700629967,2106377.7,1015316155.8126435,484.8275570678711,-0.005790859065806342,bull,0.07434263101572625,bull,0.12242522206423057,2026-10-08,-0.11105307309623691,Basic Materials,Specialty Chemicals,Ireland,USD,-0.40497994300670026,4.4308648707010345,,stock,S4 Fundament,pillar,85.0,manual thematic assignment after stack redesign,"materials, mining, metals"
WDAY,"WORKDAY, INC.",WDAY,186.30499267578125,USD,-21.802731300826338,,,,,,,,,,,,,,,,,,,,,,,,,,US98138H1014,WDAY,WDAY,Tech 💻,,0.5387832348041306,0.31042647849548316,0.542068625235082,2272663.65,423408584.66776425,156.63197452545165,0.1894441938833371,bull,0.07434263101572625,bull,0.12242522206423057,2026-10-08,0.25215281423553737,Technology,Software - Application,United States,USD,1.1098438238960506,-21.802731300826338,,stock,S2 Gehirn,pillar,85.0,manual thematic assignment after stack redesign,"ai, semis, software"
NPN.JO,NASPERS LIMITED CLASS N,NPN.JO,70177.0,ZAc,-45.05094895194879,,,,,,,,,,,,,,,,,,,,,,,,,,ZAE000351946,NPN.JO,NPN.JO,E-Commerce,,0.36438252865169724,0.2094493842208157,0.45772930212097374,2190082.35,153693409075.95,88185.845,-0.20421469001062476,bull,0.07434263101572625,bull,0.12242522206423057,2026-10-08,-0.2193365170272491,Consumer Cyclical,Internet Retail,South Africa,ZAc,-1.007180036958144,-45.05094895194879,,stock,S2 Gehirn,pillar,85.0,manual thematic assignment after stack redesign,"ai, semis, software"
NBIS,NEBIUS GROUP N.V.,NBIS,220.85000610351562,USD,81.02459516681608,,,,,,,,,,,,,,,,,,,,,,,,,,NL0009805522,NBIS,NBIS,Tech 💻,,1.0921561365870558,0.556666359012832,0.4829955702728198,15813722.35,3492460677.5168014,170.82200038909912,0.29286629122983276,bull,0.07434263101572625,bull,0.12242522206423057,2026-10-08,0.01525663655156162,Communication Services,Internet Content & Information,Netherlands,USD,-6.8732819786972765,81.02459516681608,,stock,S2 Gehirn,pillar,85.0,manual thematic assignment after stack redesign,"ai, semis, software"
ENSG,"THE ENSIGN GROUP, INC.",ENSG,171.11000061035156,USD,-2.828273725320629,,,,,,,,,,,,,,,,,,,,,,,,,,US29358P1012,ENSG,ENSG,Pharma & Gesundheit,,0.2791285320367556,0.16594629232622496,0.3180849124255326,369049.95,63148137.16975021,181.5191000366211,-0.057344375463350805,bull,0.07434263101572625,bull,0.12242522206423057,2026-10-08,-0.017332772742849833,Healthcare,Medical Care Facilities,United States,USD,1.1168888878469119,-2.828273725320629,,stock,S13 Gesundheit,pillar,85.0,manual thematic assignment after stack redesign,"healthcare, pharma, medtech"
WYFI,"WHITEFIBER, INC.",WYFI,15.420000076293945,USD,-55.030622150519115,,,,,,,,,,,,,,,,,,,,,,,,,,KYG961151035,WYFI,WYFI,Tech 💻,,1.2333207006493212,0.7008960238495303,0.7245080644335788,1218166.55,18784128.293938734,21.570325007438658,-0.28512898758010075,bull,0.07434263101572625,bull,0.12242522206423057,2026-10-08,-0.6089517914951402,Technology,Information Technology Services,United States,USD,-8.377895744527253,-55.030622150519115,,stock,S2 Gehirn,pillar,85.0,manual thematic assignment after stack redesign,"ai, semis, software"
APP,APPLOVIN CORPORATION,APP,279.19000244140625,USD,-55.6630146054984,,,,,,,,,,,,,,,,,,,,,,,,,,US03831W1080,APP,APP,Medien & Digitales 📱,,0.7204579979046074,0.5600650859004745,0.6343783940198857,5325850.25,1486924144.300064,448.07145065307617,-0.37690740609677464,bull,0.07434263101572625,bull,0.12242522206423057,2026-10-08,-0.4034230290699171,Communication Services,Advertising Agencies,United States,USD,-0.7465626363263644,-55.6630146054984,,stock,S2 Gehirn,pillar,85.0,manual thematic assignment after stack redesign,"ai, semis, software"
KLAR,KLARNA GROUP PLC,KLAR,13.21500015258789,USD,-68.61790557813634,,,,,,,,,,,,,,,,,,,,,,,,,,GB00BMHVL512,KLAR,KLAR,Fintech,,0.6928896880982189,0.5608836226836214,0.7086202735711327,5199809.95,68715489.28267804,17.700275039672853,-0.25340142325652026,bull,0.07434263101572625,bull,0.12242522206423057,2026-10-08,-0.3480812281524356,Financial Services,Credit Services,United Kingdom,USD,-0.26414979178950304,-68.61790557813634,,stock,S21 Finanzsystem,pillar,85.0,manual thematic assignment after stack redesign,"payments, exchanges, capital markets, crypto"
CRWV,"COREWEAVE, INC.",CRWV,82.13999938964844,USD,-41.32018724337726,,,,,,,,,,,,,,,,,,,,,,,,,,US21873S1087,CRWV,CRWV,Tech 💻,,0.9442758345403224,0.5082606911282861,0.5749231275056945,29478267.55,2421344878.5648932,92.60382499694825,-0.11299560906522643,bull,0.07434263101572625,bull,0.12242522206423057,2026-10-08,-0.04790613725998272,Technology,Software - Infrastructure,United States,USD,-7.133971482538481,-41.32018724337726,,stock,S2 Gehirn,pillar,85.0,manual thematic assignment after stack redesign,"ai, semis, software"
IREN,IREN LIMITED,IREN,35.435001373291016,USD,-41.03011934879328,,,,,,,,,,,,,,,,,,,,,,,,,,AU0000185993,IREN,IREN,Tech 💻,,1.0734873524097073,0.552320593673288,0.6164114898416528,36219941.95,1283453692.738771,45.62297506332398,-0.22330796437304257,bull,0.07434263101572625,bull,0.12242522206423057,2026-10-08,-0.12480625450403027,Financial Services,Capital Markets,Australia,USD,-8.413019821538414,-41.03011934879328,,stock,S2 Gehirn,pillar,85.0,manual thematic assignment after stack redesign,"ai, semis, software"
PATH,"UIPATH, INC.",PATH,13.139900207519531,USD,-15.66174408302623,,,,,,,,,,,,,,,,,,,,,,,,,,US90364P1057,PATH,PATH,Tech 💻,,0.6843529780833821,0.4266314774666965,0.5137377050671597,42211092.3,554649540.472396,12.620049486160278,0.04119244713971559,bull,0.07434263101572625,bull,0.12242522206423057,2026-10-08,0.07499007596545026,Technology,Software - Infrastructure,United States,USD,0.534816482994982,-15.66174408302623,,stock,S2 Gehirn,pillar,85.0,manual thematic assignment after stack redesign,"ai, semis, software"
SE,SEA LIMITED,SE,93.21499633789062,USD,-51.62437326439097,,,,,,,,,,,,,,,,,,,,,,,,,,US81141R1005,SE,SE,E-Commerce,,0.5095539815278963,0.3323627388823283,0.5943743698592951,3788153.7,353112733.27286685,102.36417510986328,-0.08937871830797461,bull,0.07434263101572625,bull,0.12242522206423057,2026-10-08,-0.19150732635363654,Consumer Cyclical,Internet Retail,Singapore,USD,-1.5265236301666874,-51.62437326439097,,stock,S2 Gehirn,pillar,85.0,manual thematic assignment after stack redesign,"ai, semis, software"
TE,T1 ENERGY INC.,TE,3.384999990463257,USD,15.529007281205587,,,,,,,,,,,,,,,,,,,,,,,,,,US35834F1049,TE,TE,Energie,,1.3105368129473263,0.6368149039517176,0.7188538204993246,18536161.85,62744907.68547539,6.438125016689301,-0.474225806164302,bull,0.07434263101572625,bull,0.12242522206423057,2026-10-08,-0.5170683499013591,Industrials,Electrical Equipment & Parts,United States,USD,-9.249330478446637,15.529007281205587,,stock,S3 Energie,pillar,85.0,manual thematic assignment after stack redesign,"energy, grid, electrification"
TTD,"THE TRADE DESK, INC.",TTD,12.324999809265137,USD,-77.20547460915756,,,,,,,,,,,,,,,,,,,,,,,,,,US88339J1051,TTD,TTD,Medien & Digitales 📱,,0.5604511172164287,0.3935364733453837,0.7797893988345899,25460202.5,313796990.95635176,22.099900093078613,-0.4423051797810996,bull,0.07434263101572625,bull,0.12242522206423057,2026-10-08,-0.411072977456734,Communication Services,Advertising Agencies,United States,USD,1.9437523053045025,-77.20547460915756,,stock,S2 Gehirn,pillar,85.0,manual thematic assignment after stack redesign,"ai, semis, software"
GRAB,GRAB HOLDINGS LIMITED,GRAB,3.0350000858306885,USD,-52.279873866077885,,,,,,,,,,,,,,,,,,,,,,,,,,KYG4124C1096,GRAB,GRAB,Tech 💻,,0.381270902528724,0.22205539627119011,0.5605345884246883,79860358.85,242376195.96421957,3.8012249982357025,-0.20157315411759347,bull,0.07434263101572625,bull,0.12242522206423057,2026-10-08,-0.26355764740093524,Technology,Software - Application,Singapore,USD,-1.4610337334430623,-52.279873866077885,,stock,S15 Mobilität,pillar,85.0,manual thematic assignment after stack redesign,"mobility, autos, autonomy"
MCD,MCDONALD'S CORPORATION,MCD,236.8699951171875,USD,-17.47198164379673,,,,,,,,,,,,,,,,,,,,,,,,,,US5801351017,MCD,MCD,Konsum 🥨,,0.19305942864073997,0.13097484341350565,0.30978187833894244,6307444.95,1494044454.508429,284.7959730529785,-0.16828179634013185,bull,0.07434263101572625,bull,0.12242522206423057,2026-10-08,-0.15878919813491688,Consumer Cyclical,Restaurants,United States,USD,2.5944170598122263,-17.47198164379673,,stock,S11 Konsum,pillar,85.0,manual thematic assignment after stack redesign,"consumer staples, food, household"
RR.L,ROLLS-ROYCE HOLDINGS PLC,RR.L,1367.0,GBp,18.621463430342278,,,,,,,,,,,,,,,,,,,,,,,,,,GB00B63H8491,RR.L,RR.L,,,0.3733516299606631,0.2207391254535363,0.19394848747118054,17627456.7,24096733308.899998,1329.7935510253906,0.02797911671771902,bull,0.07434263101572625,bull,0.12242522206423057,2026-10-08,-0.0755490401598079,Industrials,Aerospace & Defense,United Kingdom,GBp,-2.6630606496654274,18.621463430342278,,stock,S20 Sicherheit & Verteidigung,pillar,85.0,manual thematic assignment after stack redesign,"defense, aerospace, security"
SPCX,SPACE EXPLORATION TECHNOLOGIES CORP.,SPCX,162.28909301757812,USD,0.8319950883668215,,,,,,,,,,,,,,,,,,,,,,,,,,US84615Q1031,SPCX,SPCX,,,0.8555800959813167,0.5212088371998115,0.48781873808752996,93861934.6,15232768235.109234,,,bull,0.07434263101572625,bull,0.12242522206423057,2026-10-08,0.1325104465331417,Industrials,Aerospace & Defense,United States,USD,-3.168802441843166,0.8319950883668215,,stock,S20 Sicherheit & Verteidigung,pillar,85.0,manual thematic assignment after stack redesign,"defense, aerospace, security"
AVAV,"AeroVironment, Inc.",AVAV,137.0592041015625,USD,-66.36666564819092,,,,,,,,,,,,,,,,,,,,,,,,,,US0080731088,AVAV,AVAV,,,0.7499011356690888,0.4768626010081784,0.6664958710831659,1707380.0,234012143.89892578,199.3514959716797,-0.31247466474476104,bull,0.07434263101572625,bull,0.12242522206423057,2026-10-08,-0.06729522263455401,Industrials,Aerospace & Defense,United States,USD,-1.2968432240197059,-66.36666564819092,,stock,S20 Sicherheit & Verteidigung,pillar,85.0,manual thematic assignment after stack redesign,"defense, aerospace, security"
OCGN,"Ocugen, Inc.",OCGN,0.9976999759674072,USD,-44.262569987176015,,,,,,,,,,,,,,,,,,,,,,,,,,US67577C1053,OCGN,OCGN,Pharma & Gesundheit,,0.7842115886390529,0.5121476064237991,0.5991935443555652,7068406.15,7052148.645982874,1.486148497760296,-0.3286673724254382,bull,0.07434263101572625,bull,0.12242522206423057,2026-10-08,-0.3262735743377322,Healthcare,Biotechnology,United States,USD,-0.23000240325927734,-44.262569987176015,,stock,S13 Gesundheit,pillar,85.0,manual addition via ChatGPT,"healthcare, pharma, medtech"
AXON,"Axon Enterprise, Inc.",AXON,416.6976013183594,USD,-42.714890267862124,,,,,,,,,,,,,,,,,,,,,,,,,,US05464C1018,AXON,AXON,,,0.6246221082237927,0.4083217407112176,0.5444801415130922,1113435.75,463966006.24710846,493.91473831176756,-0.15633697681778302,bull,0.07434263101572625,bull,0.12242522206423057,2026-10-08,-0.2721168396157837,Industrials,Aerospace & Defense,United States,USD,2.6348771720096975,-42.714890267862124,,stock,S20 Sicherheit & Verteidigung,pillar,85.0,manual addition via ChatGPT,"defense, aerospace, security"
INOD,Innodata Inc.,INOD,60.630001068115234,USD,-34.93937173546412,,,,,,,,,,,,,,,,,,,,,,,,,,US4576422053,INOD,INOD,Tech 💻,,1.1971567292244785,0.47964411838279636,0.6303251436805135,1679484.55,101827150.06038304,61.66870010375977,-0.016843212746448177,bull,0.07434263101572625,bull,0.12242522206423057,2026-10-08,-0.1438152708079251,Technology,Information Technology Services,United States,USD,-4.399238696598151,-34.93937173546412,,stock,S2 Gehirn,pillar,85.0,manual addition via ChatGPT,"ai, semis, software"
UUUU,Energy Fuels Inc.,UUUU,9.765000343322754,USD,-45.74999809265137,,,,,,,,,,,,,,,,,,,,,,,,,,CA2926717083,UUUU,UUUU,Energie,,0.8927952257831762,0.4957072154763446,0.6477272516158278,7844134.8,76597979.01506996,17.053025040626526,-0.42737430338259863,bull,0.07434263101572625,bull,0.12242522206423057,2026-10-08,-0.2855863490855427,Energy,Uranium,Canada,USD,-4.824560180473103,-45.74999809265137,,stock,S3 Energie,pillar,82.0,manual addition via ChatGPT,"energy, grid, electrification"
ADBE,Adobe Inc.,ADBE,235.5399932861328,USD,-32.46552148817495,,,,,,,,,,,,,,,,,,,,,,,,,,US00724F1012,ADBE,ADBE,Tech 💻,,0.4086290679093153,0.27623280656922405,0.4626156492063318,5044954.7,1188288596.1668441,257.5270999145508,-0.08537783649065844,bull,0.07434263101572625,bull,0.12242522206423057,2026-10-08,-0.012484174131528247,Technology,Software - Application,United States,USD,1.1900111538553526,-32.46552148817495,,stock,S2 Gehirn,pillar,85.0,manual addition via ChatGPT,"ai, semis, software"
MRNA,Moderna Inc.,MRNA,194.75999450683594,USD,597.5644483332252,,,,,,,,,,,,,,,,,,,,,,,,,,US60770K1079,MRNA,MRNA,Pharma & Gesundheit,,1.9315331891116374,0.46867921414227115,0.34156480927913413,15527918.75,3024217370.4525948,71.66957525253297,1.7174710303582086,bull,0.07434263101572625,bull,0.12242522206423057,2026-10-08,1.8725694746830017,Healthcare,Biotechnology,United States,USD,-0.8754078064457382,597.5644483332252,,stock,S13 Gesundheit,pillar,85.0,manual addition via ChatGPT,"healthcare, pharma, medtech"
DRO.AX,DroneShield Limited,DRO.AX,1.6200000047683716,AUD,-75.19142492009327,,,,,,,,,,,,,,,,,,,,,,,,,,AU000000DRO2,DRO.AX,DRO.AX,,,0.9777582304189348,0.6526985753546659,0.7613636256906282,9199148.05,14902619.884864958,2.9260750073194504,-0.44635732142340456,bull,0.07434263101572625,bull,0.12242522206423057,2026-10-08,-0.3202058307639497,Industrials,Aerospace & Defense,Australia,AUD,-4.142014797751925,-75.19142492009327,,stock,S20 Sicherheit & Verteidigung,pillar,85.0,manual addition via ChatGPT,"defense, aerospace, security"
1211.HK,BYD Company Limited,1211.HK,74.55000305175781,HKD,-31.71754031539542,,,,,,,,,,,,,,,,,,,,,,,,,,CNE100000296,1211.HK,1211.HK,Industrie/Auto 🚗,,0.37239798027013715,0.2041835444150188,0.356927331146771,16270511.05,1212966648.4311593,92.57874084472657,-0.19473950097470683,bull,0.07434263101572625,bull,0.12242522206423057,2026-10-08,-0.13450693739696773,Consumer Cyclical,Auto Manufacturers,China,HKD,-0.599995930989583,-31.71754031539542,,stock,S15 Mobilität,pillar,85.0,manual addition via ChatGPT,"mobility, autos, autonomy"
BAS.DE,BASF SE,BAS.DE,51.77000045776367,EUR,25.11966914523778,,,,,,,,,,,,,,,,,,,,,,,,,,DE000BASF111,BAS.DE,BAS.DE,Fundament,,0.24868679498870078,0.15606972839473257,0.13370372630931715,1885579.5,97616451.5781498,48.950538845062255,0.05759817316057636,bull,0.07434263101572625,bull,0.12242522206423057,2026-10-08,0.025912636827990942,Basic Materials,Chemicals,Germany,EUR,1.152794351445574,25.11966914523778,,stock,S4 Fundament,pillar,85.0,manual addition via ChatGPT,"materials, mining, metals"
FISV,Fiserv Inc.,FISV,45.619998931884766,USD,-63.93961097023813,,,,,,,,,,,,,,,,,,,,,,,,,,US3377381088,FISV,FISV,Fintech,,0.5824174382097008,0.6578136892022071,0.6494389103097574,6623488.65,302163545.1383509,56.30490005493164,-0.18976858342031644,bull,0.07434263101572625,bull,0.12242522206423057,2026-10-08,-0.1424984387211473,Technology,Information Technology Services,United States,USD,0.6841702696934515,-63.93961097023813,,stock,S21 Finanzsystem,pillar,85.0,manual addition via ChatGPT,"payments, exchanges, capital markets, crypto"
NIO,NIO Inc.,NIO,3.369999885559082,USD,-57.07006463056995,,,,,,,,,,,,,,,,,,,,,,,,,,US62914V1061,NIO,NIO,Industrie/Auto 🚗,,0.5148554303471035,0.28830002774688535,0.5707006463056995,29819560.45,100491915.30392213,5.022550001144409,-0.32902611526192604,bull,0.07434263101572625,bull,0.12242522206423057,2026-10-08,-0.35029224622159727,Consumer Cyclical,Auto Manufacturers,China,USD,-4.802262093950926,-57.07006463056995,,stock,S15 Mobilität,pillar,85.0,manual addition via ChatGPT,"mobility, autos, autonomy"
XPEV,XPeng Inc.,XPEV,9.46500015258789,USD,-60.87226149804372,,,,,,,,,,,,,,,,,,,,,,,,,,US98422D1054,XPEV,XPEV,Industrie/Auto 🚗,,0.5336685831900843,0.31728397531308317,0.6704666868341437,6367606.6,60269397.440619655,15.354724988937377,-0.38357735749698274,bull,0.07434263101572625,bull,0.12242522206423057,2026-10-08,-0.302974173090382,Consumer Cyclical,Auto Manufacturers,China,USD,-1.2004151569311894,-60.87226149804372,,stock,S15 Mobilität,pillar,85.0,manual addition via ChatGPT,"mobility, autos, autonomy"
GE,GE Aerospace,GE,305.6221923828125,USD,1.5553606287235455,,,,,,,,,,,,,,,,,,,,,,,,,,US3696043013,GE,GE,,,0.3316262919935828,0.22587215152448248,0.20851492134460958,4499385.55,1375112076.1665466,323.10513442993164,-0.054109143384443725,bull,0.07434263101572625,bull,0.12242522206423057,2026-10-08,-0.16779096165022644,Industrials,Aerospace & Defense,United States,USD,0.6594418344721298,1.5553606287235455,,stock,S20 Sicherheit & Verteidigung,pillar,81.0,manual addition via ChatGPT,"defense, aerospace, security"
CRUS,Cirrus Logic Inc.,CRUS,113.26499938964844,USD,-10.603786805205717,,,,,,,,,,,,,,,,,,,,,,,,,,US1727551004,CRUS,CRUS,Tech 💻,,0.3670575897838658,0.2570833544163824,0.3936276855341728,779280.75,88265233.67311478,139.7334750366211,-0.1894211508018092,bull,0.07434263101572625,bull,0.12242522206423057,2026-10-08,-0.2607750404205107,Technology,Semiconductors,United States,USD,0.5191685151653136,-10.603786805205717,,stock,S2 Gehirn,pillar,85.0,manual addition via ChatGPT,"ai, semis, software"
ADS.DE,adidas AG,ADS.DE,146.5,EUR,-22.748793963719628,,,,,,,,,,,,,,,,,,,,,,,,,,DE000A1EWWW0,ADS.DE,ADS.DE,Konsum & Lifestyle,,0.33409735219173253,0.26188563919646973,0.328630068972118,492903.45,72210355.425,154.02091178894042,-0.04883045880968784,bull,0.07434263101572625,bull,0.12242522206423057,2026-10-08,-0.2359319698278236,Consumer Cyclical,Footwear & Accessories,Germany,EUR,-0.17035775127768327,-22.748793963719628,,stock,S12 Luxus & Marken,pillar,78.0,manual addition via ChatGPT,"luxury, brands, premium consumption"
SGL.DE,SGL Carbon SE,SGL.DE,5.349999904632568,EUR,60.419785410413084,,,,,,,,,,,,,,,,,,,,,,,,,,DE0007235301,SGL.DE,SGL.DE,Fundament,,0.5049218747919704,0.2968017162157921,0.32745823937031304,318644.3,1704746.9746117115,4.185725005865097,0.27815370028754205,bull,0.07434263101572625,bull,0.12242522206423057,2026-10-08,0.28875824411030737,Basic Materials,Chemicals,Germany,EUR,-1.109056274895126,60.419785410413084,,stock,S4 Fundament,pillar,84.0,manual addition via ChatGPT,"materials, mining, metals"
AVGO,Broadcom Inc.,AVGO,361.4599914550781,USD,5.39726323365417,,,,,,,,,,,,,,,,,,,,,,,,,,US11135F1012,AVGO,AVGO,Gehirn,,0.4695036102947483,0.32343769590827187,0.29437682720893055,23592570.45,8527770313.260328,367.00235778808593,-0.015101718600423975,bull,0.07434263101572625,bull,0.12242522206423057,2026-10-08,-0.09096885783876396,Technology,Semiconductors,United States,USD,-3.997242548721458,5.39726323365417,,stock,S2 Gehirn,pillar,85.0,manual addition from finanzen.net Trading Idee 2026-10-07,"ai, semis, software"
ANET,Arista Networks Inc.,ANET,212.36000061035156,USD,34.95170296560228,,,,,,,,,,,,,,,,,,,,,,,,,,US0404132054,ANET,ANET,Hardware 💻,,0.5342171757254744,0.35164182832093477,0.28328088546368435,4938766.65,1048796488.8083841,160.64904991149902,0.3218876845355756,bull,0.07434263101572625,bull,0.12242522206423057,2026-10-08,0.13842597532548417,Technology,Computer Hardware,United States,USD,-1.6077473897346928,34.95170296560228,,stock,S1 Hardware,pillar,85.0,manual addition from finanzen.net Trading Idee 2026-10-07,"robotics, automation, devices"
