Ticker,Name,Yahoo,Akt. Kurs,Währung,Perf %,Score,CRV,Elliott-Signal,Elliott-Einstieg,Elliott-Ausstieg,MC-Chance,Zyklus %,Zyklus-Status,ROE %,Debt/Equity,Div. Rendite %,FCF,Enterprise Value,Revenue,FCF Yield %,Growth %,Margin %,Rule of 40,Current Ratio,Institutional Ownership %,Radar Vector,PE,ConfidenceScore,ConfidenceLabel,ConfidenceBreakdown,ISIN,Symbol,YahooSymbol,Sektor,Akt. Kurs [€],Volatility,DownsideDev,MaxDrawdown,AvgVolume,DollarVolume,SMA200,Trend200,MarketRegimeStock,MarketTrend200Stock,MarketRegimeCrypto,MarketTrend200Crypto,MarketDate,RS3M,Sector,Industry,Country,Currency,Perf 1D %,Perf 1Y %,cycle,AssetType,pillar_primary,bucket_type,pillar_confidence,pillar_reason,pillar_tags
1810.HK,XIAOMI CORP. CL.B,1810.HK,25.959999084472656,HKD,-51.34020650991155,0.0,0.0,Seitwärts,0.0,0.0,46.9,100.0,Zyklus-Hoch,19.86,10.389,0.0,32390629376.0,839264567296.0,449375305728.0,3.86,22.3,9.82,32.12,1.317,24.94,"[44.6, 39.72, 0.0, 0.0, 42.06]",18.211044,39.8,LOW,"{""coverage"": 0.5714285714285714, ""confluence"": 0.4, ""risk_clean"": 0.3333333333333333, ""regime_align"": 0.0, ""liquidity"": 0.8859060402684564, ""weights"": {""coverage"": 0.25, ""confluence"": 0.25, ""risk_clean"": 0.2, ""regime_align"": 0.2, ""liquidity"": 0.1}}",KYG9830T1067,1810.HK,1810.HK,Hardware 💻,35.56,0.42084342014267584,0.23032635942801852,0.5985004556900912,110081435.05,2857713953.115436,30.559500017166137,-0.15050969191609187,bull,0.08253855193277171,bull,0.14669386523166983,2026-10-09,-0.03783583410447111,Technology,Consumer Electronics,China,HKD,9.721045020683361,-51.34020650991155,0.0,stock,S1 Hardware,pillar,85.0,manual thematic assignment after stack redesign,"robotics, automation, devices"
6503.T,MITSUBISHI EL.,6503.T,5143.0,JPY,27.563029036738328,23.94,0.09,BUY,5152.0,5863.86,79.6,100.0,Zyklus-Hoch,9.51,8.262,95.0,252386869248.0,11700824702976.0,5677370048512.0,2.16,4.9,6.59,11.49,1.988,49.55,"[9.8, 19.02, 0.0, 20.0, 0.0]",35.206493,,,,JP3902400005,6503.T,6503.T,Hardware 💻,4886.0,0.42596594302526436,0.27648808749655146,0.23368907431856034,5858610.0,30130831230.0,5509.5612280273435,-0.06653183672097751,bull,0.08253855193277171,bull,0.14669386523166983,2026-10-09,-0.17470387554473132,Industrials,Electrical Equipment & Parts,Japan,JPY,1.8214215006929324,27.563029036738328,0.0,stock,S1 Hardware,pillar,85.0,manual thematic assignment after stack redesign,"robotics, automation, devices"
6861.T,KEYENCE CORP.,6861.T,80540.0,JPY,37.36153664584994,0.0,0.0,Seitwärts,0.0,0.0,45.7,38.5,Zyklus-neutral,0.0,100.0,97.0,0.0,12400190291968.0,1118560059392.0,0.0,0.0,0.0,0.0,13.552,35.37,"[0.0, 0.0, 0.0, 61.55, 21.55]",30.325748,30.5,LOW,"{""coverage"": 0.5714285714285714, ""confluence"": 0.0, ""risk_clean"": 0.3333333333333333, ""regime_align"": 0.0, ""liquidity"": 0.959731543624161, ""weights"": {""coverage"": 0.25, ""confluence"": 0.25, ""risk_clean"": 0.2, ""regime_align"": 0.2, ""liquidity"": 0.1}}",JP3236200006,6861.T,6861.T,Hardware 💻,58890.0,0.4082950730874028,0.22282014331045247,0.179230282939153,562450.0,45299723000.0,69504.236015625,0.1587782934826314,bull,0.08253855193277171,bull,0.14669386523166983,2026-10-09,-0.010582456773491122,Technology,Scientific & Technical Instruments,Japan,JPY,0.6750000000000034,37.36153664584994,0.0,stock,S1 Hardware,pillar,85.0,manual thematic assignment after stack redesign,"robotics, automation, devices"
9880.HK,UBTECH ROBOT.CORP.,9880.HK,71.75,HKD,-47.780201464888236,0.0,0.0,Seitwärts,0.0,0.0,62.0,14.4,Zyklus-Tief,-48.53,57.216,0.0,-506247008.0,56993132544.0,1439591936.0,-0.89,27.6,-70.91,-43.31,1.495,16.68,"[55.2, 0.0, 0.0, 85.56, 72.86]",-73.768105,26.0,LOW,"{""coverage"": 0.5714285714285714, ""confluence"": 0.2, ""risk_clean"": 0.0, ""regime_align"": 0.0, ""liquidity"": 0.6711409395973155, ""weights"": {""coverage"": 0.25, ""confluence"": 0.25, ""risk_clean"": 0.2, ""regime_align"": 0.2, ""liquidity"": 0.1}}",CNE100006CQ4,9880.HK,9880.HK,Hardware 💻,141.1,0.6162777052387655,0.3441806783402552,0.5227586417362609,3269006.9,234551245.075,103.73499996185302,-0.30833373474348114,bull,0.08253855193277171,bull,0.14669386523166983,2026-10-09,-0.1764568066282871,Industrials,Specialty Industrial Machinery,China,HKD,3.684975670829971,-47.780201464888236,0.0,stock,S1 Hardware,pillar,85.0,manual thematic assignment after stack redesign,"robotics, automation, devices"
ABBN.SW,ABB LTD. NA,ABBN.SW,79.63999938964844,CHF,37.30640637672818,0.0,0.0,Seitwärts,0.0,0.0,64.9,82.3,Zyklus-Hoch,29.33,55.485,131.0,880625024.0,127925157888.0,33219999744.0,0.69,5.4,14.25,19.65,1.558,56.54,"[10.8, 58.66, 0.0, 17.74, 6.46]",27.666952,30.6,LOW,"{""coverage"": 0.5714285714285714, ""confluence"": 0.2, ""risk_clean"": 0.3333333333333333, ""regime_align"": 0.0, ""liquidity"": 0.46308724832214765, ""weights"": {""coverage"": 0.25, ""confluence"": 0.25, ""risk_clean"": 0.2, ""regime_align"": 0.2, ""liquidity"": 0.1}}",CH0012221716,ABBN.SW,ABBN.SW,Hardware 💻,61.46,0.2861567261830343,0.17650801088927154,0.1481480970966259,2214408.05,176355455.75043258,74.98178205490112,0.062124654910663546,bull,0.08253855193277171,bull,0.14669386523166983,2026-10-09,-0.10711150211590736,Industrials,Electrical Equipment & Parts,Switzerland,CHF,1.0659851590854474,37.30640637672818,0.0,stock,S1 Hardware,pillar,85.0,manual thematic assignment after stack redesign,"robotics, automation, devices"
ABT,Abbott Laboratories,ABT,99.58499908447266,USD,-23.571533967348344,0.0,0.0,Seitwärts,0.0,0.0,40.7,80.8,Zyklus-Hoch,13.16,25.31,224.0,0.0,200792539136.0,44328001536.0,0.0,4.4,14.72,19.12,1.0,81.66,"[8.8, 26.32, 0.0, 19.21, 25.41]",17.985203,27.7,LOW,"{""coverage"": 0.5714285714285714, ""confluence"": 0.0, ""risk_clean"": 0.3333333333333333, ""regime_align"": 0.0, ""liquidity"": 0.6778523489932886, ""weights"": {""coverage"": 0.25, ""confluence"": 0.25, ""risk_clean"": 0.2, ""regime_align"": 0.2, ""liquidity"": 0.1}}",US0028241000,ABT,ABT,Pharma 🧪,107.46,0.2717496498302771,0.18767045724595904,0.3708642348314778,9288095.7,924955001.7809943,102.53050594329834,-0.028728102253339216,bull,0.08253855193277171,bull,0.14669386523166983,2026-10-09,0.08862848538612633,Healthcare,Medical Devices,United States,USD,1.1117892623144554,-23.571533967348344,0.0,stock,S1 Hardware,pillar,85.0,manual thematic assignment after stack redesign,"robotics, automation, devices"
AUTO.OL,AUTOSTORE HOLDINGS,AUTO.OL,15.890000343322754,NOK,55.17578807121042,0.0,0.0,Seitwärts,0.0,0.0,53.0,43.6,Zyklus-neutral,5.71,35.222,0.0,163850000.0,39791874048.0,523800000.0,0.41,-3.6,15.48,11.88,4.24,95.1,"[0.0, 11.42, 0.0, 56.35, 8.19]",28.716442,50.0,MED,{},BMG0670A1099,AUTO.OL,AUTO.OL,Hardware 💻,11.83,0.5570863752341573,0.28156439817931855,0.3009188498396024,5185643.7,82399880.17334948,12.53947500705719,0.2671982147880909,bull,0.08253855193277171,bull,0.14669386523166983,2026-10-09,0.38888158862605016,Technology,Computer Hardware,Norway,NOK,-0.3761722047641025,55.17578807121042,0.0,stock,S1 Hardware,pillar,85.0,manual thematic assignment after stack redesign,"robotics, automation, devices"
CGNX,COGNEX CORP.,CGNX,63.15999984741211,USD,36.502096748463146,64.58,1.15,BUY,42.33,48.59,56.8,94.1,Zyklus-Hoch,7.21,5.298,78.0,180942256.0,7082582016.0,971705024.0,2.55,18.0,11.33,29.33,3.964,100.6,"[36.0, 14.42, 0.0, 25.87, 10.85]",38.553066,,,,US1924221039,CGNX,CGNX,Hardware 💻,39.72,0.5997184767586596,0.3443377210542337,0.27864217475145925,1727683.2,109120470.64837646,56.3202255821228,0.12144436913371304,bull,0.08253855193277171,bull,0.14669386523166983,2026-10-09,-0.06618397091114514,Technology,Scientific & Technical Instruments,United States,USD,3.693974726049176,36.502096748463146,0.0,stock,S1 Hardware,pillar,85.0,manual thematic assignment after stack redesign,"robotics, automation, devices"
FANUY,FANUC CORP.,FANUY,19.40999984741211,USD,26.614481043778817,0.0,0.0,Seitwärts,0.0,0.0,66.4,60.4,Zyklus-neutral,9.37,100.0,153.0,0.0,-659248840704.0,835426975744.0,-0.0,9.5,19.35,28.85,6.859,0.26,"[19.0, 18.74, 0.0, 39.61, 5.97]",33.14925,26.8,LOW,"{""coverage"": 0.5714285714285714, ""confluence"": 0.2, ""risk_clean"": 0.3333333333333333, ""regime_align"": 0.0, ""liquidity"": 0.08053691275167785, ""weights"": {""coverage"": 0.25, ""confluence"": 0.25, ""risk_clean"": 0.2, ""regime_align"": 0.2, ""liquidity"": 0.1}}",US3073051027,FANUY,FANUY,Hardware 💻,20.6,0.47967610760648954,0.2791505813555011,0.3198045860085911,498199.25,9670047.366480827,20.71104998588562,-0.06281912985387816,bull,0.08253855193277171,bull,0.14669386523166983,2026-10-09,-0.12062674738449475,Industrials,Specialty Industrial Machinery,Japan,USD,3.2446842292900957,26.614481043778817,0.0,stock,S1 Hardware,pillar,85.0,manual thematic assignment after stack redesign,"robotics, automation, devices"
GMED,Globus Medical,GMED,75.05000305175781,USD,25.901698177008605,0.0,0.0,Seitwärts,0.0,0.0,53.2,24.1,Zyklus-neutral,10.01,2.731,0.0,445762752.0,11603802112.0,2769804032.0,3.84,22.9,15.3,38.2,4.13,106.79,"[45.8, 20.02, 0.0, 75.85, 24.94]",20.902147,50.0,MED,{},US3795772082,GMED,GMED,Pharma 🧪,,0.4872913550778439,0.2178541032983951,0.24261514085736213,1639426.2,123038941.3131317,84.34075012207032,-0.11015727340420345,bull,0.08253855193277171,bull,0.14669386523166983,2026-10-09,-0.04894697104104373,Healthcare,Medical Devices,United States,USD,2.345562767972975,25.901698177008605,0.0,stock,S1 Hardware,pillar,85.0,manual thematic assignment after stack redesign,"robotics, automation, devices"
ISRG,INTUITIVE SURGICAL INC,ISRG,425.2449951171875,USD,-4.1723035516914475,0.0,0.0,Seitwärts,0.0,0.0,44.7,47.5,Zyklus-neutral,16.69,0.953,0.0,2274837504.0,170196434944.0,10064700416.0,1.34,18.8,28.38,47.18,4.875,88.83,"[37.6, 33.38, 52.35, 52.5, 15.13]",43.30517,32.5,LOW,"{""coverage"": 0.5714285714285714, ""confluence"": 0.2, ""risk_clean"": 0.3333333333333333, ""regime_align"": 0.0, ""liquidity"": 0.6577181208053692, ""weights"": {""coverage"": 0.25, ""confluence"": 0.25, ""risk_clean"": 0.2, ""regime_align"": 0.2, ""liquidity"": 0.1}}",US46120E6023,ISRG,ISRG,Pharma 🧪,526.07,0.3700903764499055,0.268864519630596,0.4399595130529892,2140372.55,910182714.5737121,443.4195245361328,-0.040987210560829435,bull,0.08253855193277171,bull,0.14669386523166983,2026-10-09,0.08174878807101371,Healthcare,Medical Instruments & Supplies,United States,USD,2.367538424297999,-4.1723035516914475,0.0,stock,S1 Hardware,pillar,85.0,manual thematic assignment after stack redesign,"robotics, automation, devices"
ROK,ROCKWELL AU.,ROK,432.44500732421875,USD,27.838313248099112,0.0,0.0,Seitwärts,0.0,0.0,66.6,18.2,Zyklus-Tief,23.74,99.289,134.0,1025500032.0,49741873152.0,8566000128.0,2.06,11.9,11.56,23.46,1.156,86.72,"[23.8, 47.48, 0.0, 81.79, 11.78]",30.140837,31.3,LOW,"{""coverage"": 0.5714285714285714, ""confluence"": 0.2, ""risk_clean"": 0.3333333333333333, ""regime_align"": 0.0, ""liquidity"": 0.5369127516778524, ""weights"": {""coverage"": 0.25, ""confluence"": 0.25, ""risk_clean"": 0.2, ""regime_align"": 0.2, ""liquidity"": 0.1}}",US7739031091,ROK,ROK,Hardware 💻,420.36,0.3104233276431596,0.2024063256501571,0.18728308848486097,697740.95,301734590.23315734,423.0582121276855,0.0221879517462249,bull,0.08253855193277171,bull,0.14669386523166983,2026-10-09,-0.11540948795121597,Industrials,Specialty Industrial Machinery,United States,USD,-0.39042872507187854,27.838313248099112,0.0,stock,S1 Hardware,pillar,85.0,manual thematic assignment after stack redesign,"robotics, automation, devices"
SN.L,SMITH + NEP. DL,SN.L,1020.5,GBp,-24.802406917080166,45.65,0.0,Seitwärts,0.0,0.0,63.3,87.2,Zyklus-Hoch,9.14,62.392,226.0,700875008.0,14034447360.0,5944000000.0,4.99,4.7,8.26,12.96,3.003,69.36,"[9.4, 18.28, 0.0, 12.76, 21.21]",15.511343,,,,GB0009223206,SN.L,SN.L,Hardware 💻,1243.0,0.26465629531057727,0.22135167737788927,0.3067401209992813,3083593.8,3146807472.8999996,1163.1892980957032,-0.12267074527706257,bull,0.08253855193277171,bull,0.14669386523166983,2026-10-09,-0.1584106546968903,Healthcare,Medical Devices,United Kingdom,GBp,1.6940707523667164,-24.802406917080166,0.0,stock,S1 Hardware,pillar,85.0,manual thematic assignment after stack redesign,"robotics, automation, devices"
SNN,SMITH & NEPHEW PLC,SNN,27.21500015258789,USD,-21.736255779895018,0.0,0.0,Seitwärts,0.0,0.0,67.3,100.0,Zyklus-Hoch,9.14,62.392,215.0,700875008.0,33722298368.0,5944000000.0,2.08,4.7,8.26,12.96,3.003,7.72,"[9.4, 18.28, 0.0, 0.0, 16.69]",19.562094,22.6,LOW,"{""coverage"": 0.5714285714285714, ""confluence"": 0.0, ""risk_clean"": 0.3333333333333333, ""regime_align"": 0.0, ""liquidity"": 0.1610738255033557, ""weights"": {""coverage"": 0.25, ""confluence"": 0.25, ""risk_clean"": 0.2, ""regime_align"": 0.2, ""liquidity"": 0.1}}",US83175M2052,SNN,SNN,Pharma 🧪,34.07,0.27854573074814243,0.22570523231052927,0.2740642057938667,1261163.35,34322560.76268826,30.82843855857849,-0.11721120416541841,bull,0.08253855193277171,bull,0.14669386523166983,2026-10-09,-0.11561851520688982,Healthcare,Medical Devices,United Kingdom,USD,0.9458496913009817,-21.736255779895018,0.0,stock,S1 Hardware,pillar,85.0,manual thematic assignment after stack redesign,"robotics, automation, devices"
SYK,STRYKER CORP,SYK,277.3550109863281,USD,-24.249647289238496,0.0,0.0,Seitwärts,0.0,0.0,45.3,47.5,Zyklus-neutral,15.08,66.276,97.0,5600750080.0,148864450560.0,25116000256.0,3.76,11.4,12.92,24.32,1.893,82.26,"[22.8, 30.16, 0.0, 52.47, 22.98]",21.582815,27.3,LOW,"{""coverage"": 0.5714285714285714, ""confluence"": 0.0, ""risk_clean"": 0.3333333333333333, ""regime_align"": 0.0, ""liquidity"": 0.6375838926174496, ""weights"": {""coverage"": 0.25, ""confluence"": 0.25, ""risk_clean"": 0.2, ""regime_align"": 0.2, ""liquidity"": 0.1}}",US8636671013,SYK,SYK,Pharma 🧪,354.05,0.2986033739316487,0.21509362000162138,0.30005174583816974,2706664.7,750707017.6048065,326.4060678100586,-0.1502761794620623,bull,0.08253855193277171,bull,0.14669386523166983,2026-10-09,-0.14435182979228822,Healthcare,Medical Devices,United States,USD,0.1390077495498243,-24.249647289238496,0.0,stock,S1 Hardware,pillar,85.0,manual thematic assignment after stack redesign,"robotics, automation, devices"
SYM,Symbotic Inc.,SYM,42.7400016784668,,-36.341968920159985,,,,,,,,,,,,,,,,,,,,,,,,,,US87151X1019,SYM,SYM,,,0.8112948715697421,0.5170410921328366,0.5621993140361803,1619585.4,69221082.71442032,50.03842498779297,-0.14585637559748632,bull,0.08253855193277171,bull,0.14669386523166983,2026-10-09,-0.059863261027473524,Industrials,Specialty Industrial Machinery,United States,,1.6167386661275707,-36.341968920159985,0.0,stock,S1 Hardware,pillar,85.0,manual thematic assignment after stack redesign,"robotics, automation, devices"
TER,TERADYNE INC.,TER,402.3800048828125,USD,177.677110876669,0.0,0.0,Seitwärts,0.0,0.0,72.8,86.1,Zyklus-Hoch,19.73,10.131,17.0,276822624.0,47649693696.0,3190023936.0,0.58,43.9,17.37,61.27,1.757,105.27,"[87.8, 39.46, 0.0, 13.9, 5.44]",38.050655,36.2,LOW,"{""coverage"": 0.5714285714285714, ""confluence"": 0.6, ""risk_clean"": 0.0, ""regime_align"": 0.0, ""liquidity"": 0.6912751677852349, ""weights"": {""coverage"": 0.25, ""confluence"": 0.25, ""risk_clean"": 0.2, ""regime_align"": 0.2, ""liquidity"": 0.1}}",US8807701029,TER,TER,Hardware 💻,239.62,0.7727819197703314,0.5370571907410036,0.3398437354578995,2467044.5,992689377.9561157,340.5103023529053,0.1816970062356158,bull,0.08253855193277171,bull,0.14669386523166983,2026-10-09,0.10079059594403583,Technology,Semiconductor Equipment & Materials,United States,USD,0.9179383153350873,177.677110876669,0.0,stock,S1 Hardware,pillar,85.0,manual thematic assignment after stack redesign,"robotics, automation, devices"
YASKY,YASKAWA EL. CORP.,YASKY,62.52000045776367,USD,17.806671975280008,0.0,0.0,Seitwärts,0.0,0.0,55.7,68.1,Zyklus-neutral,0.0,24.901,129.0,0.0,101908422656.0,539219984384.0,0.0,0.0,6.87,6.87,2.139,0.0,"[0.0, 0.0, 0.0, 31.91, 25.0]",0.0,21.1,LOW,"{""coverage"": 0.5714285714285714, ""confluence"": 0.0, ""risk_clean"": 0.3333333333333333, ""regime_align"": 0.0, ""liquidity"": 0.01342281879194629, ""weights"": {""coverage"": 0.25, ""confluence"": 0.25, ""risk_clean"": 0.2, ""regime_align"": 0.2, ""liquidity"": 0.1}}",US9850871057,YASKY,YASKY,Hardware 💻,66.06,0.5345807392090502,0.3571831102560834,0.42090398186059197,15669.8,979675.9031730652,67.58954488754273,-0.07500486115439742,bull,0.08253855193277171,bull,0.14669386523166983,2026-10-09,-0.11298060922429609,Industrials,Electrical Equipment & Parts,Japan,USD,5.199394475383801,17.806671975280008,0.0,stock,S1 Hardware,pillar,85.0,manual thematic assignment after stack redesign,"robotics, automation, devices"
000660.KS,SK hynix Inc.,000660.KS,1681000.0,KRW,293.91479556772623,,,,,,,,,,,,,,,,,,,,,,,,,,KR7000660001,000660.KS,000660.KS,,,0.9107886298305383,0.5939312754590547,0.5471051921241235,3166330.8,5322602074800.0,1434975.2834375,0.17144874856181835,bull,0.08253855193277171,bull,0.14669386523166983,2026-10-09,-0.3150947250420282,Technology,Semiconductors,South Korea,KRW,-2.4376088218224012,293.91479556772623,,stock,S2 Gehirn,pillar,85.0,manual thematic assignment after stack redesign,"ai, semis, software"
005930.KS,"Samsung Electronics Co., Ltd.",005930.KS,262000.0,KRW,179.77700931424852,,,,,,,,,,,,,,,,,,,,,,,,,,KR7005930003,005930.KS,005930.KS,,,0.7617521292741275,0.5037230904178905,0.42833575022000525,16835550.95,4410914348900.0,228752.62234375,0.145342061287012,bull,0.08253855193277171,bull,0.14669386523166983,2026-10-09,-0.20880719640389778,Technology,Semiconductors,South Korea,KRW,-2.420856610800748,179.77700931424852,,stock,S2 Gehirn,pillar,85.0,manual thematic assignment after stack redesign,"ai, semis, software"
0700.HK,TENCENT HLDGS,0700.HK,424.79998779296875,HKD,-36.38056433988803,0.0,0.0,Seitwärts,0.0,0.0,60.8,13.1,Zyklus-Tief,19.83,32.47,82.0,129573249024.0,5078710222848.0,729841008640.0,2.55,15.4,29.86,45.26,1.356,24.22,"[30.8, 39.66, 0.0, 86.9, 36.1]",15.502593,39.9,LOW,"{""coverage"": 0.5714285714285714, ""confluence"": 0.4, ""risk_clean"": 0.3333333333333333, ""regime_align"": 0.0, ""liquidity"": 0.8993288590604027, ""weights"": {""coverage"": 0.25, ""confluence"": 0.25, ""risk_clean"": 0.2, ""regime_align"": 0.2, ""liquidity"": 0.1}}",KYG875721634,0700.HK,0700.HK,Gehirn,607.0,0.3347401643405456,0.18726234115045046,0.3838739125617966,19972030.15,8484118163.920803,491.2236538696289,-0.13522082162250482,bull,0.08253855193277171,bull,0.14669386523166983,2026-10-09,-0.11415811632619188,Communication Services,Internet Content & Information,China,HKD,3.257169201576615,-36.38056433988803,0.0,stock,S2 Gehirn,pillar,85.0,manual thematic assignment after stack redesign,"ai, semis, software"
0700.HK,Tencent Holdings Limited,0700.HK,424.79998779296875,HKD,-36.38056433988803,0.0,0.0,Seitwärts,0.0,0.0,60.8,13.1,Zyklus-Tief,19.83,32.47,82.0,129573249024.0,5078710222848.0,729841008640.0,2.55,15.4,29.86,45.26,1.356,24.22,"[30.8, 39.66, 0.0, 86.9, 36.1]",15.502593,39.9,LOW,"{""coverage"": 0.5714285714285714, ""confluence"": 0.4, ""risk_clean"": 0.3333333333333333, ""regime_align"": 0.0, ""liquidity"": 0.8993288590604027, ""weights"": {""coverage"": 0.25, ""confluence"": 0.25, ""risk_clean"": 0.2, ""regime_align"": 0.2, ""liquidity"": 0.1}}",KYG875721634,0700.HK,0700.HK,Gehirn,607.0,0.3347401643405456,0.18726234115045046,0.3838739125617966,19972030.15,8484118163.920803,491.2236538696289,-0.13522082162250482,bull,0.08253855193277171,bull,0.14669386523166983,2026-10-09,-0.11415811632619188,Communication Services,Internet Content & Information,China,HKD,3.257169201576615,-36.38056433988803,0.0,stock,S2 Gehirn,pillar,85.0,manual thematic assignment after stack redesign,"ai, semis, software"
8035.T,Tokyo Electron Limited,8035.T,12445.0,JPY,118.9346271141642,,,,,,,,,,,,,,,,,,,,,,,,,,JP3571400005,8035.T,8035.T,,,0.570986672774236,0.34968589162867963,0.3654822097306196,15546435.0,193475383575.0,9805.634765625,0.2691682178116257,bull,0.08253855193277171,bull,0.14669386523166983,2026-10-09,-0.11719160616230107,Technology,Semiconductor Equipment & Materials,Japan,JPY,2.09187858900739,118.9346271141642,,stock,S2 Gehirn,pillar,85.0,manual thematic assignment after stack redesign,"ai, semis, software"
9888.HK,"Baidu, Inc. Class A",9888.HK,83.0,,-37.827715355805246,,,,,,,,,,,,,,,,,,,,,,,,,,KYG070341048,9888.HK,9888.HK,,,0.46205331909404984,0.2879761954046639,0.48816198426243673,13533667.9,1123294435.7,116.5789998626709,-0.28803643797104694,bull,0.08253855193277171,bull,0.14669386523166983,2026-10-09,-0.31632054488149797,Communication Services,Internet Content & Information,China,,1.0346907587741594,-37.827715355805246,0.0,stock,S2 Gehirn,pillar,85.0,manual thematic assignment after stack redesign,"ai, semis, software"
9988.HK,Alibaba Group Holding Limited,9988.HK,107.0,,-38.18807599241194,,,,,,,,,,,,,,,,,,,,,,,,,,KYG017191142,9988.HK,9988.HK,,,0.44102708329125345,0.2436533645892514,0.48386851523956864,55050849.45,5890440891.150001,127.41062362670898,-0.16019561827519635,bull,0.08253855193277171,bull,0.14669386523166983,2026-10-09,-0.07590339651322131,Consumer Cyclical,Internet Retail,Hong Kong,,2.588683479618248,-38.18807599241194,0.0,stock,S2 Gehirn,pillar,85.0,manual thematic assignment after stack redesign,"ai, semis, software"
AMAT,"Applied Materials, Inc.",AMAT,508.4649963378906,USD,132.08233308938384,,,,,,,,,,,,,,,,,,,,,,,,,,US0382221051,AMAT,AMAT,,,0.5948371219352019,0.37405214829476174,0.4248628346251607,6164833.25,3134601915.8849564,433.65656616210936,0.1725061627403479,bull,0.08253855193277171,bull,0.14669386523166983,2026-10-09,-0.18431987290664475,Technology,Semiconductor Equipment & Materials,United States,USD,-0.21685165344220714,132.08233308938384,,stock,S2 Gehirn,pillar,85.0,manual thematic assignment after stack redesign,"ai, semis, software"
AMKR,"Amkor Technology, Inc.",AMKR,48.904998779296875,,60.77663474163801,,,,,,,,,,,,,,,,,,,,,,,,,,US0316521006,AMKR,AMKR,,,0.7888691536099155,0.5466996145378337,0.543238922412152,3693295.65,180620619.25483245,57.425410747528076,-0.1483735485269989,bull,0.08253855193277171,bull,0.14669386523166983,2026-10-09,-0.3408568966842629,Technology,Semiconductor Equipment & Materials,United States,,-4.107845530790444,60.77663474163801,0.0,stock,S2 Gehirn,pillar,85.0,manual thematic assignment after stack redesign,"ai, semis, software"
AMZN,AMAZON.COM,AMZN,261.80499267578125,USD,14.957840678386969,0.0,0.0,Seitwärts,0.0,0.0,47.3,1.3,Zyklus-Tief,22.29,43.435,0.0,23793125376.0,2277217140736.0,716923994112.0,1.04,13.6,10.83,24.43,1.051,66.62,"[27.2, 44.58, 0.0, 98.71, 32.39]",22.206844,34.9,LOW,"{""coverage"": 0.5714285714285714, ""confluence"": 0.2, ""risk_clean"": 0.3333333333333333, ""regime_align"": 0.0, ""liquidity"": 0.8926174496644296, ""weights"": {""coverage"": 0.25, ""confluence"": 0.25, ""risk_clean"": 0.2, ""regime_align"": 0.2, ""liquidity"": 0.1}}",US0231351067,AMZN,AMZN,E-Commerce,244.38,0.346207565535641,0.1823449342520758,0.2173622311569574,36528524.2,9563350010.6381,242.14842498779296,0.0811756991150332,bull,0.08253855193277171,bull,0.14669386523166983,2026-10-09,0.01904928424812713,Consumer Cyclical,Internet Retail,United States,USD,3.0484905894723857,14.957840678386969,0.0,stock,S2 Gehirn,pillar,85.0,manual thematic assignment after stack redesign,"ai, semis, software"
APLD,Applied Digital,APLD,23.530000686645508,USD,-19.665414984088713,0.0,0.0,Seitwärts,0.0,0.0,66.8,50.9,Zyklus-neutral,-7.9,125.912,0.0,-1606530304.0,11793511424.0,263986000.0,-13.62,250.1,-47.35,202.75,4.823,67.1,"[100.0, 0.0, 0.0, 49.06, 56.34]",-41.865925,50.0,MED,{},US0381692070,APLD,APLD,Tech 💻,,1.0278439350380233,0.5487105235800996,0.532326312190512,21400896.95,503563119.92832977,32.08920002937317,-0.26673146525600233,bull,0.08253855193277171,bull,0.14669386523166983,2026-10-09,-0.2123073211994072,Technology,Information Technology Services,United States,USD,-1.3417177765449595,-19.665414984088713,0.0,stock,S2 Gehirn,pillar,85.0,manual thematic assignment after stack redesign,"ai, semis, software"
ASML,ASML HOLDING,ASML,1784.4100341796875,USD,83.18103634300758,0.0,0.0,Seitwärts,0.0,0.0,73.9,35.5,Zyklus-neutral,50.46,13.813,62.0,12685974528.0,535751229440.0,32667299840.0,2.37,4.9,29.42,34.32,1.262,18.74,"[9.8, 100.0, 0.0, 64.53, 12.03]",31.993082,39.1,LOW,"{""coverage"": 0.5714285714285714, ""confluence"": 0.4, ""risk_clean"": 0.3333333333333333, ""regime_align"": 0.0, ""liquidity"": 0.8120805369127517, ""weights"": {""coverage"": 0.25, ""confluence"": 0.25, ""risk_clean"": 0.2, ""regime_align"": 0.2, ""liquidity"": 0.1}}",NL0010273215,ASML,ASML,Gehirn,1466.93,0.4637128523564317,0.27505669828512386,0.2195313939004605,1436825.4,2563885661.124243,1558.903637084961,0.14465704725431738,bull,0.08253855193277171,bull,0.14669386523166983,2026-10-09,-0.03255262746723342,Technology,Semiconductor Equipment & Materials,Netherlands,USD,0.8260864167216164,83.18103634300758,0.0,stock,S2 Gehirn,pillar,85.0,manual thematic assignment after stack redesign,"ai, semis, software"
ASX,"ASE Technology Holding Co., Ltd.",ASX,46.27830123901367,,299.1788449586992,,,,,,,,,,,,,,,,,,,,,,,,,,US00215W1009,ASX,ASX,,,0.5657117568744856,0.36309003805236595,0.303345400370175,6657530.7,308099211.24258155,31.275534534454344,0.479696572029223,bull,0.08253855193277171,bull,0.14669386523166983,2026-10-09,0.10784639000160334,Technology,Semiconductors,Taiwan,,2.2498960566597948,299.1788449586992,0.0,stock,S2 Gehirn,pillar,85.0,manual thematic assignment after stack redesign,"ai, semis, software"
BIDU,BAIDU INC,BIDU,85.18000030517578,USD,-35.6646493716813,0.0,0.0,Seitwärts,0.0,0.0,65.8,26.0,Zyklus-neutral,3.08,33.81,0.0,21750999040.0,396094570496.0,130462998528.0,5.49,-7.1,6.9,-0.2,1.907,23.06,"[0.0, 6.16, 0.0, 73.98, 26.0]",17.818422,26.7,LOW,"{""coverage"": 0.5714285714285714, ""confluence"": 0.0, ""risk_clean"": 0.3333333333333333, ""regime_align"": 0.0, ""liquidity"": 0.5771812080536913, ""weights"": {""coverage"": 0.25, ""confluence"": 0.25, ""risk_clean"": 0.2, ""regime_align"": 0.2, ""liquidity"": 0.1}}",US0567521085,BIDU,BIDU,Tech 💻,158.08,0.4844386877028004,0.3142476261188232,0.4836328084987285,2234444.7,190330000.22789842,118.92480014801025,-0.28374905655369353,bull,0.08253855193277171,bull,0.14669386523166983,2026-10-09,-0.2625223805148459,Communication Services,Internet Content & Information,China,USD,1.5014325115854543,-35.6646493716813,0.0,stock,S2 Gehirn,pillar,85.0,manual thematic assignment after stack redesign,"ai, semis, software"
DVLT,Datavault AI Inc.,DVLT,0.1396999955177307,USD,-93.87280713724849,0.0,0.0,Seitwärts,0.0,0.0,44.8,71.3,Zyklus-neutral,-165.72,29.069,0.0,-28070000.0,238018480.0,6170000.0,-11.79,147.8,0.0,147.8,0.684,3.15,"[100.0, 0.0, 0.0, 28.75, 100.0]",0.0,21.6,LOW,"{""coverage"": 0.5714285714285714, ""confluence"": 0.2, ""risk_clean"": 0.0, ""regime_align"": 0.0, ""liquidity"": 0.22818791946308725, ""weights"": {""coverage"": 0.25, ""confluence"": 0.25, ""risk_clean"": 0.2, ""regime_align"": 0.2, ""liquidity"": 0.1}}",US86633R6099,DVLT,DVLT,Tech 💻,,1.7230241575829486,0.8307910185153173,0.9591520490054739,51809668.95,7237810.520090112,0.5209985008835792,-0.7318610412874342,bull,0.08253855193277171,bull,0.14669386523166983,2026-10-09,-0.6805862536647622,Technology,Software - Infrastructure,United States,USD,-0.21428934074176897,-93.87280713724849,0.0,stock,S2 Gehirn,pillar,85.0,manual thematic assignment after stack redesign,"ai, semis, software"
GOOGL,ALPHABET INC.A,GOOGL,351.19500732421875,USD,45.78244082855603,0.0,0.0,Seitwärts,0.0,0.0,75.0,4.9,Zyklus-Tief,35.71,16.133,26.0,38088376320.0,3794015354880.0,402835996672.0,1.0,18.0,32.81,50.81,2.005,81.35,"[36.0, 71.42, 0.0, 95.07, 21.4]",23.884943,40.1,LOW,"{""coverage"": 0.5714285714285714, ""confluence"": 0.4, ""risk_clean"": 0.3333333333333333, ""regime_align"": 0.0, ""liquidity"": 0.9194630872483222, ""weights"": {""coverage"": 0.25, ""confluence"": 0.25, ""risk_clean"": 0.2, ""regime_align"": 0.2, ""liquidity"": 0.1}}",US02079K3059,GOOGL,GOOGL,Gehirn,335.67,0.31645290176494906,0.1889157444599562,0.21047200943300937,26018000.65,9137391928.838278,339.666072845459,0.03394196653842796,bull,0.08253855193277171,bull,0.14669386523166983,2026-10-09,-0.06129220893139298,Communication Services,Internet Content & Information,United States,USD,0.8340746814510469,45.78244082855603,0.0,stock,S2 Gehirn,pillar,85.0,manual thematic assignment after stack redesign,"ai, semis, software"
IFX.DE,INFINEON TECH.,IFX.DE,58.86000061035156,EUR,78.76105251450498,0.0,0.0,Seitwärts,0.0,0.0,57.6,40.9,Zyklus-neutral,5.71,41.673,83.0,1671250048.0,61230231552.0,14899999744.0,2.73,7.0,6.88,13.88,1.721,55.03,"[14.0, 11.42, 0.0, 59.12, 22.1]",18.915174,25.4,LOW,"{""coverage"": 0.5714285714285714, ""confluence"": 0.0, ""risk_clean"": 0.3333333333333333, ""regime_align"": 0.0, ""liquidity"": 0.4429530201342282, ""weights"": {""coverage"": 0.25, ""confluence"": 0.25, ""risk_clean"": 0.2, ""regime_align"": 0.2, ""liquidity"": 0.1}}",DE0006231004,IFX.DE,IFX.DE,Gehirn,42.32,0.5380797006420523,0.3282620818665073,0.3859090805053711,3979575.0,234237786.92893982,56.18486133575439,0.0476131685830965,bull,0.08253855193277171,bull,0.14669386523166983,2026-10-09,-0.21924249935456896,Technology,Semiconductors,Germany,EUR,-0.0679132673872096,78.76105251450498,0.0,stock,S2 Gehirn,pillar,85.0,manual thematic assignment after stack redesign,"ai, semis, software"
JD,JD.COM ADR,JD,27.075000762939453,USD,-17.45586725111037,0.0,0.0,Seitwärts,0.0,0.0,39.9,39.2,Zyklus-neutral,11.72,36.821,353.0,-13451249664.0,68616331264.0,1303786946560.0,-19.6,14.9,2.47,17.37,1.198,15.54,"[29.8, 23.44, 0.0, 60.83, 42.95]",9.074207,26.1,LOW,"{""coverage"": 0.5714285714285714, ""confluence"": 0.0, ""risk_clean"": 0.3333333333333333, ""regime_align"": 0.0, ""liquidity"": 0.5167785234899329, ""weights"": {""coverage"": 0.25, ""confluence"": 0.25, ""risk_clean"": 0.2, ""regime_align"": 0.2, ""liquidity"": 0.1}}",US47215P1066,JD,JD,E-Commerce,29.49,0.3066327749656692,0.17954187959978318,0.264407761482898,6102586.95,165227546.32715437,28.482436141967774,-0.04941415025081086,bull,0.08253855193277171,bull,0.14669386523166983,2026-10-09,-0.09999108463610062,Consumer Cyclical,Internet Retail,China,USD,0.613158366640465,-17.45586725111037,0.0,stock,S2 Gehirn,pillar,85.0,manual thematic assignment after stack redesign,"ai, semis, software"
KLAC,KLA Corporation,KLAC,196.1750030517578,,87.22249886831564,,,,,,,,,,,,,,,,,,,,,,,,,,US4824801009,KLAC,KLAC,,,0.6044972281524734,0.44201398834332917,0.44466815138541516,8831107.5,1732442540.7629013,179.4236424255371,0.09336205864381952,bull,0.08253855193277171,bull,0.14669386523166983,2026-10-09,-0.18626398104465025,Technology,Semiconductor Equipment & Materials,United States,,-0.27704258111196367,87.22249886831564,0.0,stock,S2 Gehirn,pillar,85.0,manual thematic assignment after stack redesign,"ai, semis, software"
LRCX,Lam Research Corporation,LRCX,319.3970947265625,,127.56904666413935,,,,,,,,,,,,,,,,,,,,,,,,,,US5128073062,LRCX,LRCX,,,0.6456430664439178,0.3948341624750186,0.41764934428507483,9025406.8,2882688710.6453614,278.71925216674805,0.1459455787269346,bull,0.08253855193277171,bull,0.14669386523166983,2026-10-09,-0.11496476909275455,Technology,Semiconductor Equipment & Materials,United States,,-0.37209570633977007,127.56904666413935,0.0,stock,S2 Gehirn,pillar,85.0,manual thematic assignment after stack redesign,"ai, semis, software"
MELI,MercadoLibre Inc.,MELI,1879.75,USD,-17.373626373626372,0.0,0.0,Seitwärts,0.0,0.0,50.3,20.4,Zyklus-neutral,40.65,159.296,0.0,-4066249984.0,108489015296.0,26193000448.0,-3.75,39.5,7.93,47.43,1.174,84.75,"[79.0, 81.3, 0.0, 79.65, 27.28]",33.958015,38.1,LOW,"{""coverage"": 0.5714285714285714, ""confluence"": 0.4, ""risk_clean"": 0.3333333333333333, ""regime_align"": 0.0, ""liquidity"": 0.7114093959731543, ""weights"": {""coverage"": 0.25, ""confluence"": 0.25, ""risk_clean"": 0.2, ""regime_align"": 0.2, ""liquidity"": 0.1}}",US58733R1023,MELI,MELI,Konsum 🥨,,0.41175647938810495,0.3150784731595528,0.3447830138619993,688880.45,1294923025.8874998,1835.2242999267578,0.024261721074104736,bull,0.08253855193277171,bull,0.14669386523166983,2026-10-09,-0.03565884829372967,Consumer Cyclical,Internet Retail,Uruguay,USD,1.243629172559535,-17.373626373626372,0.0,stock,S2 Gehirn,pillar,85.0,manual thematic assignment after stack redesign,"ai, semis, software"
META,META PLATFORMS INC,META,720.4600219726562,USD,-1.4459389506729425,0.0,0.0,Seitwärts,0.0,0.0,47.0,39.9,Zyklus-neutral,30.24,39.164,31.0,23432374272.0,1700112498688.0,200965996544.0,1.38,23.8,30.08,53.88,2.599,79.52,"[47.6, 60.48, 0.0, 60.14, 29.7]",18.803259,45.0,LOW,"{""coverage"": 0.5714285714285714, ""confluence"": 0.6, ""risk_clean"": 0.3333333333333333, ""regime_align"": 0.0, ""liquidity"": 0.9060402684563759, ""weights"": {""coverage"": 0.25, ""confluence"": 0.25, ""risk_clean"": 0.2, ""regime_align"": 0.2, ""liquidity"": 0.1}}",US30303M1027,META,META,Tech 💻,673.89,0.41849779315824004,0.2923298425361759,0.29942760667337587,21547321.6,15523983793.387892,629.1898330688476,0.14505985969074242,bull,0.08253855193277171,bull,0.14669386523166983,2026-10-09,0.05195751931475012,Communication Services,Internet Content & Information,United States,USD,-0.059647472852142336,-1.4459389506729425,0.0,stock,S2 Gehirn,pillar,85.0,manual thematic assignment after stack redesign,"ai, semis, software"
MSFT,MICROSOFT DL,MSFT,535.7550048828125,USD,3.400267352844022,0.0,0.0,Seitwärts,0.0,0.0,53.6,43.2,Zyklus-neutral,34.39,31.539,88.0,53640626176.0,3102605836288.0,305453006848.0,1.73,16.7,39.04,55.74,1.386,76.1,"[33.4, 68.78, 0.0, 56.83, 36.18]",21.908993,40.2,LOW,"{""coverage"": 0.5714285714285714, ""confluence"": 0.4, ""risk_clean"": 0.3333333333333333, ""regime_align"": 0.0, ""liquidity"": 0.9261744966442953, ""weights"": {""coverage"": 0.25, ""confluence"": 0.25, ""risk_clean"": 0.2, ""regime_align"": 0.2, ""liquidity"": 0.1}}",US5949181045,MSFT,MSFT,Gehirn,481.15,0.3283854303975086,0.2068020777673948,0.34498397568158834,22084451.2,11831855260.490234,432.70798721313474,0.238144477834473,bull,0.08253855193277171,bull,0.14669386523166983,2026-10-09,0.3556532436178932,Technology,Software - Infrastructure,United States,USD,2.5152637530274635,3.400267352844022,0.0,stock,S2 Gehirn,pillar,85.0,manual thematic assignment after stack redesign,"ai, semis, software"
MU,MICRON TECHNOLOGY INC,MU,1028.469970703125,USD,435.2654468183174,0.0,0.0,Seitwärts,0.0,0.0,76.3,0.0,Zyklus-Tief,22.55,21.244,12.0,444249984.0,422271320064.0,42311999488.0,0.11,56.7,28.15,84.85,2.46,83.37,"[100.0, 45.1, 0.0, 100.0, 21.56]",8.597669,38.4,LOW,"{""coverage"": 0.5714285714285714, ""confluence"": 0.6, ""risk_clean"": 0.0, ""regime_align"": 0.0, ""liquidity"": 0.912751677852349, ""weights"": {""coverage"": 0.25, ""confluence"": 0.25, ""risk_clean"": 0.2, ""regime_align"": 0.2, ""liquidity"": 0.1}}",US5951121038,MU,MU,Tech 💻,414.04,0.8123752649516959,0.4723067916922758,0.3909541844002312,25528923.3,26255730998.433327,701.566915588379,0.4659613329123198,bull,0.08253855193277171,bull,0.14669386523166983,2026-10-09,0.007337243519756731,Technology,Semiconductors,United States,USD,-0.7114993976266359,435.2654468183174,0.0,stock,S2 Gehirn,pillar,85.0,manual thematic assignment after stack redesign,"ai, semis, software"
NVDA,NVIDIA CORP.,NVDA,229.9149932861328,USD,19.67897805459129,0.0,0.0,Seitwärts,0.0,0.0,60.0,73.6,Zyklus-neutral,107.36,9.102,2.0,53282873344.0,4531735756800.0,187141996544.0,1.18,62.5,53.01,115.51,4.468,69.59,"[100.0, 100.0, 0.0, 26.36, 30.04]",24.441496,45.4,LOW,"{""coverage"": 0.5714285714285714, ""confluence"": 0.6, ""risk_clean"": 0.3333333333333333, ""regime_align"": 0.0, ""liquidity"": 0.9463087248322147, ""weights"": {""coverage"": 0.25, ""confluence"": 0.25, ""risk_clean"": 0.2, ""regime_align"": 0.2, ""liquidity"": 0.1}}",US67066G1040,NVDA,NVDA,Gehirn,186.47,0.3778249888173643,0.22546602352496467,0.2021437866121676,107789726.95,24782474348.02334,201.83207054138182,0.13914004186462092,bull,0.08253855193277171,bull,0.14669386523166983,2026-10-09,0.04795200240724795,Technology,Semiconductors,United States,USD,-0.245141640003399,19.67897805459129,0.0,stock,S2 Gehirn,pillar,85.0,manual thematic assignment after stack redesign,"ai, semis, software"
NXP,NXP SEMICONDUCTORS NV,NXP,13.145000457763672,USD,-4.347041604203983,0.0,0.0,Seitwärts,0.0,0.0,48.7,100.0,Zyklus-Hoch,1.13,100.0,446.0,0.0,741452096.0,34414504.0,0.0,9.1,24.21,33.31,4.03,15.78,"[18.2, 2.26, 0.0, 0.0, 25.0]",0.0,26.6,LOW,"{""coverage"": 0.5714285714285714, ""confluence"": 0.2, ""risk_clean"": 0.3333333333333333, ""regime_align"": 0.0, ""liquidity"": 0.06040268456375841, ""weights"": {""coverage"": 0.25, ""confluence"": 0.25, ""risk_clean"": 0.2, ""regime_align"": 0.2, ""liquidity"": 0.1}}",NL0009538784,NXP,NXP,Tech 💻,13.93,0.09033896557885801,0.06715782366493532,0.0974753612974073,369492.95,4856984.99689045,13.924710021018981,-0.055994671492502035,bull,0.08253855193277171,bull,0.14669386523166983,2026-10-09,-0.11988042863727788,Financial Services,Asset Management,United States,USD,0.9600614101781035,-4.347041604203983,0.0,stock,S2 Gehirn,pillar,85.0,manual thematic assignment after stack redesign,"ai, semis, software"
ON,ON SEMICOND.,ON,77.70999908447266,USD,55.51330235364602,56.36,1.76,BUY,66.86,79.21,59.9,88.0,Zyklus-Hoch,1.5,39.064,0.0,1250724992.0,27005202432.0,5995400192.0,4.63,-11.2,2.02,-9.18,4.522,109.63,"[0.0, 3.0, 0.0, 31.95, 17.06]",16.742908,,,,US6821891057,ON,ON,Gehirn,63.03,0.6357536983209322,0.46039976873580674,0.5027252884621081,12371090.1,961357400.3449287,81.14519996643067,-0.04233399983460684,bull,0.08253855193277171,bull,0.14669386523166983,2026-10-09,-0.2097078851556542,Technology,Semiconductors,United States,USD,-2.140793979648037,55.51330235364602,0.0,stock,S2 Gehirn,pillar,85.0,manual thematic assignment after stack redesign,"ai, semis, software"
ON,ON SEMICONDUCTOR CORP,ON,77.70999908447266,USD,55.51330235364602,56.36,1.76,BUY,66.86,79.21,59.9,88.0,Zyklus-Hoch,1.5,39.064,0.0,1250724992.0,27005202432.0,5995400192.0,4.63,-11.2,2.02,-9.18,4.522,109.63,"[0.0, 3.0, 0.0, 31.95, 17.06]",16.742908,,,,US6821891057,ON,ON,Tech 💻,63.03,0.6357536983209322,0.46039976873580674,0.5027252884621081,12371090.1,961357400.3449287,81.14519996643067,-0.04233399983460684,bull,0.08253855193277171,bull,0.14669386523166983,2026-10-09,-0.2097078851556542,Technology,Semiconductors,United States,USD,-2.140793979648037,55.51330235364602,0.0,stock,S2 Gehirn,pillar,85.0,manual thematic assignment after stack redesign,"ai, semis, software"
ORCL,ORACLE CORP,ORCL,142.1999969482422,USD,-51.65287862755714,0.0,0.0,Seitwärts,0.0,0.0,47.1,57.0,Zyklus-neutral,69.03,432.511,125.0,-10208000000.0,571854749696.0,61015998464.0,-1.79,14.2,25.28,39.48,0.909,45.01,"[28.4, 100.0, 0.0, 42.99, 50.22]",20.229126,32.9,LOW,"{""coverage"": 0.5714285714285714, ""confluence"": 0.4, ""risk_clean"": 0.0, ""regime_align"": 0.0, ""liquidity"": 0.8657718120805369, ""weights"": {""coverage"": 0.25, ""confluence"": 0.25, ""risk_clean"": 0.2, ""regime_align"": 0.2, ""liquidity"": 0.1}}",US68389X1054,ORCL,ORCL,Tech 💻,174.77,0.5687627505786527,0.3205098462246191,0.6290762443813747,30629926.75,4355575490.374882,161.10968814849855,-0.11737153375175591,bull,0.08253855193277171,bull,0.14669386523166983,2026-10-09,0.0726670675919332,Technology,Software - Infrastructure,United States,USD,4.797696506525662,-51.65287862755714,0.0,stock,S2 Gehirn,pillar,85.0,manual thematic assignment after stack redesign,"ai, semis, software"
PLTR,PALANTIR TECHN.,PLTR,207.55340576171875,USD,11.906725829336207,0.0,0.0,Seitwärts,0.0,0.0,54.0,30.5,Zyklus-neutral,25.98,3.063,0.0,1260918400.0,326150029312.0,4475445760.0,0.39,70.0,36.31,106.31,7.11,60.57,"[100.0, 51.96, 0.0, 69.5, 4.56]",77.01267,38.1,LOW,"{""coverage"": 0.5714285714285714, ""confluence"": 0.6, ""risk_clean"": 0.0, ""regime_align"": 0.0, ""liquidity"": 0.8791946308724832, ""weights"": {""coverage"": 0.25, ""confluence"": 0.25, ""risk_clean"": 0.2, ""regime_align"": 0.2, ""liquidity"": 0.1}}",US69608A1088,PLTR,PLTR,Gehirn,167.47,0.6027676346670884,0.3516594963705664,0.4822376656276136,23557124.1,4889361336.906464,152.3236916732788,0.3625812470912464,bull,0.08253855193277171,bull,0.14669386523166983,2026-10-09,0.5133579125282337,Technology,Software - Infrastructure,United States,USD,4.413626640657586,11.906725829336207,0.0,stock,S2 Gehirn,pillar,85.0,manual thematic assignment after stack redesign,"ai, semis, software"
SAP.DE,SAP SE O.N.,SAP.DE,191.4600067138672,EUR,-18.120480361578252,0.0,0.0,Seitwärts,0.0,0.0,35.8,68.8,Zyklus-neutral,16.46,17.84,134.0,7799625216.0,206661484544.0,36800000000.0,3.77,3.3,19.91,23.21,1.174,40.19,"[6.6, 32.92, 0.0, 31.24, 36.01]",20.883703,31.4,LOW,"{""coverage"": 0.5714285714285714, ""confluence"": 0.2, ""risk_clean"": 0.3333333333333333, ""regime_align"": 0.0, ""liquidity"": 0.5436241610738255, ""weights"": {""coverage"": 0.25, ""confluence"": 0.25, ""risk_clean"": 0.2, ""regime_align"": 0.2, ""liquidity"": 0.1}}",DE0007164600,SAP.DE,SAP.DE,Gehirn,195.54,0.41109312428059214,0.3105413072354868,0.46075256027080425,2087055.05,399587573.88521045,164.01011039733888,0.16736709858939092,bull,0.08253855193277171,bull,0.14669386523166983,2026-10-09,0.36158899246738807,Technology,Software - Application,Germany,EUR,3.7049137566805834,-18.120480361578252,0.0,stock,S2 Gehirn,pillar,85.0,manual thematic assignment after stack redesign,"ai, semis, software"
SNOW,SNOWFLAKE INC. A,SNOW,367.3999938964844,USD,46.56719853999678,0.0,0.0,Seitwärts,0.0,0.0,48.8,55.9,Zyklus-neutral,-53.09,125.912,0.0,1285029632.0,61811384320.0,4386721792.0,2.08,28.7,-30.76,-2.06,1.367,76.66,"[57.4, 0.0, 0.0, 44.05, 1.67]",112.415726,32.8,LOW,"{""coverage"": 0.5714285714285714, ""confluence"": 0.2, ""risk_clean"": 0.3333333333333333, ""regime_align"": 0.0, ""liquidity"": 0.6845637583892618, ""weights"": {""coverage"": 0.25, ""confluence"": 0.25, ""risk_clean"": 0.2, ""regime_align"": 0.2, ""liquidity"": 0.1}}",US8334451098,SNOW,SNOW,Gehirn,212.77,0.6502374193986971,0.36717322425921445,0.5630006703868291,4093728.6,1504035862.6538637,231.04144981384277,0.5901908258994648,bull,0.08253855193277171,bull,0.14669386523166983,2026-10-09,0.2926574482805431,Technology,Software - Application,United States,USD,6.988934311756179,46.56719853999678,0.0,stock,S2 Gehirn,pillar,85.0,manual thematic assignment after stack redesign,"ai, semis, software"
TSMN.MX,TAIWAN SEMICON.MANU.ADR/5,TSMN.MX,8319.5,MXN,51.077137110128156,65.66,2.45,BUY,6231.98,7734.88,62.8,81.8,Zyklus-Hoch,35.22,18.187,116.0,619089625088.0,159076159848448.0,3809054031872.0,0.39,20.5,45.1,65.6,2.618,16.13,"[41.0, 70.44, 0.0, 38.21, 25.0]",0.0,,,,US8740391003,TSMN.MX,TSMN.MX,Gehirn,5876.64,0.37204023852112494,0.23069321299659754,0.21477518008997998,3081.1,25633211.45,6853.437082519531,0.2139164480286584,bull,0.08253855193277171,bull,0.14669386523166983,2026-10-09,0.07785709369181837,Technology,Semiconductors,Taiwan,MXN,0.22069528897907809,51.077137110128156,0.0,stock,S2 Gehirn,pillar,85.0,manual thematic assignment after stack redesign,"ai, semis, software"
TTAN,ServiceTitan,TTAN,72.73999786376953,USD,-28.334977474118684,0.0,0.0,Seitwärts,0.0,0.0,38.4,26.4,Zyklus-neutral,-16.86,10.505,0.0,124609000.0,5720048128.0,916259008.0,2.18,25.0,-23.91,1.09,4.139,95.05,"[50.0, 0.0, 0.0, 73.56, 48.95]",58.844948,50.0,MED,{},US81764X1037,TTAN,TTAN,Tech 💻,,0.6467431481011443,0.5138712408031202,0.5082041410509157,3014910.15,219304557.87045708,74.22887483596801,-0.020057921873241735,bull,0.08253855193277171,bull,0.14669386523166983,2026-10-09,-0.13056312543361115,Technology,Software - Application,United States,USD,-0.26052713644753034,-28.334977474118684,0.0,stock,S2 Gehirn,pillar,85.0,manual thematic assignment after stack redesign,"ai, semis, software"
ZETA,ZETA GLOBAL,ZETA,33.474998474121094,USD,64.33479182606105,83.39,8.58,BUY,24.9,31.9,46.3,24.7,Zyklus-neutral,-3.92,30.196,0.0,160941248.0,3953812480.0,1224702976.0,4.07,25.7,-1.86,23.84,3.011,83.76,"[51.4, 0.0, 0.0, 95.27, 53.49]",17.743103,,,,US98956A1051,ZETA,ZETA,Medien & Digitales 📱,20.1,0.6660018939515393,0.3593334761735384,0.4036885074504244,5940112.35,198845251.85235786,21.647525005340576,0.5463660841533897,bull,0.08253855193277171,bull,0.14669386523166983,2026-10-09,0.44700521896560375,Technology,Software - Infrastructure,United States,USD,1.347259192462169,64.33479182606105,0.0,stock,S2 Gehirn,pillar,85.0,manual thematic assignment after stack redesign,"ai, semis, software"
0857.HK,PETROCHINA CO.,0857.HK,9.829999923706055,HKD,43.657583383751096,0.0,0.0,Seitwärts,0.0,0.0,72.7,69.6,Zyklus-neutral,10.21,20.439,552.0,37757001728.0,1962411294720.0,2849543028736.0,1.92,2.3,5.55,7.85,1.148,26.73,"[4.6, 20.42, 0.0, 30.38, 21.24]",9.865313,27.6,LOW,"{""coverage"": 0.5714285714285714, ""confluence"": 0.0, ""risk_clean"": 0.3333333333333333, ""regime_align"": 0.0, ""liquidity"": 0.6644295302013423, ""weights"": {""coverage"": 0.25, ""confluence"": 0.25, ""risk_clean"": 0.2, ""regime_align"": 0.2, ""liquidity"": 0.1}}",CNE1000003W8,0857.HK,0857.HK,Energie,8.81,0.29470988813402765,0.20564154323873796,0.27364843468035327,64952213.85,638480257.1900394,9.39133320569992,0.04670973847886595,bull,0.08253855193277171,bull,0.14669386523166983,2026-10-09,0.051745696954660136,Energy,Oil & Gas Integrated,China,HKD,0.0,43.657583383751096,0.0,stock,S3 Energie,pillar,82.0,manual thematic assignment after stack redesign,"energy, grid, electrification"
3750.HK,CONT.AMPEREX (CATL),3750.HK,491.3999938964844,HKD,-14.731223382955116,0.0,0.0,Seitwärts,0.0,0.0,73.2,82.0,Zyklus-Hoch,22.14,37.135,22.0,48903442432.0,2110351081472.0,386039808000.0,2.32,12.9,16.52,29.42,1.684,57.34,"[25.8, 44.28, 0.0, 17.96, 23.92]",23.25123,38.4,LOW,"{""coverage"": 0.5714285714285714, ""confluence"": 0.4, ""risk_clean"": 0.3333333333333333, ""regime_align"": 0.0, ""liquidity"": 0.7449664429530202, ""weights"": {""coverage"": 0.25, ""confluence"": 0.25, ""risk_clean"": 0.2, ""regime_align"": 0.2, ""liquidity"": 0.1}}",CNE100006WS8,3750.HK,3750.HK,Energie,467.0,0.4498829721465473,0.28218120744958475,0.38681928789510855,3056499.05,1501963614.5146103,592.2922764587403,-0.17034205336169728,bull,0.08253855193277171,bull,0.14669386523166983,2026-10-09,-0.2255471941743019,Industrials,Electrical Equipment & Parts,China,HKD,3.0620818954079088,-14.731223382955116,0.0,stock,S3 Energie,pillar,82.0,manual thematic assignment after stack redesign,"energy, grid, electrification"
ALB,ALBEMARLE CORP.,ALB,101.04499816894531,USD,5.910428148845592,0.0,0.0,Seitwärts,0.0,0.0,67.0,25.2,Zyklus-neutral,0.21,36.655,96.0,-155030256.0,24179556352.0,4946415104.0,-0.64,-3.5,-0.43,-3.93,2.273,93.0,"[0.0, 0.42, 0.0, 74.79, 0.0]",64.59475,20.4,LOW,"{""coverage"": 0.5714285714285714, ""confluence"": 0.0, ""risk_clean"": 0.0, ""regime_align"": 0.0, ""liquidity"": 0.610738255033557, ""weights"": {""coverage"": 0.25, ""confluence"": 0.25, ""risk_clean"": 0.2, ""regime_align"": 0.2, ""liquidity"": 0.1}}",US0126531013,ALB,ALB,Energie,194.95,0.5711041370763508,0.3360905127579627,0.5285955588320426,2396495.25,242153858.14813614,153.5992251586914,-0.3421516412953879,bull,0.08253855193277171,bull,0.14669386523166983,2026-10-09,-0.251331854456195,Basic Materials,Specialty Chemicals,United States,USD,-1.033300999943887,5.910428148845592,0.0,stock,S3 Energie,pillar,82.0,manual thematic assignment after stack redesign,"energy, grid, electrification"
CCJ,CAMECO CORP.,CCJ,88.25499725341797,USD,1.9564536042639302,0.0,0.0,Seitwärts,0.0,0.0,73.6,23.1,Zyklus-neutral,8.1,14.854,15.0,787334656.0,51645775872.0,3464176128.0,1.52,-14.7,15.18,0.48,2.991,70.09,"[0.0, 16.2, 0.0, 76.9, 0.0]",82.52247,25.2,LOW,"{""coverage"": 0.5714285714285714, ""confluence"": 0.2, ""risk_clean"": 0.0, ""regime_align"": 0.0, ""liquidity"": 0.5906040268456376, ""weights"": {""coverage"": 0.25, ""confluence"": 0.25, ""risk_clean"": 0.2, ""regime_align"": 0.2, ""liquidity"": 0.1}}",CA13321L1085,CCJ,CCJ,Energie,125.9,0.5561882623423994,0.3082682083309531,0.36930418372360896,3287418.2,290131084.2118363,105.67752487182617,-0.16486502347154308,bull,0.08253855193277171,bull,0.14669386523166983,2026-10-09,-0.07499322311885959,Energy,Uranium,Canada,USD,1.3027943882617299,1.9564536042639302,0.0,stock,S3 Energie,pillar,82.0,manual thematic assignment after stack redesign,"energy, grid, electrification"
CVX,CHEVRON CORP,CVX,211.60000610351562,USD,45.039605694936526,0.0,0.0,Seitwärts,0.0,0.0,61.0,80.8,Zyklus-Hoch,7.16,21.239,391.0,0.0,400448815104.0,186030997504.0,0.0,-6.0,6.61,0.61,1.0,68.9,"[0.0, 14.32, 0.0, 19.2, 14.89]",19.885374,28.9,LOW,"{""coverage"": 0.5714285714285714, ""confluence"": 0.0, ""risk_clean"": 0.3333333333333333, ""regime_align"": 0.0, ""liquidity"": 0.7919463087248322, ""weights"": {""coverage"": 0.25, ""confluence"": 0.25, ""risk_clean"": 0.2, ""regime_align"": 0.2, ""liquidity"": 0.1}}",US1667641005,CVX,CVX,Energie ⚡,168.91,0.23929654657742924,0.1618459238119991,0.2081099056422988,9393926.15,1987754830.675975,185.73561408996582,0.13925381053211328,bull,0.08253855193277171,bull,0.14669386523166983,2026-10-09,0.1355411419995891,Energy,Oil & Gas Integrated,United States,USD,0.023636516679981234,45.039605694936526,0.0,stock,S3 Energie,pillar,82.0,manual thematic assignment after stack redesign,"energy, grid, electrification"
ENR.DE,SIEMENS ENERGY,ENR.DE,145.36000061035156,EUR,33.01127863955966,10.5,0.0,Seitwärts,0.0,0.0,62.5,86.5,Zyklus-Hoch,0.0,72.403,752.0,0.0,1.0,28795244.0,0.0,0.0,-80.39,-80.39,0.247,14.27,"[0.0, 0.0, 0.0, 13.54, 25.0]",,,,,DE000ENER6Y0,ENR.DE,ENR.DE,Energie,142.2,0.5026840301721341,0.32449397983760997,0.29293248526496385,1855128.6,269661494.42828065,153.91928146362304,-0.055608892998206705,bull,0.08253855193277171,bull,0.14669386523166983,2026-10-09,-0.09563017656255401,Industrials,Specialty Industrial Machinery,Germany,EUR,2.007017972176528,33.01127863955966,0.0,stock,S3 Energie,pillar,82.0,manual thematic assignment after stack redesign,"energy, grid, electrification"
ETN,Eaton Corporation plc,ETN,430.1700134277344,USD,15.317504942741756,,,,,,,,,,,,,,,,,,,,,,,,,,IE00B8KQN827,ETN,ETN,Energie,,0.3950319689112925,0.2727562531909717,0.1832572876595594,2088585.05,898446659.0034653,390.4621759033203,0.10169445332970195,bull,0.08253855193277171,bull,0.14669386523166983,2026-10-09,-0.000987149326693748,Industrials,Electrical Equipment & Parts,Ireland,USD,1.3333027565673339,15.317504942741756,,stock,S3 Energie,pillar,86.0,manual gap-filling addition for grid and power management coverage,"energy, grid, electrification"
FLNC,FLUENCE ENER.,FLNC,7.385000228881836,USD,-50.43623880568738,0.0,0.0,Seitwärts,0.0,0.0,61.3,3.7,Zyklus-Tief,-14.46,82.778,0.0,-98396624.0,2566774016.0,2551276032.0,-3.83,154.4,-2.04,152.36,1.483,75.93,"[100.0, 0.0, 0.0, 96.3, 0.0]",87.467186,23.0,LOW,"{""coverage"": 0.5714285714285714, ""confluence"": 0.2, ""risk_clean"": 0.0, ""regime_align"": 0.0, ""liquidity"": 0.3691275167785235, ""weights"": {""coverage"": 0.25, ""confluence"": 0.25, ""risk_clean"": 0.2, ""regime_align"": 0.2, ""liquidity"": 0.1}}",US34379V1035,FLNC,FLNC,Experimente,29.21,1.2282487862863594,0.7276527298515236,0.7744337547569796,8506818.05,62822853.246306136,16.632825005054475,-0.5559984412366725,bull,0.08253855193277171,bull,0.14669386523166983,2026-10-09,-0.565697188044552,Utilities,Utilities - Renewable,United States,USD,-0.8724776113747668,-50.43623880568738,0.0,stock,S3 Energie,pillar,82.0,manual thematic assignment after stack redesign,"energy, grid, electrification"
FLNC,FLUENCE ENERGY INC,FLNC,7.385000228881836,USD,-50.43623880568738,0.0,0.0,Seitwärts,0.0,0.0,61.3,3.7,Zyklus-Tief,-14.46,82.778,0.0,-98396624.0,2566774016.0,2551276032.0,-3.83,154.4,-2.04,152.36,1.483,75.93,"[100.0, 0.0, 0.0, 96.3, 0.0]",87.467186,23.0,LOW,"{""coverage"": 0.5714285714285714, ""confluence"": 0.2, ""risk_clean"": 0.0, ""regime_align"": 0.0, ""liquidity"": 0.3691275167785235, ""weights"": {""coverage"": 0.25, ""confluence"": 0.25, ""risk_clean"": 0.2, ""regime_align"": 0.2, ""liquidity"": 0.1}}",US34379V1035,FLNC,FLNC,Energie ⚡,29.21,1.2282487862863594,0.7276527298515236,0.7744337547569796,8506818.05,62822853.246306136,16.632825005054475,-0.5559984412366725,bull,0.08253855193277171,bull,0.14669386523166983,2026-10-09,-0.565697188044552,Utilities,Utilities - Renewable,United States,USD,-0.8724776113747668,-50.43623880568738,0.0,stock,S3 Energie,pillar,82.0,manual thematic assignment after stack redesign,"energy, grid, electrification"
FSLR,FIRST SOLAR INC,FSLR,177.89999389648438,USD,-24.071706538908778,0.0,0.0,Seitwärts,0.0,0.0,59.4,31.0,Zyklus-neutral,16.86,9.893,0.0,168763744.0,23129389056.0,5050625024.0,0.73,79.7,27.73,107.43,1.91,103.86,"[100.0, 33.72, 0.0, 69.03, 32.13]",9.727635,30.1,LOW,"{""coverage"": 0.5714285714285714, ""confluence"": 0.4, ""risk_clean"": 0.0, ""regime_align"": 0.0, ""liquidity"": 0.5838926174496645, ""weights"": {""coverage"": 0.25, ""confluence"": 0.25, ""risk_clean"": 0.2, ""regime_align"": 0.2, ""liquidity"": 0.1}}",US3364331070,FSLR,FSLR,Energie,236.58,0.5492691454663977,0.3652116870415188,0.45919874120863613,2313346.85,411544390.4954514,222.067451171875,-0.19889208005186698,bull,0.08253855193277171,bull,0.14669386523166983,2026-10-09,-0.23228130817023307,Technology,Solar,United States,USD,-0.5311781798214787,-24.071706538908778,0.0,stock,S3 Energie,pillar,82.0,manual thematic assignment after stack redesign,"energy, grid, electrification"
KEP,KOREA EL. PWR ADR 1/2,KEP,10.998800277709961,USD,-12.915279667067237,106.73,5.08,BUY,23.41,31.51,78.5,12.6,Zyklus-Tief,19.12,279.916,45.0,1394938609664.0,127486264344576.0,97275598602240.0,1.09,5.6,8.47,14.07,0.481,1.78,"[11.2, 38.24, 0.0, 100.0, 30.73]",3.3700979,,,,US5006311063,KEP,KEP,Energie,21.38,0.4877239774360039,0.29977585417832747,0.5335339520763491,777358.1,8550006.486160086,14.708594007492065,-0.25221946624486746,bull,0.08253855193277171,bull,0.14669386523166983,2026-10-09,-0.08568910326725743,Utilities,Utilities - Regulated Electric,South Korea,USD,0.7216135610390806,-12.915279667067237,0.0,stock,S3 Energie,pillar,82.0,manual thematic assignment after stack redesign,"energy, grid, electrification"
KEP,KOREA ELECTRIC POWER CORP,KEP,10.998800277709961,USD,-12.915279667067237,106.73,5.08,BUY,23.41,31.51,78.5,12.6,Zyklus-Tief,19.12,279.916,45.0,1394938609664.0,127486264344576.0,97275598602240.0,1.09,5.6,8.47,14.07,0.481,1.78,"[11.2, 38.24, 0.0, 100.0, 30.73]",3.3700979,,,,US5006311063,KEP,KEP,Energie ⚡,21.38,0.4877239774360039,0.29977585417832747,0.5335339520763491,777358.1,8550006.486160086,14.708594007492065,-0.25221946624486746,bull,0.08253855193277171,bull,0.14669386523166983,2026-10-09,-0.08568910326725743,Utilities,Utilities - Regulated Electric,South Korea,USD,0.7216135610390806,-12.915279667067237,0.0,stock,S3 Energie,pillar,82.0,manual thematic assignment after stack redesign,"energy, grid, electrification"
NEE,"NextEra Energy, Inc.",NEE,77.33499908447266,USD,-4.960545293567941,,,,,,,,,,,,,,,,,,,,,,,,,,US65339F1012,NEE,NEE,Energie,,0.20700665597615242,0.14085666636362448,0.21725826227279954,12819535.0,991398727.4883652,86.2768692779541,-0.1036415700791582,bull,0.08253855193277171,bull,0.14669386523166983,2026-10-09,-0.16860433685923393,Utilities,Utilities - Regulated Electric,United States,USD,-0.045241903666493055,-4.960545293567941,,stock,S3 Energie,pillar,84.0,manual gap-filling addition for power generation and utility exposure,"energy, grid, electrification"
OXY,OCCIDENTAL PET.,OXY,60.19499969482422,USD,37.901159357545524,41.42,1.07,BUY,46.95,51.24,47.2,75.7,Zyklus-neutral,5.96,62.221,206.0,3033125120.0,75094687744.0,26601000960.0,4.04,-7.7,8.17,0.47,0.935,51.31,"[0.0, 11.92, 0.0, 44.3, 7.41]",41.212414,,,,US6745991058,OXY,OXY,Energie,44.53,0.35317692565968606,0.22530359533822386,0.2729252840000298,9503113.65,572039923.2616299,54.087920627593995,0.11291022092120473,bull,0.08253855193277171,bull,0.14669386523166983,2026-10-09,0.06934889543086298,Energy,Oil & Gas E&P,United States,USD,-0.1410071104743449,37.901159357545524,0.0,stock,S3 Energie,pillar,82.0,manual thematic assignment after stack redesign,"energy, grid, electrification"
OXY,OCCIDENTAL PETROLEUM CORP,OXY,60.19499969482422,USD,37.901159357545524,41.42,1.07,BUY,46.95,51.24,47.2,75.7,Zyklus-neutral,5.96,62.221,206.0,3033125120.0,75094687744.0,26601000960.0,4.04,-7.7,8.17,0.47,0.935,51.31,"[0.0, 11.92, 0.0, 44.3, 7.41]",41.212414,,,,US6745991058,OXY,OXY,Energie ⚡,44.53,0.35317692565968606,0.22530359533822386,0.2729252840000298,9503113.65,572039923.2616299,54.087920627593995,0.11291022092120473,bull,0.08253855193277171,bull,0.14669386523166983,2026-10-09,0.06934889543086298,Energy,Oil & Gas E&P,United States,USD,-0.1410071104743449,37.901159357545524,0.0,stock,S3 Energie,pillar,82.0,manual thematic assignment after stack redesign,"energy, grid, electrification"
SU.PA,Schneider Electric S.E.,SU.PA,266.3999938964844,EUR,8.662129594233958,,,,,,,,,,,,,,,,,,,,,,,,,,FR0000121972,SU.PA,SU.PA,Energie,,0.35156869614254,0.23810016847572782,0.1815112442065665,1159958.85,309013030.56017303,266.10386627197266,0.0011128272154041774,bull,0.08253855193277171,bull,0.14669386523166983,2026-10-09,-0.06332456571018519,Industrials,Electrical Equipment & Parts,France,EUR,2.0298688889603067,8.662129594233958,,stock,S3 Energie,pillar,86.0,manual gap-filling addition for grid and electrification coverage,"energy, grid, electrification"
UEC,URANIUM ENERGY CORP,UEC,9.205699920654297,USD,-32.06125615445442,0.0,0.0,Seitwärts,0.0,0.0,65.3,15.0,Zyklus-Tief,-7.29,0.147,0.0,-61173248.0,7445595648.0,49750000.0,-0.82,0.0,-156.46,-156.46,27.716,85.09,"[0.0, 0.0, 92.65, 85.02, 0.0]",225.37932,19.0,LOW,"{""coverage"": 0.5714285714285714, ""confluence"": 0.0, ""risk_clean"": 0.0, ""regime_align"": 0.0, ""liquidity"": 0.4697986577181208, ""weights"": {""coverage"": 0.25, ""confluence"": 0.25, ""risk_clean"": 0.2, ""regime_align"": 0.2, ""liquidity"": 0.1}}",US9168961038,UEC,UEC,Mining ⛏️,19.25,0.790962179981965,0.4691316877552958,0.5511419942495426,10180985.75,93723099.71095753,12.963028516769409,-0.289849597357169,bull,0.08253855193277171,bull,0.14669386523166983,2026-10-09,-0.15277602100710985,Energy,Uranium,United States,USD,0.7188137293620445,-32.06125615445442,0.0,stock,S3 Energie,pillar,82.0,manual thematic assignment after stack redesign,"energy, grid, electrification"
XOM,EXXON MOBIL CORP,XOM,168.6508026123047,USD,53.69652432397518,42.59,0.0,BUY,125.93,136.59,68.0,91.8,Zyklus-Hoch,11.08,16.329,272.0,12923750400.0,673590607872.0,323904995328.0,1.92,-1.3,8.9,7.6,1.153,67.11,"[0.0, 22.16, 0.0, 28.24, 12.41]",18.14254,,,,US30231G1022,XOM,XOM,Energie ⚡,136.58,0.26001057815523915,0.1717842210968657,0.20112264413803926,13117827.05,2212332060.5119014,148.93683292388917,0.13236463607689242,bull,0.08253855193277171,bull,0.14669386523166983,2026-10-09,0.13112282820116894,Energy,Oil & Gas Integrated,United States,USD,0.08949709929062521,53.69652432397518,0.0,stock,S3 Energie,pillar,82.0,manual thematic assignment after stack redesign,"energy, grid, electrification"
XSDG.F,SAMSUNG SDI,XSDG.F,92.4000015258789,EUR,204.9505077639163,49.13,3.73,BUY,59.4,74.42,60.6,36.7,Zyklus-neutral,-2.59,46.177,40.0,0.0,9084264775680.0,13266999836672.0,0.0,2.8,-4.89,-2.09,0.892,0.05,"[5.6, 0.0, 0.0, 83.25, 25.0]",0.0,,,,US7960542030,XSDG.F,XSDG.F,Energie,57.8,0.7547827241230679,0.4708764609576519,0.4524271696516611,3296.65,304610.46503028873,70.31250017166138,0.3141333518263887,bull,0.08253855193277171,bull,0.14669386523166983,2026-10-09,0.4140388640112964,Industrials,Electrical Equipment & Parts,South Korea,EUR,1.538463215251551,204.9505077639163,0.0,stock,S3 Energie,pillar,82.0,manual thematic assignment after stack redesign,"energy, grid, electrification"
YCA.L,YELLOW CAKE PLC,YCA.L,542.5,GBp,-2.603231597845601,0.0,0.0,Seitwärts,0.0,0.0,58.0,8.2,Zyklus-Tief,-0.45,100.0,0.0,-3478875.0,1350797696.0,5420000.0,-0.26,0.0,-153.91,-153.91,35.049,56.08,"[0.0, 0.0, 0.0, 91.83, 100.0]",-239.24458,28.0,LOW,"{""coverage"": 0.5714285714285714, ""confluence"": 0.0, ""risk_clean"": 0.3333333333333333, ""regime_align"": 0.0, ""liquidity"": 0.7046979865771812, ""weights"": {""coverage"": 0.25, ""confluence"": 0.25, ""risk_clean"": 0.2, ""regime_align"": 0.2, ""liquidity"": 0.1}}",JE00BF50RG45,YCA.L,YCA.L,Energie,679.0,0.32571829145548714,0.20253502280950803,0.2832409972299169,1375901.95,746426807.875,585.3675,-0.07323177320230445,bull,0.08253855193277171,bull,0.14669386523166983,2026-10-09,-0.011110934296840957,Energy,Uranium,Jersey,GBp,1.2126865671641784,-2.603231597845601,0.0,stock,S3 Energie,pillar,82.0,manual thematic assignment after stack redesign,"energy, grid, electrification"
2899.HK,ZIJIN MINING,2899.HK,32.939998626708984,HKD,-6.2173444993225075,0.0,0.0,Seitwärts,0.0,0.0,77.8,53.8,Zyklus-neutral,28.01,74.84,129.0,31392294912.0,1275161870336.0,327443021824.0,2.46,8.1,13.91,22.01,1.199,46.16,"[16.2, 56.02, 0.0, 46.24, 20.58]",16.63815,34.3,LOW,"{""coverage"": 0.5714285714285714, ""confluence"": 0.2, ""risk_clean"": 0.3333333333333333, ""regime_align"": 0.0, ""liquidity"": 0.8389261744966443, ""weights"": {""coverage"": 0.25, ""confluence"": 0.25, ""risk_clean"": 0.2, ""regime_align"": 0.2, ""liquidity"": 0.1}}",CNE100000502,2899.HK,2899.HK,Fundament,43.4,0.49701108960430285,0.30077086314543205,0.3978220807776228,35613199.3,1173098736.0347133,35.15298677444458,-0.06295306176783777,bull,0.08253855193277171,bull,0.14669386523166983,2026-10-09,0.08900393333352175,Basic Materials,Gold,China,HKD,5.306898668874349,-6.2173444993225075,0.0,stock,S4 Fundament,pillar,84.0,manual thematic assignment after stack redesign,"materials, mining, metals"
AAGFF,AFTERMATH SILVER,AAGFF,0.41499999165534973,USD,-30.134679408280384,0.0,0.0,Seitwärts,0.0,0.0,63.2,32.9,Zyklus-neutral,-39.66,100.0,0.0,-10936923.0,254957904.0,1.0,-4.29,0.0,0.0,0.0,8.209,9.68,"[0.0, 0.0, 0.0, 67.13, 25.0]",0.0,14.5,LOW,"{""coverage"": 0.5714285714285714, ""confluence"": 0.0, ""risk_clean"": 0.0, ""regime_align"": 0.0, ""liquidity"": 0.020134228187919434, ""weights"": {""coverage"": 0.25, ""confluence"": 0.25, ""risk_clean"": 0.2, ""regime_align"": 0.2, ""liquidity"": 0.1}}",CA00831V2057,AAGFF,AAGFF,Edelmetalle ⛏️,0.86,0.8383771532099711,0.45882986537227843,0.5729275956180767,270235.0,112147.52274498343,0.5973700001835823,-0.3052881940375095,bull,0.08253855193277171,bull,0.14669386523166983,2026-10-09,-0.16326398773132278,Basic Materials,Other Industrial Metals & Mining,Canada,USD,0.4842624971316267,-30.134679408280384,0.0,stock,S4 Fundament,pillar,84.0,manual thematic assignment after stack redesign,"materials, mining, metals"
ABX.TO,BARRICK MINING,ABX.TO,58.380001068115234,CAD,28.64442826952276,0.0,0.0,Seitwärts,0.0,0.0,78.7,31.3,Zyklus-neutral,20.68,14.509,360.0,4054125056.0,114651471872.0,16956000256.0,3.54,64.5,29.45,93.95,2.922,63.7,"[100.0, 41.36, 0.0, 68.68, 29.71]",11.472485,41.3,LOW,"{""coverage"": 0.5714285714285714, ""confluence"": 0.6, ""risk_clean"": 0.3333333333333333, ""regime_align"": 0.0, ""liquidity"": 0.5302013422818792, ""weights"": {""coverage"": 0.25, ""confluence"": 0.25, ""risk_clean"": 0.2, ""regime_align"": 0.2, ""liquidity"": 0.1}}",CA06849F1080,ABX.TO,ABX.TO,Edelmetalle ⛏️,70.41,0.472048271329092,0.3334395780223891,0.31061419846456595,3669398.5,214219488.34934044,58.72699918746948,-0.005908664228637894,bull,0.08253855193277171,bull,0.14669386523166983,2026-10-09,0.1109176870037909,Basic Materials,Gold,Canada,CAD,2.6732332772556378,28.64442826952276,0.0,stock,S4 Fundament,pillar,84.0,manual thematic assignment after stack redesign,"materials, mining, metals"
AEM,AGNICO EAGLE,AEM,188.94500732421875,USD,17.85580051040041,114.13,3.41,BUY,225.0,284.12,75.8,50.1,Zyklus-neutral,15.67,1.427,76.0,3510760960.0,104343330816.0,10567577600.0,3.36,41.9,32.62,74.52,2.12,72.91,"[83.8, 31.34, 28.65, 69.91, 22.95]",16.093971,,,,CA0084741085,AEM,AEM,Edelmetalle ⛏️,215.18,0.4868861317098974,0.3337081990990384,0.45804423932397453,1712555.75,323578858.72688293,188.69952323913574,0.0013009258363196885,bull,0.08253855193277171,bull,0.14669386523166983,2026-10-09,0.27250663918569895,Basic Materials,Gold,Canada,USD,2.760108958395713,17.85580051040041,0.0,stock,S4 Fundament,pillar,84.0,manual thematic assignment after stack redesign,"materials, mining, metals"
AG.TO,FIRST MAJESTIC,AG.TO,24.690000534057617,CAD,28.36257254851251,100.1,6.88,BUY,38.2,54.45,75.9,36.4,Zyklus-neutral,4.21,7.886,9.0,215490000.0,15916909568.0,965571008.0,1.35,95.1,7.07,102.17,3.379,54.01,"[100.0, 8.42, 0.0, 83.64, 22.11]",26.672178,,,,CA32076V1031,AG.TO,AG.TO,Edelmetalle ⛏️,34.68,0.7364149858603454,0.4687076581855018,0.5174444496202659,1897332.8,46845147.845285036,27.970096893310547,-0.11727154080890623,bull,0.08253855193277171,bull,0.14669386523166983,2026-10-09,0.022139899885936787,Basic Materials,Silver,Canada,CAD,2.278380937511648,28.36257254851251,0.0,stock,S4 Fundament,pillar,84.0,manual thematic assignment after stack redesign,"materials, mining, metals"
AGI.TO,ALAMOS GOLD,AGI.TO,46.900001525878906,CAD,2.4117573462172803,0.0,0.0,Seitwärts,0.0,0.0,68.7,100.0,Zyklus-Hoch,14.27,6.831,23.0,228962496.0,25537525760.0,1609299968.0,0.9,28.1,33.46,61.56,1.717,71.77,"[56.2, 28.54, 0.0, 0.0, 26.31]",17.732689,33.4,LOW,"{""coverage"": 0.5714285714285714, ""confluence"": 0.4, ""risk_clean"": 0.3333333333333333, ""regime_align"": 0.0, ""liquidity"": 0.24832214765100669, ""weights"": {""coverage"": 0.25, ""confluence"": 0.25, ""risk_clean"": 0.2, ""regime_align"": 0.2, ""liquidity"": 0.1}}",CA0115321089,AGI.TO,AGI.TO,Edelmetalle ⛏️,59.13,0.5687816198806771,0.42727792446394625,0.4839532356960978,991966.8,46523244.43362122,53.698485622406004,-0.12660476394683262,bull,0.08253855193277171,bull,0.14669386523166983,2026-10-09,0.10686085700918402,Basic Materials,Gold,Canada,CAD,2.334714492852541,2.4117573462172803,0.0,stock,S4 Fundament,pillar,84.0,manual thematic assignment after stack redesign,"materials, mining, metals"
ASM.TO,AVINO SILVER,ASM.TO,7.925000190734863,CAD,9.764548767729252,85.52,7.87,BUY,16.11,25.14,81.5,36.8,Zyklus-neutral,14.34,2.563,0.0,15571250.0,2153994752.0,86065000.0,0.72,44.0,24.72,68.72,2.754,32.98,"[88.0, 28.68, 0.0, 83.21, 1.54]",14.07,,,,CA0539061030,ASM.TO,ASM.TO,Edelmetalle ⛏️,13.98,0.8480237643818214,0.5506518136567666,0.5203145437830872,686479.85,5440352.94218564,9.683074989318847,-0.1815616217496272,bull,0.08253855193277171,bull,0.14669386523166983,2026-10-09,-0.0688925496338153,Basic Materials,Other Precious Metals & Mining,Canada,CAD,2.3901863706382587,9.764548767729252,0.0,stock,S4 Fundament,pillar,84.0,manual thematic assignment after stack redesign,"materials, mining, metals"
BTO.TO,B2GOLD CORP.,BTO.TO,7.489999771118164,CAD,6.982419041583987,0.0,0.0,Seitwärts,0.0,0.0,71.4,64.9,Zyklus-neutral,7.23,18.916,145.0,45092624.0,10475671552.0,2507048960.0,0.43,74.7,8.75,83.45,1.034,66.1,"[100.0, 14.46, 0.0, 35.11, 31.38]",6.9789095,28.2,LOW,"{""coverage"": 0.5714285714285714, ""confluence"": 0.2, ""risk_clean"": 0.3333333333333333, ""regime_align"": 0.0, ""liquidity"": 0.2214765100671141, ""weights"": {""coverage"": 0.25, ""confluence"": 0.25, ""risk_clean"": 0.2, ""regime_align"": 0.2, ""liquidity"": 0.1}}",CA11777Q2099,BTO.TO,BTO.TO,Edelmetalle ⛏️,7.47,0.605389406736014,0.3794679685807854,0.3889865283064944,3506944.5,26267013.502324104,6.603420674800873,0.13426058098956806,bull,0.08253855193277171,bull,0.14669386523166983,2026-10-09,0.3626632588422085,Basic Materials,Gold,Canada,CAD,2.7434816229312986,6.982419041583987,0.0,stock,S4 Fundament,pillar,84.0,manual thematic assignment after stack redesign,"materials, mining, metals"
CSTM,CONSTELLIUM SE,CSTM,25.889999389648438,USD,72.59999593098958,0.0,0.0,Seitwärts,0.0,0.0,75.4,36.6,Zyklus-neutral,12.18,247.045,0.0,27942560.0,5423435776.0,7968999936.0,0.52,20.2,1.42,21.62,1.277,95.58,"[40.4, 24.36, 0.0, 63.36, 17.64]",15.379264,27.7,LOW,"{""coverage"": 0.5714285714285714, ""confluence"": 0.2, ""risk_clean"": 0.3333333333333333, ""regime_align"": 0.0, ""liquidity"": 0.17449664429530198, ""weights"": {""coverage"": 0.25, ""confluence"": 0.25, ""risk_clean"": 0.2, ""regime_align"": 0.2, ""liquidity"": 0.1}}",FR0013467479,CSTM,CSTM,Mining ⛏️,22.72,0.4531551743360547,0.2493476104747214,0.33084372024879216,1639662.3,42450855.946229555,27.586249980926514,-0.06148898789980106,bull,0.08253855193277171,bull,0.14669386523166983,2026-10-09,-0.15093131749639765,Basic Materials,Aluminum,France,USD,1.1328086088179257,72.59999593098958,0.0,stock,S4 Fundament,pillar,84.0,manual thematic assignment after stack redesign,"materials, mining, metals"
DSV.TO,DISCOVERY SILVER,DSV.TO,11.770000457763672,CAD,124.19048490978422,0.0,0.0,Seitwärts,0.0,0.0,78.9,27.9,Zyklus-neutral,11.07,100.0,0.0,152799680.0,7792443392.0,378971008.0,1.96,0.0,9.5,9.5,2.042,36.13,"[0.0, 22.14, 0.0, 72.12, 35.12]",14.400001,16.3,LOW,"{""coverage"": 0.5714285714285714, ""confluence"": 0.0, ""risk_clean"": 0.0, ""regime_align"": 0.0, ""liquidity"": 0.20134228187919456, ""weights"": {""coverage"": 0.25, ""confluence"": 0.25, ""risk_clean"": 0.2, ""regime_align"": 0.2, ""liquidity"": 0.1}}",CA2546771072,DSV.TO,DSV.TO,Edelmetalle ⛏️,11.36,0.7821648589254081,0.47589845123747976,0.3848768488073805,2711445.9,31913719.48420143,9.816350004673005,0.19902004840502285,bull,0.08253855193277171,bull,0.14669386523166983,2026-10-09,0.4088150601965985,Basic Materials,Silver,Canada,CAD,2.5261404798875953,124.19048490978422,0.0,stock,S4 Fundament,pillar,84.0,manual thematic assignment after stack redesign,"materials, mining, metals"
DV.V,DOLLY VARDEN,DV.V,3.7200000286102295,CAD,-7.231924781023546,0.0,0.0,Seitwärts,0.0,0.0,60.7,32.7,Zyklus-neutral,-26.19,100.0,0.0,-20282864.0,565411840.0,1.0,-3.59,0.0,0.0,0.0,4.598,12.31,"[0.0, 0.0, 0.0, 67.27, 100.0]",-111.962166,14.8,LOW,"{""coverage"": 0.5714285714285714, ""confluence"": 0.0, ""risk_clean"": 0.0, ""regime_align"": 0.0, ""liquidity"": 0.046979865771812124, ""weights"": {""coverage"": 0.25, ""confluence"": 0.25, ""risk_clean"": 0.2, ""regime_align"": 0.2, ""liquidity"": 0.1}}",CA2568277834,DV.V,DV.V,Edelmetalle ⛏️,7.53,0.6471146101340484,0.4193060930592962,0.5242966819756595,396487.15,1474932.2093435884,5.75650000333786,-0.3537739900194184,bull,0.08253855193277171,bull,0.14669386523166983,2026-10-09,-0.371490558149511,Basic Materials,Silver,Canada,CAD,-2.105261176576878,-7.231924781023546,0.0,stock,S4 Fundament,pillar,84.0,manual thematic assignment after stack redesign,"materials, mining, metals"
EDR.TO,ENDEAVOUR SILVER,EDR.TO,12.375,CAD,16.306387224564922,0.0,0.0,Seitwärts,0.0,0.0,67.6,31.0,Zyklus-neutral,-20.46,31.741,0.0,-69431752.0,4945538560.0,337136992.0,-1.4,167.3,-27.97,139.33,0.788,57.66,"[100.0, 0.0, 0.0, 68.98, 39.63]",12.301942,21.0,LOW,"{""coverage"": 0.5714285714285714, ""confluence"": 0.2, ""risk_clean"": 0.0, ""regime_align"": 0.0, ""liquidity"": 0.16778523489932884, ""weights"": {""coverage"": 0.25, ""confluence"": 0.25, ""risk_clean"": 0.2, ""regime_align"": 0.2, ""liquidity"": 0.1}}",CA29258Y1034,EDR.TO,EDR.TO,Edelmetalle ⛏️,18.71,0.7771311101466426,0.4938723142938884,0.4640455407362998,1137289.9,14073962.5125,13.752025012969971,-0.10013252678578288,bull,0.08253855193277171,bull,0.14669386523166983,2026-10-09,0.07339038234832107,Basic Materials,Silver,Canada,CAD,1.7680933822844302,16.306387224564922,0.0,stock,S4 Fundament,pillar,84.0,manual thematic assignment after stack redesign,"materials, mining, metals"
EQX.TO,EQUINOX GOLD,EQX.TO,16.30500030517578,CAD,1.8791444003222635,0.0,0.0,Seitwärts,0.0,0.0,69.9,55.9,Zyklus-neutral,1.41,34.774,0.0,247383744.0,18424088576.0,2296356096.0,1.34,91.2,2.71,93.91,1.074,60.19,"[100.0, 2.82, 0.0, 44.08, 30.27]",14.130916,28.4,LOW,"{""coverage"": 0.5714285714285714, ""confluence"": 0.2, ""risk_clean"": 0.3333333333333333, ""regime_align"": 0.0, ""liquidity"": 0.24161073825503354, ""weights"": {""coverage"": 0.25, ""confluence"": 0.25, ""risk_clean"": 0.2, ""regime_align"": 0.2, ""liquidity"": 0.1}}",CA29446Y5020,EQX.TO,EQX.TO,Edelmetalle ⛏️,22.8,0.6180087748612424,0.3935778276205117,0.5266961035807802,3425025.1,55845035.30073471,18.02557569026947,-0.09545189649740204,bull,0.08253855193277171,bull,0.14669386523166983,2026-10-09,0.17942090565201285,Basic Materials,Gold,Canada,CAD,3.326999880156145,1.8791444003222635,0.0,stock,S4 Fundament,pillar,84.0,manual thematic assignment after stack redesign,"materials, mining, metals"
FCX,FREEPORT-MCMORAN,FCX,73.69999694824219,USD,71.99787335266737,0.0,0.0,Seitwärts,0.0,0.0,65.4,37.1,Zyklus-neutral,13.95,33.768,95.0,1371124992.0,106995998720.0,25915000832.0,1.28,-1.5,8.51,7.01,2.291,85.98,"[0.0, 27.9, 0.0, 62.93, 14.34]",18.48081,28.3,LOW,"{""coverage"": 0.5714285714285714, ""confluence"": 0.0, ""risk_clean"": 0.3333333333333333, ""regime_align"": 0.0, ""liquidity"": 0.738255033557047, ""weights"": {""coverage"": 0.25, ""confluence"": 0.25, ""risk_clean"": 0.2, ""regime_align"": 0.2, ""liquidity"": 0.1}}",US35671D8570,FCX,FCX,Fundament,62.52,0.4767520269692649,0.3207958386420457,0.24309796349452595,10687772.7,787688815.3735061,64.04302879333495,0.15078874839086698,bull,0.08253855193277171,bull,0.14669386523166983,2026-10-09,0.15376521612970206,Basic Materials,Copper,United States,USD,3.5985346929399142,71.99787335266737,0.0,stock,S4 Fundament,pillar,84.0,manual thematic assignment after stack redesign,"materials, mining, metals"
FRES.L,FRESNILLO PLC,FRES.L,2756.0,GBp,15.158458236684268,96.25,5.71,BUY,4472.0,5968.4,85.5,21.4,Zyklus-neutral,13.85,20.456,90.0,1243160320.0,27399075840.0,3944284928.0,4.54,30.1,11.56,41.66,5.092,15.79,"[60.2, 27.7, 0.0, 98.63, 15.53]",15.260902,,,,GB00B2QPKJ12,FRES.L,FRES.L,Edelmetalle ⛏️,4140.0,0.5690876040140014,0.3544926101577374,0.450869549748357,974680.05,2686218217.8,3252.481700439453,-0.15264703883572106,bull,0.08253855193277171,bull,0.14669386523166983,2026-10-09,0.03461781304012446,Basic Materials,Other Precious Metals & Mining,Mexico,GBp,2.491632577166225,15.158458236684268,0.0,stock,S4 Fundament,pillar,84.0,manual thematic assignment after stack redesign,"materials, mining, metals"
GOT.V,GOLIATH RES,GOT.V,1.440000057220459,CAD,-51.99999809265137,0.0,0.0,Seitwärts,0.0,0.0,50.2,50.0,Zyklus-neutral,-164.74,100.0,0.0,-20772268.0,394225856.0,1.0,-5.27,0.0,0.0,0.0,5.955,11.76,"[0.0, 0.0, 0.0, 50.0, 88.14]",-13.722221,14.6,LOW,"{""coverage"": 0.5714285714285714, ""confluence"": 0.0, ""risk_clean"": 0.0, ""regime_align"": 0.0, ""liquidity"": 0.03355704697986572, ""weights"": {""coverage"": 0.25, ""confluence"": 0.25, ""risk_clean"": 0.2, ""regime_align"": 0.2, ""liquidity"": 0.1}}",CA38171A2092,GOT.V,GOT.V,Edelmetalle ⛏️,2.56,0.5826155725116058,0.3243997604538048,0.600000014901161,257507.7,370811.1027347088,1.7877249962091446,-0.19450695141928054,bull,0.08253855193277171,bull,0.14669386523166983,2026-10-09,0.08252031425957806,Basic Materials,Other Precious Metals & Mining,Canada,CAD,2.1276660503010802,-51.99999809265137,0.0,stock,S4 Fundament,pillar,84.0,manual thematic assignment after stack redesign,"materials, mining, metals"
HL,HECLA MNG,HL,17.084999084472656,USD,33.70356038162592,0.0,0.0,Seitwärts,0.0,0.0,73.7,12.4,Zyklus-Tief,8.88,11.711,7.0,107837000.0,15551884288.0,1224562944.0,0.69,67.1,16.27,83.37,2.153,80.04,"[100.0, 17.76, 0.0, 87.58, 22.19]",21.58091,30.3,LOW,"{""coverage"": 0.5714285714285714, ""confluence"": 0.4, ""risk_clean"": 0.0, ""regime_align"": 0.0, ""liquidity"": 0.6040268456375839, ""weights"": {""coverage"": 0.25, ""confluence"": 0.25, ""risk_clean"": 0.2, ""regime_align"": 0.2, ""liquidity"": 0.1}}",US4227041062,HL,HL,Edelmetalle ⛏️,28.27,0.7286184859866018,0.4383898880255278,0.5581261400326364,39228505.8,670218985.6782303,19.11049692153931,-0.10598875818784848,bull,0.08253855193277171,bull,0.14669386523166983,2026-10-09,0.06367744383123264,Basic Materials,Other Precious Metals & Mining,United States,USD,2.1219339626405986,33.70356038162592,0.0,stock,S4 Fundament,pillar,84.0,manual thematic assignment after stack redesign,"materials, mining, metals"
HMY,Harmony Gold Mining Company,HMY,16.864999771118164,USD,-5.083127380471753,0.0,0.0,Seitwärts,0.0,0.0,60.2,27.3,Zyklus-neutral,32.52,4.925,98.0,10437374976.0,2812910080.0,73896001536.0,371.05,22.7,19.46,42.16,1.72,23.91,"[45.4, 65.04, 0.0, 72.74, 27.31]",8.793388,32.7,LOW,"{""coverage"": 0.5714285714285714, ""confluence"": 0.6, ""risk_clean"": 0.0, ""regime_align"": 0.0, ""liquidity"": 0.34228187919463093, ""weights"": {""coverage"": 0.25, ""confluence"": 0.25, ""risk_clean"": 0.2, ""regime_align"": 0.2, ""liquidity"": 0.1}}",US4132163001,HMY,HMY,Tech 💻,,0.6556482562607469,0.42250165882542545,0.48847927471409924,4014331.9,67701706.57469234,18.095111780166626,-0.06798034872582226,bull,0.08253855193277171,bull,0.14669386523166983,2026-10-09,0.0678359146735299,Basic Materials,Gold,South Africa,USD,0.1484537904023142,-5.083127380471753,0.0,stock,S4 Fundament,pillar,84.0,manual thematic assignment after stack redesign,"materials, mining, metals"
LGO,LARGO INC,LGO,0.47589999437332153,USD,-74.27567631134244,67.3,3.04,BUY,1.51,2.19,46.2,96.7,Zyklus-Hoch,-38.41,77.781,0.0,5307000.0,244189840.0,111884000.0,2.17,11.2,-57.33,-46.13,0.496,51.58,"[22.4, 0.0, 0.0, 23.29, 57.93]",18.666666,,,,CA5170971017,LGO,LGO,Mining ⛏️,1.35,0.9708143312706856,0.730341024395626,0.8174603127673339,1261202.1,600206.0722936214,0.9963795015215874,-0.5223707496525501,bull,0.08253855193277171,bull,0.14669386523166983,2026-10-09,-0.31773081463281505,Basic Materials,Other Industrial Metals & Mining,Canada,USD,3.456518639181927,-74.27567631134244,0.0,stock,S4 Fundament,pillar,84.0,manual thematic assignment after stack redesign,"materials, mining, metals"
MGMA.V,MAGMA SILVER,MGMA.V,0.11999999731779099,CAD,-40.00000223517415,0.0,0.0,Seitwärts,0.0,0.0,60.8,23.3,Zyklus-neutral,-2465.46,100.0,0.0,-1205764.0,23695312.0,1.0,-5.09,0.0,0.0,0.0,4.323,0.0,"[0.0, 0.0, 0.0, 76.72, 25.0]",0.0,14.3,LOW,"{""coverage"": 0.5714285714285714, ""confluence"": 0.0, ""risk_clean"": 0.0, ""regime_align"": 0.0, ""liquidity"": 0, ""weights"": {""coverage"": 0.25, ""confluence"": 0.25, ""risk_clean"": 0.2, ""regime_align"": 0.2, ""liquidity"": 0.1}}",CA5589221004,MGMA.V,MGMA.V,Edelmetalle ⛏️,0.36,1.0841921305148516,0.5625692031749794,0.7529411911139434,241754.05,29010.485351565105,0.19914999950677156,-0.3974391282199792,bull,0.08253855193277171,bull,0.14669386523166983,2026-10-09,-0.2148935433775494,Basic Materials,Other Industrial Metals & Mining,Canada,CAD,0.0,-40.00000223517415,0.0,stock,S4 Fundament,pillar,84.0,manual thematic assignment after stack redesign,"materials, mining, metals"
NEM.AX,NEWMONT CORP.,NEM.AX,167.72000122070312,AUD,26.877596462289468,0.0,0.0,Seitwärts,0.0,0.0,76.4,43.9,Zyklus-neutral,22.88,16.914,90.0,9337749504.0,182633725952.0,21503000576.0,5.11,20.0,33.42,53.42,2.039,11.57,"[40.0, 45.76, 0.0, 56.08, 21.98]",13.116383,33.6,LOW,"{""coverage"": 0.5714285714285714, ""confluence"": 0.4, ""risk_clean"": 0.3333333333333333, ""regime_align"": 0.0, ""liquidity"": 0.261744966442953, ""weights"": {""coverage"": 0.25, ""confluence"": 0.25, ""risk_clean"": 0.2, ""regime_align"": 0.2, ""liquidity"": 0.1}}",AU0000297962,NEM.AX,NEM.AX,Edelmetalle ⛏️,180.94,0.4789137034932848,0.32500319997381305,0.31607120882560125,264141.05,44301737.2284378,158.2982312011719,0.059519111161499216,bull,0.08253855193277171,bull,0.14669386523166983,2026-10-09,0.20578529705991344,Basic Materials,Gold,United States,AUD,2.712969634830964,26.877596462289468,0.0,stock,S4 Fundament,pillar,84.0,manual thematic assignment after stack redesign,"materials, mining, metals"
PAAS.TO,PAN AMER. SILVER,PAAS.TO,66.2699966430664,CAD,24.202456154499274,0.0,0.0,Seitwärts,0.0,0.0,71.7,41.7,Zyklus-neutral,11.29,13.316,97.0,996537472.0,33913999360.0,3254799872.0,2.94,19.3,19.48,38.78,2.313,68.03,"[38.6, 22.58, 0.0, 58.27, 22.51]",16.049044,29.2,LOW,"{""coverage"": 0.5714285714285714, ""confluence"": 0.2, ""risk_clean"": 0.3333333333333333, ""regime_align"": 0.0, ""liquidity"": 0.32885906040268464, ""weights"": {""coverage"": 0.25, ""confluence"": 0.25, ""risk_clean"": 0.2, ""regime_align"": 0.2, ""liquidity"": 0.1}}",CA6979001089,PAAS.TO,PAAS.TO,Edelmetalle ⛏️,87.0,0.5761409887948958,0.4006060789898764,0.37078764485817806,714930.4,47378435.208026126,72.5994704246521,-0.0871834704105009,bull,0.08253855193277171,bull,0.14669386523166983,2026-10-09,0.05851769185147426,Basic Materials,Gold,Canada,CAD,2.9356934922020406,24.202456154499274,0.0,stock,S4 Fundament,pillar,84.0,manual thematic assignment after stack redesign,"materials, mining, metals"
PKX,POSCO HOL.ADR,PKX,57.28499984741211,USD,18.528859253225495,64.89,2.86,BUY,65.49,81.98,67.1,47.7,Zyklus-neutral,0.81,45.676,278.0,0.0,19552163332096.0,69095001161728.0,0.0,-5.4,0.95,-4.45,1.896,2.67,"[0.0, 1.62, 0.0, 72.33, 23.17]",12.655211,,,,US6934831099,PKX,PKX,Fundament,63.17,0.45862475660021634,0.27853187287109943,0.4692542558079722,189562.3,10859076.326575087,61.3649750328064,-0.06648703406484058,bull,0.08253855193277171,bull,0.14669386523166983,2026-10-09,0.07116791061223426,Basic Materials,Steel,South Korea,USD,0.942731008655695,18.528859253225495,0.0,stock,S4 Fundament,pillar,84.0,manual thematic assignment after stack redesign,"materials, mining, metals"
PKX,POSCO HOLDINGS INC,PKX,57.28499984741211,USD,18.528859253225495,64.89,2.86,BUY,65.49,81.98,67.1,47.7,Zyklus-neutral,0.81,45.676,278.0,0.0,19552163332096.0,69095001161728.0,0.0,-5.4,0.95,-4.45,1.896,2.67,"[0.0, 1.62, 0.0, 72.33, 23.17]",12.655211,,,,US6934831099,PKX,PKX,Mining ⛏️,63.17,0.45862475660021634,0.27853187287109943,0.4692542558079722,189562.3,10859076.326575087,61.3649750328064,-0.06648703406484058,bull,0.08253855193277171,bull,0.14669386523166983,2026-10-09,0.07116791061223426,Basic Materials,Steel,South Korea,USD,0.942731008655695,18.528859253225495,0.0,stock,S4 Fundament,pillar,84.0,manual thematic assignment after stack redesign,"materials, mining, metals"
PPTA,Perpetua Resources,PPTA,20.579999923706055,USD,-14.035089955706326,0.0,0.0,Seitwärts,0.0,0.0,64.9,33.6,Zyklus-neutral,-14.54,0.009,0.0,-62575000.0,3159208448.0,1.0,-1.98,0.0,0.0,0.0,42.247,69.23,"[0.0, 0.0, 99.55, 66.44, 100.0]",-434.99997,50.0,MED,{},CA7142661031,PPTA,PPTA,Edelmetalle ⛏️,,0.7378838334318257,0.45719608641636267,0.5459430665163472,948202.95,19514016.638657857,26.214600009918215,-0.21494129546437202,bull,0.08253855193277171,bull,0.14669386523166983,2026-10-09,0.04493690356962343,Basic Materials,Other Precious Metals & Mining,United States,USD,2.3371422132755226,-14.035089955706326,0.0,stock,S4 Fundament,pillar,84.0,manual thematic assignment after stack redesign,"materials, mining, metals"
SLVR.V,SILVER TIGER,SLVR.V,0.7300000190734863,CAD,0.0,0.0,0.0,Seitwärts,0.0,0.0,67.6,11.8,Zyklus-Tief,-4.86,100.0,0.0,-4825026.0,488284608.0,1.0,-0.99,0.0,0.0,0.0,16.853,14.6,"[0.0, 0.0, 0.0, 88.22, 43.18]",35.357143,14.8,LOW,"{""coverage"": 0.5714285714285714, ""confluence"": 0.0, ""risk_clean"": 0.0, ""regime_align"": 0.0, ""liquidity"": 0.05369127516778527, ""weights"": {""coverage"": 0.25, ""confluence"": 0.25, ""risk_clean"": 0.2, ""regime_align"": 0.2, ""liquidity"": 0.1}}",CA82831T1093,SLVR.V,SLVR.V,Edelmetalle ⛏️,1.29,0.8526655510836472,0.4791551409014639,0.5037593947896938,615646.0,449421.5917425156,0.8361750009655953,0.0284928553377066,bull,0.08253855193277171,bull,0.14669386523166983,2026-10-09,-0.1600714771977183,Basic Materials,Other Precious Metals & Mining,Canada,CAD,3.614461638270328,0.0,0.0,stock,S4 Fundament,pillar,84.0,manual thematic assignment after stack redesign,"materials, mining, metals"
SOLB.BR,SOLVAY S.A. A,SOLB.BR,24.979999542236328,EUR,2.904011961232067,0.0,0.0,Seitwärts,0.0,0.0,51.3,100.0,Zyklus-Hoch,12.58,174.545,868.0,86625000.0,4766044672.0,4905999872.0,1.82,-3.9,3.14,-0.76,1.413,29.14,"[0.0, 25.16, 0.0, 0.0, 17.0]",10.491425,22.0,LOW,"{""coverage"": 0.5714285714285714, ""confluence"": 0.0, ""risk_clean"": 0.3333333333333333, ""regime_align"": 0.0, ""liquidity"": 0.10067114093959728, ""weights"": {""coverage"": 0.25, ""confluence"": 0.25, ""risk_clean"": 0.2, ""regime_align"": 0.2, ""liquidity"": 0.1}}",BE0003470755,SOLB.BR,SOLB.BR,Experimente,25.84,0.25079643913381977,0.1815131848637946,0.14035087843632965,371008.6,9267794.65816574,25.6358597946167,-0.025583704140794805,bull,0.08253855193277171,bull,0.14669386523166983,2026-10-09,-0.10391113710231814,Basic Materials,Chemicals,Belgium,EUR,0.7258077044889344,2.904011961232067,0.0,stock,S4 Fundament,pillar,84.0,manual thematic assignment after stack redesign,"materials, mining, metals"
VALE,VALE S.A.,VALE,13.524999618530273,BRL,32.79317752331092,0.0,0.0,Seitwärts,0.0,0.0,80.6,3.6,Zyklus-Tief,13.27,50.201,792.0,-951249984.0,458628300800.0,213320007680.0,-0.21,7.0,14.15,21.15,1.237,43.69,"[14.0, 26.54, 0.0, 96.37, 18.54]",8.056645,29.1,LOW,"{""coverage"": 0.5714285714285714, ""confluence"": 0.0, ""risk_clean"": 0.3333333333333333, ""regime_align"": 0.0, ""liquidity"": 0.8187919463087249, ""weights"": {""coverage"": 0.25, ""confluence"": 0.25, ""risk_clean"": 0.2, ""regime_align"": 0.2, ""liquidity"": 0.1}}",BRVALEACNOR0,VALE,VALE,Fundament,85.14,0.33078044782624677,0.21980269195820937,0.23235367941301133,34042344.35,460422694.3476262,14.999355754852296,-0.0982946308107312,bull,0.08253855193277171,bull,0.14669386523166983,2026-10-09,-0.08533856349656244,Basic Materials,Other Industrial Metals & Mining,Brazil,BRL,0.7824108915007066,32.79317752331092,0.0,stock,S4 Fundament,pillar,84.0,manual thematic assignment after stack redesign,"materials, mining, metals"
VALE,VALE SA,VALE,13.524999618530273,USD,32.79317752331092,0.0,0.0,Seitwärts,0.0,0.0,80.6,3.6,Zyklus-Tief,13.27,50.201,792.0,-951249984.0,458628300800.0,213320007680.0,-0.21,7.0,14.15,21.15,1.237,43.69,"[14.0, 26.54, 0.0, 96.37, 18.54]",8.056645,29.1,LOW,"{""coverage"": 0.5714285714285714, ""confluence"": 0.0, ""risk_clean"": 0.3333333333333333, ""regime_align"": 0.0, ""liquidity"": 0.8187919463087249, ""weights"": {""coverage"": 0.25, ""confluence"": 0.25, ""risk_clean"": 0.2, ""regime_align"": 0.2, ""liquidity"": 0.1}}",BRVALEACNOR0,VALE,VALE,Mining ⛏️,85.14,0.33078044782624677,0.21980269195820937,0.23235367941301133,34042344.35,460422694.3476262,14.999355754852296,-0.0982946308107312,bull,0.08253855193277171,bull,0.14669386523166983,2026-10-09,-0.08533856349656244,Basic Materials,Other Industrial Metals & Mining,Brazil,USD,0.7824108915007066,32.79317752331092,0.0,stock,S4 Fundament,pillar,84.0,manual thematic assignment after stack redesign,"materials, mining, metals"
VZLA.TO,VIZSLA SILVER,VZLA.TO,5.099999904632568,CAD,-18.66028835491408,0.0,0.0,Seitwärts,0.0,0.0,60.3,5.0,Zyklus-Tief,-3.22,100.0,0.0,-38075144.0,1614304768.0,1.0,-2.36,0.0,0.0,0.0,33.437,57.89,"[0.0, 0.0, 0.0, 94.98, 92.49]",-57.42399,15.2,LOW,"{""coverage"": 0.5714285714285714, ""confluence"": 0.0, ""risk_clean"": 0.0, ""regime_align"": 0.0, ""liquidity"": 0.09395973154362414, ""weights"": {""coverage"": 0.25, ""confluence"": 0.25, ""risk_clean"": 0.2, ""regime_align"": 0.2, ""liquidity"": 0.1}}",CA92859G6085,VZLA.TO,VZLA.TO,Edelmetalle ⛏️,9.02,0.6717699049389724,0.5099501238248956,0.5593952675097587,873758.5,4456168.266671896,5.447849993705749,-0.06385089337538197,bull,0.08253855193277171,bull,0.14669386523166983,2026-10-09,0.15189961851191658,Basic Materials,Other Precious Metals & Mining,Canada,CAD,3.2388632704213993,-18.66028835491408,0.0,stock,S4 Fundament,pillar,84.0,manual thematic assignment after stack redesign,"materials, mining, metals"
WPM.TO,WHEATON PREC.,WPM.TO,197.39999389648438,CAD,36.97310831445695,101.3,3.74,BUY,214.41,269.3,76.2,38.5,Zyklus-neutral,13.05,0.099,48.0,376391360.0,87851417600.0,1830402048.0,0.43,54.5,54.72,109.22,8.089,73.33,"[100.0, 26.1, 95.05, 81.5, 16.33]",34.90334,,,,CA9628791027,WPM.TO,WPM.TO,Edelmetalle ⛏️,202.53,0.5085978883263494,0.3566428010417749,0.35599557018995076,864141.95,170581615.6556961,184.6872866821289,0.06883368878679619,bull,0.08253855193277171,bull,0.14669386523166983,2026-10-09,0.2522170519346092,Basic Materials,Gold,Canada,CAD,2.7803792594871313,36.97310831445695,0.0,stock,S4 Fundament,pillar,84.0,manual thematic assignment after stack redesign,"materials, mining, metals"
NDA.DE,AURUBIS AG,NDA.DE,160.39999389648438,EUR,41.482105437134955,25.03,0.0,BUY,123.5,145.46,79.5,54.1,Zyklus-neutral,11.9,10.073,95.0,-585249984.0,7707624960.0,19295000576.0,-7.59,25.3,3.14,28.44,2.108,49.51,"[50.6, 23.8, 0.0, 65.86, 6.88]",18.59068,,,,DE0006766504,NDA.DE,NDA.DE,Recycling,155.7,0.3987011435469564,0.26129468216848395,0.30018249985329426,172771.2,27712499.425488282,172.847149848938,-0.07201250332060416,bull,0.08253855193277171,bull,0.14669386523166983,2026-10-09,-0.1456956794764641,Industrials,Metal Fabrication,Germany,EUR,3.6175650738548004,41.482105437134955,0.0,stock,S5 Recycling,pillar,83.0,manual thematic assignment after stack redesign,"recycling, urban mining"
SGM.AX,Sims Limited,SGM.AX,22.1299991607666,AUD,61.8041441409781,,,,,,,,,,,,,,,,,,,,,,,,,,AU000000SGM7,SGM.AX,SGM.AX,Recycling,,0.3844891265351329,0.27624616343157044,0.25590205824573253,686299.65,15187810.678534413,22.781895847320556,-0.02861468118908217,bull,0.08253855193277171,bull,0.14669386523166983,2026-10-09,-0.16606954429767706,Industrials,Waste Management,Australia,AUD,-3.3202282618912227,61.8041441409781,,stock,S5 Recycling,pillar,84.0,manual gap-filling addition for metals recycling exposure,"recycling, urban mining"
TOM.OL,Tomra Systems ASA,TOM.OL,90.30000305175781,NOK,-35.574695738300434,,,,,,,,,,,,,,,,,,,,,,,,,,NO0005668905,TOM.OL,TOM.OL,Recycling,,0.4362684204597528,0.4192156542639271,0.3669793354432306,684564.05,61816135.80412369,107.67803104400635,-0.16138879791687877,bull,0.08253855193277171,bull,0.14669386523166983,2026-10-09,-0.10594014172939636,Industrials,Specialty Industrial Machinery,Norway,NOK,1.6319691643653211,-35.574695738300434,,stock,S5 Recycling,pillar,83.0,manual gap-filling addition for circular economy and sorting technology,"recycling, urban mining"
UMI.BR,UMICORE,UMI.BR,20.979999542236328,EUR,26.832786566166522,0.0,0.0,Seitwärts,0.0,0.0,68.0,0.0,Zyklus-Tief,7.19,142.464,258.0,972513728.0,6383084544.0,16115299328.0,15.24,16.8,0.8,17.6,1.385,41.43,"[33.6, 14.38, 0.0, 100.0, 14.62]",14.204213,22.4,LOW,"{""coverage"": 0.5714285714285714, ""confluence"": 0.0, ""risk_clean"": 0.3333333333333333, ""regime_align"": 0.0, ""liquidity"": 0.1476510067114094, ""weights"": {""coverage"": 0.25, ""confluence"": 0.25, ""risk_clean"": 0.2, ""regime_align"": 0.2, ""liquidity"": 0.1}}",BE0974320526,UMI.BR,UMI.BR,Recycling,21.36,0.46620980466144646,0.3078749307199479,0.28724392656859776,355311.6,7454437.205351257,20.351486740112303,0.030882893724183846,bull,0.08253855193277171,bull,0.14669386523166983,2026-10-09,-0.019355056012709593,Industrials,Waste Management,Belgium,EUR,2.0428019805626807,26.832786566166522,0.0,stock,S5 Recycling,pillar,83.0,manual thematic assignment after stack redesign,"recycling, urban mining"
CPB,CAMPBELLS CO.,CPB,19.334999084472656,USD,-31.17618891238966,0.0,0.0,Seitwärts,0.0,0.0,40.1,100.0,Zyklus-Hoch,14.82,184.567,535.0,630499968.0,15831613440.0,10158000128.0,3.98,-3.4,5.69,2.29,0.819,65.77,"[0.0, 29.64, 0.0, 0.0, 23.49]",11.27821,25.7,LOW,"{""coverage"": 0.5714285714285714, ""confluence"": 0.0, ""risk_clean"": 0.3333333333333333, ""regime_align"": 0.0, ""liquidity"": 0.47651006711409394, ""weights"": {""coverage"": 0.25, ""confluence"": 0.25, ""risk_clean"": 0.2, ""regime_align"": 0.2, ""liquidity"": 0.1}}",US1344291091,CPB,CPB,Konsum & Lifestyle,27.25,0.3180584184233066,0.2317810391075478,0.36485725374544464,7555013.4,146076177.17217866,22.280130672454835,-0.1321864593740142,bull,0.08253855193277171,bull,0.14669386523166983,2026-10-09,-0.15273390918009777,Consumer Defensive,Packaged Foods,United States,USD,-0.18070084276841092,-31.17618891238966,0.0,stock,S11 Konsum,pillar,80.0,manual thematic assignment after stack redesign,"consumer staples, food, household"
INGR,INGREDION INC,INGR,95.16999816894531,USD,-17.79085073972353,50.62,0.76,BUY,117.01,127.79,47.5,29.1,Zyklus-neutral,18.1,41.609,275.0,379000000.0,8264359936.0,7218999808.0,4.59,-2.4,10.1,7.7,2.663,97.61,"[0.0, 36.2, 0.0, 90.9, 22.78]",10.015725,,,,US4571871023,INGR,INGR,Konsum & Lifestyle,116.93,0.1797818663373312,0.12032794047819825,0.209155478030973,687854.05,65463068.67900162,105.01789455413818,-0.0937735080959573,bull,0.08253855193277171,bull,0.14669386523166983,2026-10-09,-0.06117768746523922,Consumer Defensive,Packaged Foods,United States,USD,0.06308228178817377,-17.79085073972353,0.0,stock,S11 Konsum,pillar,80.0,manual thematic assignment after stack redesign,"consumer staples, food, household"
KO,Coca-Cola,KO,88.32499694824219,USD,36.617449724621686,0.0,0.0,Seitwärts,0.0,0.0,59.6,63.0,Zyklus-neutral,42.44,144.771,262.0,1412875008.0,369796448256.0,47663001600.0,0.38,5.1,27.34,32.44,1.211,66.16,"[10.2, 84.88, 0.0, 37.01, 15.88]",22.126135,38.5,LOW,"{""coverage"": 0.5714285714285714, ""confluence"": 0.4, ""risk_clean"": 0.3333333333333333, ""regime_align"": 0.0, ""liquidity"": 0.7516778523489933, ""weights"": {""coverage"": 0.25, ""confluence"": 0.25, ""risk_clean"": 0.2, ""regime_align"": 0.2, ""liquidity"": 0.1}}",US1912161007,KO,KO,Konsum 🥤,73.26,0.18848261964668028,0.09849357754862208,0.07867634192195805,15877117.0,1402346310.5718842,79.57386569976806,0.10997494179171974,bull,0.08253855193277171,bull,0.14669386523166983,2026-10-09,0.030684284041954113,Consumer Defensive,Beverages - Non-Alcoholic,United States,USD,0.6323348825371333,36.617449724621686,0.0,stock,S11 Konsum,pillar,80.0,manual thematic assignment after stack redesign,"consumer staples, food, household"
LC0A.MU,LUCKIN COFFEE,LC0A.MU,29.200000762939453,USD,-19.78022104702536,0.0,0.0,Seitwärts,0.0,0.0,56.1,90.2,Zyklus-Hoch,27.39,41.484,0.0,6359557632.0,94941388800.0,46124539904.0,6.7,50.2,8.48,58.68,1.66,7.79,"[100.0, 54.78, 0.0, 9.77, 32.51]",16.32204,33.6,LOW,"{""coverage"": 0.5714285714285714, ""confluence"": 0.4, ""risk_clean"": 0.3333333333333333, ""regime_align"": 0.0, ""liquidity"": 0.26845637583892623, ""weights"": {""coverage"": 0.25, ""confluence"": 0.25, ""risk_clean"": 0.2, ""regime_align"": 0.2, ""liquidity"": 0.1}}",US54951L1098,LC0A.MU,LC0A.MU,Konsum & Lifestyle,32.6,0.45394083008765834,0.2947201969303544,0.3186813682019006,142.2,4152.24010848999,28.886000080108644,0.010870341409679352,bull,0.08253855193277171,bull,0.14669386523166983,2026-10-09,0.02690208982251585,Consumer Cyclical,Restaurants,China,USD,0.0,-19.78022104702536,0.0,stock,S11 Konsum,pillar,80.0,manual thematic assignment after stack redesign,"consumer staples, food, household"
NESN.SW,NESTLE NAM.,NESN.SW,76.04000091552734,CHF,5.554684174679525,47.85,0.0,Seitwärts,0.0,0.0,53.9,95.7,Zyklus-Hoch,33.76,225.855,389.0,5756874752.0,263371161600.0,90898997248.0,2.19,-1.8,11.34,9.54,0.714,45.54,"[0.0, 67.52, 0.0, 4.27, 21.26]",17.62689,,,,CH0038863350,NESN.SW,NESN.SW,Konsum & Lifestyle,72.85,0.23026582313984773,0.14763682328363972,0.15301191025925331,3330141.95,253223996.926836,77.71268665313721,-0.021523972592476848,bull,0.08253855193277171,bull,0.14669386523166983,2026-10-09,-0.13225820033271773,Consumer Defensive,Packaged Foods,Switzerland,,0.05263278358860202,5.554684174679525,0.0,stock,S11 Konsum,pillar,80.0,manual thematic assignment after stack redesign,"consumer staples, food, household"
PEP,PepsiCo,PEP,126.05999755859375,USD,-9.358100579928275,0.0,0.0,Seitwärts,0.0,0.0,61.6,78.4,Zyklus-neutral,42.85,258.081,341.0,8232750080.0,271828385792.0,93924999168.0,3.03,5.6,8.77,14.37,0.853,79.71,"[11.2, 85.7, 0.0, 21.64, 16.48]",18.30416,33.5,LOW,"{""coverage"": 0.5714285714285714, ""confluence"": 0.2, ""risk_clean"": 0.3333333333333333, ""regime_align"": 0.0, ""liquidity"": 0.7583892617449665, ""weights"": {""coverage"": 0.25, ""confluence"": 0.25, ""risk_clean"": 0.2, ""regime_align"": 0.2, ""liquidity"": 0.1}}",US7134481081,PEP,PEP,Konsum 🥨,148.02,0.21011555769448492,0.1234104699396302,0.2521763265071233,10390586.75,1309837340.3373566,144.08784301757814,-0.12511704722226336,bull,0.08253855193277171,bull,0.14669386523166983,2026-10-09,-0.09817355751213441,Consumer Defensive,Beverages - Non-Alcoholic,United States,USD,-1.776530188838521,-9.358100579928275,0.0,stock,S11 Konsum,pillar,80.0,manual thematic assignment after stack redesign,"consumer staples, food, household"
PG,Procter & Gamble,PG,151.24099731445312,USD,3.392550964621832,0.0,0.0,Seitwärts,0.0,0.0,47.5,86.3,Zyklus-Hoch,31.56,68.719,266.0,13253374976.0,396559024128.0,85259001856.0,3.34,1.5,19.3,20.8,0.724,70.71,"[3.0, 63.12, 0.0, 13.71, 16.78]",21.694807,38.7,LOW,"{""coverage"": 0.5714285714285714, ""confluence"": 0.4, ""risk_clean"": 0.3333333333333333, ""regime_align"": 0.0, ""liquidity"": 0.7785234899328859, ""weights"": {""coverage"": 0.25, ""confluence"": 0.25, ""risk_clean"": 0.2, ""regime_align"": 0.2, ""liquidity"": 0.1}}",US7427181091,PG,PG,Konsum 🧼,148.27,0.1991447058857973,0.11276432076391002,0.15522932638749032,7933069.5,1199805342.94487,146.3796228027344,0.03321073260497509,bull,0.08253855193277171,bull,0.14669386523166983,2026-10-09,0.004267320021225984,Consumer Defensive,Household & Personal Products,United States,USD,0.4323002804925924,3.392550964621832,0.0,stock,S11 Konsum,pillar,80.0,manual thematic assignment after stack redesign,"consumer staples, food, household"
PM,PHILIP MORRIS INTERNATIONAL INC,PM,200.0399932861328,USD,32.04722016661545,0.0,0.0,Seitwärts,0.0,0.0,62.7,57.4,Zyklus-neutral,0.0,100.0,322.0,8938874880.0,331078795264.0,40647999488.0,2.7,6.8,27.92,34.72,0.958,82.91,"[13.6, 0.0, 0.0, 42.6, 16.42]",19.94217,32.9,LOW,"{""coverage"": 0.5714285714285714, ""confluence"": 0.2, ""risk_clean"": 0.3333333333333333, ""regime_align"": 0.0, ""liquidity"": 0.697986577181208, ""weights"": {""coverage"": 0.25, ""confluence"": 0.25, ""risk_clean"": 0.2, ""regime_align"": 0.2, ""liquidity"": 0.1}}",US7181721090,PM,PM,Konsum 🚬,177.68,0.28140058173267474,0.18163753967572158,0.1853633263831046,4415043.7,883185312.105983,176.0117221069336,0.13651517575972094,bull,0.08253855193277171,bull,0.14669386523166983,2026-10-09,0.10787201658792167,Consumer Defensive,Tobacco,United States,USD,-0.2294297824773972,32.04722016661545,0.0,stock,S11 Konsum,pillar,80.0,manual thematic assignment after stack redesign,"consumer staples, food, household"
MC.PA,LVMH EO,MC.PA,380.0,EUR,-30.341593506312027,46.85,0.0,Seitwärts,0.0,0.0,40.1,46.6,Zyklus-neutral,16.24,53.342,243.0,11704625152.0,291645456384.0,80807002112.0,4.01,-4.7,13.46,8.76,1.584,18.38,"[0.0, 32.48, 0.0, 53.38, 24.94]",20.029936,,,,FR0000121014,MC.PA,MC.PA,Konsum & Lifestyle,589.3,0.29602964913496577,0.18370728392117497,0.41002499289898797,613691.45,233202750.99999997,484.3586315917969,-0.21545735904165175,bull,0.08253855193277171,bull,0.14669386523166983,2026-10-09,-0.2519604685243081,Consumer Cyclical,Luxury Goods,France,EUR,-0.2362808902351854,-30.341593506312027,0.0,stock,S12 Luxus & Marken,pillar,78.0,manual thematic assignment after stack redesign,"luxury, brands, premium consumption"
MNSO,MINISO GRP ADS,MNSO,9.680500030517578,USD,-55.0225951781002,0.0,0.0,Seitwärts,0.0,0.0,45.6,60.9,Zyklus-neutral,21.17,101.459,321.0,0.0,26843117568.0,19902461952.0,0.0,28.2,10.81,39.01,1.655,8.67,"[56.4, 42.34, 0.0, 39.06, 40.53]",11.638044,32.4,LOW,"{""coverage"": 0.5714285714285714, ""confluence"": 0.4, ""risk_clean"": 0.3333333333333333, ""regime_align"": 0.0, ""liquidity"": 0.14093959731543626, ""weights"": {""coverage"": 0.25, ""confluence"": 0.25, ""risk_clean"": 0.2, ""regime_align"": 0.2, ""liquidity"": 0.1}}",US66981J1025,MNSO,MNSO,Konsum & Lifestyle,18.79,0.3716017492307134,0.2483052980125749,0.6128981327684875,885191.45,8569095.8587389,14.193666286468506,-0.317970435887558,bull,0.08253855193277171,bull,0.14669386523166983,2026-10-09,-0.1991989936881169,Consumer Cyclical,Specialty Retail,China,USD,6.730985184506011,-55.0225951781002,0.0,stock,S12 Luxus & Marken,pillar,78.0,manual thematic assignment after stack redesign,"luxury, brands, premium consumption"
NKE,NIKE INC. B,NKE,34.76499938964844,USD,-47.2358659909537,0.0,0.0,Seitwärts,0.0,0.0,45.6,61.5,Zyklus-neutral,17.95,80.099,260.0,2576624896.0,96260366336.0,46513000448.0,2.68,0.6,5.43,6.03,2.063,83.37,"[1.2, 35.9, 0.0, 38.51, 21.93]",27.24181,28.1,LOW,"{""coverage"": 0.5714285714285714, ""confluence"": 0.0, ""risk_clean"": 0.3333333333333333, ""regime_align"": 0.0, ""liquidity"": 0.7181208053691275, ""weights"": {""coverage"": 0.25, ""confluence"": 0.25, ""risk_clean"": 0.2, ""regime_align"": 0.2, ""liquidity"": 0.1}}",US6541061031,NKE,NKE,Konsum & Lifestyle,63.42,0.3565670218861608,0.2783911635597949,0.4978938704805276,47909911.2,1665588033.626111,47.20529104232788,-0.26353595916874073,bull,0.08253855193277171,bull,0.14669386523166983,2026-10-09,-0.219057695620137,Consumer Cyclical,Footwear & Accessories,United States,USD,0.0719565629645258,-47.2358659909537,0.0,stock,S12 Luxus & Marken,pillar,78.0,manual thematic assignment after stack redesign,"luxury, brands, premium consumption"
RACE,Ferrari N.V.,RACE,389.625,USD,-3.2545349891382136,,,,,,,,,,,,,,,,,,,,,,,,,,NL0011585146,RACE,RACE,,,0.32021279305533773,0.18171684051768316,0.25524311726798543,439166.65,171110306.00625002,365.88993560791016,0.06486941039428995,bull,0.08253855193277171,bull,0.14669386523166983,2026-10-09,0.016645273042016795,Consumer Cyclical,Auto Manufacturers,Italy,USD,0.3463998209878527,-3.2545349891382136,,stock,S12 Luxus & Marken,pillar,78.0,manual thematic assignment after stack redesign,"luxury, brands, premium consumption"
RI.PA,PERNOD RICARD,RI.PA,61.599998474121094,EUR,-22.78604971642597,47.43,0.0,Seitwärts,0.0,0.0,42.0,100.0,Zyklus-Hoch,10.14,77.61,587.0,1170000000.0,32680491008.0,10958999552.0,3.58,-4.5,14.84,10.34,1.916,57.28,"[0.0, 20.28, 0.0, 0.0, 27.33]",13.442283,,,,FR0000120693,RI.PA,RI.PA,Konsum & Lifestyle,72.92,0.29854866197763325,0.19346205876328545,0.31613160066066215,685433.15,42222680.994112015,65.60776550292968,-0.06108677834226228,bull,0.08253855193277171,bull,0.14669386523166983,2026-10-09,-0.031973068355453105,Consumer Defensive,Beverages - Wineries & Distilleries,France,EUR,0.8183306260012069,-22.78604971642597,0.0,stock,S12 Luxus & Marken,pillar,78.0,manual thematic assignment after stack redesign,"luxury, brands, premium consumption"
UAA,UNDER ARMOUR,UAA,4.989999771118164,USD,3.7422002178779,0.0,0.0,Seitwärts,0.0,0.0,47.3,51.3,Zyklus-neutral,-30.39,117.662,0.0,-385754240.0,4243432192.0,4975792128.0,-9.09,-5.2,-10.44,-15.64,1.431,109.25,"[0.0, 0.0, 0.0, 48.7, 12.88]",31.058352,17.4,LOW,"{""coverage"": 0.5714285714285714, ""confluence"": 0.0, ""risk_clean"": 0.0, ""regime_align"": 0.0, ""liquidity"": 0.31543624161073824, ""weights"": {""coverage"": 0.25, ""confluence"": 0.25, ""risk_clean"": 0.2, ""regime_align"": 0.2, ""liquidity"": 0.1}}",US9043111072,UAA,UAA,Konsum & Lifestyle,6.38,0.531845131474115,0.35466848730511835,0.47542999989807166,10825027.45,54016884.49784784,5.979150004386902,-0.16543325264343567,bull,0.08253855193277171,bull,0.14669386523166983,2026-10-09,-0.28387464065255497,Consumer Cyclical,Apparel Manufacturing,United States,USD,2.2540912724926976,3.7422002178779,0.0,stock,S12 Luxus & Marken,pillar,78.0,manual thematic assignment after stack redesign,"luxury, brands, premium consumption"
BAYN.DE,BAYER AG,BAYN.DE,43.77000045776367,EUR,55.65750295451728,0.0,0.0,Seitwärts,0.0,0.0,75.2,6.7,Zyklus-Tief,-0.57,133.457,24.0,5172499968.0,77877329920.0,45866000384.0,6.64,-3.1,-0.43,-3.53,1.136,53.31,"[0.0, 0.0, 0.0, 93.29, 15.79]",9.665203,25.3,LOW,"{""coverage"": 0.5714285714285714, ""confluence"": 0.0, ""risk_clean"": 0.3333333333333333, ""regime_align"": 0.0, ""liquidity"": 0.43624161073825496, ""weights"": {""coverage"": 0.25, ""confluence"": 0.25, ""risk_clean"": 0.2, ""regime_align"": 0.2, ""liquidity"": 0.1}}",DE000BAY0017,BAYN.DE,BAYN.DE,Pharma & Gesundheit,46.74,0.424804117694171,0.20780084346359193,0.3065455353648504,2408799.0,105433133.33266068,43.122999382019046,0.015003619530565615,bull,0.08253855193277171,bull,0.14669386523166983,2026-10-09,-0.14770829293061727,Healthcare,Drug Manufacturers - General,Germany,EUR,2.770604134651733,55.65750295451728,0.0,stock,S13 Gesundheit,pillar,82.0,manual thematic assignment after stack redesign,"healthcare, pharma, medtech"
CNC,CENTENE CORP.,CNC,65.86499786376953,USD,74.10783683785309,0.0,0.0,Seitwärts,0.0,0.0,40.7,16.9,Zyklus-Tief,-28.68,86.762,0.0,5197749760.0,16662495232.0,176151003136.0,31.19,23.1,-3.79,19.31,1.1,96.84,"[46.2, 0.0, 0.0, 83.06, 26.02]",9.792917,24.3,LOW,"{""coverage"": 0.5714285714285714, ""confluence"": 0.2, ""risk_clean"": 0.0, ""regime_align"": 0.0, ""liquidity"": 0.5033557046979866, ""weights"": {""coverage"": 0.25, ""confluence"": 0.25, ""risk_clean"": 0.2, ""regime_align"": 0.2, ""liquidity"": 0.1}}",US15135B1017,CNC,CNC,Pharma & Gesundheit,41.68,0.4751301736550618,0.33886510068637704,0.32726890355175187,4697767.55,309418449.64523584,53.43077491760254,0.2327165002817615,bull,0.08253855193277171,bull,0.14669386523166983,2026-10-09,-0.08033683325703145,Healthcare,Healthcare Plans,United States,USD,2.052985635956839,74.10783683785309,0.0,stock,S13 Gesundheit,pillar,82.0,manual thematic assignment after stack redesign,"healthcare, pharma, medtech"
FME.DE,FRESEN.MED.CARE,FME.DE,37.5,EUR,-17.392936400275193,10.02,0.0,Seitwärts,0.0,0.0,60.1,93.6,Zyklus-Hoch,0.0,72.403,749.0,0.0,1.0,28795244.0,0.0,0.0,-80.39,-80.39,0.247,14.23,"[0.0, 0.0, 0.0, 6.36, 25.0]",0.0,,,,DE0005785802,FME.DE,FME.DE,Pharma & Gesundheit,37.13,0.2926401467583462,0.2836412581054541,0.26920641887056695,899476.35,33730363.125,38.856162033081056,-0.03490210978445207,bull,0.08253855193277171,bull,0.14669386523166983,2026-10-09,-0.15435745308037896,Healthcare,Medical Care Facilities,Germany,EUR,2.1241796115657685,-17.392936400275193,0.0,stock,S13 Gesundheit,pillar,82.0,manual thematic assignment after stack redesign,"healthcare, pharma, medtech"
INCY,INCYTE CORP,INCY,113.19499969482422,USD,33.56342146881914,0.0,0.0,Seitwärts,0.0,0.0,66.1,14.5,Zyklus-Tief,30.39,0.887,0.0,531249760.0,18516510720.0,4813105152.0,2.87,20.0,24.7,44.7,3.195,106.03,"[40.0, 60.78, 55.65, 85.47, 21.36]",11.185932,35.8,LOW,"{""coverage"": 0.5714285714285714, ""confluence"": 0.4, ""risk_clean"": 0.3333333333333333, ""regime_align"": 0.0, ""liquidity"": 0.4832214765100671, ""weights"": {""coverage"": 0.25, ""confluence"": 0.25, ""risk_clean"": 0.2, ""regime_align"": 0.2, ""liquidity"": 0.1}}",US45337C1027,INCY,INCY,Pharma 🧪,103.95,0.33323785381347915,0.19392199143548994,0.18332275209380544,1707413.05,193270619.6736889,107.20992507934571,0.05582575131032863,bull,0.08253855193277171,bull,0.14669386523166983,2026-10-09,-0.053458841723291295,Healthcare,Biotechnology,United States,USD,0.39467822157359667,33.56342146881914,0.0,stock,S13 Gesundheit,pillar,82.0,manual thematic assignment after stack redesign,"healthcare, pharma, medtech"
INCY,INCYTE DL,INCY,113.19499969482422,USD,33.56342146881914,0.0,0.0,Seitwärts,0.0,0.0,66.1,14.5,Zyklus-Tief,30.39,0.887,0.0,531249760.0,18516510720.0,4813105152.0,2.87,20.0,24.7,44.7,3.195,106.03,"[40.0, 60.78, 55.65, 85.47, 21.36]",11.185932,35.8,LOW,"{""coverage"": 0.5714285714285714, ""confluence"": 0.4, ""risk_clean"": 0.3333333333333333, ""regime_align"": 0.0, ""liquidity"": 0.4832214765100671, ""weights"": {""coverage"": 0.25, ""confluence"": 0.25, ""risk_clean"": 0.2, ""regime_align"": 0.2, ""liquidity"": 0.1}}",US45337C1027,INCY,INCY,Pharma & Gesundheit,103.95,0.33323785381347915,0.19392199143548994,0.18332275209380544,1707413.05,193270619.6736889,107.20992507934571,0.05582575131032863,bull,0.08253855193277171,bull,0.14669386523166983,2026-10-09,-0.053458841723291295,Healthcare,Biotechnology,United States,USD,0.39467822157359667,33.56342146881914,0.0,stock,S13 Gesundheit,pillar,82.0,manual thematic assignment after stack redesign,"healthcare, pharma, medtech"
JNJ,Johnson & Johnson,JNJ,260.2799987792969,USD,39.284918440018316,0.0,0.0,Seitwärts,0.0,0.0,79.0,76.2,Zyklus-neutral,35.56,57.766,218.0,0.0,601488490496.0,94193000448.0,0.0,9.1,28.46,37.56,1.0,75.59,"[18.2, 71.12, 0.0, 23.78, 14.01]",18.998785,38.9,LOW,"{""coverage"": 0.5714285714285714, ""confluence"": 0.4, ""risk_clean"": 0.3333333333333333, ""regime_align"": 0.0, ""liquidity"": 0.7986577181208053, ""weights"": {""coverage"": 0.25, ""confluence"": 0.25, ""risk_clean"": 0.2, ""regime_align"": 0.2, ""liquidity"": 0.1}}",US4781601046,JNJ,JNJ,Pharma 🧪,224.44,0.19230853928640987,0.116897746683593,0.10959122461615511,6699204.75,1743669004.1522598,241.0145458984375,0.07993481393018387,bull,0.08253855193277171,bull,0.14669386523166983,2026-10-09,-0.008404667213161687,Healthcare,Drug Manufacturers - General,United States,USD,1.4815921827028067,39.284918440018316,0.0,stock,S13 Gesundheit,pillar,82.0,manual thematic assignment after stack redesign,"healthcare, pharma, medtech"
NOVO-B.CO,NOVO-NORDISK,NOVO-B.CO,255.25,DKK,-29.553226486099916,0.0,0.0,Seitwärts,0.0,0.0,34.8,31.0,Zyklus-neutral,60.7,67.488,505.0,376875008.0,1503633735680.0,309064007680.0,0.03,-7.6,33.14,25.54,0.8,32.25,"[0.0, 100.0, 0.0, 68.95, 28.64]",14.181444,32.5,LOW,"{""coverage"": 0.5714285714285714, ""confluence"": 0.4, ""risk_clean"": 0.0, ""regime_align"": 0.0, ""liquidity"": 0.825503355704698, ""weights"": {""coverage"": 0.25, ""confluence"": 0.25, ""risk_clean"": 0.2, ""regime_align"": 0.2, ""liquidity"": 0.1}}",DK0062498333,NOVO-B.CO,NOVO-B.CO,Pharma & Gesundheit,393.95,0.4674629272790487,0.38611035237939256,0.42319673700217453,5817921.6,1485024488.3999999,287.65040855407716,-0.1126381454382187,bull,0.08253855193277171,bull,0.14669386523166983,2026-10-09,-0.23022017480505175,Healthcare,Drug Manufacturers - General,Denmark,DKK,2.140858837208204,-29.553226486099916,0.0,stock,S13 Gesundheit,pillar,82.0,manual thematic assignment after stack redesign,"healthcare, pharma, medtech"
OGN,ORGANON + CO.,OGN,13.800000190734863,USD,40.246892544976774,0.0,0.0,Seitwärts,0.0,0.0,37.4,0.0,Zyklus-Tief,71.62,974.393,102.0,394000000.0,10186466304.0,6301000192.0,3.87,1.3,7.95,9.25,1.754,76.86,"[2.6, 100.0, 0.0, 100.0, 33.89]",2.035662,21.2,LOW,"{""coverage"": 0.5714285714285714, ""confluence"": 0.2, ""risk_clean"": 0.0, ""regime_align"": 0.0, ""liquidity"": 0.19463087248322153, ""weights"": {""coverage"": 0.25, ""confluence"": 0.25, ""risk_clean"": 0.2, ""regime_align"": 0.2, ""liquidity"": 0.1}}",US68622V1061,OGN,OGN,Pharma & Gesundheit,8.98,0.6533796326585601,0.43242073388490704,0.4224304132444149,2187061.5,30181449.117148876,11.03810046672821,0.25021512825796055,bull,0.08253855193277171,bull,0.14669386523166983,2026-10-09,-0.015076797031314593,Healthcare,Drug Manufacturers - General,United States,USD,0.3636377507989952,40.246892544976774,0.0,stock,S13 Gesundheit,pillar,82.0,manual thematic assignment after stack redesign,"healthcare, pharma, medtech"
PFE,PFIZER INC.,PFE,28.184999465942383,USD,19.499507876125,42.81,0.48,BUY,26.83,28.94,60.4,100.0,Zyklus-Hoch,8.58,66.531,636.0,0.0,204229378048.0,62578999296.0,0.0,-1.2,12.42,11.22,1.0,68.0,"[0.0, 17.16, 0.0, 20.0, 21.85]",9.772898,,,,US7170811035,PFE,PFE,Pharma & Gesundheit,26.43,0.20878424035216514,0.12147539893039701,0.15724287268696713,32859223.0,926137182.7062817,25.900334844589235,0.08820984883253091,bull,0.08253855193277171,bull,0.14669386523166983,2026-10-09,0.14380922498058668,Healthcare,Drug Manufacturers - General,United States,USD,1.3120049429262703,19.499507876125,0.0,stock,S13 Gesundheit,pillar,82.0,manual thematic assignment after stack redesign,"healthcare, pharma, medtech"
TEM,Tempus AI,TEM,71.55000305175781,USD,-27.931099988411432,0.0,0.0,Seitwärts,0.0,0.0,46.7,31.3,Zyklus-neutral,-72.61,263.048,0.0,-108350376.0,10517640192.0,1105257984.0,-1.03,84.7,-18.45,66.25,3.275,55.68,"[100.0, 0.0, 0.0, 68.71, 100.0]",-119.52941,50.0,MED,{},US88023B1035,TEM,TEM,Pharma 🧪,,0.7430285798332564,0.39036239651883115,0.581486706809619,7912426.25,566134122.3343086,56.65452491760254,0.2629177132068272,bull,0.08253855193277171,bull,0.14669386523166983,2026-10-09,0.18074168764136456,Healthcare,Health Information Services,United States,USD,3.276565116134633,-27.931099988411432,0.0,stock,S13 Gesundheit,pillar,82.0,manual thematic assignment after stack redesign,"healthcare, pharma, medtech"
UNH,UNITEDHEALTH,UNH,381.68499755859375,USD,6.570289435885424,0.0,0.0,Seitwärts,0.0,0.0,33.6,26.5,Zyklus-neutral,12.54,77.08,324.0,15929249792.0,300506185728.0,447567003648.0,5.3,12.3,2.69,14.99,0.788,83.33,"[24.6, 25.08, 0.0, 73.53, 34.9]",13.6433325,29.0,LOW,"{""coverage"": 0.5714285714285714, ""confluence"": 0.0, ""risk_clean"": 0.3333333333333333, ""regime_align"": 0.0, ""liquidity"": 0.8053691275167785, ""weights"": {""coverage"": 0.25, ""confluence"": 0.25, ""risk_clean"": 0.2, ""regime_align"": 0.2, ""liquidity"": 0.1}}",US91324P1021,UNH,UNH,Pharma & Gesundheit,281.25,0.34548408738418157,0.28795249737033995,0.28558955535653374,4922510.15,1878848274.584903,353.9004881286621,0.0785093843098359,bull,0.08253855193277171,bull,0.14669386523166983,2026-10-09,-0.13558282968313418,Healthcare,Healthcare Plans,United States,USD,2.893916969484067,6.570289435885424,0.0,stock,S13 Gesundheit,pillar,82.0,manual thematic assignment after stack redesign,"healthcare, pharma, medtech"
AAPL,Apple Inc.,AAPL,337.2900085449219,USD,33.26089721832537,0.0,0.0,Seitwärts,0.0,0.0,58.9,84.3,Zyklus-Hoch,152.02,102.63,38.0,106312753152.0,4041536438272.0,435617005568.0,2.63,15.7,27.04,42.74,0.974,65.09,"[31.4, 100.0, 0.0, 15.71, 13.81]",29.453894,40.3,LOW,"{""coverage"": 0.5714285714285714, ""confluence"": 0.4, ""risk_clean"": 0.3333333333333333, ""regime_align"": 0.0, ""liquidity"": 0.9328859060402684, ""weights"": {""coverage"": 0.25, ""confluence"": 0.25, ""risk_clean"": 0.2, ""regime_align"": 0.2, ""liquidity"": 0.1}}",US0378331005,AAPL,AAPL,,,0.24672967884795557,0.18395812224850655,0.13798523953754416,37306959.4,12583264654.811052,290.40557411193845,0.16144467810701024,bull,0.08253855193277171,bull,0.14669386523166983,2026-10-09,0.03337053969240422,Technology,Consumer Electronics,United States,USD,-0.9194538391841478,33.26089721832537,0.0,stock,S14 Kommunikations- & Alltagsinfrastruktur,pillar,76.0,manual thematic assignment after stack redesign,"connectivity, telecom, civic infrastructure"
ASTS,"AST SpaceMobile, Inc.",ASTS,50.35499954223633,,-41.980644070684114,,,,,,,,,,,,,,,,,,,,,,,,,,US00217D1000,ASTS,ASTS,,,1.0827127627953808,0.5988943160919628,0.6216469988142881,13147262.75,662030409.7579107,80.74734991073609,-0.37638820843157883,bull,0.08253855193277171,bull,0.14669386523166983,2026-10-09,-0.30710001813462706,Technology,Communication Equipment,United States,,-11.549272312829562,-41.980644070684114,0.0,stock,S14 Kommunikations- & Alltagsinfrastruktur,pillar,76.0,manual thematic assignment after stack redesign,"connectivity, telecom, civic infrastructure"
CDNL,Cardinal Infrastructure,CDNL,20.514999389648438,USD,-12.702130256815158,0.0,0.0,Datenmangel,0.0,0.0,60.2,50.0,Zyklus-neutral,0.0,230.784,0.0,0.0,77877880.0,395162976.0,0.0,60.2,6.11,66.31,1.203,34.65,"[100.0, 0.0, 0.0, 50.0, 21.79]",20.158104,50.0,MED,{},US14154A1025,CDNL,CDNL,,,0.9913643158262292,0.6950309829010726,0.7824726972672998,735905.65,15097103.960588837,44.263774957656864,-0.536528472565359,bull,0.08253855193277171,bull,0.14669386523166983,2026-10-09,-0.7445429751615256,Industrials,Engineering & Construction,United States,USD,-18.13647315703576,-12.702130256815158,0.0,stock,S14 Kommunikations- & Alltagsinfrastruktur,pillar,76.0,manual thematic assignment after stack redesign,"connectivity, telecom, civic infrastructure"
LUMN,LUMEN TECHN.,LUMN,5.269899845123291,USD,-23.067154474566863,0.0,0.0,Seitwärts,0.0,0.0,60.8,49.3,Zyklus-neutral,0.0,100.0,0.0,-5826500096.0,24455852032.0,12401999872.0,-23.82,-8.7,-14.02,-22.72,1.802,69.05,"[0.0, 0.0, 0.0, 50.71, 38.17]",-28.083603,17.9,LOW,"{""coverage"": 0.5714285714285714, ""confluence"": 0.0, ""risk_clean"": 0.0, ""regime_align"": 0.0, ""liquidity"": 0.36241610738255026, ""weights"": {""coverage"": 0.25, ""confluence"": 0.25, ""risk_clean"": 0.2, ""regime_align"": 0.2, ""liquidity"": 0.1}}",US5502411037,LUMN,LUMN,Medien & Digitales 📱,9.32,0.7653250437135612,0.4784290163376748,0.5545308639805673,13538271.6,71345335.40807705,7.4973494958877565,-0.2970982814641635,bull,0.08253855193277171,bull,0.14669386523166983,2026-10-09,-0.21149154995216057,Communication Services,Telecom Services,United States,USD,-5.217627709384898,-23.067154474566863,0.0,stock,S14 Kommunikations- & Alltagsinfrastruktur,pillar,76.0,manual thematic assignment after stack redesign,"connectivity, telecom, civic infrastructure"
TTK.DE,TAKKT AG,TTK.DE,2.9000000953674316,EUR,-44.65648431223881,9.6,0.0,Seitwärts,0.0,0.0,58.0,86.5,Zyklus-Hoch,0.0,72.403,752.0,0.0,1.0,28795244.0,0.0,0.0,-80.39,-80.39,0.247,14.27,"[0.0, 0.0, 0.0, 13.54, 25.0]",,,,,DE0007446007,TTK.DE,TTK.DE,Medien & Digitales 📱,3.67,0.47911507302311357,0.29976435821298936,0.5820610395268901,14567.45,42245.60638926029,2.842124992609024,0.020363320722667888,bull,0.08253855193277171,bull,0.14669386523166983,2026-10-09,0.26751494891382,Industrials,Business Equipment & Supplies,Germany,EUR,-3.3333301544189453,-44.65648431223881,0.0,stock,S14 Kommunikations- & Alltagsinfrastruktur,pillar,76.0,manual thematic assignment after stack redesign,"connectivity, telecom, civic infrastructure"
MBLY,Mobileye Global,MBLY,7.164999961853027,USD,-52.98556384868418,0.0,0.0,Seitwärts,0.0,0.0,34.0,44.0,Zyklus-neutral,-3.27,0.564,0.0,632000000.0,5882599936.0,1894000000.0,10.74,-9.0,-20.7,-29.7,6.103,67.31,"[0.0, 0.0, 71.8, 56.05, 45.94]",24.514277,50.0,MED,{},US60741F1049,MBLY,MBLY,Tech 💻,,0.5677065474317584,0.3590295481345082,0.5745784753357681,6382405.65,45729936.23878055,8.838024971485138,-0.1892985157916992,bull,0.08253855193277171,bull,0.14669386523166983,2026-10-09,-0.3286823792046787,Consumer Cyclical,Auto Parts,Israel,USD,1.4872524068625825,-52.98556384868418,0.0,stock,S15 Mobilität,pillar,80.0,manual thematic assignment after stack redesign,"mobility, autos, autonomy"
STLA,Stellantis N.V.,STLA,4.445000171661377,USD,-58.0264390215788,0.0,0.0,Seitwärts,0.0,0.0,39.0,15.0,Zyklus-Tief,-3.06,55.559,1058.0,-8076749824.0,31891654656.0,146121998336.0,-25.33,-12.7,-1.64,-14.34,1.061,46.24,"[0.0, 0.0, 0.0, 84.99, 45.88]",4.304615,17.8,LOW,"{""coverage"": 0.5714285714285714, ""confluence"": 0.0, ""risk_clean"": 0.0, ""regime_align"": 0.0, ""liquidity"": 0.3557046979865772, ""weights"": {""coverage"": 0.25, ""confluence"": 0.25, ""risk_clean"": 0.2, ""regime_align"": 0.2, ""liquidity"": 0.1}}",NL00150001Q9,STLA,STLA,Konsum 🥨,,0.5089625656050228,0.3989071168438543,0.6402640119898579,29112383.85,129404551.21072191,7.059575011730194,-0.3703586739604634,bull,0.08253855193277171,bull,0.14669386523166983,2026-10-09,-0.25759628211665064,Consumer Cyclical,Auto Manufacturers,Netherlands,USD,-1.659287822602229,-58.0264390215788,0.0,stock,S15 Mobilität,pillar,80.0,manual thematic assignment after stack redesign,"mobility, autos, autonomy"
TSLA,Tesla,TSLA,383.9800109863281,USD,-11.838177101306602,0.0,0.0,Seitwärts,0.0,0.0,56.0,35.8,Zyklus-neutral,4.93,17.763,0.0,3732624896.0,1566959599616.0,94827003904.0,0.24,-3.1,4.0,0.9,2.164,44.57,"[0.0, 9.86, 0.0, 64.22, 0.0]",151.62677,50.0,MED,{},US88160R1014,TSLA,TSLA,Tech 💻,,0.4541733781533832,0.30855276088890504,0.39103453018952694,35561029.5,13654724498.095139,390.6109492492676,-0.01697581257177705,bull,0.08253855193277171,bull,0.14669386523166983,2026-10-09,-0.06958542136472401,Consumer Cyclical,Auto Manufacturers,United States,USD,2.394669596354171,-11.838177101306602,0.0,stock,S15 Mobilität,pillar,80.0,manual thematic assignment after stack redesign,"mobility, autos, autonomy"
VOW3.DE,Volkswagen AG Vz.,VOW3.DE,68.0,EUR,-20.289247964593095,0.0,0.0,Seitwärts,0.0,0.0,58.0,57.2,Zyklus-neutral,3.58,130.129,630.0,-83611090944.0,262762414080.0,326045990912.0,-31.82,2.3,2.26,4.56,1.096,27.73,"[4.6, 7.16, 0.0, 42.85, 28.51]",4.8342667,24.0,LOW,"{""coverage"": 0.5714285714285714, ""confluence"": 0.0, ""risk_clean"": 0.3333333333333333, ""regime_align"": 0.0, ""liquidity"": 0.3087248322147651, ""weights"": {""coverage"": 0.25, ""confluence"": 0.25, ""risk_clean"": 0.2, ""regime_align"": 0.2, ""liquidity"": 0.1}}",DE0007664039,VOW3.DE,VOW3.DE,Andere 🌐,102.3,0.298776182685698,0.17540417777689166,0.3458252402010681,1429514.45,97206982.6,82.39629989624024,-0.17472022304847623,bull,0.08253855193277171,bull,0.14669386523166983,2026-10-09,-0.09277020101265088,Consumer Cyclical,Auto Manufacturers,Germany,EUR,2.102104441373087,-20.289247964593095,0.0,stock,S15 Mobilität,pillar,80.0,manual thematic assignment after stack redesign,"mobility, autos, autonomy"
NFLX,NETFLIX INC.,NFLX,70.375,USD,-42.83428342090525,0.0,0.0,Seitwärts,0.0,0.0,39.3,93.9,Zyklus-Hoch,42.76,63.782,0.0,24817524736.0,355017424896.0,45183037440.0,6.99,17.6,24.3,41.9,1.186,86.0,"[35.2, 85.52, 0.0, 6.14, 32.01]",21.525,39.5,LOW,"{""coverage"": 0.5714285714285714, ""confluence"": 0.4, ""risk_clean"": 0.3333333333333333, ""regime_align"": 0.0, ""liquidity"": 0.8590604026845637, ""weights"": {""coverage"": 0.25, ""confluence"": 0.25, ""risk_clean"": 0.2, ""regime_align"": 0.2, ""liquidity"": 0.1}}",US64110L1061,NFLX,NFLX,Medien & Digitales 📱,85.7,0.3656479618513681,0.2662932118049319,0.4597817182538124,37221695.1,2619476792.6625,83.45472484588623,-0.1567283921915773,bull,0.08253855193277171,bull,0.14669386523166983,2026-10-09,-0.08169902436542265,Communication Services,Entertainment,United States,USD,-1.6696935865861628,-42.83428342090525,0.0,stock,S19 Medien & Unterhaltung,pillar,75.0,manual thematic assignment after stack redesign,"media, entertainment, streaming"
SPOT,SPOTIFY TECH.,SPOT,529.9000244140625,USD,-21.34013515148029,0.0,0.0,Seitwärts,0.0,0.0,41.6,76.0,Zyklus-neutral,22.64,28.873,0.0,789000000.0,92863963136.0,16897000448.0,0.85,7.1,8.31,15.41,1.612,67.37,"[14.2, 45.28, 0.0, 24.02, 38.46]",25.314257,33.2,LOW,"{""coverage"": 0.5714285714285714, ""confluence"": 0.2, ""risk_clean"": 0.3333333333333333, ""regime_align"": 0.0, ""liquidity"": 0.7248322147651006, ""weights"": {""coverage"": 0.25, ""confluence"": 0.25, ""risk_clean"": 0.2, ""regime_align"": 0.2, ""liquidity"": 0.1}}",LU1778762911,SPOT,SPOT,Medien & Digitales 📱,511.74,0.4518639436048839,0.295245967970144,0.4035749189280341,1466324.85,777005573.8139466,498.6948016357422,0.06257378796804325,bull,0.08253855193277171,bull,0.14669386523166983,2026-10-09,0.06273447002293775,Communication Services,Internet Content & Information,Sweden,USD,0.6610770139590549,-21.34013515148029,0.0,stock,S19 Medien & Unterhaltung,pillar,75.0,manual thematic assignment after stack redesign,"media, entertainment, streaming"
TME,TENCENT MUSIC ENTERTAINMENT GROUP,TME,8.395000457763672,USD,-63.256101598670035,0.0,0.0,Seitwärts,0.0,0.0,55.8,84.0,Zyklus-Hoch,14.79,4.524,107.0,5382750208.0,36124852224.0,31719000064.0,14.9,20.6,34.08,54.68,2.085,63.88,"[41.2, 29.58, 0.0, 15.98, 46.52]",16.826365,34.4,LOW,"{""coverage"": 0.5714285714285714, ""confluence"": 0.4, ""risk_clean"": 0.3333333333333333, ""regime_align"": 0.0, ""liquidity"": 0.34899328859060397, ""weights"": {""coverage"": 0.25, ""confluence"": 0.25, ""risk_clean"": 0.2, ""regime_align"": 0.2, ""liquidity"": 0.1}}",US88034P1093,TME,TME,Tech 💻,16.98,0.47316311662012694,0.44052577271098387,0.6648016215781773,7018650.7,58921575.83938332,10.79446323633194,-0.22228643759628275,bull,0.08253855193277171,bull,0.14669386523166983,2026-10-09,-0.08264096061334292,Communication Services,Internet Content & Information,China,USD,5.464829365980295,-63.256101598670035,0.0,stock,S19 Medien & Unterhaltung,pillar,75.0,manual thematic assignment after stack redesign,"media, entertainment, streaming"
PL,Planet Labs PBC,PL,17.010000228881836,,8.620692175120425,,,,,,,,,,,,,,,,,,,,,,,,,,US72703X1063,PL,PL,,,0.934685552778056,0.5437978443165308,0.6883268485955606,10609076.05,180460386.0387248,27.320000019073486,-0.37737920142729553,bull,0.08253855193277171,bull,0.14669386523166983,2026-10-09,-0.3732984029096188,Industrials,Aerospace & Defense,United States,,-1.0471221616262127,8.620692175120425,0.0,stock,S20 Sicherheit & Verteidigung,pillar,81.0,manual thematic assignment after stack redesign,"defense, aerospace, security"
RCAT,Red Cat Holdings,RCAT,5.769999980926514,USD,-60.64120026614409,0.0,0.0,Seitwärts,0.0,0.0,52.6,13.2,Zyklus-Tief,0.0,8.852,0.0,0.0,1322458240.0,7443942.0,0.0,646.4,0.0,646.4,10.416,41.83,"[100.0, 0.0, 0.0, 86.81, 73.29]",-42.066666,50.0,MED,{},US75644T1007,RCAT,RCAT,,,1.0828906423097924,0.554456663291487,0.6676267408950475,8819923.7,50890959.5807733,10.905374948978425,-0.4709031089786577,bull,0.08253855193277171,bull,0.14669386523166983,2026-10-09,-0.3823636240200732,Industrials,Aerospace & Defense,United States,USD,-2.3688641302909597,-60.64120026614409,0.0,stock,S20 Sicherheit & Verteidigung,pillar,81.0,manual thematic assignment after stack redesign,"defense, aerospace, security"
RHM.DE,Rheinmetall AG,RHM.DE,939.0999755859375,EUR,-50.18451159387078,103.81,5.48,BUY,1966.0,2521.79,71.8,18.7,Zyklus-Tief,22.42,47.166,49.0,-1625000.0,76487131136.0,10997999616.0,-0.0,13.3,7.64,20.94,1.135,43.98,"[26.6, 44.84, 0.0, 100.0, 20.38]",40.79185,,,,DE0007030009,RHM.DE,RHM.DE,,,0.47482743952455414,0.3711353321996264,0.512782301496862,183431.45,172260470.21669313,1319.9454483032227,-0.28853122165530287,bull,0.08253855193277171,bull,0.14669386523166983,2026-10-09,-0.08042833403276739,Industrials,Aerospace & Defense,Germany,EUR,0.449240674103879,-50.18451159387078,0.0,stock,S20 Sicherheit & Verteidigung,pillar,81.0,manual thematic assignment after stack redesign,"defense, aerospace, security"
RKLB,"Rocket Lab USA, Inc.",RKLB,68.76000213623047,,3.523041300502805,,,,,,,,,,,,,,,,,,,,,,,,,,US7731211089,RKLB,RKLB,,,0.9312215851298008,0.5095988679029979,0.609931437524637,21394213.05,1471066135.0209699,81.61255010604859,-0.15748249445847873,bull,0.08253855193277171,bull,0.14669386523166983,2026-10-09,-0.166313217467001,Industrials,Aerospace & Defense,United States,,0.5263166700593569,3.523041300502805,0.0,stock,S20 Sicherheit & Verteidigung,pillar,81.0,manual thematic assignment after stack redesign,"defense, aerospace, security"
ADA-USD,Cardano,ADA-USD,0.23667000234127045,USD,-70.98373504642448,,,,,,,,,,,,,,,,,,,,,,,,,,,ADA-USD,ADA-USD,,,0.6615904026027656,0.4179149516366074,0.8241528831390262,689771575.0,163248240.2701918,0.21287812456488608,0.11176290577067971,bull,0.08253855193277171,bull,0.14669386523166983,2026-10-09,-0.08149005992544356,Cryptocurrency,Digital Currency,Global,USD,2.0371248971688516,-70.98373504642448,,crypto,S21 Finanzsystem,pillar,83.0,manual thematic assignment after stack redesign,"payments, exchanges, capital markets, crypto"
ALV.DE,ALLIANZ SE,ALV.DE,417.0,EUR,18.208448873640968,0.0,0.0,Seitwärts,0.0,0.0,65.4,58.7,Zyklus-neutral,17.98,100.0,398.0,0.0,114918481920.0,105018998784.0,0.0,5.8,10.08,15.88,127.745,41.77,"[11.6, 35.96, 0.0, 41.3, 20.39]",12.127932,30.5,LOW,"{""coverage"": 0.5714285714285714, ""confluence"": 0.2, ""risk_clean"": 0.3333333333333333, ""regime_align"": 0.0, ""liquidity"": 0.4563758389261745, ""weights"": {""coverage"": 0.25, ""confluence"": 0.25, ""risk_clean"": 0.2, ""regime_align"": 0.2, ""liquidity"": 0.1}}",DE0008404005,ALV.DE,ALV.DE,Finanzen,365.3,0.1833568513956708,0.14834543532695232,0.12350398048430755,549094.15,228972260.55,390.345525970459,0.06828430776367655,bull,0.08253855193277171,bull,0.14669386523166983,2026-10-09,-0.04829257116423413,Financial Services,Insurance - Diversified,Germany,EUR,0.8708287751975741,18.208448873640968,0.0,stock,S21 Finanzsystem,pillar,83.0,manual thematic assignment after stack redesign,"payments, exchanges, capital markets, crypto"
BLK,BLACKROCK INC,BLK,1085.010009765625,USD,-5.073783959711586,0.0,0.0,Seitwärts,0.0,0.0,58.7,28.1,Zyklus-neutral,10.69,24.32,192.0,0.0,177495670784.0,24216000512.0,0.0,23.4,22.93,46.33,1.0,84.09,"[46.8, 21.38, 0.0, 71.87, 27.29]",17.549316,37.4,LOW,"{""coverage"": 0.5714285714285714, ""confluence"": 0.4, ""risk_clean"": 0.3333333333333333, ""regime_align"": 0.0, ""liquidity"": 0.6442953020134228, ""weights"": {""coverage"": 0.25, ""confluence"": 0.25, ""risk_clean"": 0.2, ""regime_align"": 0.2, ""liquidity"": 0.1}}",US09247X1019,BLK,BLK,Finanzen 🏦,1107.99,0.27379060815846945,0.1809190405790861,0.22454433871509027,521828.85,566189525.6344849,1051.4545831298828,0.031913339077240144,bull,0.08253855193277171,bull,0.14669386523166983,2026-10-09,0.024730728020964543,Financial Services,Asset Management,United States,USD,1.8454061698245816,-5.073783959711586,0.0,stock,S21 Finanzsystem,pillar,83.0,manual thematic assignment after stack redesign,"payments, exchanges, capital markets, crypto"
BTC-USD,Bitcoin,BTC-USD,82396.3125,USD,-32.29866002837919,,,,,,,,,,,,,,,,,,,,,,,,,,,BTC-USD,BTC-USD,,,0.3736629471650757,0.26017563916599884,0.5188482194640435,32549283160.1,2681940906910587.0,71855.5448828125,0.14669386523166983,bull,0.08253855193277171,bull,0.14669386523166983,2026-10-09,0.0,Cryptocurrency,Digital Currency,Global,USD,0.8814995852053586,-32.29866002837919,,crypto,S21 Finanzsystem,pillar,83.0,manual thematic assignment after stack redesign,"payments, exchanges, capital markets, crypto"
CME,CME Group Inc.,CME,280.0198974609375,USD,8.201261101142808,,,,,,,,,,,,,,,,,,,,,,,,,,US12572Q1058,CME,CME,Finanzen,,0.2419310978282777,0.1677201236935101,0.3108934014587985,1842726.75,516000155.5835266,274.7489366912842,0.01918464483659088,bull,0.08253855193277171,bull,0.14669386523166983,2026-10-09,0.1160643493818938,Financial Services,Financial Data & Stock Exchanges,United States,USD,1.2949989104019233,8.201261101142808,,stock,S21 Finanzsystem,pillar,85.0,manual gap-filling addition for derivatives and exchange infrastructure,"payments, exchanges, capital markets, crypto"
COIN,COINBASE GLB.,COIN,181.22000122070312,USD,-53.17312629955991,0.0,0.0,Seitwärts,0.0,0.0,40.6,34.0,Zyklus-neutral,26.0,48.559,0.0,-1097911808.0,41830793216.0,7370428928.0,-2.62,58.9,43.66,102.56,2.404,67.14,"[100.0, 52.0, 0.0, 65.97, 63.27]",25.270573,37.0,LOW,"{""coverage"": 0.5714285714285714, ""confluence"": 0.6, ""risk_clean"": 0.0, ""regime_align"": 0.0, ""liquidity"": 0.7718120805369127, ""weights"": {""coverage"": 0.25, ""confluence"": 0.25, ""risk_clean"": 0.2, ""regime_align"": 0.2, ""liquidity"": 0.1}}",US19260Q1076,COIN,COIN,Krypto-Infrastruktur 🪙,211.68,0.7246534830122778,0.3888686124961997,0.6354263660519622,9941383.5,1801577530.005478,183.79199974060057,-0.013994072231258703,bull,0.08253855193277171,bull,0.14669386523166983,2026-10-09,0.08331388720065003,Financial Services,Financial Data & Stock Exchanges,United States,USD,5.3604658259901905,-53.17312629955991,0.0,stock,S21 Finanzsystem,pillar,83.0,manual thematic assignment after stack redesign,"payments, exchanges, capital markets, crypto"
DB1.DE,DEUTSCHE BOERSE AG,DB1.DE,296.0,EUR,31.971304185202044,55.08,0.0,Seitwärts,0.0,0.0,42.2,59.0,Zyklus-neutral,19.48,54.664,189.0,0.0,1.0,7302400000.0,0.0,4.2,27.59,31.79,1.009,64.75,"[8.4, 38.96, 0.0, 41.03, 28.01]",17.867914,,,,DE0005140008,DB1.DE,DB1.DE,Finanzen,33.53,0.2269041815079026,0.1405042332861419,0.11800429950284552,319559.1,94589493.6,248.7308423614502,0.19004140053471663,bull,0.08253855193277171,bull,0.14669386523166983,2026-10-09,0.12199293020971225,Financial Services,Financial Data & Stock Exchanges,Germany,EUR,1.1619937886404363,31.971304185202044,0.0,stock,S21 Finanzsystem,pillar,83.0,manual thematic assignment after stack redesign,"payments, exchanges, capital markets, crypto"
ETH-USD,Ethereum,ETH-USD,2481.610107421875,USD,-43.20145180948695,,,,,,,,,,,,,,,,,,,,,,,,,,,ETH-USD,ETH-USD,,,0.5273507164964791,0.36405864494848167,0.6418481950056806,13712753903.9,34029708688507.016,2130.2744104003905,0.16492508913696713,bull,0.08253855193277171,bull,0.14669386523166983,2026-10-09,0.026022299697119777,Cryptocurrency,Digital Currency,Global,USD,0.3923079551768849,-43.20145180948695,,crypto,S21 Finanzsystem,pillar,83.0,manual thematic assignment after stack redesign,"payments, exchanges, capital markets, crypto"
FIGR,Figure Technology Solutions,FIGR,28.579999923706055,USD,-40.495522277578445,0.0,0.0,Seitwärts,0.0,0.0,56.2,3.2,Zyklus-Tief,0.0,68.77,0.0,0.0,8038661632.0,382600000.0,0.0,54.8,32.46,87.26,2.261,53.12,"[100.0, 0.0, 0.0, 96.84, 34.69]",38.201473,50.0,MED,{},US3493811034,FIGR,FIGR,Finanzen 🏦,,0.9453328422317715,0.564130518793603,0.6629684939363297,4738788.75,135434582.1134591,36.17625,-0.2099789247446584,bull,0.08253855193277171,bull,0.14669386523166983,2026-10-09,-0.08485277213183484,Financial Services,Capital Markets,United States,USD,3.5507229300412835,-40.495522277578445,0.0,stock,S21 Finanzsystem,pillar,83.0,manual thematic assignment after stack redesign,"payments, exchanges, capital markets, crypto"
ICE,"Intercontinental Exchange, Inc.",ICE,156.52999877929688,USD,-0.43017974952124227,,,,,,,,,,,,,,,,,,,,,,,,,,US45866F1049,ICE,ICE,Finanzen,,0.24930462815177773,0.18515754718443003,0.2931752428992731,2506886.15,392402885.99933624,153.88095699310304,0.01721487725289217,bull,0.08253855193277171,bull,0.14669386523166983,2026-10-09,0.10248103953050758,Financial Services,Financial Data & Stock Exchanges,United States,USD,0.7595704083815491,-0.43017974952124227,,stock,S21 Finanzsystem,pillar,85.0,manual gap-filling addition for market infrastructure coverage,"payments, exchanges, capital markets, crypto"
MA,MASTERCARD INC,MA,588.4500122070312,USD,4.744721025939658,0.0,0.0,Seitwärts,0.0,0.0,45.5,58.4,Zyklus-neutral,209.91,245.288,64.0,16265374720.0,491219648512.0,32790999040.0,3.31,17.6,45.65,63.25,1.035,91.48,"[35.2, 100.0, 0.0, 41.63, 24.28]",23.911453,38.8,LOW,"{""coverage"": 0.5714285714285714, ""confluence"": 0.4, ""risk_clean"": 0.3333333333333333, ""regime_align"": 0.0, ""liquidity"": 0.785234899328859, ""weights"": {""coverage"": 0.25, ""confluence"": 0.25, ""risk_clean"": 0.2, ""regime_align"": 0.2, ""liquidity"": 0.1}}",US57636Q1040,MA,MA,Finanzen,521.34,0.22569714785001885,0.14663434056171146,0.18484023580086917,2814125.85,1655972390.7846222,531.3094638061524,0.10754664144609793,bull,0.08253855193277171,bull,0.14669386523166983,2026-10-09,0.05494117446546287,Financial Services,Credit Services,United States,USD,2.3818641187282275,4.744721025939658,0.0,stock,S21 Finanzsystem,pillar,83.0,manual thematic assignment after stack redesign,"payments, exchanges, capital markets, crypto"
NRDS,NERDWALLET INC,NRDS,9.805000305175781,USD,-7.934266137289347,0.0,0.0,Seitwärts,0.0,0.0,41.2,18.1,Zyklus-Tief,20.23,3.554,0.0,65625000.0,640464896.0,795000000.0,10.25,12.4,9.22,21.62,3.698,78.36,"[24.8, 40.46, 0.0, 81.85, 50.24]",6.934785,20.0,LOW,"{""coverage"": 0.5714285714285714, ""confluence"": 0.2, ""risk_clean"": 0.0, ""regime_align"": 0.0, ""liquidity"": 0.0738255033557047, ""weights"": {""coverage"": 0.25, ""confluence"": 0.25, ""risk_clean"": 0.2, ""regime_align"": 0.2, ""liquidity"": 0.1}}",US64082B1026,NRDS,NRDS,Finanzen 🏦,12.38,0.47832160052960215,0.3270310032993736,0.524168249937619,792716.2,7772582.582917785,10.076425020694733,-0.026936608465949585,bull,0.08253855193277171,bull,0.14669386523166983,2026-10-09,0.006517804709130104,Communication Services,Internet Content & Information,United States,USD,0.1532210764167763,-7.934266137289347,0.0,stock,S21 Finanzsystem,pillar,83.0,manual thematic assignment after stack redesign,"payments, exchanges, capital markets, crypto"
PGY,Pagaya Technologies Ltd.,PGY,18.260000228881836,USD,-39.775724232612994,0.0,0.0,Seitwärts,0.0,0.0,52.6,0.5,Zyklus-Tief,-36.31,141.786,0.0,196523376.0,1852567424.0,1245945984.0,10.61,36.1,-15.32,20.78,5.113,63.62,"[72.2, 0.0, 0.0, 99.55, 76.3]",4.0632296,21.4,LOW,"{""coverage"": 0.5714285714285714, ""confluence"": 0.2, ""risk_clean"": 0.0, ""regime_align"": 0.0, ""liquidity"": 0.20805369127516782, ""weights"": {""coverage"": 0.25, ""confluence"": 0.25, ""risk_clean"": 0.2, ""regime_align"": 0.2, ""liquidity"": 0.1}}",IL0011858912,PGY,PGY,,,0.7472521916620071,0.4837436799773087,0.6490765022949834,2534917.9,46287601.43419666,16.826124954223634,0.08521720114162568,bull,0.08253855193277171,bull,0.14669386523166983,2026-10-09,-0.0393387414047367,Technology,Software - Infrastructure,United States,USD,0.0,-39.775724232612994,0.0,stock,S21 Finanzsystem,pillar,83.0,manual thematic assignment after stack redesign,"payments, exchanges, capital markets, crypto"
PYPL,PAYPAL HDGS,PYPL,55.44499969482422,USD,-25.98902639949764,0.0,0.0,Seitwärts,0.0,0.0,30.9,29.5,Zyklus-neutral,25.73,60.703,135.0,3274249984.0,40072372224.0,33172000768.0,8.17,3.7,15.78,19.48,1.287,82.92,"[7.4, 51.46, 0.0, 70.46, 34.62]",7.116504,37.5,LOW,"{""coverage"": 0.5714285714285714, ""confluence"": 0.4, ""risk_clean"": 0.3333333333333333, ""regime_align"": 0.0, ""liquidity"": 0.6510067114093959, ""weights"": {""coverage"": 0.25, ""confluence"": 0.25, ""risk_clean"": 0.2, ""regime_align"": 0.2, ""liquidity"": 0.1}}",US70450Y1038,PYPL,PYPL,Finanzen,55.47,0.43680623069041996,0.37228002453833975,0.48289978146900325,11747367.5,651332787.452488,49.893139610290525,0.11127501952971142,bull,0.08253855193277171,bull,0.14669386523166983,2026-10-09,0.1345662954493183,Financial Services,Credit Services,United States,USD,0.7724449900482933,-25.98902639949764,0.0,stock,S21 Finanzsystem,pillar,83.0,manual thematic assignment after stack redesign,"payments, exchanges, capital markets, crypto"
SOL-EUR,SOLANA (KRYPTO),SOL-EUR,97.52999877929688,EUR,-48.95847507706067,,,,,,,,,,,,,,,,,,,,,,,,,,,SOL-EUR,SOL-EUR,Krypto 🪙,,0.5497797771416164,0.37140153022960126,0.7175290674460575,3311362735.05,322957203507.23566,75.0212878227234,0.30003098600175937,bull,0.08253855193277171,bull,0.14669386523166983,2026-10-09,0.21439867967157977,Cryptocurrency,Digital Currency,Global,EUR,-0.07670442220965024,-48.95847507706067,,crypto,S21 Finanzsystem,pillar,83.0,manual thematic assignment after stack redesign,"payments, exchanges, capital markets, crypto"
V,Visa Inc.,V,385.125,USD,11.861758395232158,,,,,,,,,,,,,,,,,,,,,,,,,,US92826C8394,V,V,Finanzen,,0.22262592464123643,0.13347538556632,0.1718050519508285,6193047.8,2385097533.975,337.2416979980469,0.14198511716137308,bull,0.08253855193277171,bull,0.14669386523166983,2026-10-09,0.04496925708572497,Financial Services,Credit Services,United States,USD,2.672618963839146,11.861758395232158,,stock,S21 Finanzsystem,pillar,86.0,manual gap-filling addition for payments infrastructure coverage,"payments, exchanges, capital markets, crypto"
XRP-EUR,XRP (KRYPTO),XRP-EUR,1.238800048828125,EUR,-48.92100008945871,0.0,0.0,Seitwärts,0.0,0.0,40.7,29.1,Zyklus-neutral,0.0,100.0,0.0,0.0,1.0,1.0,0.0,0.0,0.0,0.0,1.0,0.0,"[0.0, 0.0, 0.0, 70.92, 25.0]",0.0,22.8,LOW,"{""coverage"": 0.5714285714285714, ""confluence"": 0.0, ""risk_clean"": 0.0, ""regime_align"": 0.0, ""liquidity"": 0.8523489932885906, ""weights"": {""coverage"": 0.25, ""confluence"": 0.25, ""risk_clean"": 0.2, ""regime_align"": 0.2, ""liquidity"": 0.1}}",,XRP-EUR,XRP-EUR,Krypto 🪙,1.6,0.5529933503771186,0.3575795733091837,0.646601625592664,3476579142.15,4306786411.0502615,1.1078059914708138,0.11824638823571698,bull,0.08253855193277171,bull,0.14669386523166983,2026-10-09,0.10919468766317042,Cryptocurrency,Digital Currency,Global,EUR,0.728062550258346,-48.92100008945871,0.0,crypto,S21 Finanzsystem,pillar,83.0,manual thematic assignment after stack redesign,"payments, exchanges, capital markets, crypto"
XYZ,BLOCK INC. A,XYZ,77.12629699707031,USD,-4.605691462372363,0.0,0.0,Seitwärts,0.0,0.0,41.0,35.8,Zyklus-neutral,14.69,36.049,0.0,241061248.0,34101551104.0,23973765120.0,0.71,2.3,13.08,15.38,2.183,81.62,"[4.6, 29.38, 0.0, 64.15, 39.94]",17.737028,19.9,LOW,"{""coverage"": 0.5714285714285714, ""confluence"": 0.0, ""risk_clean"": 0.0, ""regime_align"": 0.0, ""liquidity"": 0.5570469798657718, ""weights"": {""coverage"": 0.25, ""confluence"": 0.25, ""risk_clean"": 0.2, ""regime_align"": 0.2, ""liquidity"": 0.1}}",US8522341036,XYZ,XYZ,Fintech,64.75,0.46797899996484976,0.3066293688998872,0.3928262080511865,4225094.9,325865924.0982071,70.4251812171936,0.09515226889101291,bull,0.08253855193277171,bull,0.14669386523166983,2026-10-09,-0.07459212039761132,Technology,Software - Infrastructure,United States,USD,2.5206613791303845,-4.605691462372363,0.0,stock,S21 Finanzsystem,pillar,83.0,manual thematic assignment after stack redesign,"payments, exchanges, capital markets, crypto"
ACB.TO,Aurora Cannabis,ACB.TO,6.465000152587891,,-24.82558295557852,,,,,,,,,,,,,,,,,,,,,,,,,,CA05156X8504,ACB.TO,ACB.TO,Pharma 🧪,,0.5941098646006421,0.36836797070913435,0.5767441926226864,370397.55,2394620.2172681806,4.941025011539459,0.30843299466998886,bull,0.08253855193277171,bull,0.14669386523166983,2026-10-09,0.6588360953874761,Healthcare,Medical Devices,Canada,,2.2943034333557044,-24.82558295557852,,stock,Playground,playground,70.0,manual thematic assignment after stack redesign,"speculation, high volatility, optionality"
DOGE-EUR,DOGECOIN (KRYPTO),DOGE-EUR,0.07552000135183334,EUR,-64.8613430028641,,,,,,,,,,,,,,,,,,,,,,,,,,,DOGE-EUR,DOGE-EUR,Krypto 🪙,,0.5918817725899947,0.402060676205473,0.7214591489989244,1163384779.95,87858820.15452634,0.07587212489917874,-0.004641013386844195,bull,0.08253855193277171,bull,0.14669386523166983,2026-10-09,-0.02937030820790265,Cryptocurrency,Digital Currency,Global,EUR,0.7712646312165505,-64.8613430028641,,crypto,Playground,playground,70.0,manual thematic assignment after stack redesign,"speculation, high volatility, optionality"
QBTS,D-Wave Quantum Inc.,QBTS,14.5600004196167,,-58.48303237434722,,,,,,,,,,,,,,,,,,,,,,,,,,US26740W1099,QBTS,QBTS,,,1.0847108246326482,0.5314111505086087,0.710138456988137,15460007.4,225097714.2312773,20.517149958610535,-0.2903497586658603,bull,0.08253855193277171,bull,0.14669386523166983,2026-10-09,-0.27045366143548577,Technology,Computer Hardware,United States,,-0.27397233430072054,-58.48303237434722,0.0,stock,Playground,playground,70.0,manual thematic assignment after stack redesign,"speculation, high volatility, optionality"
QS,QUANTUMSCAPE A,QS,4.574999809265137,USD,-69.47965390846788,0.0,0.0,Seitwärts,0.0,0.0,57.1,60.4,Zyklus-neutral,-38.65,6.004,0.0,-116634872.0,4444975104.0,1.0,-2.62,0.0,0.0,0.0,21.138,32.36,"[0.0, 0.0, 0.0, 39.58, 36.84]",-13.218594,18.4,LOW,"{""coverage"": 0.5714285714285714, ""confluence"": 0.0, ""risk_clean"": 0.0, ""regime_align"": 0.0, ""liquidity"": 0.41610738255033564, ""weights"": {""coverage"": 0.25, ""confluence"": 0.25, ""risk_clean"": 0.2, ""regime_align"": 0.2, ""liquidity"": 0.1}}",US74767V1098,QS,QS,Experimente,10.12,0.7486477254821648,0.47799948198369546,0.754880702276644,12529274.35,57321427.76148057,7.163025016784668,-0.36130338808745943,bull,0.08253855193277171,bull,0.14669386523166983,2026-10-09,-0.32617459926394143,Consumer Cyclical,Auto Parts,United States,USD,-0.10917280620545977,-69.47965390846788,0.0,stock,Playground,playground,70.0,manual thematic assignment after stack redesign,"speculation, high volatility, optionality"
QS,QUANTUMSCAPE CORP,QS,4.574999809265137,USD,-69.47965390846788,0.0,0.0,Seitwärts,0.0,0.0,57.1,60.4,Zyklus-neutral,-38.65,6.004,0.0,-116634872.0,4444975104.0,1.0,-2.62,0.0,0.0,0.0,21.138,32.36,"[0.0, 0.0, 0.0, 39.58, 36.84]",-13.218594,18.4,LOW,"{""coverage"": 0.5714285714285714, ""confluence"": 0.0, ""risk_clean"": 0.0, ""regime_align"": 0.0, ""liquidity"": 0.41610738255033564, ""weights"": {""coverage"": 0.25, ""confluence"": 0.25, ""risk_clean"": 0.2, ""regime_align"": 0.2, ""liquidity"": 0.1}}",US74767V1098,QS,QS,Industrie/Auto 🚗,10.12,0.7486477254821648,0.47799948198369546,0.754880702276644,12529274.35,57321427.76148057,7.163025016784668,-0.36130338808745943,bull,0.08253855193277171,bull,0.14669386523166983,2026-10-09,-0.32617459926394143,Consumer Cyclical,Auto Parts,United States,USD,-0.10917280620545977,-69.47965390846788,0.0,stock,Playground,playground,70.0,manual thematic assignment after stack redesign,"speculation, high volatility, optionality"
RGTI,"Rigetti Computing, Inc.",RGTI,14.029999732971191,,-70.21863818467378,,,,,,,,,,,,,,,,,,,,,,,,,,US76655K1034,RGTI,RGTI,,,1.00178153052319,0.5220340842001263,0.7710330212354866,15266952.65,214195341.60278383,18.09277503967285,-0.22455235848525323,bull,0.08253855193277171,bull,0.14669386523166983,2026-10-09,-0.16790378566204833,Technology,Computer Hardware,United States,,-0.7779392339513413,-70.21863818467378,0.0,stock,Playground,playground,70.0,manual thematic assignment after stack redesign,"speculation, high volatility, optionality"
RIGD.IL,RELIANCE INDS,RIGD.IL,48.25,USD,-21.31138076589285,0.0,0.0,Seitwärts,0.0,0.0,58.2,100.0,Zyklus-Hoch,0.0,37.389,33.0,0.0,2996862451712.0,9252890476544.0,0.0,11.7,7.43,19.13,1.0,0.89,"[23.4, 0.0, 0.0, 0.0, 26.68]",16.744186,21.6,LOW,"{""coverage"": 0.5714285714285714, ""confluence"": 0.0, ""risk_clean"": 0.3333333333333333, ""regime_align"": 0.0, ""liquidity"": 0.06711409395973156, ""weights"": {""coverage"": 0.25, ""confluence"": 0.25, ""risk_clean"": 0.2, ""regime_align"": 0.2, ""liquidity"": 0.1}}",US7594701077,RIGD.IL,RIGD.IL,Experimente,60.3,0.23483085992899452,0.15306782167920494,0.3172930960740994,66246.05,3196371.9125,57.42494714736939,-0.15977284443682227,bull,0.08253855193277171,bull,0.14669386523166983,2026-10-09,-0.15878009719367026,Energy,Oil & Gas Refining & Marketing,India,USD,-0.6179181087021424,-21.31138076589285,0.0,stock,Playground,playground,70.0,manual thematic assignment after stack redesign,"speculation, high volatility, optionality"
SMX,SMX (Security Matters) Public,SMX,3.8450000286102295,USD,-97.68944897729482,0.0,0.0,Seitwärts,0.0,0.0,35.1,53.8,Zyklus-neutral,-210.65,50.074,0.0,-14249375.0,22898526.0,1.0,-62.23,0.0,0.0,0.0,0.079,0.07,"[0.0, 0.0, 0.0, 46.18, 25.0]",0.0,16.4,LOW,"{""coverage"": 0.5714285714285714, ""confluence"": 0.0, ""risk_clean"": 0.0, ""regime_align"": 0.0, ""liquidity"": 0.21476510067114096, ""weights"": {""coverage"": 0.25, ""confluence"": 0.25, ""risk_clean"": 0.2, ""regime_align"": 0.2, ""liquidity"": 0.1}}",IE000B5COQZ5,SMX,SMX,Tech 💻,,13.524076752892505,1.7337103721769662,0.9993179106435013,233106.1,896292.961169219,79.96007021903992,-0.9519134985990212,bull,0.08253855193277171,bull,0.14669386523166983,2026-10-09,-0.819077096166622,Industrials,Specialty Business Services,Ireland,USD,1.4511891111025577,-97.68944897729482,0.0,stock,Playground,playground,70.0,manual thematic assignment after stack redesign,"speculation, high volatility, optionality"
6506.T,YASKAWA ELECTRIC CORPORATION,6506.T,4783.0,JPY,20.323541091878106,,,,,,,,,,,,,,,,,,,,,,,,,,JP3932000007,6506.T,6506.T,Hardware 💻,,0.5844526761658012,0.3932401381943824,0.43462997798848957,3444445.0,16474780435.0,5327.714256591797,-0.10224164254264212,bull,0.08253855193277171,bull,0.14669386523166983,2026-10-09,-0.34617841734611243,Industrials,Electrical Equipment & Parts,Japan,JPY,-0.12528711630820366,20.323541091878106,,stock,S1 Hardware,pillar,85.0,manual thematic assignment after stack redesign,"robotics, automation, devices"
DIS,THE WALT DISNEY COMPANY,DIS,108.18000030517578,USD,-1.120401728447662,,,,,,,,,,,,,,,,,,,,,,,,,,US2546871060,DIS,DIS,Medien & Digitales 📱,,0.2698833065342001,0.18816918171300812,0.20245083866478664,8920960.25,965069482.567461,103.19475891113281,0.04830905606684999,bull,0.08253855193277171,bull,0.14669386523166983,2026-10-09,0.0896116331309762,Communication Services,Entertainment,United States,USD,1.0839130055088964,-1.120401728447662,,stock,S19 Medien & Unterhaltung,pillar,75.0,manual thematic assignment after stack redesign,"media, entertainment, streaming"
TEAM,ATLASSIAN CORP.,TEAM,206.25,USD,39.60335205858863,,,,,,,,,,,,,,,,,,,,,,,,,,US0494681010,TEAM,TEAM,Tech 💻,,0.7855609394641583,0.3656457942847019,0.6754316166993615,2913455.55,600900207.1875,113.27807495117187,0.820740686923779,bull,0.08253855193277171,bull,0.14669386523166983,2026-10-09,1.2765430996509926,Technology,Software - Application,Australia,USD,1.3164968214167905,39.60335205858863,,stock,S2 Gehirn,pillar,85.0,manual thematic assignment after stack redesign,"ai, semis, software"
UBER,UBER TECH. DL,UBER,71.2750015258789,USD,-25.755206743876137,,,,,,,,,,,,,,,,,,,,,,,,,,US90353T1007,UBER,UBER,Tech 💻,,0.3506323893552511,0.21465887597729175,0.33874847940017594,16563218.25,1180543406.0422153,74.47437503814697,-0.04295938718021197,bull,0.08253855193277171,bull,0.14669386523166983,2026-10-09,-0.04995953396980535,Technology,Software - Application,United States,USD,1.4735246207107977,-25.755206743876137,,stock,S15 Mobilität,pillar,85.0,manual thematic assignment after stack redesign,"mobility, autos, autonomy"
NOW,SERVICENOW INC.,NOW,140.83999633789062,USD,-23.285582467859633,,,,,,,,,,,,,,,,,,,,,,,,,,US81762P1021,NOW,NOW,Tech 💻,,0.576378927760883,0.4003503949991531,0.5614452127400548,10763245.85,1515895506.0978165,115.33560005187988,0.2211320379357149,bull,0.08253855193277171,bull,0.14669386523166983,2026-10-09,0.3044608662460808,Technology,Software - Application,United States,USD,0.7799616013528521,-23.285582467859633,,stock,S2 Gehirn,pillar,85.0,manual thematic assignment after stack redesign,"ai, semis, software"
ILMN,ILLUMINA INC.,ILMN,275.875,USD,186.02903963599124,,,,,,,,,,,,,,,,,,,,,,,,,,US4523271090,ILMN,ILMN,Pharma & Gesundheit,,0.4969957401275161,0.24054217675353087,0.2566417362133443,4516824.75,1246079027.90625,166.26047481536864,0.6592939500886046,bull,0.08253855193277171,bull,0.14669386523166983,2026-10-09,0.404069518174923,Healthcare,Diagnostics & Research,United States,USD,4.272968349706963,186.02903963599124,,stock,S13 Gesundheit,pillar,85.0,manual thematic assignment after stack redesign,"healthcare, pharma, medtech"
HIMS,"HIMS & HERS HEALTH, INC.",HIMS,31.269899368286133,USD,-46.31776932483067,,,,,,,,,,,,,,,,,,,,,,,,,,US4330001060,HIMS,HIMS,Pharma & Gesundheit,,0.9185460617125317,0.5176382527560071,0.7686424339373858,10085987.5,315387814.15479183,27.395499477386476,0.14142468525159635,bull,0.08253855193277171,bull,0.14669386523166983,2026-10-09,-0.14917835333528373,Healthcare,Drug Manufacturers - Specialty & Generic,United States,USD,11.439415407829001,-46.31776932483067,,stock,S13 Gesundheit,pillar,85.0,manual thematic assignment after stack redesign,"healthcare, pharma, medtech"
SHOP,SHOPIFY INC.,SHOP,170.6199951171875,USD,4.119118936430621,,,,,,,,,,,,,,,,,,,,,,,,,,CA82509L1076,SHOP,SHOP,E-Commerce,,0.5891405778243843,0.400828895406801,0.4670688539558845,9418152.15,1606925073.845929,129.5230499267578,0.3172944523285164,bull,0.08253855193277171,bull,0.14669386523166983,2026-10-09,0.3187833674620113,Technology,Software - Application,Canada,USD,3.682545970162643,4.119118936430621,,stock,S2 Gehirn,pillar,85.0,manual thematic assignment after stack redesign,"ai, semis, software"
MP,MP MATERIALS CORP.,MP,46.17509841918945,USD,-36.125193201828566,,,,,,,,,,,,,,,,,,,,,,,,,,US5533681012,MP,MP,Mining ⛏️,,0.7489238270780885,0.39902283578387265,0.6137861339604105,5109036.75,235910274.75850582,56.55792549133301,-0.18357864051669703,bull,0.08253855193277171,bull,0.14669386523166983,2026-10-09,-0.12965380551126648,Basic Materials,Other Industrial Metals & Mining,United States,USD,0.07607071956070577,-36.125193201828566,,stock,S4 Fundament,pillar,85.0,manual thematic assignment after stack redesign,"materials, mining, metals"
USAR,"USA RARE EARTH, INC.",USAR,12.580100059509277,USD,-59.51045966181672,,,,,,,,,,,,,,,,,,,,,,,,,,US91733P1075,USAR,USAR,Mining ⛏️,,1.0785077347343102,0.5730711634923037,0.6923474786803988,12920894.8,162546149.44239312,19.27942552089691,-0.34748574090686757,bull,0.08253855193277171,bull,0.14669386523166983,2026-10-09,-0.3471971179765756,Basic Materials,Other Industrial Metals & Mining,United States,USD,-0.3950914843982134,-59.51045966181672,,stock,S4 Fundament,pillar,85.0,manual thematic assignment after stack redesign,"materials, mining, metals"
ROL,"ROLLINS, INC.",ROL,32.02000045776367,USD,-42.59560422515889,,,,,,,,,,,,,,,,,,,,,,,,,,US7757111049,ROL,ROL,Konsum & Lifestyle,,0.2824261368427196,0.24289004544006454,0.5422674987776048,8782724.55,281222844.1114123,48.579244995117186,-0.34087076773255576,bull,0.08253855193277171,bull,0.14669386523166983,2026-10-09,-0.31230640767178897,Consumer Cyclical,Personal Services,United States,USD,-0.7439487794682731,-42.59560422515889,,stock,S11 Konsum,pillar,85.0,manual thematic assignment after stack redesign,"consumer staples, food, household"
WM,"WASTE MANAGEMENT, INC.",WM,208.3699951171875,USD,-2.6113027559052315,,,,,,,,,,,,,,,,,,,,,,,,,,US94106L1098,WM,WM,Recycling,,0.2029703861995182,0.13754690955190355,0.17049629664968524,2195058.25,457384276.83444214,222.90444931030274,-0.06520486351029264,bull,0.08253855193277171,bull,0.14669386523166983,2026-10-09,-0.14541669351415298,Industrials,Waste Management,United States,USD,-0.8234226254499766,-2.6113027559052315,,stock,S5 Recycling,pillar,85.0,manual thematic assignment after stack redesign,"recycling, urban mining"
LIN,LINDE PLC,LIN,483.6499938964844,USD,6.9956010818488235,,,,,,,,,,,,,,,,,,,,,,,,,,IE000S9YS762,LIN,LIN,Fundament,,0.19095332035900436,0.12796410176118908,0.16031282595138452,2136861.1,1033492857.9726349,485.14730346679687,-0.003086298861423975,bull,0.08253855193277171,bull,0.14669386523166983,2026-10-09,-0.11016823255964137,Basic Materials,Specialty Chemicals,Ireland,USD,0.404812464197124,6.9956010818488235,,stock,S4 Fundament,pillar,85.0,manual thematic assignment after stack redesign,"materials, mining, metals"
WDAY,"WORKDAY, INC.",WDAY,186.4199981689453,USD,-21.744606996188697,,,,,,,,,,,,,,,,,,,,,,,,,,US98138H1014,WDAY,WDAY,Tech 💻,,0.5390670768419829,0.3095293895454463,0.542068625235082,2312951.4,431180395.7528595,156.48164951324463,0.19132178596549565,bull,0.08253855193277171,bull,0.14669386523166983,2026-10-09,0.2945896437660336,Technology,Software - Application,United States,USD,-0.7401093699576755,-21.744606996188697,,stock,S2 Gehirn,pillar,85.0,manual thematic assignment after stack redesign,"ai, semis, software"
NPN.JO,NASPERS LIMITED CLASS N,NPN.JO,72169.0,ZAc,-42.689328796936685,,,,,,,,,,,,,,,,,,,,,,,,,,ZAE000351946,NPN.JO,NPN.JO,E-Commerce,,0.3654688320540859,0.21015659348190294,0.45772930212097374,2162861.7,156091566027.30002,87980.5,-0.17971595978654364,bull,0.08253855193277171,bull,0.14669386523166983,2026-10-09,-0.1952361356214899,Consumer Cyclical,Internet Retail,South Africa,ZAc,2.8385368425552615,-42.689328796936685,,stock,S2 Gehirn,pillar,85.0,manual thematic assignment after stack redesign,"ai, semis, software"
NBIS,NEBIUS GROUP N.V.,NBIS,222.36500549316406,USD,67.64551154733947,,,,,,,,,,,,,,,,,,,,,,,,,,NL0009805522,NBIS,NBIS,Tech 💻,,1.0893568243616345,0.5570960480250166,0.4829955702728198,15917622.45,3539522203.5323615,171.46197540283202,0.2968764938741706,bull,0.08253855193277171,bull,0.14669386523166983,2026-10-09,0.10688850565300512,Communication Services,Internet Content & Information,Netherlands,USD,1.2084104948185237,67.64551154733947,,stock,S2 Gehirn,pillar,85.0,manual thematic assignment after stack redesign,"ai, semis, software"
ENSG,"THE ENSIGN GROUP, INC.",ENSG,173.08999633789062,USD,-1.4691859561165588,,,,,,,,,,,,,,,,,,,,,,,,,,US29358P1012,ENSG,ENSG,Pharma & Gesundheit,,0.2793717639527046,0.16616959880330864,0.3180849124255326,367770.0,63657307.953186035,181.49261795043947,-0.04629731890717104,bull,0.08253855193277171,bull,0.14669386523166983,2026-10-09,-0.0002613255295764727,Healthcare,Medical Care Facilities,United States,USD,0.9329936401397676,-1.4691859561165588,,stock,S13 Gesundheit,pillar,85.0,manual thematic assignment after stack redesign,"healthcare, pharma, medtech"
WYFI,"WHITEFIBER, INC.",WYFI,15.489999771118164,USD,-54.090103732851816,,,,,,,,,,,,,,,,,,,,,,,,,,KYG961151035,WYFI,WYFI,Tech 💻,,1.232143916819867,0.6997830422463773,0.7245080644335788,1266010.5,19610502.355233192,21.557875008583068,-0.2814690796309486,bull,0.08253855193277171,bull,0.14669386523166983,2026-10-09,-0.5412006289795447,Technology,Information Technology Services,United States,USD,-1.6507951040116597,-54.090103732851816,,stock,S2 Gehirn,pillar,85.0,manual thematic assignment after stack redesign,"ai, semis, software"
APP,APPLOVIN CORPORATION,APP,275.8800048828125,USD,-54.044509342195525,,,,,,,,,,,,,,,,,,,,,,,,,,US03831W1080,APP,APP,Medien & Digitales 📱,,0.7191700035668207,0.5605973458331851,0.6343783940198857,5434194.6,1499185632.7821531,445.78750076293943,-0.3811401073142251,bull,0.08253855193277171,bull,0.14669386523166983,2026-10-09,-0.4243319462754567,Communication Services,Advertising Agencies,United States,USD,-1.513633552864091,-54.044509342195525,,stock,S2 Gehirn,pillar,85.0,manual thematic assignment after stack redesign,"ai, semis, software"
KLAR,KLARNA GROUP PLC,KLAR,13.885000228881836,USD,-66.38014410319374,,,,,,,,,,,,,,,,,,,,,,,,,,GB00BMHVL512,KLAR,KLAR,Fintech,,0.6938732118768323,0.5634945460537992,0.7029055524351393,5247918.6,72867350.96215324,17.614375042915345,-0.21172336826866278,bull,0.08253855193277171,bull,0.14669386523166983,2026-10-09,-0.33145563096857356,Financial Services,Credit Services,United Kingdom,USD,3.1575051228110773,-66.38014410319374,,stock,S21 Finanzsystem,pillar,85.0,manual thematic assignment after stack redesign,"payments, exchanges, capital markets, crypto"
CRWV,"COREWEAVE, INC.",CRWV,82.27999877929688,USD,-42.49371140178552,,,,,,,,,,,,,,,,,,,,,,,,,,US21873S1087,CRWV,CRWV,Tech 💻,,0.9445476561663173,0.5090250838652883,0.5749231275056945,30104202.65,2476973757.2937055,92.58827499389649,-0.11133457465623098,bull,0.08253855193277171,bull,0.14669386523166983,2026-10-09,-0.009519476255007264,Technology,Software - Infrastructure,United States,USD,0.8580496843967111,-42.49371140178552,,stock,S2 Gehirn,pillar,85.0,manual thematic assignment after stack redesign,"ai, semis, software"
IREN,IREN LIMITED,IREN,34.85499954223633,USD,-45.41111922443768,,,,,,,,,,,,,,,,,,,,,,,,,,AU0000185993,IREN,IREN,Tech 💻,,1.071376672948842,0.5505249969179844,0.6164114898416528,37045564.3,1291223126.7183864,45.58842504501343,-0.23544190202181925,bull,0.08253855193277171,bull,0.14669386523166983,2026-10-09,-0.13557813126346074,Financial Services,Capital Markets,Australia,USD,-2.394286093969955,-45.41111922443768,,stock,S2 Gehirn,pillar,85.0,manual thematic assignment after stack redesign,"ai, semis, software"
PATH,"UIPATH, INC.",PATH,13.454999923706055,USD,-27.309563709719885,,,,,,,,,,,,,,,,,,,,,,,,,,US90364P1057,PATH,PATH,Tech 💻,,0.6580737843319207,0.4266314774666965,0.5137377050671597,41859333.85,563217333.7581363,12.604374980926513,0.06748648338904095,bull,0.08253855193277171,bull,0.14669386523166983,2026-10-09,0.08809307180797332,Technology,Software - Infrastructure,United States,USD,1.5471692355173872,-27.309563709719885,,stock,S2 Gehirn,pillar,85.0,manual thematic assignment after stack redesign,"ai, semis, software"
SE,SEA LIMITED,SE,95.29000091552734,USD,-49.31382930025141,,,,,,,,,,,,,,,,,,,,,,,,,,US81141R1005,SE,SE,E-Commerce,,0.5099544591873837,0.3334875675221171,0.584255299669631,4025233.05,383564461.0197109,102.21510013580323,-0.06775025618597619,bull,0.08253855193277171,bull,0.14669386523166983,2026-10-09,-0.1668909340942515,Consumer Cyclical,Internet Retail,Singapore,USD,2.5837028115497596,-49.31382930025141,,stock,S2 Gehirn,pillar,85.0,manual thematic assignment after stack redesign,"ai, semis, software"
TE,T1 ENERGY INC.,TE,3.369999885559082,USD,-12.010445099483425,,,,,,,,,,,,,,,,,,,,,,,,,,US35834F1049,TE,TE,Energie,,1.2737042476685103,0.6347315245403811,0.7200996763923229,18741199.15,63157838.990739964,6.418750015497207,-0.4749756763508983,bull,0.08253855193277171,bull,0.14669386523166983,2026-10-09,-0.5461013527583878,Industrials,Electrical Equipment & Parts,United States,USD,-2.0348886772385,-12.010445099483425,,stock,S3 Energie,pillar,85.0,manual thematic assignment after stack redesign,"energy, grid, electrification"
TTD,"THE TRADE DESK, INC.",TTD,12.0649995803833,USD,-77.69458394093559,,,,,,,,,,,,,,,,,,,,,,,,,,US88339J1051,TTD,TTD,Medien & Digitales 📱,,0.5607387123319286,0.3922236784483257,0.7797893988345899,25714342.35,310243529.6625826,21.973850088119505,-0.45093829565596133,bull,0.08253855193277171,bull,0.14669386523166983,2026-10-09,-0.4017798080045628,Communication Services,Advertising Agencies,United States,USD,-2.228529730989659,-77.69458394093559,,stock,S2 Gehirn,pillar,85.0,manual thematic assignment after stack redesign,"ai, semis, software"
GRAB,GRAB HOLDINGS LIMITED,GRAB,3.2049999237060547,USD,-48.05510722730556,,,,,,,,,,,,,,,,,,,,,,,,,,KYG4124C1096,GRAB,GRAB,Tech 💻,,0.38172509431592005,0.2231061190520901,0.5470016139817,80572215.7,258233945.1713278,3.791724997758865,-0.1547382983733261,bull,0.08253855193277171,bull,0.14669386523166983,2026-10-09,-0.19537034037801382,Technology,Software - Application,Singapore,USD,3.0546634024019026,-48.05510722730556,,stock,S15 Mobilität,pillar,85.0,manual thematic assignment after stack redesign,"mobility, autos, autonomy"
MCD,MCDONALD'S CORPORATION,MCD,235.77749633789062,USD,-17.687662466824783,,,,,,,,,,,,,,,,,,,,,,,,,,US5801351017,MCD,MCD,Konsum 🥨,,0.19311560584649995,0.13075070552145232,0.309781815368536,6603392.3,1556931303.8309052,284.42430725097654,-0.1710360530830436,bull,0.08253855193277171,bull,0.14669386523166983,2026-10-09,-0.1558681576945069,Consumer Cyclical,Restaurants,United States,USD,-0.473827601314436,-17.687662466824783,,stock,S11 Konsum,pillar,85.0,manual thematic assignment after stack redesign,"consumer staples, food, household"
RR.L,ROLLS-ROYCE HOLDINGS PLC,RR.L,1385.199951171875,GBp,19.940581227130405,,,,,,,,,,,,,,,,,,,,,,,,,,GB00B63H8491,RR.L,RR.L,,,0.37355441795318756,0.22073912695012823,0.19394848747118054,20096741.7,27838005621.553783,1330.9200274658203,0.04078376054600974,bull,0.08253855193277171,bull,0.14669386523166983,2026-10-09,-0.0637791390739092,Industrials,Aerospace & Defense,United Kingdom,GBp,1.3313790176938456,19.940581227130405,,stock,S20 Sicherheit & Verteidigung,pillar,85.0,manual thematic assignment after stack redesign,"defense, aerospace, security"
SPCX,SPACE EXPLORATION TECHNOLOGIES CORP.,SPCX,161.92999267578125,USD,0.6088821038338965,,,,,,,,,,,,,,,,,,,,,,,,,,US84615Q1031,SPCX,SPCX,,,0.8518078580788718,0.5215393713343797,0.48781873808752996,95104328.7,15400243249.826094,,,bull,0.08253855193277171,bull,0.14669386523166983,2026-10-09,0.15117033383354794,Industrials,Aerospace & Defense,United States,USD,0.8469734629932724,0.6088821038338965,,stock,S20 Sicherheit & Verteidigung,pillar,85.0,manual thematic assignment after stack redesign,"defense, aerospace, security"
AVAV,"AeroVironment, Inc.",AVAV,136.55149841308594,USD,-65.71556014875911,,,,,,,,,,,,,,,,,,,,,,,,,,US0080731088,AVAV,AVAV,,,0.749619268295219,0.47836964674001675,0.6668094017346686,1553760.2,212168283.48461607,198.76000747680663,-0.3129830283940789,bull,0.08253855193277171,bull,0.14669386523166983,2026-10-09,-0.0870140276138589,Industrials,Aerospace & Defense,United States,USD,-0.7619968342449823,-65.71556014875911,,stock,S20 Sicherheit & Verteidigung,pillar,85.0,manual thematic assignment after stack redesign,"defense, aerospace, security"
OCGN,"Ocugen, Inc.",OCGN,0.9240000247955322,USD,-49.508196550448034,,,,,,,,,,,,,,,,,,,,,,,,,,US67577C1053,OCGN,OCGN,Pharma & Gesundheit,,0.7859522241126962,0.5088719634652561,0.6274193477059999,7545268.4,6971828.188688946,1.4832649978995323,-0.37704993638761874,bull,0.08253855193277171,bull,0.14669386523166983,2026-10-09,-0.3926374963216155,Healthcare,Biotechnology,United States,USD,-5.424766980612938,-49.508196550448034,,stock,S13 Gesundheit,pillar,85.0,manual addition via ChatGPT,"healthcare, pharma, medtech"
AXON,"Axon Enterprise, Inc.",AXON,421.0375061035156,USD,-42.641066058144375,,,,,,,,,,,,,,,,,,,,,,,,,,US05464C1018,AXON,AXON,,,0.6246885148012028,0.4083217407112176,0.5444801415130922,1151988.35,485030301.94430393,493.0220378112793,-0.14600672218899502,bull,0.08253855193277171,bull,0.14669386523166983,2026-10-09,-0.2694358695182665,Industrials,Aerospace & Defense,United States,USD,0.8932229198267638,-42.641066058144375,,stock,S20 Sicherheit & Verteidigung,pillar,85.0,manual addition via ChatGPT,"defense, aerospace, security"
INOD,Innodata Inc.,INOD,62.11000061035156,USD,-32.2904193422153,,,,,,,,,,,,,,,,,,,,,,,,,,US4576422053,INOD,INOD,Tech 💻,,1.1968253412573095,0.48044122498225245,0.6244413005318452,1695978.35,105337216.35364304,61.71110010147095,0.006463999316568714,bull,0.08253855193277171,bull,0.14669386523166983,2026-10-09,-0.11370944763587387,Technology,Information Technology Services,United States,USD,1.4869278367120042,-32.2904193422153,,stock,S2 Gehirn,pillar,85.0,manual addition via ChatGPT,"ai, semis, software"
UUUU,Energy Fuels Inc.,UUUU,9.989999771118164,USD,-49.28934322727636,,,,,,,,,,,,,,,,,,,,,,,,,,CA2926717083,UUUU,UUUU,Energie,,0.8869070862511247,0.495843468290648,0.6414141476693844,7962407.15,79544445.60604964,17.02840003490448,-0.4133330347747962,bull,0.08253855193277171,bull,0.14669386523166983,2026-10-09,-0.28368933387281126,Energy,Uranium,Canada,USD,0.5030200487486924,-49.28934322727636,,stock,S3 Energie,pillar,82.0,manual addition via ChatGPT,"energy, grid, electrification"
ADBE,Adobe Inc.,ADBE,242.44500732421875,USD,-30.225629126980515,,,,,,,,,,,,,,,,,,,,,,,,,,US00724F1012,ADBE,ADBE,Tech 💻,,0.41013188410948637,0.27633395822865736,0.4626156492063318,4789709.25,1161241094.1971283,256.9792250061035,-0.05655794814362736,bull,0.08253855193277171,bull,0.14669386523166983,2026-10-09,0.05933801527355409,Technology,Software - Application,United States,USD,0.578719873387179,-30.225629126980515,,stock,S2 Gehirn,pillar,85.0,manual addition via ChatGPT,"ai, semis, software"
MRNA,Moderna Inc.,MRNA,221.2899932861328,USD,703.8139766319662,,,,,,,,,,,,,,,,,,,,,,,,,,US60770K1079,MRNA,MRNA,Pharma & Gesundheit,,1.9344807185842643,0.47079134897086,0.34156480927913413,17415518.9,3853880060.4555187,72.61272523880005,2.0475373642619905,bull,0.08253855193277171,bull,0.14669386523166983,2026-10-09,2.2424954681327773,Healthcare,Biotechnology,United States,USD,12.32994583052427,703.8139766319662,,stock,S13 Gesundheit,pillar,85.0,manual addition via ChatGPT,"healthcare, pharma, medtech"
DRO.AX,DroneShield Limited,DRO.AX,1.565000057220459,AUD,-76.2878775782712,,,,,,,,,,,,,,,,,,,,,,,,,,AU000000DRO2,DRO.AX,DRO.AX,,,0.9781210820944217,0.6504773072537433,0.762878775782712,9422091.75,14745574.127886415,2.9174500077962877,-0.46357262231115637,bull,0.08253855193277171,bull,0.14669386523166983,2026-10-09,-0.355385233607335,Industrials,Aerospace & Defense,Australia,AUD,-3.39505848061874,-76.2878775782712,,stock,S20 Sicherheit & Verteidigung,pillar,85.0,manual addition via ChatGPT,"defense, aerospace, security"
1211.HK,BYD Company Limited,1211.HK,75.5999984741211,HKD,-31.069996448822877,,,,,,,,,,,,,,,,,,,,,,,,,,CNE100000296,1211.HK,1211.HK,Industrie/Auto 🚗,,0.3742139625307646,0.20351290149129206,0.356927331146771,15960381.4,1206604809.4863908,92.35336086273193,-0.18140501040900892,bull,0.08253855193277171,bull,0.14669386523166983,2026-10-09,-0.14194370767610842,Consumer Cyclical,Auto Manufacturers,China,HKD,3.7036994399564094,-31.069996448822877,,stock,S15 Mobilität,pillar,85.0,manual addition via ChatGPT,"mobility, autos, autonomy"
BAS.DE,BASF SE,BAS.DE,51.68000030517578,EUR,25.425359812304514,,,,,,,,,,,,,,,,,,,,,,,,,,DE000BASF111,BAS.DE,BAS.DE,Fundament,,0.2486479716110235,0.15636474385874785,0.13370372630931715,1857520.45,95996657.42287025,48.99970762252808,0.05470017705606489,bull,0.08253855193277171,bull,0.14669386523166983,2026-10-09,0.006939134897122612,Basic Materials,Chemicals,Germany,EUR,-0.17384614987847602,25.425359812304514,,stock,S4 Fundament,pillar,85.0,manual addition via ChatGPT,"materials, mining, metals"
FISV,Fiserv Inc.,FISV,45.41999816894531,USD,-63.9409348213116,,,,,,,,,,,,,,,,,,,,,,,,,,US3377381088,FISV,FISV,Fintech,,0.5826400993507698,0.6574893328270858,0.6494389103097574,6791923.35,308489146.1206169,56.190500030517576,-0.1916783416364457,bull,0.08253855193277171,bull,0.14669386523166983,2026-10-09,-0.12195655651622295,Technology,Information Technology Services,United States,USD,-1.1319122187812836,-63.9409348213116,,stock,S21 Finanzsystem,pillar,85.0,manual addition via ChatGPT,"payments, exchanges, capital markets, crypto"
NIO,NIO Inc.,NIO,3.5617001056671143,USD,-52.25603099927299,,,,,,,,,,,,,,,,,,,,,,,,,,US62914V1061,NIO,NIO,Industrie/Auto 🚗,,0.5139822852398135,0.2862992202873049,0.5482573903047628,30439811.4,108417479.47986703,5.015558502674103,-0.2898696917266237,bull,0.08253855193277171,bull,0.14669386523166983,2026-10-09,-0.32787323123017675,Consumer Cyclical,Auto Manufacturers,China,USD,4.448680821644935,-52.25603099927299,,stock,S15 Mobilität,pillar,85.0,manual addition via ChatGPT,"mobility, autos, autonomy"
XPEV,XPeng Inc.,XPEV,9.920000076293945,USD,-56.700130325777806,,,,,,,,,,,,,,,,,,,,,,,,,,US98422D1054,XPEV,XPEV,Industrie/Auto 🚗,,0.5328787478504169,0.31714249845313514,0.6704666868341437,6437910.05,63864068.18717355,15.304649987220763,-0.35183097394732643,bull,0.08253855193277171,bull,0.14669386523166983,2026-10-09,-0.2962763886642632,Consumer Cyclical,Auto Manufacturers,China,USD,3.874344274024688,-56.700130325777806,,stock,S15 Mobilität,pillar,85.0,manual addition via ChatGPT,"mobility, autos, autonomy"
GE,GE Aerospace,GE,307.9049987792969,USD,3.4110558905244615,,,,,,,,,,,,,,,,,,,,,,,,,,US3696043013,GE,GE,,,0.33152264258951425,0.2266656367204453,0.20851492134460958,4650564.7,1431932118.2765412,323.07941818237305,-0.04696807827761551,bull,0.08253855193277171,bull,0.14669386523166983,2026-10-09,-0.1670157312586158,Industrials,Aerospace & Defense,United States,USD,0.7476617036242139,3.4110558905244615,,stock,S20 Sicherheit & Verteidigung,pillar,81.0,manual addition via ChatGPT,"defense, aerospace, security"
CRUS,Cirrus Logic Inc.,CRUS,107.5199966430664,USD,-13.832346774388816,,,,,,,,,,,,,,,,,,,,,,,,,,US1727551004,CRUS,CRUS,Tech 💻,,0.3701539796499829,0.2612239194644932,0.39899384957341066,788483.25,84777716.39311409,139.6679999923706,-0.23017443760245926,bull,0.08253855193277171,bull,0.14669386523166983,2026-10-09,-0.2560307824288004,Technology,Semiconductors,United States,USD,-5.017668249384155,-13.832346774388816,,stock,S2 Gehirn,pillar,85.0,manual addition via ChatGPT,"ai, semis, software"
ADS.DE,adidas AG,ADS.DE,149.85000610351562,EUR,-20.23918085357641,,,,,,,,,,,,,,,,,,,,,,,,,,DE000A1EWWW0,ADS.DE,ADS.DE,Konsum & Lifestyle,,0.3348197406352115,0.2627504421310745,0.328630068972118,490007.55,73427634.35826874,153.9633039855957,-0.026716092572714012,bull,0.08253855193277171,bull,0.14669386523166983,2026-10-09,-0.20905715849241246,Consumer Cyclical,Footwear & Accessories,Germany,EUR,2.2866935860174964,-20.23918085357641,,stock,S12 Luxus & Marken,pillar,78.0,manual addition via ChatGPT,"luxury, brands, premium consumption"
SGL.DE,SGL Carbon SE,SGL.DE,5.480000019073486,EUR,66.81886989015835,,,,,,,,,,,,,,,,,,,,,,,,,,DE0007235301,SGL.DE,SGL.DE,Fundament,,0.5050940442013568,0.2979338776305537,0.32745823937031304,333057.8,1825156.7503525733,4.197500005960465,0.3055390140064007,bull,0.08253855193277171,bull,0.14669386523166983,2026-10-09,0.29454191114463213,Basic Materials,Chemicals,Germany,EUR,2.4299087244534556,66.81886989015835,,stock,S4 Fundament,pillar,84.0,manual addition via ChatGPT,"materials, mining, metals"
AVGO,Broadcom Inc.,AVGO,362.5450134277344,USD,5.860717730742926,,,,,,,,,,,,,,,,,,,,,,,,,,US11135F1012,AVGO,AVGO,Gehirn,,0.46985694156905544,0.323925362368156,0.29437687207730845,23803519.85,8629847423.645592,367.11059188842773,-0.012436520660457862,bull,0.08253855193277171,bull,0.14669386523166983,2026-10-09,-0.10536583284390888,Technology,Semiconductors,United States,USD,0.6677954910521589,5.860717730742926,,stock,S2 Gehirn,pillar,85.0,manual addition from finanzen.net Trading Idee 2026-10-07,"ai, semis, software"
ANET,Arista Networks Inc.,ANET,217.22000122070312,USD,37.2811774543309,,,,,,,,,,,,,,,,,,,,,,,,,,US0404132054,ANET,ANET,Hardware 💻,,0.5351901029309889,0.35138684537041087,0.28328088546368435,4947570.6,1074711291.771515,161.0745499420166,0.34856810898368296,bull,0.08253855193277171,bull,0.14669386523166983,2026-10-09,0.15099879289009155,Technology,Computer Hardware,United States,USD,2.9625065003728412,37.2811774543309,,stock,S1 Hardware,pillar,85.0,manual addition from finanzen.net Trading Idee 2026-10-07,"robotics, automation, devices"
