Ticker,Name,Yahoo,Akt. Kurs,Währung,Perf %,Score,CRV,Elliott-Signal,Elliott-Einstieg,Elliott-Ausstieg,MC-Chance,Zyklus %,Zyklus-Status,ROE %,Debt/Equity,Div. Rendite %,FCF,Enterprise Value,Revenue,FCF Yield %,Growth %,Margin %,Rule of 40,Current Ratio,Institutional Ownership %,Radar Vector,PE,ConfidenceScore,ConfidenceLabel,ConfidenceBreakdown,ISIN,Symbol,YahooSymbol,Sektor,Akt. Kurs [€],Volatility,DownsideDev,MaxDrawdown,AvgVolume,DollarVolume,SMA200,Trend200,MarketRegimeStock,MarketTrend200Stock,MarketRegimeCrypto,MarketTrend200Crypto,MarketDate,RS3M,Sector,Industry,Country,Currency,Perf 1D %,Perf 1Y %,cycle,AssetType,pillar_primary,bucket_type,pillar_confidence,pillar_reason,pillar_tags,OpportunityScore,RiskScore,ScoreError,ScoreMarketRegime,ScoreAssetClass,ScoreRiskMult,ScoreOppW,ScoreRiskW,ScoreMarketTrend200,ticker,name,isin,symbol,yahoo_symbol,category,sector,industry,country,currency,price,price_eur,perf_pct,score,crv,confidence,elliott_signal,mc_chance,cycle_status,rs3m,trend200,sma200,volatility,downside_dev,max_drawdown,avg_volume,dollar_volume,regime_stock,trend200_stock,regime_crypto,trend200_crypto,market_date,trend_ok,liquidity_ok,is_crypto,score_status,crypto_base,quote_currency,asset_id,ticker_display,cluster_official,TrendOK,LiquidityOK
WPM.TO,WHEATON PREC.,WPM.TO,194.32000732421875,CAD,27.062196137216077,42.8,3.74,BUY,214.41,269.3,76.2,38.5,Zyklus-neutral,13.05,0.099,48.0,376391360.0,87851417600.0,1830402048.0,0.43,54.5,54.72,109.22,8.089,73.33,"[100.0, 26.1, 95.05, 81.5, 16.33]",34.90334,79.1,HIGH,"{""coverage"": 1.0, ""confluence"": 0.6, ""risk_clean"": 1.0, ""regime_align"": 0.767294443765032, ""liquidity"": 0.3783783783783784, ""weights"": {""coverage"": 0.25, ""confluence"": 0.25, ""risk_clean"": 0.2, ""regime_align"": 0.2, ""liquidity"": 0.1}}",CA9628791027,WPM.TO,WPM.TO,Edelmetalle ⛏️,202.53,0.5080643045206418,0.35301020407141764,0.35599557018995076,811353.2,157662159.7665283,183.22064651489256,0.0605792033837409,bull,0.07150753818337252,bull,0.1741757303142999,2026-09-28,0.1567523965637856,Basic Materials,Gold,Canada,CAD,-3.8590876614886027,27.062196137216077,38.5,stock,S4 Fundament,pillar,84.0,manual thematic assignment after stack redesign,"materials, mining, metals",78.06,37.8,,bull,stock,,,,0.07150753818337252,WPM.TO,WHEATON PREC.,CA9628791027,WPM.TO,WPM.TO,Edelmetalle ⛏️,Basic Materials,Gold,Canada,CAD,194.32000732421875,202.53,27.062196137216077,42.8,3.74,79.1,BUY,76.2,Zyklus-neutral,0.1567523965637856,0.0605792033837409,183.22064651489256,0.5080643045206418,0.35301020407141764,0.35599557018995076,811353.2,157662159.7665283,bull,0.07150753818337252,bull,0.1741757303142999,2026-09-28,True,True,False,OK,,,WPM.TO,WPM.TO,Gold,True,True
NVDA,NVIDIA CORP.,NVDA,230.9199981689453,USD,27.287997767392657,39.48,0.0,Seitwärts,0.0,0.0,60.0,73.6,Zyklus-neutral,107.36,9.102,2.0,53282873344.0,4531735756800.0,187141996544.0,1.18,62.5,53.01,115.51,4.468,69.59,"[100.0, 100.0, 0.0, 26.36, 30.04]",24.441496,96.3,HIGH,"{""coverage"": 1.0, ""confluence"": 1.0, ""risk_clean"": 1.0, ""regime_align"": 0.8397741633035751, ""liquidity"": 0.9504504504504504, ""weights"": {""coverage"": 0.25, ""confluence"": 0.25, ""risk_clean"": 0.2, ""regime_align"": 0.2, ""liquidity"": 0.1}}",US67066G1040,NVDA,NVDA,Gehirn,186.47,0.37893049275023616,0.22550519962563223,0.2021437866121676,110251434.8,25459261122.13959,199.35912834167482,0.15831163634092227,bull,0.07150753818337252,bull,0.1741757303142999,2026-09-28,0.1264835442310006,Technology,Semiconductors,United States,USD,2.5991872103596325,27.287997767392657,73.6,stock,S2 Gehirn,pillar,85.0,manual thematic assignment after stack redesign,"ai, semis, software",69.36,26.7,,bull,stock,,,,0.07150753818337252,NVDA,NVIDIA CORP.,US67066G1040,NVDA,NVDA,Gehirn,Technology,Semiconductors,United States,USD,230.9199981689453,186.47,27.287997767392657,39.48,0.0,96.3,Seitwärts,60.0,Zyklus-neutral,0.1264835442310006,0.15831163634092227,199.35912834167482,0.37893049275023616,0.22550519962563223,0.2021437866121676,110251434.8,25459261122.13959,bull,0.07150753818337252,bull,0.1741757303142999,2026-09-28,True,True,False,OK,,,NVDA,NVDA,Semiconductors,True,True
JNJ,Johnson & Johnson,JNJ,272.8900146484375,USD,53.63935285312051,38.03,0.0,Seitwärts,0.0,0.0,79.0,76.2,Zyklus-neutral,35.56,57.766,218.0,0.0,601488490496.0,94193000448.0,0.0,9.1,28.46,37.56,1.0,75.59,"[18.2, 71.12, 0.0, 23.78, 14.01]",18.998785,88.4,HIGH,"{""coverage"": 1.0, ""confluence"": 0.8, ""risk_clean"": 1.0, ""regime_align"": 0.772135257429375, ""liquidity"": 0.7972972972972973, ""weights"": {""coverage"": 0.25, ""confluence"": 0.25, ""risk_clean"": 0.2, ""regime_align"": 0.2, ""liquidity"": 0.1}}",US4781601046,JNJ,JNJ,Pharma 🧪,224.44,0.18945609079852269,0.11697496186531652,0.10959122461615511,6147938.4,1677711000.0336914,238.64018424987793,0.14352080101772335,bull,0.07150753818337252,bull,0.1741757303142999,2026-09-28,0.050907846876457,Healthcare,Drug Manufacturers - General,United States,USD,0.6157412507256099,53.63935285312051,76.2,stock,S13 Gesundheit,pillar,82.0,manual thematic assignment after stack redesign,"healthcare, pharma, medtech",65.87,22.79,,bull,stock,,,,0.07150753818337252,JNJ,Johnson & Johnson,US4781601046,JNJ,JNJ,Pharma 🧪,Healthcare,Drug Manufacturers - General,United States,USD,272.8900146484375,224.44,53.63935285312051,38.03,0.0,88.4,Seitwärts,79.0,Zyklus-neutral,0.050907846876457,0.14352080101772335,238.64018424987793,0.18945609079852269,0.11697496186531652,0.10959122461615511,6147938.4,1677711000.0336914,bull,0.07150753818337252,bull,0.1741757303142999,2026-09-28,True,True,False,OK,,,JNJ,JNJ,Drug Manufacturers - General,True,True
AAPL,Apple Inc.,AAPL,340.6700134277344,USD,34.38999055917562,36.21,0.0,Seitwärts,0.0,0.0,58.9,84.3,Zyklus-Hoch,152.02,102.63,38.0,106312753152.0,4041536438272.0,435617005568.0,2.63,15.7,27.04,42.74,0.974,65.09,"[31.4, 100.0, 0.0, 15.71, 13.81]",29.453894,85.0,HIGH,"{""coverage"": 1.0, ""confluence"": 0.8, ""risk_clean"": 0.6666666666666666, ""regime_align"": 0.869114589702825, ""liquidity"": 0.9324324324324325, ""weights"": {""coverage"": 0.25, ""confluence"": 0.25, ""risk_clean"": 0.2, ""regime_align"": 0.2, ""liquidity"": 0.1}}",US0378331005,AAPL,AAPL,,,0.2451526272315908,0.1841649098223202,0.13798523953754416,41594881.75,14170128924.297523,287.70911598205566,0.18407792629338116,bull,0.07150753818337252,bull,0.1741757303142999,2026-09-28,0.14944925979064894,Technology,Consumer Electronics,United States,USD,-0.11727618608931012,34.38999055917562,84.3,stock,S14 Kommunikations- & Alltagsinfrastruktur,pillar,76.0,manual thematic assignment after stack redesign,"connectivity, telecom, civic infrastructure",64.62,27.58,,bull,stock,,,,0.07150753818337252,AAPL,Apple Inc.,US0378331005,AAPL,AAPL,,Technology,Consumer Electronics,United States,USD,340.6700134277344,,34.38999055917562,36.21,0.0,85.0,Seitwärts,58.9,Zyklus-Hoch,0.14944925979064894,0.18407792629338116,287.70911598205566,0.2451526272315908,0.1841649098223202,0.13798523953754416,41594881.75,14170128924.297523,bull,0.07150753818337252,bull,0.1741757303142999,2026-09-28,True,True,False,OK,,,AAPL,AAPL,Consumer Electronics,True,True
GOOGL,ALPHABET INC.A,GOOGL,340.32000732421875,USD,39.80948779801929,36.16,0.0,Seitwärts,0.0,0.0,75.0,4.9,Zyklus-Tief,35.71,16.133,26.0,38088376320.0,3794015354880.0,402835996672.0,1.0,18.0,32.81,50.81,2.005,81.35,"[36.0, 71.42, 0.0, 95.07, 21.4]",23.884943,75.3,HIGH,"{""coverage"": 1.0, ""confluence"": 0.4, ""risk_clean"": 1.0, ""regime_align"": 0.5576923076923077, ""liquidity"": 0.9144144144144144, ""weights"": {""coverage"": 0.25, ""confluence"": 0.25, ""risk_clean"": 0.2, ""regime_align"": 0.2, ""liquidity"": 0.1}}",US02079K3059,GOOGL,GOOGL,Gehirn,335.67,0.31766796773112443,0.18801711857388814,0.21047200943300937,26034783.4,8860157677.372448,337.93683044433595,0.007052137160513894,bull,0.07150753818337252,bull,0.1741757303142999,2026-09-28,-0.07598606932177332,Communication Services,Internet Content & Information,United States,USD,-1.0467567931379151,39.80948779801929,4.9,stock,S2 Gehirn,pillar,85.0,manual thematic assignment after stack redesign,"ai, semis, software",63.59,24.63,,bull,stock,,,,0.07150753818337252,GOOGL,ALPHABET INC.A,US02079K3059,GOOGL,GOOGL,Gehirn,Communication Services,Internet Content & Information,United States,USD,340.32000732421875,335.67,39.80948779801929,36.16,0.0,75.3,Seitwärts,75.0,Zyklus-Tief,-0.07598606932177332,0.007052137160513894,337.93683044433595,0.31766796773112443,0.18801711857388814,0.21047200943300937,26034783.4,8860157677.372448,bull,0.07150753818337252,bull,0.1741757303142999,2026-09-28,True,True,False,OK,,,GOOGL,GOOGL,Internet Content & Information,True,True
INCY,INCYTE CORP,INCY,123.83000183105469,USD,47.609968687560425,36.15,0.0,Seitwärts,0.0,0.0,66.1,14.5,Zyklus-Tief,30.39,0.887,0.0,531249760.0,18516510720.0,4813105152.0,2.87,20.0,24.7,44.7,3.195,106.03,"[40.0, 60.78, 55.65, 85.47, 21.36]",11.185932,85.0,HIGH,"{""coverage"": 1.0, ""confluence"": 0.8, ""risk_clean"": 1.0, ""regime_align"": 0.7992336227630346, ""liquidity"": 0.4054054054054055, ""weights"": {""coverage"": 0.25, ""confluence"": 0.25, ""risk_clean"": 0.2, ""regime_align"": 0.2, ""liquidity"": 0.1}}",US45337C1027,INCY,INCY,Pharma 🧪,103.95,0.3318059136109453,0.19565990186924256,0.18332275209380544,1469504.25,181968713.96824265,106.39225006103516,0.1639005826083746,bull,0.07150753818337252,bull,0.1741757303142999,2026-09-28,0.06347209728281777,Healthcare,Biotechnology,United States,USD,-0.04842808853767755,47.609968687560425,14.5,stock,S13 Gesundheit,pillar,82.0,manual thematic assignment after stack redesign,"healthcare, pharma, medtech",64.72,28.17,,bull,stock,,,,0.07150753818337252,INCY,INCYTE CORP,US45337C1027,INCY,INCY,Pharma 🧪,Healthcare,Biotechnology,United States,USD,123.83000183105469,103.95,47.609968687560425,36.15,0.0,85.0,Seitwärts,66.1,Zyklus-Tief,0.06347209728281777,0.1639005826083746,106.39225006103516,0.3318059136109453,0.19565990186924256,0.18332275209380544,1469504.25,181968713.96824265,bull,0.07150753818337252,bull,0.1741757303142999,2026-09-28,True,True,False,OK,,,INCY,INCY,Biotechnology,True,True
MSFT,MICROSOFT DL,MSFT,511.1199951171875,USD,0.14096428275034434,35.62,0.0,Seitwärts,0.0,0.0,53.6,43.2,Zyklus-neutral,34.39,31.539,88.0,53640626176.0,3102605836288.0,305453006848.0,1.73,16.7,39.04,55.74,1.386,76.1,"[33.4, 68.78, 0.0, 56.83, 36.18]",21.908993,92.6,HIGH,"{""coverage"": 1.0, ""confluence"": 0.8, ""risk_clean"": 1.0, ""regime_align"": 0.9186641392523744, ""liquidity"": 0.918918918918919, ""weights"": {""coverage"": 0.25, ""confluence"": 0.25, ""risk_clean"": 0.2, ""regime_align"": 0.2, ""liquidity"": 0.1}}",US5949181045,MSFT,MSFT,Gehirn,481.15,0.3280951938318438,0.2058377497801429,0.34498397568158834,20794917.35,10628698054.394318,430.72080596923826,0.186661958358453,bull,0.07150753818337252,bull,0.1741757303142999,2026-09-28,0.3439123950189884,Technology,Software - Infrastructure,United States,USD,-0.978357510155281,0.14096428275034434,43.2,stock,S2 Gehirn,pillar,85.0,manual thematic assignment after stack redesign,"ai, semis, software",64.78,30.9,,bull,stock,,,,0.07150753818337252,MSFT,MICROSOFT DL,US5949181045,MSFT,MSFT,Gehirn,Technology,Software - Infrastructure,United States,USD,511.1199951171875,481.15,0.14096428275034434,35.62,0.0,92.6,Seitwärts,53.6,Zyklus-neutral,0.3439123950189884,0.186661958358453,430.72080596923826,0.3280951938318438,0.2058377497801429,0.34498397568158834,20794917.35,10628698054.394318,bull,0.07150753818337252,bull,0.1741757303142999,2026-09-28,True,True,False,OK,,,MSFT,MSFT,Software - Infrastructure,True,True
PLTR,PALANTIR TECHN.,PLTR,188.66000366210938,USD,5.4791473880776875,34.7,0.0,Seitwärts,0.0,0.0,54.0,30.5,Zyklus-neutral,25.98,3.063,0.0,1260918400.0,326150029312.0,4475445760.0,0.39,70.0,36.31,106.31,7.11,60.57,"[100.0, 51.96, 0.0, 69.5, 4.56]",77.01267,91.3,HIGH,"{""coverage"": 1.0, ""confluence"": 1.0, ""risk_clean"": 0.6666666666666666, ""regime_align"": 0.9570441482206189, ""liquidity"": 0.8873873873873874, ""weights"": {""coverage"": 0.25, ""confluence"": 0.25, ""risk_clean"": 0.2, ""regime_align"": 0.2, ""liquidity"": 0.1}}",US69608A1088,PLTR,PLTR,Gehirn,167.47,0.6080947955669151,0.35806766280917085,0.4822376656276136,25504861.75,4811747311.156593,152.0577247238159,0.2407130516044127,bull,0.07150753818337252,bull,0.1741757303142999,2026-09-28,0.5881510359050759,Technology,Software - Infrastructure,United States,USD,-0.5325009313999707,5.4791473880776875,30.5,stock,S2 Gehirn,pillar,85.0,manual thematic assignment after stack redesign,"ai, semis, software",68.31,46.18,,bull,stock,,,,0.07150753818337252,PLTR,PALANTIR TECHN.,US69608A1088,PLTR,PLTR,Gehirn,Technology,Software - Infrastructure,United States,USD,188.66000366210938,167.47,5.4791473880776875,34.7,0.0,91.3,Seitwärts,54.0,Zyklus-neutral,0.5881510359050759,0.2407130516044127,152.0577247238159,0.6080947955669151,0.35806766280917085,0.4822376656276136,25504861.75,4811747311.156593,bull,0.07150753818337252,bull,0.1741757303142999,2026-09-28,True,True,False,OK,,,PLTR,PLTR,Software - Infrastructure,True,True
NEM.AX,NEWMONT CORP.,NEM.AX,171.02000427246094,AUD,30.11720683228798,34.53,0.0,Seitwärts,0.0,0.0,76.4,43.9,Zyklus-neutral,22.88,16.914,90.0,9337749504.0,182633725952.0,21503000576.0,5.11,20.0,33.42,53.42,2.039,11.57,"[40.0, 45.76, 0.0, 56.08, 21.98]",13.116383,83.6,HIGH,"{""coverage"": 1.0, ""confluence"": 0.8, ""risk_clean"": 1.0, ""regime_align"": 0.8124617830500183, ""liquidity"": 0.23423423423423428, ""weights"": {""coverage"": 0.25, ""confluence"": 0.25, ""risk_clean"": 0.2, ""regime_align"": 0.2, ""liquidity"": 0.1}}",AU0000297962,NEM.AX,NEM.AX,Edelmetalle ⛏️,180.94,0.48063381214036444,0.3261362123324264,0.3160712644519542,342301.45,58540395.44146957,157.50147468566894,0.08583113024034472,bull,0.07150753818337252,bull,0.1741757303142999,2026-09-28,0.20207849445968584,Basic Materials,Gold,United States,AUD,-1.9605584275854793,30.11720683228798,43.9,stock,S4 Fundament,pillar,84.0,manual thematic assignment after stack redesign,"materials, mining, metals",68.02,46.11,,bull,stock,,,,0.07150753818337252,NEM.AX,NEWMONT CORP.,AU0000297962,NEM.AX,NEM.AX,Edelmetalle ⛏️,Basic Materials,Gold,United States,AUD,171.02000427246094,180.94,30.11720683228798,34.53,0.0,83.6,Seitwärts,76.4,Zyklus-neutral,0.20207849445968584,0.08583113024034472,157.50147468566894,0.48063381214036444,0.3261362123324264,0.3160712644519542,342301.45,58540395.44146957,bull,0.07150753818337252,bull,0.1741757303142999,2026-09-28,True,True,False,OK,,,NEM.AX,NEM.AX,Gold,True,True
META,META PLATFORMS INC,META,721.3499755859375,USD,-2.63695670620141,33.76,0.0,Seitwärts,0.0,0.0,47.0,39.9,Zyklus-neutral,30.24,39.164,31.0,23432374272.0,1700112498688.0,200965996544.0,1.38,23.8,30.08,53.88,2.599,79.52,"[47.6, 60.48, 0.0, 60.14, 29.7]",18.803259,97.1,HIGH,"{""coverage"": 1.0, ""confluence"": 1.0, ""risk_clean"": 1.0, ""regime_align"": 0.8825363825363826, ""liquidity"": 0.9414414414414415, ""weights"": {""coverage"": 0.25, ""confluence"": 0.25, ""risk_clean"": 0.2, ""regime_align"": 0.2, ""liquidity"": 0.1}}",US30303M1027,META,META,Tech 💻,673.89,0.41808291577428464,0.29005965149656004,0.29942768814821386,22858161.4,16488734167.829418,625.757651977539,0.15276253243776505,bull,0.07150753818337252,bull,0.1741757303142999,2026-09-28,0.2527236260414154,Communication Services,Internet Content & Information,United States,USD,-4.0324080889652,-2.63695670620141,39.9,stock,S2 Gehirn,pillar,85.0,manual thematic assignment after stack redesign,"ai, semis, software",63.61,36.14,,bull,stock,,,,0.07150753818337252,META,META PLATFORMS INC,US30303M1027,META,META,Tech 💻,Communication Services,Internet Content & Information,United States,USD,721.3499755859375,673.89,-2.63695670620141,33.76,0.0,97.1,Seitwärts,47.0,Zyklus-neutral,0.2527236260414154,0.15276253243776505,625.757651977539,0.41808291577428464,0.29005965149656004,0.29942768814821386,22858161.4,16488734167.829418,bull,0.07150753818337252,bull,0.1741757303142999,2026-09-28,True,True,False,OK,,,META,META,Internet Content & Information,True,True
MA,MASTERCARD INC,MA,567.239990234375,USD,0.4637565414902678,33.42,0.0,Seitwärts,0.0,0.0,45.5,58.4,Zyklus-neutral,209.91,245.288,64.0,16265374720.0,491219648512.0,32790999040.0,3.31,17.6,45.65,63.25,1.035,91.48,"[35.2, 100.0, 0.0, 41.63, 24.28]",23.911453,80.7,HIGH,"{""coverage"": 1.0, ""confluence"": 0.8, ""risk_clean"": 0.6666666666666666, ""regime_align"": 0.7335921894745424, ""liquidity"": 0.7657657657657657, ""weights"": {""coverage"": 0.25, ""confluence"": 0.25, ""risk_clean"": 0.2, ""regime_align"": 0.2, ""liquidity"": 0.1}}",US57636Q1040,MA,MA,Finanzen,521.34,0.22354688633775863,0.1464903961509438,0.18484023580086917,2505649.1,1421304371.0147705,531.2160192871094,0.06781416531001772,bull,0.07150753818337252,bull,0.1741757303142999,2026-09-28,0.07740210228247069,Financial Services,Credit Services,United States,USD,-0.07223362319251914,0.4637565414902678,58.4,stock,S21 Finanzsystem,pillar,83.0,manual thematic assignment after stack redesign,"payments, exchanges, capital markets, crypto",61.22,30.35,,bull,stock,,,,0.07150753818337252,MA,MASTERCARD INC,US57636Q1040,MA,MA,Finanzen,Financial Services,Credit Services,United States,USD,567.239990234375,521.34,0.4637565414902678,33.42,0.0,80.7,Seitwärts,45.5,Zyklus-neutral,0.07740210228247069,0.06781416531001772,531.2160192871094,0.22354688633775863,0.1464903961509438,0.18484023580086917,2505649.1,1421304371.0147705,bull,0.07150753818337252,bull,0.1741757303142999,2026-09-28,True,True,False,OK,,,MA,MA,Credit Services,True,True
KO,Coca-Cola,KO,87.25,USD,35.62907473145851,33.16,0.0,Seitwärts,0.0,0.0,59.6,63.0,Zyklus-neutral,42.44,144.771,262.0,1412875008.0,369796448256.0,47663001600.0,0.38,5.1,27.34,32.44,1.211,66.16,"[10.2, 84.88, 0.0, 37.01, 15.88]",22.126135,80.9,HIGH,"{""coverage"": 1.0, ""confluence"": 0.8, ""risk_clean"": 0.6666666666666666, ""regime_align"": 0.7517528841058253, ""liquidity"": 0.7567567567567568, ""weights"": {""coverage"": 0.25, ""confluence"": 0.25, ""risk_clean"": 0.2, ""regime_align"": 0.2, ""liquidity"": 0.1}}",US1912161007,KO,KO,Konsum 🥤,73.26,0.18813466433930232,0.09886003245996629,0.07867634192195805,15464798.4,1349303660.4,78.78003593444824,0.10751409243579801,bull,0.07150753818337252,bull,0.1741757303142999,2026-09-28,0.05109958576755802,Consumer Defensive,Beverages - Non-Alcoholic,United States,USD,-0.637737813647099,35.62907473145851,63.0,stock,S11 Konsum,pillar,80.0,manual thematic assignment after stack redesign,"consumer staples, food, household",59.69,26.85,,bull,stock,,,,0.07150753818337252,KO,Coca-Cola,US1912161007,KO,KO,Konsum 🥤,Consumer Defensive,Beverages - Non-Alcoholic,United States,USD,87.25,73.26,35.62907473145851,33.16,0.0,80.9,Seitwärts,59.6,Zyklus-neutral,0.05109958576755802,0.10751409243579801,78.78003593444824,0.18813466433930232,0.09886003245996629,0.07867634192195805,15464798.4,1349303660.4,bull,0.07150753818337252,bull,0.1741757303142999,2026-09-28,True,True,False,OK,,,KO,KO,Beverages - Non-Alcoholic,True,True
TSMN.MX,TAIWAN SEMICON.MANU.ADR/5,TSMN.MX,8000.0,MXN,58.827668780329724,32.9,2.45,BUY,6231.98,7734.88,62.8,81.8,Zyklus-Hoch,35.22,18.187,116.0,619089625088.0,159076159848448.0,3809054031872.0,0.39,20.5,45.1,65.6,2.618,16.13,"[41.0, 70.44, 0.0, 38.21, 25.0]",0.0,81.0,HIGH,"{""coverage"": 1.0, ""confluence"": 0.8, ""risk_clean"": 1.0, ""regime_align"": 0.7340304105009987, ""liquidity"": 0.1351351351351351, ""weights"": {""coverage"": 0.25, ""confluence"": 0.25, ""risk_clean"": 0.2, ""regime_align"": 0.2, ""liquidity"": 0.1}}",US8740391003,TSMN.MX,TSMN.MX,Gehirn,5876.64,0.374726316697994,0.23222993010900253,0.21477512232104956,1861.5,14892000.0,6709.637355957031,0.19231481160413888,bull,0.07150753818337252,bull,0.1741757303142999,2026-09-28,-0.026581468224122107,Technology,Semiconductors,Taiwan,MXN,0.07630940755789517,58.827668780329724,81.8,stock,S2 Gehirn,pillar,85.0,manual thematic assignment after stack redesign,"ai, semis, software",60.99,32.1,,bull,stock,,,,0.07150753818337252,TSMN.MX,TAIWAN SEMICON.MANU.ADR/5,US8740391003,TSMN.MX,TSMN.MX,Gehirn,Technology,Semiconductors,Taiwan,MXN,8000.0,5876.64,58.827668780329724,32.9,2.45,81.0,BUY,62.8,Zyklus-Hoch,-0.026581468224122107,0.19231481160413888,6709.637355957031,0.374726316697994,0.23222993010900253,0.21477512232104956,1861.5,14892000.0,bull,0.07150753818337252,bull,0.1741757303142999,2026-09-28,True,True,False,OK,,,TSMN.MX,TSMN.MX,Semiconductors,True,True
ASML,ASML HOLDING,ASML,1763.4749755859375,USD,84.40389012089582,32.7,0.0,Seitwärts,0.0,0.0,73.9,35.5,Zyklus-neutral,50.46,13.813,62.0,12685974528.0,535751229440.0,32667299840.0,2.37,4.9,29.42,34.32,1.262,18.74,"[9.8, 100.0, 0.0, 64.53, 12.03]",31.993082,80.7,HIGH,"{""coverage"": 1.0, ""confluence"": 0.6, ""risk_clean"": 1.0, ""regime_align"": 0.6145387468916881, ""liquidity"": 0.8378378378378378, ""weights"": {""coverage"": 0.25, ""confluence"": 0.25, ""risk_clean"": 0.2, ""regime_align"": 0.2, ""liquidity"": 0.1}}",NL0010273215,ASML,ASML,Gehirn,1466.93,0.4651238746456019,0.27714287900955636,0.2195313939004605,1275236.9,2248848361.0937862,1525.016437072754,0.15636456940156074,bull,0.07150753818337252,bull,0.1741757303142999,2026-09-28,-0.14132434769337476,Technology,Semiconductor Equipment & Materials,Netherlands,USD,1.1201666821126333,84.40389012089582,35.5,stock,S2 Gehirn,pillar,85.0,manual thematic assignment after stack redesign,"ai, semis, software",60.99,33.05,,bull,stock,,,,0.07150753818337252,ASML,ASML HOLDING,NL0010273215,ASML,ASML,Gehirn,Technology,Semiconductor Equipment & Materials,Netherlands,USD,1763.4749755859375,1466.93,84.40389012089582,32.7,0.0,80.7,Seitwärts,73.9,Zyklus-neutral,-0.14132434769337476,0.15636456940156074,1525.016437072754,0.4651238746456019,0.27714287900955636,0.2195313939004605,1275236.9,2248848361.0937862,bull,0.07150753818337252,bull,0.1741757303142999,2026-09-28,True,True,False,OK,,,ASML,ASML,Semiconductor Equipment & Materials,True,True
MU,MICRON TECHNOLOGY INC,MU,1049.614990234375,USD,541.4274788332638,32.4,0.0,Seitwärts,0.0,0.0,76.3,0.0,Zyklus-Tief,22.55,21.244,12.0,444249984.0,422271320064.0,42311999488.0,0.11,56.7,28.15,84.85,2.46,83.37,"[100.0, 45.1, 0.0, 100.0, 21.56]",8.597669,81.8,HIGH,"{""coverage"": 1.0, ""confluence"": 0.8, ""risk_clean"": 0.6666666666666666, ""regime_align"": 0.6936529289470466, ""liquidity"": 0.954954954954955, ""weights"": {""coverage"": 0.25, ""confluence"": 0.25, ""risk_clean"": 0.2, ""regime_align"": 0.2, ""liquidity"": 0.1}}",US5951121038,MU,MU,Tech 💻,414.04,0.8171170648014265,0.4744861412266345,0.3909541844002312,24416236.25,25627647573.103943,664.9620977783203,0.5784583718999985,bull,0.07150753818337252,bull,0.1741757303142999,2026-09-28,-0.11943218047654347,Technology,Semiconductors,United States,USD,-3.01816888219969,541.4274788332638,0.0,stock,S2 Gehirn,pillar,85.0,manual thematic assignment after stack redesign,"ai, semis, software",66.5,51.54,,bull,stock,,,,0.07150753818337252,MU,MICRON TECHNOLOGY INC,US5951121038,MU,MU,Tech 💻,Technology,Semiconductors,United States,USD,1049.614990234375,414.04,541.4274788332638,32.4,0.0,81.8,Seitwärts,76.3,Zyklus-Tief,-0.11943218047654347,0.5784583718999985,664.9620977783203,0.8171170648014265,0.4744861412266345,0.3909541844002312,24416236.25,25627647573.103943,bull,0.07150753818337252,bull,0.1741757303142999,2026-09-28,True,True,False,OK,,,MU,MU,Semiconductors,True,True
BLK,BLACKROCK INC,BLK,1071.5699462890625,USD,-6.897998152872109,31.54,0.0,Seitwärts,0.0,0.0,58.7,28.1,Zyklus-neutral,10.69,24.32,192.0,0.0,177495670784.0,24216000512.0,0.0,23.4,22.93,46.33,1.0,84.09,"[46.8, 21.38, 0.0, 71.87, 27.29]",17.549316,80.2,HIGH,"{""coverage"": 1.0, ""confluence"": 0.6, ""risk_clean"": 1.0, ""regime_align"": 0.7041294688353512, ""liquidity"": 0.6126126126126126, ""weights"": {""coverage"": 0.25, ""confluence"": 0.25, ""risk_clean"": 0.2, ""regime_align"": 0.2, ""liquidity"": 0.1}}",US09247X1019,BLK,BLK,Finanzen 🏦,1107.99,0.275098309317189,0.1814746395199489,0.22454441911078005,539665.95,578289813.0555358,1051.1066909790038,0.019468295165164573,bull,0.07150753818337252,bull,0.1741757303142999,2026-09-28,0.09123819495344088,Financial Services,Asset Management,United States,USD,-1.3568973414246788,-6.897998152872109,28.1,stock,S21 Finanzsystem,pillar,83.0,manual thematic assignment after stack redesign,"payments, exchanges, capital markets, crypto",57.56,27.96,,bull,stock,,,,0.07150753818337252,BLK,BLACKROCK INC,US09247X1019,BLK,BLK,Finanzen 🏦,Financial Services,Asset Management,United States,USD,1071.5699462890625,1107.99,-6.897998152872109,31.54,0.0,80.2,Seitwärts,58.7,Zyklus-neutral,0.09123819495344088,0.019468295165164573,1051.1066909790038,0.275098309317189,0.1814746395199489,0.22454441911078005,539665.95,578289813.0555358,bull,0.07150753818337252,bull,0.1741757303142999,2026-09-28,True,True,False,OK,,,BLK,BLK,Asset Management,True,True
DB1.DE,DEUTSCHE BOERSE AG,DB1.DE,287.1000061035156,EUR,29.077952977485676,30.02,0.0,Seitwärts,0.0,0.0,42.2,59.0,Zyklus-neutral,19.48,54.664,189.0,0.0,1.0,7302400000.0,0.0,4.2,27.59,31.79,1.009,64.75,"[8.4, 38.96, 0.0, 41.03, 28.01]",17.867914,85.8,HIGH,"{""coverage"": 1.0, ""confluence"": 0.8, ""risk_clean"": 1.0, ""regime_align"": 0.8781032163385105, ""liquidity"": 0.3198198198198199, ""weights"": {""coverage"": 0.25, ""confluence"": 0.25, ""risk_clean"": 0.2, ""regime_align"": 0.2, ""liquidity"": 0.1}}",DE0005140008,DB1.DE,DB1.DE,Finanzen,33.53,0.22775423591218244,0.1404212706339347,0.11953220395825659,315112.95,90468929.86829682,245.3333625793457,0.17024445059184212,bull,0.07150753818337252,bull,0.1741757303142999,2026-09-28,0.17337278270879186,Financial Services,Financial Data & Stock Exchanges,Germany,EUR,0.8075907335427512,29.077952977485676,59.0,stock,S21 Finanzsystem,pillar,83.0,manual thematic assignment after stack redesign,"payments, exchanges, capital markets, crypto",55.67,29.39,,bull,stock,,,,0.07150753818337252,DB1.DE,DEUTSCHE BOERSE AG,DE0005140008,DB1.DE,DB1.DE,Finanzen,Financial Services,Financial Data & Stock Exchanges,Germany,EUR,287.1000061035156,33.53,29.077952977485676,30.02,0.0,85.8,Seitwärts,42.2,Zyklus-neutral,0.17337278270879186,0.17024445059184212,245.3333625793457,0.22775423591218244,0.1404212706339347,0.11953220395825659,315112.95,90468929.86829682,bull,0.07150753818337252,bull,0.1741757303142999,2026-09-28,True,True,False,OK,,,DB1.DE,DB1.DE,Financial Data & Stock Exchanges,True,True
ALV.DE,ALLIANZ SE,ALV.DE,425.5,EUR,24.882254353525713,29.98,0.0,Seitwärts,0.0,0.0,65.4,58.7,Zyklus-neutral,17.98,100.0,398.0,0.0,114918481920.0,105018998784.0,0.0,5.8,10.08,15.88,127.745,41.77,"[11.6, 35.96, 0.0, 41.3, 20.39]",12.127932,61.6,MED,"{""coverage"": 1.0, ""confluence"": 0.2, ""risk_clean"": 0.6666666666666666, ""regime_align"": 0.6841343606049488, ""liquidity"": 0.45495495495495497, ""weights"": {""coverage"": 0.25, ""confluence"": 0.25, ""risk_clean"": 0.2, ""regime_align"": 0.2, ""liquidity"": 0.1}}",DE0008404005,ALV.DE,ALV.DE,Finanzen,365.3,0.1832569622697697,0.15060876306338464,0.12350398048430755,532401.25,226536731.875,388.1740023803711,0.09615790184488748,bull,0.07150753818337252,bull,0.1741757303142999,2026-09-28,-0.0013589669370976942,Financial Services,Insurance - Diversified,Germany,EUR,0.47225501770955525,24.882254353525713,58.7,stock,S21 Finanzsystem,pillar,83.0,manual thematic assignment after stack redesign,"payments, exchanges, capital markets, crypto",55.65,29.48,,bull,stock,,,,0.07150753818337252,ALV.DE,ALLIANZ SE,DE0008404005,ALV.DE,ALV.DE,Finanzen,Financial Services,Insurance - Diversified,Germany,EUR,425.5,365.3,24.882254353525713,29.98,0.0,61.6,Seitwärts,65.4,Zyklus-neutral,-0.0013589669370976942,0.09615790184488748,388.1740023803711,0.1832569622697697,0.15060876306338464,0.12350398048430755,532401.25,226536731.875,bull,0.07150753818337252,bull,0.1741757303142999,2026-09-28,True,True,False,OK,,,ALV.DE,ALV.DE,Insurance - Diversified,True,True
ABBN.SW,ABB LTD. NA,ABBN.SW,79.77999877929688,CHF,42.03618369893054,29.65,0.0,Seitwärts,0.0,0.0,64.9,82.3,Zyklus-Hoch,29.33,55.485,131.0,880625024.0,127925157888.0,33219999744.0,0.69,5.4,14.25,19.65,1.558,56.54,"[10.8, 58.66, 0.0, 17.74, 6.46]",27.666952,70.3,MED,"{""coverage"": 1.0, ""confluence"": 0.4, ""risk_clean"": 1.0, ""regime_align"": 0.5737128531246178, ""liquidity"": 0.3873873873873874, ""weights"": {""coverage"": 0.25, ""confluence"": 0.25, ""risk_clean"": 0.2, ""regime_align"": 0.2, ""liquidity"": 0.1}}",CH0012221716,ABBN.SW,ABBN.SW,Hardware 💻,61.46,0.28236970670317224,0.1759443862143987,0.1481480970966259,2146171.55,171221563.63916168,73.95399744033813,0.07877872110508743,bull,0.07150753818337252,bull,0.1741757303142999,2026-09-28,-0.11794999655208827,Industrials,Electrical Equipment & Parts,Switzerland,CHF,-0.4988794267353991,42.03618369893054,82.3,stock,S1 Hardware,pillar,85.0,manual thematic assignment after stack redesign,"robotics, automation, devices",55.74,31.34,,bull,stock,,,,0.07150753818337252,ABBN.SW,ABB LTD. NA,CH0012221716,ABBN.SW,ABBN.SW,Hardware 💻,Industrials,Electrical Equipment & Parts,Switzerland,CHF,79.77999877929688,61.46,42.03618369893054,29.65,0.0,70.3,Seitwärts,64.9,Zyklus-Hoch,-0.11794999655208827,0.07877872110508743,73.95399744033813,0.28236970670317224,0.1759443862143987,0.1481480970966259,2146171.55,171221563.63916168,bull,0.07150753818337252,bull,0.1741757303142999,2026-09-28,True,True,False,OK,,,ABBN.SW,ABBN.SW,Electrical Equipment & Parts,True,True
BTO.TO,B2GOLD CORP.,BTO.TO,7.570000171661377,CAD,11.411099044347406,29.64,0.0,Seitwärts,0.0,0.0,71.4,64.9,Zyklus-neutral,7.23,18.916,145.0,45092624.0,10475671552.0,2507048960.0,0.43,74.7,8.75,83.45,1.034,66.1,"[100.0, 14.46, 0.0, 35.11, 31.38]",6.9789095,72.8,MED,"{""coverage"": 1.0, ""confluence"": 0.6, ""risk_clean"": 0.6666666666666666, ""regime_align"": 0.8960600872365578, ""liquidity"": 0.1576576576576576, ""weights"": {""coverage"": 0.25, ""confluence"": 0.25, ""risk_clean"": 0.2, ""regime_align"": 0.2, ""liquidity"": 0.1}}",CA11777Q2099,BTO.TO,BTO.TO,Edelmetalle ⛏️,7.47,0.6074687517566928,0.3825399357920164,0.3889865283064944,3383974.4,25616686.788897704,6.554727401733398,0.15489168468844183,bull,0.07150753818337252,bull,0.1741757303142999,2026-09-28,0.30035016694803396,Basic Materials,Gold,Canada,CAD,-2.069855718205893,11.411099044347406,64.9,stock,S4 Fundament,pillar,84.0,manual thematic assignment after stack redesign,"materials, mining, metals",63.38,55.06,,bull,stock,,,,0.07150753818337252,BTO.TO,B2GOLD CORP.,CA11777Q2099,BTO.TO,BTO.TO,Edelmetalle ⛏️,Basic Materials,Gold,Canada,CAD,7.570000171661377,7.47,11.411099044347406,29.64,0.0,72.8,Seitwärts,71.4,Zyklus-neutral,0.30035016694803396,0.15489168468844183,6.554727401733398,0.6074687517566928,0.3825399357920164,0.3889865283064944,3383974.4,25616686.788897704,bull,0.07150753818337252,bull,0.1741757303142999,2026-09-28,True,True,False,OK,,,BTO.TO,BTO.TO,Gold,True,True
V,Visa Inc.,V,368.82000732421875,USD,9.292592480723783,29.51,,,,,,,,,,,,,,,,,,,,,,78.1,HIGH,"{""coverage"": 1.0, ""confluence"": 0.4, ""risk_clean"": 1.0, ""regime_align"": 0.7381986058456647, ""liquidity"": 0.8288288288288288, ""weights"": {""coverage"": 0.25, ""confluence"": 0.25, ""risk_clean"": 0.2, ""regime_align"": 0.2, ""liquidity"": 0.1}}",US92826C8394,V,V,Finanzen,,0.22084478006977998,0.13264551694618915,0.17180498084031304,5897077.1,2174960019.2134824,336.0772637939453,0.09742623812347095,bull,0.07150753818337252,bull,0.1741757303142999,2026-09-28,0.04810349006081727,Financial Services,Credit Services,United States,USD,0.3919653825105618,9.292592480723783,0.0,stock,S21 Finanzsystem,pillar,86.0,manual gap-filling addition for payments infrastructure coverage,"payments, exchanges, capital markets, crypto",52.99,23.47,,bull,stock,,,,0.07150753818337252,V,Visa Inc.,US92826C8394,V,V,Finanzen,Financial Services,Credit Services,United States,USD,368.82000732421875,,9.292592480723783,29.51,,78.1,,,,0.04810349006081727,0.09742623812347095,336.0772637939453,0.22084478006977998,0.13264551694618915,0.17180498084031304,5897077.1,2174960019.2134824,bull,0.07150753818337252,bull,0.1741757303142999,2026-09-28,True,True,False,OK,,,V,V,Credit Services,True,True
ILMN,ILLUMINA INC.,ILMN,272.0,USD,196.07052559941235,29.09,,,,,,,,,,,,,,,,,,,,,,81.8,HIGH,"{""coverage"": 1.0, ""confluence"": 0.4, ""risk_clean"": 1.0, ""regime_align"": 0.9842138518609107, ""liquidity"": 0.7117117117117117, ""weights"": {""coverage"": 0.25, ""confluence"": 0.25, ""risk_clean"": 0.2, ""regime_align"": 0.2, ""liquidity"": 0.1}}",US4523271090,ILMN,ILMN,Pharma & Gesundheit,,0.49405506387024956,0.2320958425152807,0.2566417362133443,3941181.1,1072001259.2,159.98734966278076,0.7001344204608555,bull,0.07150753818337252,bull,0.1741757303142999,2026-09-28,0.5180602071942149,Healthcare,Diagnostics & Research,United States,USD,0.7407407407407307,196.07052559941235,0.0,stock,S13 Gesundheit,pillar,85.0,manual thematic assignment after stack redesign,"healthcare, pharma, medtech",57.33,38.95,,bull,stock,,,,0.07150753818337252,ILMN,ILLUMINA INC.,US4523271090,ILMN,ILMN,Pharma & Gesundheit,Healthcare,Diagnostics & Research,United States,USD,272.0,,196.07052559941235,29.09,,81.8,,,,0.5180602071942149,0.7001344204608555,159.98734966278076,0.49405506387024956,0.2320958425152807,0.2566417362133443,3941181.1,1072001259.2,bull,0.07150753818337252,bull,0.1741757303142999,2026-09-28,True,True,False,OK,,,ILMN,ILMN,Diagnostics & Research,True,True
AMZN,AMAZON.COM,AMZN,246.5500030517578,USD,10.973581079238759,28.93,0.0,Seitwärts,0.0,0.0,47.3,1.3,Zyklus-Tief,22.29,43.435,0.0,23793125376.0,2277217140736.0,716923994112.0,1.04,13.6,10.83,24.43,1.051,66.62,"[27.2, 44.58, 0.0, 98.71, 32.39]",22.206844,71.8,MED,"{""coverage"": 1.0, ""confluence"": 0.2, ""risk_clean"": 1.0, ""regime_align"": 0.6410765969589498, ""liquidity"": 0.9009009009009009, ""weights"": {""coverage"": 0.25, ""confluence"": 0.25, ""risk_clean"": 0.2, ""regime_align"": 0.2, ""liquidity"": 0.1}}",US0231351067,AMZN,AMZN,E-Commerce,244.38,0.34472764071545725,0.1809595255688683,0.2173622311569574,33552130.5,8272277877.167976,240.9409999847412,0.023279570796883142,bull,0.07150753818337252,bull,0.1741757303142999,2026-09-28,0.005558083586545637,Consumer Cyclical,Internet Retail,United States,USD,-1.2496475908476135,10.973581079238759,1.3,stock,S2 Gehirn,pillar,85.0,manual thematic assignment after stack redesign,"ai, semis, software",53.68,28.41,,bull,stock,,,,0.07150753818337252,AMZN,AMAZON.COM,US0231351067,AMZN,AMZN,E-Commerce,Consumer Cyclical,Internet Retail,United States,USD,246.5500030517578,244.38,10.973581079238759,28.93,0.0,71.8,Seitwärts,47.3,Zyklus-Tief,0.005558083586545637,0.023279570796883142,240.9409999847412,0.34472764071545725,0.1809595255688683,0.2173622311569574,33552130.5,8272277877.167976,bull,0.07150753818337252,bull,0.1741757303142999,2026-09-28,True,True,False,OK,,,AMZN,AMZN,Internet Retail,True,True
PG,Procter & Gamble,PG,148.3699951171875,USD,-0.519064719753648,28.88,0.0,Seitwärts,0.0,0.0,47.5,86.3,Zyklus-Hoch,31.56,68.719,266.0,13253374976.0,396559024128.0,85259001856.0,3.34,1.5,19.3,20.8,0.724,70.71,"[3.0, 63.12, 0.0, 13.71, 16.78]",21.694807,67.8,MED,"{""coverage"": 1.0, ""confluence"": 0.4, ""risk_clean"": 0.6666666666666666, ""regime_align"": 0.6117667441196852, ""liquidity"": 0.7252252252252253, ""weights"": {""coverage"": 0.25, ""confluence"": 0.25, ""risk_clean"": 0.2, ""regime_align"": 0.2, ""liquidity"": 0.1}}",US7427181091,PG,PG,Konsum 🧼,148.27,0.19732069802790167,0.11212387317679136,0.15522932638749032,7900545.7,1172203926.9321167,146.07431640625,0.015715827172197327,bull,0.07150753818337252,bull,0.1741757303142999,2026-09-28,-0.00953784804452562,Consumer Defensive,Household & Personal Products,United States,USD,1.4634476182545653,-0.519064719753648,86.3,stock,S11 Konsum,pillar,80.0,manual thematic assignment after stack redesign,"consumer staples, food, household",52.65,25.41,,bull,stock,,,,0.07150753818337252,PG,Procter & Gamble,US7427181091,PG,PG,Konsum 🧼,Consumer Defensive,Household & Personal Products,United States,USD,148.3699951171875,148.27,-0.519064719753648,28.88,0.0,67.8,Seitwärts,47.5,Zyklus-Hoch,-0.00953784804452562,0.015715827172197327,146.07431640625,0.19732069802790167,0.11212387317679136,0.15522932638749032,7900545.7,1172203926.9321167,bull,0.07150753818337252,bull,0.1741757303142999,2026-09-28,True,True,False,OK,,,PG,PG,Household & Personal Products,True,True
TER,TERADYNE INC.,TER,393.614990234375,USD,193.588511649383,28.84,0.0,Seitwärts,0.0,0.0,72.8,86.1,Zyklus-Hoch,19.73,10.131,17.0,276822624.0,47649693696.0,3190023936.0,0.58,43.9,17.37,61.27,1.757,105.27,"[87.8, 39.46, 0.0, 13.9, 5.44]",38.050655,76.7,HIGH,"{""coverage"": 1.0, ""confluence"": 0.8, ""risk_clean"": 0.6666666666666666, ""regime_align"": 0.5696058048999225, ""liquidity"": 0.6981981981981982, ""weights"": {""coverage"": 0.25, ""confluence"": 0.25, ""risk_clean"": 0.2, ""regime_align"": 0.2, ""liquidity"": 0.1}}",US8807701029,TER,TER,Hardware 💻,239.62,0.7700660406905505,0.5428125267074414,0.3398437354578995,2416673.1,951238758.6561768,330.46107345581055,0.19110849008063102,bull,0.07150753818337252,bull,0.1741757303142999,2026-09-28,-0.2150529756735723,Technology,Semiconductor Equipment & Materials,United States,USD,-1.1960978437758674,193.588511649383,86.1,stock,S1 Hardware,pillar,85.0,manual thematic assignment after stack redesign,"robotics, automation, devices",61.14,51.89,,bull,stock,,,,0.07150753818337252,TER,TERADYNE INC.,US8807701029,TER,TER,Hardware 💻,Technology,Semiconductor Equipment & Materials,United States,USD,393.614990234375,239.62,193.588511649383,28.84,0.0,76.7,Seitwärts,72.8,Zyklus-Hoch,-0.2150529756735723,0.19110849008063102,330.46107345581055,0.7700660406905505,0.5428125267074414,0.3398437354578995,2416673.1,951238758.6561768,bull,0.07150753818337252,bull,0.1741757303142999,2026-09-28,True,True,False,OK,,,TER,TER,Semiconductor Equipment & Materials,True,True
ROK,ROCKWELL AU.,ROK,431.489990234375,USD,26.9154961512617,28.73,0.0,Seitwärts,0.0,0.0,66.6,18.2,Zyklus-Tief,23.74,99.289,134.0,1025500032.0,49741873152.0,8566000128.0,2.06,11.9,11.56,23.46,1.156,86.72,"[23.8, 47.48, 0.0, 81.79, 11.78]",30.140837,58.5,MED,"{""coverage"": 1.0, ""confluence"": 0.2, ""risk_clean"": 0.6666666666666666, ""regime_align"": 0.4969426440014676, ""liquidity"": 0.5180180180180181, ""weights"": {""coverage"": 0.25, ""confluence"": 0.25, ""risk_clean"": 0.2, ""regime_align"": 0.2, ""liquidity"": 0.1}}",US7739031091,ROK,ROK,Hardware 💻,420.36,0.3092074994124867,0.20329279369740208,0.18728308848486097,698344.3,301328575.1872315,421.0306423950195,0.02484224848780081,bull,0.07150753818337252,bull,0.1741757303142999,2026-09-28,-0.15464768685654506,Industrials,Specialty Industrial Machinery,United States,USD,-0.6126923182091737,26.9154961512617,18.2,stock,S1 Hardware,pillar,85.0,manual thematic assignment after stack redesign,"robotics, automation, devices",55.51,34.98,,bull,stock,,,,0.07150753818337252,ROK,ROCKWELL AU.,US7739031091,ROK,ROK,Hardware 💻,Industrials,Specialty Industrial Machinery,United States,USD,431.489990234375,420.36,26.9154961512617,28.73,0.0,58.5,Seitwärts,66.6,Zyklus-Tief,-0.15464768685654506,0.02484224848780081,421.0306423950195,0.3092074994124867,0.20329279369740208,0.18728308848486097,698344.3,301328575.1872315,bull,0.07150753818337252,bull,0.1741757303142999,2026-09-28,True,True,False,OK,,,ROK,ROK,Specialty Industrial Machinery,True,True
COIN,COINBASE GLB.,COIN,193.0,USD,-42.21383704806133,28.18,0.0,Seitwärts,0.0,0.0,40.6,34.0,Zyklus-neutral,26.0,48.559,0.0,-1097911808.0,41830793216.0,7370428928.0,-2.62,58.9,43.66,102.56,2.404,67.14,"[100.0, 52.0, 0.0, 65.97, 63.27]",25.270573,75.7,HIGH,"{""coverage"": 1.0, ""confluence"": 0.8, ""risk_clean"": 0.3333333333333333, ""regime_align"": 0.7920182626064979, ""liquidity"": 0.8153153153153153, ""weights"": {""coverage"": 0.25, ""confluence"": 0.25, ""risk_clean"": 0.2, ""regime_align"": 0.2, ""liquidity"": 0.1}}",US19260Q1076,COIN,COIN,Krypto-Infrastruktur 🪙,211.68,0.7266061093182071,0.39473941529424816,0.6356805320824648,9746506.4,1881075735.2,186.98134956359863,0.03218850677058693,bull,0.07150753818337252,bull,0.1741757303142999,2026-09-28,0.2913111839980471,Financial Services,Financial Data & Stock Exchanges,United States,USD,-1.0814415477171657,-42.21383704806133,34.0,stock,S21 Finanzsystem,pillar,83.0,manual thematic assignment after stack redesign,"payments, exchanges, capital markets, crypto",62.75,60.02,,bull,stock,,,,0.07150753818337252,COIN,COINBASE GLB.,US19260Q1076,COIN,COIN,Krypto-Infrastruktur 🪙,Financial Services,Financial Data & Stock Exchanges,United States,USD,193.0,211.68,-42.21383704806133,28.18,0.0,75.7,Seitwärts,40.6,Zyklus-neutral,0.2913111839980471,0.03218850677058693,186.98134956359863,0.7266061093182071,0.39473941529424816,0.6356805320824648,9746506.4,1881075735.2,bull,0.07150753818337252,bull,0.1741757303142999,2026-09-28,True,True,False,OK,,,COIN,COIN,Financial Data & Stock Exchanges,True,True
PM,PHILIP MORRIS INTERNATIONAL INC,PM,192.1649932861328,USD,22.169742819994177,27.95,0.0,Seitwärts,0.0,0.0,62.7,57.4,Zyklus-neutral,0.0,100.0,322.0,8938874880.0,331078795264.0,40647999488.0,2.7,6.8,27.92,34.72,0.958,82.91,"[13.6, 0.0, 0.0, 42.6, 16.42]",19.94217,69.3,MED,"{""coverage"": 1.0, ""confluence"": 0.4, ""risk_clean"": 0.6666666666666666, ""regime_align"": 0.7224124577065754, ""liquidity"": 0.6531531531531531, ""weights"": {""coverage"": 0.25, ""confluence"": 0.25, ""risk_clean"": 0.2, ""regime_align"": 0.2, ""liquidity"": 0.1}}",US7181721090,PM,PM,Konsum 🚬,177.68,0.27937411576454346,0.18108715479505366,0.1853633323123942,4276510.3,821795573.0875778,175.63011421203612,0.09414603610707872,bull,0.07150753818337252,bull,0.1741757303142999,2026-09-28,0.033324662577435715,Consumer Defensive,Tobacco,United States,USD,0.8846060459828831,22.169742819994177,57.4,stock,S11 Konsum,pillar,80.0,manual thematic assignment after stack redesign,"consumer staples, food, household",53.21,31.58,,bull,stock,,,,0.07150753818337252,PM,PHILIP MORRIS INTERNATIONAL INC,US7181721090,PM,PM,Konsum 🚬,Consumer Defensive,Tobacco,United States,USD,192.1649932861328,177.68,22.169742819994177,27.95,0.0,69.3,Seitwärts,62.7,Zyklus-neutral,0.033324662577435715,0.09414603610707872,175.63011421203612,0.27937411576454346,0.18108715479505366,0.1853633323123942,4276510.3,821795573.0875778,bull,0.07150753818337252,bull,0.1741757303142999,2026-09-28,True,True,False,OK,,,PM,PM,Tobacco,True,True
DIS,THE WALT DISNEY COMPANY,DIS,105.18000030517578,USD,-7.036915833873181,27.93,,,,,,,,,,,,,,,,,,,,,,70.4,MED,"{""coverage"": 1.0, ""confluence"": 0.2, ""risk_clean"": 1.0, ""regime_align"": 0.6861012596306714, ""liquidity"": 0.6666666666666666, ""weights"": {""coverage"": 0.25, ""confluence"": 0.25, ""risk_clean"": 0.2, ""regime_align"": 0.2, ""liquidity"": 0.1}}",US2546871060,DIS,DIS,Medien & Digitales 📱,,0.2672394804224242,0.18391547211894985,0.20245083866478664,7955215.0,836729516.127739,103.43711601257324,0.016849699216195058,bull,0.07150753818337252,bull,0.1741757303142999,2026-09-28,0.06389068993126101,Communication Services,Entertainment,United States,USD,-0.9138023615257729,-7.036915833873181,0.0,stock,S19 Medien & Unterhaltung,pillar,75.0,manual thematic assignment after stack redesign,"media, entertainment, streaming",52.27,28.8,,bull,stock,,,,0.07150753818337252,DIS,THE WALT DISNEY COMPANY,US2546871060,DIS,DIS,Medien & Digitales 📱,Communication Services,Entertainment,United States,USD,105.18000030517578,,-7.036915833873181,27.93,,70.4,,,,0.06389068993126101,0.016849699216195058,103.43711601257324,0.2672394804224242,0.18391547211894985,0.20245083866478664,7955215.0,836729516.127739,bull,0.07150753818337252,bull,0.1741757303142999,2026-09-28,True,True,False,OK,,,DIS,DIS,Entertainment,True,True
RR.L,ROLLS-ROYCE HOLDINGS PLC,RR.L,1474.4000244140625,GBp,26.731513169829956,27.73,,,,,,,,,,,,,,,,,,,,,,73.8,MED,"{""coverage"": 1.0, ""confluence"": 0.2, ""risk_clean"": 1.0, ""regime_align"": 0.7157474216297746, ""liquidity"": 0.9459459459459459, ""weights"": {""coverage"": 0.25, ""confluence"": 0.25, ""risk_clean"": 0.2, ""regime_align"": 0.2, ""liquidity"": 0.1}}",GB00B63H8491,RR.L,RR.L,,,0.37201798517873946,0.22198737603306745,0.19394848747118054,15699372.6,23147155344.725464,1316.7903637695313,0.1196922949780308,bull,0.07150753818337252,bull,0.1741757303142999,2026-09-28,0.004971109161568732,Industrials,Aerospace & Defense,United Kingdom,GBp,-0.4725259811419691,26.731513169829956,0.0,stock,S20 Sicherheit & Verteidigung,pillar,85.0,manual thematic assignment after stack redesign,"defense, aerospace, security",52.46,30.35,,bull,stock,,,,0.07150753818337252,RR.L,ROLLS-ROYCE HOLDINGS PLC,GB00B63H8491,RR.L,RR.L,,Industrials,Aerospace & Defense,United Kingdom,GBp,1474.4000244140625,,26.731513169829956,27.73,,73.8,,,,0.004971109161568732,0.1196922949780308,1316.7903637695313,0.37201798517873946,0.22198737603306745,0.19394848747118054,15699372.6,23147155344.725464,bull,0.07150753818337252,bull,0.1741757303142999,2026-09-28,True,True,False,OK,,,RR.L,RR.L,Aerospace & Defense,True,True
BAS.DE,BASF SE,BAS.DE,50.279998779296875,EUR,23.116384055192498,27.6,,,,,,,,,,,,,,,,,,,,,,67.0,MED,"{""coverage"": 1.0, ""confluence"": 0.2, ""risk_clean"": 1.0, ""regime_align"": 0.6839203456850516, ""liquidity"": 0.3288288288288288, ""weights"": {""coverage"": 0.25, ""confluence"": 0.25, ""risk_clean"": 0.2, ""regime_align"": 0.2, ""liquidity"": 0.1}}",DE000BASF111,BAS.DE,BAS.DE,Fundament,,0.24977582223363773,0.15598533646295537,0.13370372630931715,1876479.75,94349399.5393753,48.629306640625,0.03394438976625014,bull,0.07150753818337252,bull,0.1741757303142999,2026-09-28,0.0459297663518603,Basic Materials,Chemicals,Germany,EUR,-0.27766639177441155,23.116384055192498,0.0,stock,S4 Fundament,pillar,85.0,manual addition via ChatGPT,"materials, mining, metals",52.15,29.97,,bull,stock,,,,0.07150753818337252,BAS.DE,BASF SE,DE000BASF111,BAS.DE,BAS.DE,Fundament,Basic Materials,Chemicals,Germany,EUR,50.279998779296875,,23.116384055192498,27.6,,67.0,,,,0.0459297663518603,0.03394438976625014,48.629306640625,0.24977582223363773,0.15598533646295537,0.13370372630931715,1876479.75,94349399.5393753,bull,0.07150753818337252,bull,0.1741757303142999,2026-09-28,True,True,False,OK,,,BAS.DE,BAS.DE,Chemicals,True,True
XOM,EXXON MOBIL CORP,XOM,162.0,USD,45.94220435049914,27.31,0.0,BUY,125.93,136.59,68.0,91.8,Zyklus-Hoch,11.08,16.329,272.0,12923750400.0,673590607872.0,323904995328.0,1.92,-1.3,8.9,7.6,1.153,67.11,"[0.0, 22.16, 0.0, 28.24, 12.41]",18.14254,79.8,HIGH,"{""coverage"": 1.0, ""confluence"": 0.4, ""risk_clean"": 1.0, ""regime_align"": 0.817047817047817, ""liquidity"": 0.8423423423423423, ""weights"": {""coverage"": 0.25, ""confluence"": 0.25, ""risk_clean"": 0.2, ""regime_align"": 0.2, ""liquidity"": 0.1}}",US30231G1022,XOM,XOM,Energie ⚡,136.58,0.26037507016684697,0.16961649639245335,0.2011225721014881,14169918.75,2295526837.5,146.7176832962036,0.10416138232596972,bull,0.07150753818337252,bull,0.1741757303142999,2026-09-28,0.1636873864849484,Energy,Oil & Gas Integrated,United States,USD,0.8780146299665281,45.94220435049914,91.8,stock,S3 Energie,pillar,82.0,manual thematic assignment after stack redesign,"energy, grid, electrification",49.37,22.74,,bull,stock,,,,0.07150753818337252,XOM,EXXON MOBIL CORP,US30231G1022,XOM,XOM,Energie ⚡,Energy,Oil & Gas Integrated,United States,USD,162.0,136.58,45.94220435049914,27.31,0.0,79.8,BUY,68.0,Zyklus-Hoch,0.1636873864849484,0.10416138232596972,146.7176832962036,0.26037507016684697,0.16961649639245335,0.2011225721014881,14169918.75,2295526837.5,bull,0.07150753818337252,bull,0.1741757303142999,2026-09-28,True,True,False,OK,,,XOM,XOM,Oil & Gas Integrated,True,True
0857.HK,PETROCHINA CO.,0857.HK,9.40999984741211,HKD,37.141807180462095,27.15,0.0,Seitwärts,0.0,0.0,72.7,69.6,Zyklus-neutral,10.21,20.439,552.0,37757001728.0,1962411294720.0,2849543028736.0,1.92,2.3,5.55,7.85,1.148,26.73,"[4.6, 20.42, 0.0, 30.38, 21.24]",9.865313,69.5,MED,"{""coverage"": 1.0, ""confluence"": 0.2, ""risk_clean"": 1.0, ""regime_align"": 0.661306102482573, ""liquidity"": 0.6261261261261262, ""weights"": {""coverage"": 0.25, ""confluence"": 0.25, ""risk_clean"": 0.2, ""regime_align"": 0.2, ""liquidity"": 0.1}}",CNE1000003W8,0857.HK,0857.HK,Energie,8.81,0.29551159790308557,0.20686859781888725,0.27364843468035327,72181827.7,679230987.6429272,9.316212496757508,0.010067111574284526,bull,0.07150753818337252,bull,0.1741757303142999,2026-09-28,0.04280996006216653,Energy,Oil & Gas Integrated,China,HKD,-2.1320845406761157,37.141807180462095,69.6,stock,S3 Energie,pillar,82.0,manual thematic assignment after stack redesign,"energy, grid, electrification",51.63,30.54,,bull,stock,,,,0.07150753818337252,0857.HK,PETROCHINA CO.,CNE1000003W8,0857.HK,0857.HK,Energie,Energy,Oil & Gas Integrated,China,HKD,9.40999984741211,8.81,37.141807180462095,27.15,0.0,69.5,Seitwärts,72.7,Zyklus-neutral,0.04280996006216653,0.010067111574284526,9.316212496757508,0.29551159790308557,0.20686859781888725,0.27364843468035327,72181827.7,679230987.6429272,bull,0.07150753818337252,bull,0.1741757303142999,2026-09-28,True,True,False,OK,,,0857.HK,0857.HK,Oil & Gas Integrated,True,True
CVX,CHEVRON CORP,CVX,206.0469970703125,USD,37.198093745031024,26.79,0.0,Seitwärts,0.0,0.0,61.0,80.8,Zyklus-Hoch,7.16,21.239,391.0,0.0,400448815104.0,186030997504.0,0.0,-6.0,6.61,0.61,1.0,68.9,"[0.0, 14.32, 0.0, 19.2, 14.89]",19.885374,80.5,HIGH,"{""coverage"": 1.0, ""confluence"": 0.4, ""risk_clean"": 1.0, ""regime_align"": 0.859922139333904, ""liquidity"": 0.8288288288288288, ""weights"": {""coverage"": 0.25, ""confluence"": 0.25, ""risk_clean"": 0.2, ""regime_align"": 0.2, ""liquidity"": 0.1}}",US1667641005,CVX,CVX,Energie ⚡,168.91,0.2378613288874018,0.1605083326199413,0.2081099056422988,9988086.4,2058015209.1988282,182.94502159118653,0.12627824074245764,bull,0.07150753818337252,bull,0.1741757303142999,2026-09-28,0.22500388683621964,Energy,Oil & Gas Integrated,United States,USD,0.7811201496249476,37.198093745031024,80.8,stock,S3 Energie,pillar,82.0,manual thematic assignment after stack redesign,"energy, grid, electrification",48.62,22.92,,bull,stock,,,,0.07150753818337252,CVX,CHEVRON CORP,US1667641005,CVX,CVX,Energie ⚡,Energy,Oil & Gas Integrated,United States,USD,206.0469970703125,168.91,37.198093745031024,26.79,0.0,80.5,Seitwärts,61.0,Zyklus-Hoch,0.22500388683621964,0.12627824074245764,182.94502159118653,0.2378613288874018,0.1605083326199413,0.2081099056422988,9988086.4,2058015209.1988282,bull,0.07150753818337252,bull,0.1741757303142999,2026-09-28,True,True,False,OK,,,CVX,CVX,Oil & Gas Integrated,True,True
PFE,PFIZER INC.,PFE,28.594999313354492,USD,28.303697080340704,26.69,0.48,BUY,26.83,28.94,60.4,100.0,Zyklus-Hoch,8.58,66.531,636.0,0.0,204229378048.0,62578999296.0,0.0,-1.2,12.42,11.22,1.0,68.0,"[0.0, 17.16, 0.0, 20.0, 21.85]",9.772898,72.0,MED,"{""coverage"": 1.0, ""confluence"": 0.4, ""risk_clean"": 0.6666666666666666, ""regime_align"": 0.8350964086258204, ""liquidity"": 0.6936936936936937, ""weights"": {""coverage"": 0.25, ""confluence"": 0.25, ""risk_clean"": 0.2, ""regime_align"": 0.2, ""liquidity"": 0.1}}",US7170811035,PFE,PFE,Pharma & Gesundheit,26.43,0.23249297905173497,0.12809004446120748,0.1572429309198753,32694656.2,934903671.5893612,25.732273025512697,0.11125042412706776,bull,0.07150753818337252,bull,0.1741757303142999,2026-09-28,0.17938547504375135,Healthcare,Drug Manufacturers - General,United States,USD,-0.2616001490752251,28.303697080340704,100.0,stock,S13 Gesundheit,pillar,82.0,manual thematic assignment after stack redesign,"healthcare, pharma, medtech",47.89,21.14,,bull,stock,,,,0.07150753818337252,PFE,PFIZER INC.,US7170811035,PFE,PFE,Pharma & Gesundheit,Healthcare,Drug Manufacturers - General,United States,USD,28.594999313354492,26.43,28.303697080340704,26.69,0.48,72.0,BUY,60.4,Zyklus-Hoch,0.17938547504375135,0.11125042412706776,25.732273025512697,0.23249297905173497,0.12809004446120748,0.1572429309198753,32694656.2,934903671.5893612,bull,0.07150753818337252,bull,0.1741757303142999,2026-09-28,True,True,False,OK,,,PFE,PFE,Drug Manufacturers - General,True,True
SU.PA,Schneider Electric S.E.,SU.PA,290.5,EUR,25.953392858087977,26.67,,,,,,,,,,,,,,,,,,,,,,68.1,MED,"{""coverage"": 1.0, ""confluence"": 0.2, ""risk_clean"": 1.0, ""regime_align"": 0.6796502384737679, ""liquidity"": 0.4504504504504505, ""weights"": {""coverage"": 0.25, ""confluence"": 0.25, ""risk_clean"": 0.2, ""regime_align"": 0.2, ""liquidity"": 0.1}}",FR0000121972,SU.PA,SU.PA,Energie,,0.33247678305876466,0.20182813640277047,0.17762918089750324,764039.4,221953445.70000002,264.07851066589353,0.10005164474565809,bull,0.07150753818337252,bull,0.1741757303142999,2026-09-28,-0.011018855628345703,Industrials,Electrical Equipment & Parts,France,EUR,-0.1718213058419238,25.953392858087977,0.0,stock,S3 Energie,pillar,86.0,manual gap-filling addition for grid and electrification coverage,"energy, grid, electrification",51.81,33.33,,bull,stock,,,,0.07150753818337252,SU.PA,Schneider Electric S.E.,FR0000121972,SU.PA,SU.PA,Energie,Industrials,Electrical Equipment & Parts,France,EUR,290.5,,25.953392858087977,26.67,,68.1,,,,-0.011018855628345703,0.10005164474565809,264.07851066589353,0.33247678305876466,0.20182813640277047,0.17762918089750324,764039.4,221953445.70000002,bull,0.07150753818337252,bull,0.1741757303142999,2026-09-28,True,True,False,OK,,,SU.PA,SU.PA,Electrical Equipment & Parts,True,True
ETN,Eaton Corporation plc,ETN,428.760009765625,USD,18.082627535317354,26.27,,,,,,,,,,,,,,,,,,,,,,70.4,MED,"{""coverage"": 1.0, ""confluence"": 0.2, ""risk_clean"": 1.0, ""regime_align"": 0.6774489421548244, ""liquidity"": 0.6846846846846847, ""weights"": {""coverage"": 0.25, ""confluence"": 0.25, ""risk_clean"": 0.2, ""regime_align"": 0.2, ""liquidity"": 0.1}}",IE00B8KQN827,ETN,ETN,Energie,,0.39477041710881616,0.27444755891140726,0.18325736724131592,2031459.65,871008659.3724731,385.6698811340332,0.11172801076632832,bull,0.07150753818337252,bull,0.1741757303142999,2026-09-28,-0.020217453963795595,Industrials,Electrical Equipment & Parts,Ireland,USD,-2.5501161281283213,18.082627535317354,0.0,stock,S3 Energie,pillar,86.0,manual gap-filling addition for grid and power management coverage,"energy, grid, electrification",51.71,34.94,,bull,stock,,,,0.07150753818337252,ETN,Eaton Corporation plc,IE00B8KQN827,ETN,ETN,Energie,Industrials,Electrical Equipment & Parts,Ireland,USD,428.760009765625,,18.082627535317354,26.27,,70.4,,,,-0.020217453963795595,0.11172801076632832,385.6698811340332,0.39477041710881616,0.27444755891140726,0.18325736724131592,2031459.65,871008659.3724731,bull,0.07150753818337252,bull,0.1741757303142999,2026-09-28,True,True,False,OK,,,ETN,ETN,Electrical Equipment & Parts,True,True
FCX,FREEPORT-MCMORAN,FCX,71.69000244140625,USD,95.20656433881555,26.02,0.0,Seitwärts,0.0,0.0,65.4,37.1,Zyklus-neutral,13.95,33.768,95.0,1371124992.0,106995998720.0,25915000832.0,1.28,-1.5,8.51,7.01,2.291,85.98,"[0.0, 27.9, 0.0, 62.93, 14.34]",18.48081,77.8,HIGH,"{""coverage"": 1.0, ""confluence"": 0.4, ""risk_clean"": 1.0, ""regime_align"": 0.8149076678488443, ""liquidity"": 0.6486486486486487, ""weights"": {""coverage"": 0.25, ""confluence"": 0.25, ""risk_clean"": 0.2, ""regime_align"": 0.2, ""liquidity"": 0.1}}",US35671D8570,FCX,FCX,Fundament,62.52,0.4804821916281299,0.3244221339109236,0.24309796349452595,11049546.5,792142015.5614319,62.96915174484253,0.13849401579842624,bull,0.07150753818337252,bull,0.1741757303142999,2026-09-28,0.11380516800027851,Basic Materials,Copper,United States,USD,-0.8574127203988757,95.20656433881555,37.1,stock,S4 Fundament,pillar,84.0,manual thematic assignment after stack redesign,"materials, mining, metals",53.02,40.23,,bull,stock,,,,0.07150753818337252,FCX,FREEPORT-MCMORAN,US35671D8570,FCX,FCX,Fundament,Basic Materials,Copper,United States,USD,71.69000244140625,62.52,95.20656433881555,26.02,0.0,77.8,Seitwärts,65.4,Zyklus-neutral,0.11380516800027851,0.13849401579842624,62.96915174484253,0.4804821916281299,0.3244221339109236,0.24309796349452595,11049546.5,792142015.5614319,bull,0.07150753818337252,bull,0.1741757303142999,2026-09-28,True,True,False,OK,,,FCX,FCX,Copper,True,True
BTC-USD,Bitcoin,BTC-USD,83528.3984375,USD,-25.50264783999775,25.73,,,,,,,,,,,,,,,,,,,,,,68.4,MED,"{""coverage"": 1.0, ""confluence"": 0.2, ""risk_clean"": 0.6666666666666666, ""regime_align"": 0.7542293424646366, ""liquidity"": 0.9954954954954955, ""weights"": {""coverage"": 0.25, ""confluence"": 0.25, ""risk_clean"": 0.2, ""regime_align"": 0.2, ""liquidity"": 0.1}}",,BTC-USD,BTC-USD,,,0.37553331559819475,0.26103212403918785,0.5305998300134691,30813988185.2,2573843082581803.0,71137.90234375,0.1741757303142999,bull,0.07150753818337252,bull,0.1741757303142999,2026-09-28,0.0,Cryptocurrency,Digital Currency,Global,USD,-1.1007679012379978,-25.50264783999775,0.0,crypto,S21 Finanzsystem,pillar,83.0,manual thematic assignment after stack redesign,"payments, exchanges, capital markets, crypto",53.02,41.57,,bull,crypto,,,,0.1741757303142999,BTC-USD,Bitcoin,,BTC-USD,BTC-USD,,Cryptocurrency,Digital Currency,Global,USD,83528.3984375,,-25.50264783999775,25.73,,68.4,,,,0.0,0.1741757303142999,71137.90234375,0.37553331559819475,0.26103212403918785,0.5305998300134691,30813988185.2,2573843082581803.0,bull,0.07150753818337252,bull,0.1741757303142999,2026-09-28,True,True,True,OK,BTC,USD,CRYPTO:BTC,BTC,Krypto,True,True
WDAY,"WORKDAY, INC.",WDAY,190.11000061035156,USD,-23.24680094614471,25.71,,,,,,,,,,,,,,,,,,,,,,73.3,MED,"{""coverage"": 1.0, ""confluence"": 0.4, ""risk_clean"": 0.6666666666666666, ""regime_align"": 0.9502670090905385, ""liquidity"": 0.5990990990990991, ""weights"": {""coverage"": 0.25, ""confluence"": 0.25, ""risk_clean"": 0.2, ""regime_align"": 0.2, ""liquidity"": 0.1}}",US98138H1014,WDAY,WDAY,Tech 💻,,0.5419920419415637,0.31046613214586455,0.5458032262460286,2712239.7,515623891.02241975,157.92154949188233,0.20382557809264545,bull,0.07150753818337252,bull,0.1741757303142999,2026-09-28,0.5240440215593603,Technology,Software - Application,United States,USD,0.3483788190768333,-23.24680094614471,0.0,stock,S2 Gehirn,pillar,85.0,manual thematic assignment after stack redesign,"ai, semis, software",56.83,53.5,,bull,stock,,,,0.07150753818337252,WDAY,"WORKDAY, INC.",US98138H1014,WDAY,WDAY,Tech 💻,Technology,Software - Application,United States,USD,190.11000061035156,,-23.24680094614471,25.71,,73.3,,,,0.5240440215593603,0.20382557809264545,157.92154949188233,0.5419920419415637,0.31046613214586455,0.5458032262460286,2712239.7,515623891.02241975,bull,0.07150753818337252,bull,0.1741757303142999,2026-09-28,True,True,False,OK,,,WDAY,WDAY,Software - Application,True,True
MRNA,Moderna Inc.,MRNA,195.9929962158203,USD,673.7583766527877,25.66,,,,,,,,,,,,,,,,,,,,,,76.9,HIGH,"{""coverage"": 1.0, ""confluence"": 0.4, ""risk_clean"": 0.6666666666666666, ""regime_align"": 0.9954853043088338, ""liquidity"": 0.8648648648648649, ""weights"": {""coverage"": 0.25, ""confluence"": 0.25, ""risk_clean"": 0.2, ""regime_align"": 0.2, ""liquidity"": 0.1}}",US60770K1079,MRNA,MRNA,Pharma & Gesundheit,,1.9321739963664637,0.465814225409352,0.34156480927913413,14955364.85,2931146766.452262,65.09464015960694,2.0108929972615393,bull,0.07150753818337252,bull,0.1741757303142999,2026-09-28,1.7698120176335723,Healthcare,Biotechnology,United States,USD,-1.451633445349787,673.7583766527877,0.0,stock,S13 Gesundheit,pillar,85.0,manual addition via ChatGPT,"healthcare, pharma, medtech",57.55,55.95,,bull,stock,,,,0.07150753818337252,MRNA,Moderna Inc.,US60770K1079,MRNA,MRNA,Pharma & Gesundheit,Healthcare,Biotechnology,United States,USD,195.9929962158203,,673.7583766527877,25.66,,76.9,,,,1.7698120176335723,2.0108929972615393,65.09464015960694,1.9321739963664637,0.465814225409352,0.34156480927913413,14955364.85,2931146766.452262,bull,0.07150753818337252,bull,0.1741757303142999,2026-09-28,True,True,False,OK,,,MRNA,MRNA,Biotechnology,True,True
SAP.DE,SAP SE O.N.,SAP.DE,184.02000427246094,EUR,-17.028054094422718,25.43,0.0,Seitwärts,0.0,0.0,35.8,68.8,Zyklus-neutral,16.46,17.84,134.0,7799625216.0,206661484544.0,36800000000.0,3.77,3.3,19.91,23.21,1.174,40.19,"[6.6, 32.92, 0.0, 31.24, 36.01]",20.883703,83.1,HIGH,"{""coverage"": 1.0, ""confluence"": 0.6, ""risk_clean"": 1.0, ""regime_align"": 0.8711426358485181, ""liquidity"": 0.5720720720720721, ""weights"": {""coverage"": 0.25, ""confluence"": 0.25, ""risk_clean"": 0.2, ""regime_align"": 0.2, ""liquidity"": 0.1}}",DE0007164600,SAP.DE,SAP.DE,Gehirn,195.54,0.41010079374515884,0.3125880138532363,0.46075256027080425,2353565.95,433103216.17451864,164.83547218322755,0.1163859443306492,bull,0.07150753818337252,bull,0.1741757303142999,2026-09-28,0.344395079954972,Technology,Software - Application,Germany,EUR,-1.0219416497400435,-17.028054094422718,68.8,stock,S2 Gehirn,pillar,85.0,manual thematic assignment after stack redesign,"ai, semis, software",53.24,43.71,,bull,stock,,,,0.07150753818337252,SAP.DE,SAP SE O.N.,DE0007164600,SAP.DE,SAP.DE,Gehirn,Technology,Software - Application,Germany,EUR,184.02000427246094,195.54,-17.028054094422718,25.43,0.0,83.1,Seitwärts,35.8,Zyklus-neutral,0.344395079954972,0.1163859443306492,164.83547218322755,0.41010079374515884,0.3125880138532363,0.46075256027080425,2353565.95,433103216.17451864,bull,0.07150753818337252,bull,0.1741757303142999,2026-09-28,True,True,False,OK,,,SAP.DE,SAP.DE,Software - Application,True,True
SOL-EUR,SOLANA (KRYPTO),SOL-EUR,104.63999938964844,EUR,-41.88026516962109,25.29,,,,,,,,,,,,,,,,,,,,,,77.3,HIGH,"{""coverage"": 1.0, ""confluence"": 0.4, ""risk_clean"": 0.6666666666666666, ""regime_align"": 0.9571358689005748, ""liquidity"": 0.9774774774774775, ""weights"": {""coverage"": 0.25, ""confluence"": 0.25, ""risk_clean"": 0.2, ""regime_align"": 0.2, ""liquidity"": 0.1}}",,SOL-EUR,SOL-EUR,Krypto 🪙,,0.5552380407134178,0.36839734359013915,0.7305461298771934,3314352040.5,346813795495.00006,73.5918523979187,0.42189652767332486,bull,0.07150753818337252,bull,0.1741757303142999,2026-09-28,0.30890776756138916,Cryptocurrency,Digital Currency,Global,EUR,-2.456701273028017,-41.88026516962109,0.0,crypto,S21 Finanzsystem,pillar,83.0,manual thematic assignment after stack redesign,"payments, exchanges, capital markets, crypto",56.85,55.54,,bull,stock,,,,0.07150753818337252,SOL-EUR,SOLANA (KRYPTO),,SOL-EUR,SOL-EUR,Krypto 🪙,Cryptocurrency,Digital Currency,Global,EUR,104.63999938964844,,-41.88026516962109,25.29,,77.3,,,,0.30890776756138916,0.42189652767332486,73.5918523979187,0.5552380407134178,0.36839734359013915,0.7305461298771934,3314352040.5,346813795495.00006,bull,0.07150753818337252,bull,0.1741757303142999,2026-09-28,True,True,True,OK,SOL,EUR,CRYPTO:SOL,SOL,Krypto,True,True
RACE,Ferrari N.V.,RACE,396.6300048828125,USD,-16.768829485497207,25.23,,,,,,,,,,,,,,,,,,,,,,68.1,MED,"{""coverage"": 1.0, ""confluence"": 0.2, ""risk_clean"": 1.0, ""regime_align"": 0.7178773796420855, ""liquidity"": 0.36936936936936937, ""weights"": {""coverage"": 0.25, ""confluence"": 0.25, ""risk_clean"": 0.2, ""regime_align"": 0.2, ""liquidity"": 0.1}}",NL0011585146,RACE,RACE,,,0.35593406436395764,0.2627006633687648,0.3758455831020554,356127.2,141250733.07490236,364.8187530517578,0.08719741396227376,bull,0.07150753818337252,bull,0.1741757303142999,2026-09-28,0.03649059456187409,Consumer Cyclical,Auto Manufacturers,Italy,USD,-3.5737685482044257,-16.768829485497207,0.0,stock,S12 Luxus & Marken,pillar,78.0,manual thematic assignment after stack redesign,"luxury, brands, premium consumption",52.64,42.79,,bull,stock,,,,0.07150753818337252,RACE,Ferrari N.V.,NL0011585146,RACE,RACE,,Consumer Cyclical,Auto Manufacturers,Italy,USD,396.6300048828125,,-16.768829485497207,25.23,,68.1,,,,0.03649059456187409,0.08719741396227376,364.8187530517578,0.35593406436395764,0.2627006633687648,0.3758455831020554,356127.2,141250733.07490236,bull,0.07150753818337252,bull,0.1741757303142999,2026-09-28,True,True,False,OK,,,RACE,RACE,Auto Manufacturers,True,True
SHOP,SHOPIFY INC.,SHOP,142.02000427246094,USD,-4.684560890965816,24.46,,,,,,,,,,,,,,,,,,,,,,72.6,MED,"{""coverage"": 1.0, ""confluence"": 0.4, ""risk_clean"": 0.6666666666666666, ""regime_align"": 0.823753617871265, ""liquidity"": 0.7792792792792793, ""weights"": {""coverage"": 0.25, ""confluence"": 0.25, ""risk_clean"": 0.2, ""regime_align"": 0.2, ""liquidity"": 0.1}}",CA82509L1076,SHOP,SHOP,E-Commerce,,0.5900994931230382,0.3987458260829232,0.4670688539558845,10340830.45,1468604784.689794,129.839700088501,0.09381032284931057,bull,0.07150753818337252,bull,0.1741757303142999,2026-09-28,0.21493703869880698,Technology,Software - Application,Canada,USD,-0.1616841669870417,-4.684560890965816,0.0,stock,S2 Gehirn,pillar,85.0,manual thematic assignment after stack redesign,"ai, semis, software",54.73,52.93,,bull,stock,,,,0.07150753818337252,SHOP,SHOPIFY INC.,CA82509L1076,SHOP,SHOP,E-Commerce,Technology,Software - Application,Canada,USD,142.02000427246094,,-4.684560890965816,24.46,,72.6,,,,0.21493703869880698,0.09381032284931057,129.839700088501,0.5900994931230382,0.3987458260829232,0.4670688539558845,10340830.45,1468604784.689794,bull,0.07150753818337252,bull,0.1741757303142999,2026-09-28,True,True,False,OK,,,SHOP,SHOP,Software - Application,True,True
ETH-USD,Ethereum,ETH-USD,2679.0,USD,-35.3129262095154,24.43,,,,,,,,,,,,,,,,,,,,,,75.4,HIGH,"{""coverage"": 1.0, ""confluence"": 0.4, ""risk_clean"": 0.6666666666666666, ""regime_align"": 0.8557335616159145, ""liquidity"": 0.990990990990991, ""weights"": {""coverage"": 0.25, ""confluence"": 0.25, ""risk_clean"": 0.2, ""regime_align"": 0.2, ""liquidity"": 0.1}}",,ETH-USD,ETH-USD,,,0.5310270282349893,0.3646053889010226,0.6661917809760185,14955008040.7,40064466541035.305,2103.837969970703,0.2733870375185341,bull,0.07150753818337252,bull,0.1741757303142999,2026-09-28,0.08759018164449484,Cryptocurrency,Digital Currency,Global,USD,-0.2950120538065315,-35.3129262095154,0.0,crypto,S21 Finanzsystem,pillar,83.0,manual thematic assignment after stack redesign,"payments, exchanges, capital markets, crypto",54.88,53.52,,bull,crypto,,,,0.1741757303142999,ETH-USD,Ethereum,,ETH-USD,ETH-USD,,Cryptocurrency,Digital Currency,Global,USD,2679.0,,-35.3129262095154,24.43,,75.4,,,,0.08759018164449484,0.2733870375185341,2103.837969970703,0.5310270282349893,0.3646053889010226,0.6661917809760185,14955008040.7,40064466541035.305,bull,0.07150753818337252,bull,0.1741757303142999,2026-09-28,True,True,True,OK,ETH,USD,CRYPTO:ETH,ETH,Krypto,True,True
NOW,SERVICENOW INC.,NOW,131.25,USD,-30.24924202732926,24.39,,,,,,,,,,,,,,,,,,,,,,67.2,MED,"{""coverage"": 1.0, ""confluence"": 0.4, ""risk_clean"": 0.3333333333333333, ""regime_align"": 0.8734458440340793, ""liquidity"": 0.8063063063063063, ""weights"": {""coverage"": 0.25, ""confluence"": 0.25, ""risk_clean"": 0.2, ""regime_align"": 0.2, ""liquidity"": 0.1}}",US81762P1021,NOW,NOW,Tech 💻,,0.5754932386534871,0.39955696517237543,0.5614452127400548,13452086.9,1765586405.625,116.43327003479004,0.12725512184603893,bull,0.07150753818337252,bull,0.1741757303142999,2026-09-28,0.29313001567711394,Technology,Software - Application,United States,USD,-3.2222351235239644,-30.24924202732926,0.0,stock,S2 Gehirn,pillar,85.0,manual thematic assignment after stack redesign,"ai, semis, software",55.57,55.88,,bull,stock,,,,0.07150753818337252,NOW,SERVICENOW INC.,US81762P1021,NOW,NOW,Tech 💻,Technology,Software - Application,United States,USD,131.25,,-30.24924202732926,24.39,,67.2,,,,0.29313001567711394,0.12725512184603893,116.43327003479004,0.5754932386534871,0.39955696517237543,0.5614452127400548,13452086.9,1765586405.625,bull,0.07150753818337252,bull,0.1741757303142999,2026-09-28,True,True,False,OK,,,NOW,NOW,Software - Application,True,True
PYPL,PAYPAL HDGS,PYPL,53.939998626708984,USD,-21.72570119754851,24.02,0.0,Seitwärts,0.0,0.0,30.9,29.5,Zyklus-neutral,25.73,60.703,135.0,3274249984.0,40072372224.0,33172000768.0,8.17,3.7,15.78,19.48,1.287,82.92,"[7.4, 51.46, 0.0, 70.46, 34.62]",7.116504,87.6,HIGH,"{""coverage"": 1.0, ""confluence"": 0.8, ""risk_clean"": 1.0, ""regime_align"": 0.8169459051811994, ""liquidity"": 0.6306306306306306, ""weights"": {""coverage"": 0.25, ""confluence"": 0.25, ""risk_clean"": 0.2, ""regime_align"": 0.2, ""liquidity"": 0.1}}",US70450Y1038,PYPL,PYPL,Finanzen,55.47,0.44289888665339827,0.37320372717970257,0.4854808653021849,12881962.3,694853028.771317,50.16335289001465,0.07528694792341328,bull,0.07150753818337252,bull,0.1741757303142999,2026-09-28,0.22338636544547485,Financial Services,Credit Services,United States,USD,-1.9985506368478956,-21.72570119754851,29.5,stock,S21 Finanzsystem,pillar,83.0,manual thematic assignment after stack redesign,"payments, exchanges, capital markets, crypto",53.37,50.83,,bull,stock,,,,0.07150753818337252,PYPL,PAYPAL HDGS,US70450Y1038,PYPL,PYPL,Finanzen,Financial Services,Credit Services,United States,USD,53.939998626708984,55.47,-21.72570119754851,24.02,0.0,87.6,Seitwärts,30.9,Zyklus-neutral,0.22338636544547485,0.07528694792341328,50.16335289001465,0.44289888665339827,0.37320372717970257,0.4854808653021849,12881962.3,694853028.771317,bull,0.07150753818337252,bull,0.1741757303142999,2026-09-28,True,True,False,OK,,,PYPL,PYPL,Credit Services,True,True
ASX,"ASE Technology Holding Co., Ltd.",ASX,43.474998474121094,,294.54033946149434,23.91,,,,,,,,,,,,,,,,,,,,,,70.0,MED,"{""coverage"": 1.0, ""confluence"": 0.2, ""risk_clean"": 1.0, ""regime_align"": 0.7476764094411152, ""liquidity"": 0.5045045045045045, ""weights"": {""coverage"": 0.25, ""confluence"": 0.25, ""risk_clean"": 0.2, ""regime_align"": 0.2, ""liquidity"": 0.1}}",US00215W1009,ASX,ASX,,,0.5637061827147901,0.36771551710682754,0.303345400370175,6425294.5,279339668.58327866,29.8972163772583,0.4541487048670829,bull,0.07150753818337252,bull,0.1741757303142999,2026-09-28,-0.05565405975366822,Technology,Semiconductors,Taiwan,,-1.8844569471695882,294.54033946149434,0.0,stock,S2 Gehirn,pillar,85.0,manual thematic assignment after stack redesign,"ai, semis, software",52.66,49.12,,bull,stock,,,,0.07150753818337252,ASX,"ASE Technology Holding Co., Ltd.",US00215W1009,ASX,ASX,,Technology,Semiconductors,Taiwan,,43.474998474121094,,294.54033946149434,23.91,,70.0,,,,-0.05565405975366822,0.4541487048670829,29.8972163772583,0.5637061827147901,0.36771551710682754,0.303345400370175,6425294.5,279339668.58327866,bull,0.07150753818337252,bull,0.1741757303142999,2026-09-28,True,True,False,OK,,,ASX,ASX,Semiconductors,True,True
TEAM,ATLASSIAN CORP.,TEAM,179.22000122070312,USD,8.414496320574315,23.89,,,,,,,,,,,,,,,,,,,,,,67.5,MED,"{""coverage"": 1.0, ""confluence"": 0.4, ""risk_clean"": 0.3333333333333333, ""regime_align"": 0.9887081651787535, ""liquidity"": 0.6036036036036037, ""weights"": {""coverage"": 0.25, ""confluence"": 0.25, ""risk_clean"": 0.2, ""regime_align"": 0.2, ""liquidity"": 0.1}}",US0494681010,TEAM,TEAM,Tech 💻,,0.7856688582475124,0.3694321952175914,0.6754316166993615,3206763.95,574716239.0335068,111.92634994506835,0.601231535814948,bull,0.07150753818337252,bull,0.1741757303142999,2026-09-28,1.2750065567568574,Technology,Software - Application,Australia,USD,-4.5381932583203,8.414496320574315,0.0,stock,S2 Gehirn,pillar,85.0,manual thematic assignment after stack redesign,"ai, semis, software",57.43,64.0,,bull,stock,,,,0.07150753818337252,TEAM,ATLASSIAN CORP.,US0494681010,TEAM,TEAM,Tech 💻,Technology,Software - Application,Australia,USD,179.22000122070312,,8.414496320574315,23.89,,67.5,,,,1.2750065567568574,0.601231535814948,111.92634994506835,0.7856688582475124,0.3694321952175914,0.6754316166993615,3206763.95,574716239.0335068,bull,0.07150753818337252,bull,0.1741757303142999,2026-09-28,True,True,False,OK,,,TEAM,TEAM,Software - Application,True,True
DSV.TO,DISCOVERY SILVER,DSV.TO,12.010000228881836,CAD,123.6499159186006,23.77,0.0,Seitwärts,0.0,0.0,78.9,27.9,Zyklus-neutral,11.07,100.0,0.0,152799680.0,7792443392.0,378971008.0,1.96,0.0,9.5,9.5,2.042,36.13,"[0.0, 22.14, 0.0, 72.12, 35.12]",14.400001,62.4,MED,"{""coverage"": 1.0, ""confluence"": 0.4, ""risk_clean"": 0.3333333333333333, ""regime_align"": 0.9525600260894378, ""liquidity"": 0.16666666666666663, ""weights"": {""coverage"": 0.25, ""confluence"": 0.25, ""risk_clean"": 0.2, ""regime_align"": 0.2, ""liquidity"": 0.1}}",CA2546771072,DSV.TO,DSV.TO,Edelmetalle ⛏️,11.36,0.7871412023085356,0.47630681534444586,0.3848768488073805,2594620.1,31161387.994861413,9.661650006771088,0.24305892062587375,bull,0.07150753818337252,bull,0.1741757303142999,2026-09-28,0.37577895974202713,Basic Materials,Silver,Canada,CAD,-4.073484107307557,123.6499159186006,27.9,stock,S4 Fundament,pillar,84.0,manual thematic assignment after stack redesign,"materials, mining, metals",57.74,65.53,,bull,stock,,,,0.07150753818337252,DSV.TO,DISCOVERY SILVER,CA2546771072,DSV.TO,DSV.TO,Edelmetalle ⛏️,Basic Materials,Silver,Canada,CAD,12.010000228881836,11.36,123.6499159186006,23.77,0.0,62.4,Seitwärts,78.9,Zyklus-neutral,0.37577895974202713,0.24305892062587375,9.661650006771088,0.7871412023085356,0.47630681534444586,0.3848768488073805,2594620.1,31161387.994861413,bull,0.07150753818337252,bull,0.1741757303142999,2026-09-28,True,True,False,OK,,,DSV.TO,DSV.TO,Silver,True,True
ZETA,ZETA GLOBAL,ZETA,28.90999984741211,USD,37.404936261560586,23.75,8.58,BUY,24.9,31.9,46.3,24.7,Zyklus-neutral,-3.92,30.196,0.0,160941248.0,3953812480.0,1224702976.0,4.07,25.7,-1.86,23.84,3.011,83.76,"[51.4, 0.0, 0.0, 95.27, 53.49]",17.743103,76.6,HIGH,"{""coverage"": 1.0, ""confluence"": 0.6, ""risk_clean"": 0.6666666666666666, ""regime_align"": 0.963872243284008, ""liquidity"": 0.4009009009009009, ""weights"": {""coverage"": 0.25, ""confluence"": 0.25, ""risk_clean"": 0.2, ""regime_align"": 0.2, ""liquidity"": 0.1}}",US98956A1051,ZETA,ZETA,Medien & Digitales 📱,20.1,0.6657575400951244,0.35947243836689474,0.4036885074504244,6158827.05,178051689.07573757,21.01284998893738,0.37582478638701255,bull,0.07150753818337252,bull,0.1741757303142999,2026-09-28,0.4401155004888857,Technology,Software - Infrastructure,United States,USD,-1.8336193600609119,37.404936261560586,24.7,stock,S2 Gehirn,pillar,85.0,manual thematic assignment after stack redesign,"ai, semis, software",51.62,46.68,,bull,stock,,,,0.07150753818337252,ZETA,ZETA GLOBAL,US98956A1051,ZETA,ZETA,Medien & Digitales 📱,Technology,Software - Infrastructure,United States,USD,28.90999984741211,20.1,37.404936261560586,23.75,8.58,76.6,BUY,46.3,Zyklus-neutral,0.4401155004888857,0.37582478638701255,21.01284998893738,0.6657575400951244,0.35947243836689474,0.4036885074504244,6158827.05,178051689.07573757,bull,0.07150753818337252,bull,0.1741757303142999,2026-09-28,True,True,False,OK,,,ZETA,ZETA,Software - Infrastructure,True,True
UMI.BR,UMICORE,UMI.BR,21.079999923706055,EUR,45.3367823012478,23.31,0.0,Seitwärts,0.0,0.0,68.0,0.0,Zyklus-Tief,7.19,142.464,258.0,972513728.0,6383084544.0,16115299328.0,15.24,16.8,0.8,17.6,1.385,41.43,"[33.6, 14.38, 0.0, 100.0, 14.62]",14.204213,52.5,MED,"{""coverage"": 1.0, ""confluence"": 0.0, ""risk_clean"": 0.6666666666666666, ""regime_align"": 0.6681851534792711, ""liquidity"": 0.08108108108108114, ""weights"": {""coverage"": 0.25, ""confluence"": 0.25, ""risk_clean"": 0.2, ""regime_align"": 0.2, ""liquidity"": 0.1}}",BE0974320526,UMI.BR,UMI.BR,Recycling,21.36,0.47093081895740974,0.30953589454849856,0.28724392656859776,386420.35,8145740.948518466,20.175248346328736,0.04484463149331974,bull,0.07150753818337252,bull,0.1741757303142999,2026-09-28,0.012613450274215898,Industrials,Waste Management,Belgium,EUR,-1.4953257034038936,45.3367823012478,0.0,stock,S5 Recycling,pillar,83.0,manual thematic assignment after stack redesign,"recycling, urban mining",53.0,53.07,,bull,stock,,,,0.07150753818337252,UMI.BR,UMICORE,BE0974320526,UMI.BR,UMI.BR,Recycling,Industrials,Waste Management,Belgium,EUR,21.079999923706055,21.36,45.3367823012478,23.31,0.0,52.5,Seitwärts,68.0,Zyklus-Tief,0.012613450274215898,0.04484463149331974,20.175248346328736,0.47093081895740974,0.30953589454849856,0.28724392656859776,386420.35,8145740.948518466,bull,0.07150753818337252,bull,0.1741757303142999,2026-09-28,True,True,False,OK,,,UMI.BR,UMI.BR,Waste Management,True,True
AUTO.OL,AUTOSTORE HOLDINGS,AUTO.OL,15.680000305175781,NOK,74.12548701726791,22.89,0.0,Seitwärts,0.0,0.0,53.0,43.6,Zyklus-neutral,5.71,35.222,0.0,163850000.0,39791874048.0,523800000.0,0.41,-3.6,15.48,11.88,4.24,95.1,"[0.0, 11.42, 0.0, 56.35, 8.19]",28.716442,77.5,HIGH,"{""coverage"": 1.0, ""confluence"": 0.4, ""risk_clean"": 1.0, ""regime_align"": 0.9300476947535772, ""liquidity"": 0.3918918918918919, ""weights"": {""coverage"": 0.25, ""confluence"": 0.25, ""risk_clean"": 0.2, ""regime_align"": 0.2, ""liquidity"": 0.1}}",BMG0670A1099,AUTO.OL,AUTO.OL,Hardware 💻,11.83,0.5638640167158295,0.28067575084611307,0.3009188498396024,11090368.25,173896977.5445118,12.313925013542175,0.2733551883685976,bull,0.07150753818337252,bull,0.1741757303142999,2026-09-28,0.23869436414137746,Technology,Computer Hardware,Norway,NOK,-0.3178591132586783,74.12548701726791,43.6,stock,S1 Hardware,pillar,85.0,manual thematic assignment after stack redesign,"robotics, automation, devices",50.15,46.21,,bull,stock,,,,0.07150753818337252,AUTO.OL,AUTOSTORE HOLDINGS,BMG0670A1099,AUTO.OL,AUTO.OL,Hardware 💻,Technology,Computer Hardware,Norway,NOK,15.680000305175781,11.83,74.12548701726791,22.89,0.0,77.5,Seitwärts,53.0,Zyklus-neutral,0.23869436414137746,0.2733551883685976,12.313925013542175,0.5638640167158295,0.28067575084611307,0.3009188498396024,11090368.25,173896977.5445118,bull,0.07150753818337252,bull,0.1741757303142999,2026-09-28,True,True,False,OK,,,AUTO.OL,AUTO.OL,Computer Hardware,True,True
SGM.AX,Sims Limited,SGM.AX,24.209999084472656,AUD,80.61563363221282,22.43,,,,,,,,,,,,,,,,,,,,,,61.5,MED,"{""coverage"": 1.0, ""confluence"": 0.2, ""risk_clean"": 1.0, ""regime_align"": 0.5038522685581509, ""liquidity"": 0.14414414414414412, ""weights"": {""coverage"": 0.25, ""confluence"": 0.25, ""risk_clean"": 0.2, ""regime_align"": 0.2, ""liquidity"": 0.1}}",AU000000SGM7,SGM.AX,SGM.AX,Recycling,,0.3857170318875118,0.272381709918629,0.2440813521403804,720783.1,17450158.19110336,22.677786178588867,0.06756448331497289,bull,0.07150753818337252,bull,0.1741757303142999,2026-09-28,-0.17890023841312708,Industrials,Waste Management,Australia,AUD,-2.1818218809185552,80.61563363221282,0.0,stock,S5 Recycling,pillar,84.0,manual gap-filling addition for metals recycling exposure,"recycling, urban mining",48.43,43.08,,bull,stock,,,,0.07150753818337252,SGM.AX,Sims Limited,AU000000SGM7,SGM.AX,SGM.AX,Recycling,Industrials,Waste Management,Australia,AUD,24.209999084472656,,80.61563363221282,22.43,,61.5,,,,-0.17890023841312708,0.06756448331497289,22.677786178588867,0.3857170318875118,0.272381709918629,0.2440813521403804,720783.1,17450158.19110336,bull,0.07150753818337252,bull,0.1741757303142999,2026-09-28,True,True,False,OK,,,SGM.AX,SGM.AX,Waste Management,True,True
ADA-USD,Cardano,ADA-USD,0.24556000530719757,USD,-69.61515368348883,21.66,,,,,,,,,,,,,,,,,,,,,,62.5,MED,"{""coverage"": 1.0, ""confluence"": 0.4, ""risk_clean"": 0.3333333333333333, ""regime_align"": 0.8599730952672129, ""liquidity"": 0.36036036036036034, ""weights"": {""coverage"": 0.25, ""confluence"": 0.25, ""risk_clean"": 0.2, ""regime_align"": 0.2, ""liquidity"": 0.1}}",,ADA-USD,ADA-USD,,,0.6586335233940565,0.4132904407898613,0.8354824876107952,570197095.85,140017601.88307464,0.21391536988317966,0.1479306299556653,bull,0.07150753818337252,bull,0.1741757303142999,2026-09-28,0.2118982062189958,Cryptocurrency,Digital Currency,Global,USD,-3.896054439287955,-69.61515368348883,0.0,crypto,S21 Finanzsystem,pillar,83.0,manual thematic assignment after stack redesign,"payments, exchanges, capital markets, crypto",55.25,67.9,,bull,crypto,,,,0.1741757303142999,ADA-USD,Cardano,,ADA-USD,ADA-USD,,Cryptocurrency,Digital Currency,Global,USD,0.24556000530719757,,-69.61515368348883,21.66,,62.5,,,,0.2118982062189958,0.1479306299556653,0.21391536988317966,0.6586335233940565,0.4132904407898613,0.8354824876107952,570197095.85,140017601.88307464,bull,0.07150753818337252,bull,0.1741757303142999,2026-09-28,True,True,True,OK,ADA,USD,CRYPTO:ADA,ADA,Krypto,True,True
8035.T,Tokyo Electron Limited,8035.T,56520.0,JPY,115.23683888743604,21.59,,,,,,,,,,,,,,,,,,,,,,62.8,MED,"{""coverage"": 1.0, ""confluence"": 0.2, ""risk_clean"": 0.6666666666666666, ""regime_align"": 0.48610941258000084, ""liquidity"": 0.972972972972973, ""weights"": {""coverage"": 0.25, ""confluence"": 0.25, ""risk_clean"": 0.2, ""regime_align"": 0.2, ""liquidity"": 0.1}}",JP3571400005,8035.T,8035.T,,,0.5729700364284805,0.3493015086068043,0.36548223350253806,3091865.0,174752209800.0,49231.23080078125,0.1480517362792213,bull,0.07150753818337252,bull,0.1741757303142999,2026-09-28,-0.31231248134838474,Technology,Semiconductor Equipment & Materials,Japan,JPY,4.821958456973285,115.23683888743604,0.0,stock,S2 Gehirn,pillar,85.0,manual thematic assignment after stack redesign,"ai, semis, software",47.77,45.06,,bull,stock,,,,0.07150753818337252,8035.T,Tokyo Electron Limited,JP3571400005,8035.T,8035.T,,Technology,Semiconductor Equipment & Materials,Japan,JPY,56520.0,,115.23683888743604,21.59,,62.8,,,,-0.31231248134838474,0.1480517362792213,49231.23080078125,0.5729700364284805,0.3493015086068043,0.36548223350253806,3091865.0,174752209800.0,bull,0.07150753818337252,bull,0.1741757303142999,2026-09-28,True,True,False,OK,,,8035.T,8035.T,Semiconductor Equipment & Materials,True,True
XYZ,BLOCK INC. A,XYZ,73.9800033569336,USD,-1.8702693250166602,20.93,0.0,Seitwärts,0.0,0.0,41.0,35.8,Zyklus-neutral,14.69,36.049,0.0,241061248.0,34101551104.0,23973765120.0,0.71,2.3,13.08,15.38,2.183,81.62,"[4.6, 29.38, 0.0, 64.15, 39.94]",17.737028,62.2,MED,"{""coverage"": 1.0, ""confluence"": 0.0, ""risk_clean"": 1.0, ""regime_align"": 0.6051322816028699, ""liquidity"": 0.509009009009009, ""weights"": {""coverage"": 0.25, ""confluence"": 0.25, ""risk_clean"": 0.2, ""regime_align"": 0.2, ""liquidity"": 0.1}}",US8522341036,XYZ,XYZ,Fintech,64.75,0.4719991437492194,0.3075860854959913,0.39477253380364496,3866832.8,286068303.52470094,69.93709972381592,0.057807710772726395,bull,0.07150753818337252,bull,0.1741757303142999,2026-09-28,-0.05546743721685932,Technology,Software - Infrastructure,United States,USD,-3.192874732367179,-1.8702693250166602,35.8,stock,S21 Finanzsystem,pillar,83.0,manual thematic assignment after stack redesign,"payments, exchanges, capital markets, crypto",47.06,45.97,,bull,stock,,,,0.07150753818337252,XYZ,BLOCK INC. A,US8522341036,XYZ,XYZ,Fintech,Technology,Software - Infrastructure,United States,USD,73.9800033569336,64.75,-1.8702693250166602,20.93,0.0,62.2,Seitwärts,41.0,Zyklus-neutral,-0.05546743721685932,0.057807710772726395,69.93709972381592,0.4719991437492194,0.3075860854959913,0.39477253380364496,3866832.8,286068303.52470094,bull,0.07150753818337252,bull,0.1741757303142999,2026-09-28,True,True,False,OK,,,XYZ,XYZ,Software - Infrastructure,True,True
UNH,UNITEDHEALTH,UNH,375.4100036621094,USD,11.653687758855447,20.77,0.0,Seitwärts,0.0,0.0,33.6,26.5,Zyklus-neutral,12.54,77.08,324.0,15929249792.0,300506185728.0,447567003648.0,5.3,12.3,2.69,14.99,0.788,83.33,"[24.6, 25.08, 0.0, 73.53, 34.9]",13.6433325,62.6,MED,"{""coverage"": 1.0, ""confluence"": 0.2, ""risk_clean"": 0.6666666666666666, ""regime_align"": 0.5533916269210387, ""liquidity"": 0.8243243243243243, ""weights"": {""coverage"": 0.25, ""confluence"": 0.25, ""risk_clean"": 0.2, ""regime_align"": 0.2, ""liquidity"": 0.1}}",US91324P1021,UNH,UNH,Pharma & Gesundheit,281.25,0.34455849640288955,0.2909197922444427,0.2896065899080599,5054966.95,1897685161.2113419,351.7578720092773,0.06723980764873483,bull,0.07150753818337252,bull,0.1741757303142999,2026-09-28,-0.120095584247211,Healthcare,Healthcare Plans,United States,USD,-0.31333617123555646,11.653687758855447,26.5,stock,S13 Gesundheit,pillar,82.0,manual thematic assignment after stack redesign,"healthcare, pharma, medtech",44.08,37.56,,bull,stock,,,,0.07150753818337252,UNH,UNITEDHEALTH,US91324P1021,UNH,UNH,Pharma & Gesundheit,Healthcare,Healthcare Plans,United States,USD,375.4100036621094,281.25,11.653687758855447,20.77,0.0,62.6,Seitwärts,33.6,Zyklus-neutral,-0.120095584247211,0.06723980764873483,351.7578720092773,0.34455849640288955,0.2909197922444427,0.2896065899080599,5054966.95,1897685161.2113419,bull,0.07150753818337252,bull,0.1741757303142999,2026-09-28,True,True,False,OK,,,UNH,UNH,Healthcare Plans,True,True
BAYN.DE,BAYER AG,BAYN.DE,50.79999923706055,EUR,83.81943810827512,20.54,0.0,Seitwärts,0.0,0.0,75.2,6.7,Zyklus-Tief,-0.57,133.457,24.0,5172499968.0,77877329920.0,45866000384.0,6.64,-3.1,-0.43,-3.53,1.136,53.31,"[0.0, 0.0, 0.0, 93.29, 15.79]",9.665203,62.6,MED,"{""coverage"": 1.0, ""confluence"": 0.2, ""risk_clean"": 0.6666666666666666, ""regime_align"": 0.7903061432473197, ""liquidity"": 0.3423423423423424, ""weights"": {""coverage"": 0.25, ""confluence"": 0.25, ""risk_clean"": 0.2, ""regime_align"": 0.2, ""liquidity"": 0.1}}",DE000BAY0017,BAYN.DE,BAYN.DE,Pharma & Gesundheit,46.74,0.42201122107415806,0.19819690611786883,0.3065455353648504,2154843.55,109466050.69598483,42.69673059463501,0.1897866307225815,bull,0.07150753818337252,bull,0.1741757303142999,2026-09-28,0.02048141841232054,Healthcare,Drug Manufacturers - General,Germany,EUR,1.5593737947993347,83.81943810827512,6.7,stock,S13 Gesundheit,pillar,82.0,manual thematic assignment after stack redesign,"healthcare, pharma, medtech",46.38,45.74,,bull,stock,,,,0.07150753818337252,BAYN.DE,BAYER AG,DE000BAY0017,BAYN.DE,BAYN.DE,Pharma & Gesundheit,Healthcare,Drug Manufacturers - General,Germany,EUR,50.79999923706055,46.74,83.81943810827512,20.54,0.0,62.6,Seitwärts,75.2,Zyklus-Tief,0.02048141841232054,0.1897866307225815,42.69673059463501,0.42201122107415806,0.19819690611786883,0.3065455353648504,2154843.55,109466050.69598483,bull,0.07150753818337252,bull,0.1741757303142999,2026-09-28,True,True,False,OK,,,BAYN.DE,BAYN.DE,Drug Manufacturers - General,True,True
005930.KS,"Samsung Electronics Co., Ltd.",005930.KS,270000.0,KRW,223.24692557660435,20.41,,,,,,,,,,,,,,,,,,,,,,64.3,MED,"{""coverage"": 1.0, ""confluence"": 0.2, ""risk_clean"": 0.6666666666666666, ""regime_align"": 0.5583853083853084, ""liquidity"": 0.9819819819819819, ""weights"": {""coverage"": 0.25, ""confluence"": 0.25, ""risk_clean"": 0.2, ""regime_align"": 0.2, ""liquidity"": 0.1}}",KR7005930003,005930.KS,005930.KS,,,0.7674923517921635,0.5102031611935831,0.42833575022000525,17061472.8,4606597656000.0,222981.77796875,0.21086127512105235,bull,0.07150753818337252,bull,0.1741757303142999,2026-09-28,-0.254047976131312,Technology,Semiconductors,South Korea,KRW,-5.429071803852892,223.24692557660435,0.0,stock,S2 Gehirn,pillar,85.0,manual thematic assignment after stack redesign,"ai, semis, software",48.99,54.44,,bull,stock,,,,0.07150753818337252,005930.KS,"Samsung Electronics Co., Ltd.",KR7005930003,005930.KS,005930.KS,,Technology,Semiconductors,South Korea,KRW,270000.0,,223.24692557660435,20.41,,64.3,,,,-0.254047976131312,0.21086127512105235,222981.77796875,0.7674923517921635,0.5102031611935831,0.42833575022000525,17061472.8,4606597656000.0,bull,0.07150753818337252,bull,0.1741757303142999,2026-09-28,True,True,False,OK,,,005930.KS,005930.KS,Semiconductors,True,True
CGNX,COGNEX CORP.,CGNX,58.654998779296875,USD,29.604497839609788,20.32,1.15,BUY,42.33,48.59,56.8,94.1,Zyklus-Hoch,7.21,5.298,78.0,180942256.0,7082582016.0,971705024.0,2.55,18.0,11.33,29.33,3.964,100.6,"[36.0, 14.42, 0.0, 25.87, 10.85]",38.553066,55.7,MED,"{""coverage"": 1.0, ""confluence"": 0.2, ""risk_clean"": 0.6666666666666666, ""regime_align"": 0.4632913456442868, ""liquidity"": 0.31081081081081074, ""weights"": {""coverage"": 0.25, ""confluence"": 0.25, ""risk_clean"": 0.2, ""regime_align"": 0.2, ""liquidity"": 0.1}}",US1924221039,CGNX,CGNX,Hardware 💻,39.72,0.5923450623791445,0.33500277097331166,0.27864217475145925,1481132.5,86875824.97947693,55.132197074890136,0.06389735746648117,bull,0.07150753818337252,bull,0.1741757303142999,2026-09-28,-0.2178234864800186,Technology,Scientific & Technical Instruments,United States,USD,-0.008525516754587237,29.604497839609788,94.1,stock,S1 Hardware,pillar,85.0,manual thematic assignment after stack redesign,"robotics, automation, devices",44.16,39.94,,bull,stock,,,,0.07150753818337252,CGNX,COGNEX CORP.,US1924221039,CGNX,CGNX,Hardware 💻,Technology,Scientific & Technical Instruments,United States,USD,58.654998779296875,39.72,29.604497839609788,20.32,1.15,55.7,BUY,56.8,Zyklus-Hoch,-0.2178234864800186,0.06389735746648117,55.132197074890136,0.5923450623791445,0.33500277097331166,0.27864217475145925,1481132.5,86875824.97947693,bull,0.07150753818337252,bull,0.1741757303142999,2026-09-28,True,True,False,OK,,,CGNX,CGNX,Scientific & Technical Instruments,True,True
DOGE-EUR,DOGECOIN (KRYPTO),DOGE-EUR,0.08269999921321869,EUR,-59.222919265332585,20.29,,,,,,,,,,,,,,,,,,,,,,54.1,MED,"{""coverage"": 1.0, ""confluence"": 0.2, ""risk_clean"": 0.3333333333333333, ""regime_align"": 0.713372875137581, ""liquidity"": 0.3153153153153153, ""weights"": {""coverage"": 0.25, ""confluence"": 0.25, ""risk_clean"": 0.2, ""regime_align"": 0.2, ""liquidity"": 0.1}}",,DOGE-EUR,DOGE-EUR,Krypto 🪙,,0.5983621793931444,0.40145154471017586,0.736780551164093,1078618702.9,89201765.88119297,0.07594068488106132,0.0890078137001773,bull,0.07150753818337252,bull,0.1741757303142999,2026-09-28,0.02319173242218331,Cryptocurrency,Digital Currency,Global,EUR,-3.0264658504788766,-59.222919265332585,0.0,crypto,Playground,playground,70.0,manual thematic assignment after stack redesign,"speculation, high volatility, optionality",52.55,66.03,,bull,stock,,,,0.07150753818337252,DOGE-EUR,DOGECOIN (KRYPTO),,DOGE-EUR,DOGE-EUR,Krypto 🪙,Cryptocurrency,Digital Currency,Global,EUR,0.08269999921321869,,-59.222919265332585,20.29,,54.1,,,,0.02319173242218331,0.0890078137001773,0.07594068488106132,0.5983621793931444,0.40145154471017586,0.736780551164093,1078618702.9,89201765.88119297,bull,0.07150753818337252,bull,0.1741757303142999,2026-09-28,True,True,True,OK,DOGE,EUR,CRYPTO:DOGE,DOGE,Krypto,True,True
LRCX,Lam Research Corporation,LRCX,312.0799865722656,,139.1650745695491,20.25,,,,,,,,,,,,,,,,,,,,,,61.7,MED,"{""coverage"": 1.0, ""confluence"": 0.2, ""risk_clean"": 0.6666666666666666, ""regime_align"": 0.4906241082711671, ""liquidity"": 0.8513513513513513, ""weights"": {""coverage"": 0.25, ""confluence"": 0.25, ""risk_clean"": 0.2, ""regime_align"": 0.2, ""liquidity"": 0.1}}",US5128073062,LRCX,LRCX,,,0.6507240651826145,0.397571940658796,0.41764934428507483,9030523.4,2818245621.4125304,271.20078788757326,0.1507340705132425,bull,0.07150753818337252,bull,0.1741757303142999,2026-09-28,-0.30793332787469263,Technology,Semiconductor Equipment & Materials,United States,,-0.9929903771018544,139.1650745695491,0.0,stock,S2 Gehirn,pillar,85.0,manual thematic assignment after stack redesign,"ai, semis, software",47.84,51.68,,bull,stock,,,,0.07150753818337252,LRCX,Lam Research Corporation,US5128073062,LRCX,LRCX,,Technology,Semiconductor Equipment & Materials,United States,,312.0799865722656,,139.1650745695491,20.25,,61.7,,,,-0.30793332787469263,0.1507340705132425,271.20078788757326,0.6507240651826145,0.397571940658796,0.41764934428507483,9030523.4,2818245621.4125304,bull,0.07150753818337252,bull,0.1741757303142999,2026-09-28,True,True,False,OK,,,LRCX,LRCX,Semiconductor Equipment & Materials,True,True
AMAT,"Applied Materials, Inc.",AMAT,479.8599853515625,USD,135.4301605790389,20.1,,,,,,,,,,,,,,,,,,,,,,61.1,MED,"{""coverage"": 1.0, ""confluence"": 0.2, ""risk_clean"": 0.6666666666666666, ""regime_align"": 0.4522848640495699, ""liquidity"": 0.8693693693693694, ""weights"": {""coverage"": 0.25, ""confluence"": 0.25, ""risk_clean"": 0.2, ""regime_align"": 0.2, ""liquidity"": 0.1}}",US0382221051,AMAT,AMAT,,,0.5999783885111013,0.3764384861596563,0.4248628346251607,6157962.5,2954959795.045471,421.7695087432861,0.13773038449688801,bull,0.07150753818337252,bull,0.1741757303142999,2026-09-28,-0.3644720755764953,Technology,Semiconductor Equipment & Materials,United States,USD,-1.0597968347293762,135.4301605790389,0.0,stock,S2 Gehirn,pillar,85.0,manual thematic assignment after stack redesign,"ai, semis, software",47.13,50.2,,bull,stock,,,,0.07150753818337252,AMAT,"Applied Materials, Inc.",US0382221051,AMAT,AMAT,,Technology,Semiconductor Equipment & Materials,United States,USD,479.8599853515625,,135.4301605790389,20.1,,61.1,,,,-0.3644720755764953,0.13773038449688801,421.7695087432861,0.5999783885111013,0.3764384861596563,0.4248628346251607,6157962.5,2954959795.045471,bull,0.07150753818337252,bull,0.1741757303142999,2026-09-28,True,True,False,OK,,,AMAT,AMAT,Semiconductor Equipment & Materials,True,True
NBIS,NEBIUS GROUP N.V.,NBIS,232.77999877929688,USD,111.19578679116611,19.81,,,,,,,,,,,,,,,,,,,,,,64.6,MED,"{""coverage"": 1.0, ""confluence"": 0.2, ""risk_clean"": 0.6666666666666666, ""regime_align"": 0.6237821531939179, ""liquidity"": 0.8783783783783784, ""weights"": {""coverage"": 0.25, ""confluence"": 0.25, ""risk_clean"": 0.2, ""regime_align"": 0.2, ""liquidity"": 0.1}}",NL0009805522,NBIS,NBIS,Tech 💻,,1.0922343406663026,0.5592636689837625,0.4829955702728198,14902478.0,3468998810.6484985,164.78592529296876,0.4126206371414498,bull,0.07150753818337252,bull,0.1741757303142999,2026-09-28,-0.1860019516192264,Communication Services,Internet Content & Information,Netherlands,USD,-1.9171630289695818,111.19578679116611,0.0,stock,S2 Gehirn,pillar,85.0,manual thematic assignment after stack redesign,"ai, semis, software",50.2,61.06,,bull,stock,,,,0.07150753818337252,NBIS,NEBIUS GROUP N.V.,NL0009805522,NBIS,NBIS,Tech 💻,Communication Services,Internet Content & Information,Netherlands,USD,232.77999877929688,,111.19578679116611,19.81,,64.6,,,,-0.1860019516192264,0.4126206371414498,164.78592529296876,1.0922343406663026,0.5592636689837625,0.4829955702728198,14902478.0,3468998810.6484985,bull,0.07150753818337252,bull,0.1741757303142999,2026-09-28,True,True,False,OK,,,NBIS,NBIS,Internet Content & Information,True,True
TEM,Tempus AI,TEM,85.16000366210938,USD,8.38743030785485,19.22,0.0,Seitwärts,0.0,0.0,46.7,31.3,Zyklus-neutral,-72.61,263.048,0.0,-108350376.0,10517640192.0,1105257984.0,-1.03,84.7,-18.45,66.25,3.275,55.68,"[100.0, 0.0, 0.0, 68.71, 100.0]",-119.52941,65.6,MED,"{""coverage"": 1.0, ""confluence"": 0.6, ""risk_clean"": 0.0, ""regime_align"": 0.9774265215441686, ""liquidity"": 0.6081081081081081, ""weights"": {""coverage"": 0.25, ""confluence"": 0.25, ""risk_clean"": 0.2, ""regime_align"": 0.2, ""liquidity"": 0.1}}",US88023B1035,TEM,TEM,Pharma 🧪,,0.736837321208208,0.3650812343866635,0.5975786998831909,6780118.9,577394950.353537,56.30094985961914,0.5125855580491527,bull,0.07150753818337252,bull,0.1741757303142999,2026-09-28,0.44116158187100285,Healthcare,Health Information Services,United States,USD,0.17645161993824487,8.38743030785485,31.3,stock,S13 Gesundheit,pillar,82.0,manual thematic assignment after stack redesign,"healthcare, pharma, medtech",50.89,66.0,,bull,stock,,,,0.07150753818337252,TEM,Tempus AI,US88023B1035,TEM,TEM,Pharma 🧪,Healthcare,Health Information Services,United States,USD,85.16000366210938,,8.38743030785485,19.22,0.0,65.6,Seitwärts,46.7,Zyklus-neutral,0.44116158187100285,0.5125855580491527,56.30094985961914,0.736837321208208,0.3650812343866635,0.5975786998831909,6780118.9,577394950.353537,bull,0.07150753818337252,bull,0.1741757303142999,2026-09-28,True,True,False,OK,,,TEM,TEM,Health Information Services,True,True
SNOW,SNOWFLAKE INC. A,SNOW,332.8599853515625,USD,47.773578402469475,19.21,0.0,Seitwärts,0.0,0.0,48.8,55.9,Zyklus-neutral,-53.09,125.912,0.0,1285029632.0,61811384320.0,4386721792.0,2.08,28.7,-30.76,-2.06,1.367,76.66,"[57.4, 0.0, 0.0, 44.05, 1.67]",112.415726,67.1,MED,"{""coverage"": 1.0, ""confluence"": 0.6, ""risk_clean"": 0.0, ""regime_align"": 0.9503994945171416, ""liquidity"": 0.8108108108108109, ""weights"": {""coverage"": 0.25, ""confluence"": 0.25, ""risk_clean"": 0.2, ""regime_align"": 0.2, ""liquidity"": 0.1}}",US8334451098,SNOW,SNOW,Gehirn,212.77,0.6528718876378994,0.367869185565409,0.5630006703868291,5479489.95,1823902944.491034,225.59654975891112,0.47546576269575436,bull,0.07150753818337252,bull,0.1741757303142999,2026-09-28,0.2790092473234753,Technology,Software - Application,United States,USD,-0.9168354668869672,47.773578402469475,55.9,stock,S2 Gehirn,pillar,85.0,manual thematic assignment after stack redesign,"ai, semis, software",49.3,61.11,,bull,stock,,,,0.07150753818337252,SNOW,SNOWFLAKE INC. A,US8334451098,SNOW,SNOW,Gehirn,Technology,Software - Application,United States,USD,332.8599853515625,212.77,47.773578402469475,19.21,0.0,67.1,Seitwärts,48.8,Zyklus-neutral,0.2790092473234753,0.47546576269575436,225.59654975891112,0.6528718876378994,0.367869185565409,0.5630006703868291,5479489.95,1823902944.491034,bull,0.07150753818337252,bull,0.1741757303142999,2026-09-28,True,True,False,OK,,,SNOW,SNOW,Software - Application,True,True
OXY,OCCIDENTAL PET.,OXY,56.599998474121094,USD,20.014562857853278,18.98,1.07,BUY,46.95,51.24,47.2,75.7,Zyklus-neutral,5.96,62.221,206.0,3033125120.0,75094687744.0,26601000960.0,4.04,-7.7,8.17,0.47,0.935,51.31,"[0.0, 11.92, 0.0, 44.3, 7.41]",41.212414,71.2,MED,"{""coverage"": 1.0, ""confluence"": 0.2, ""risk_clean"": 1.0, ""regime_align"": 0.7628205128205128, ""liquidity"": 0.5900900900900901, ""weights"": {""coverage"": 0.25, ""confluence"": 0.25, ""risk_clean"": 0.2, ""regime_align"": 0.2, ""liquidity"": 0.1}}",US6745991058,OXY,OXY,Energie,44.53,0.35760540824778997,0.2380012309354081,0.2729251994841223,8451822.2,478373123.6235427,53.27467397689819,0.06241848610213707,bull,0.07150753818337252,bull,0.1741757303142999,2026-09-28,0.1417870846034046,Energy,Oil & Gas E&P,United States,USD,-0.4572672061898153,20.014562857853278,75.7,stock,S3 Energie,pillar,82.0,manual thematic assignment after stack redesign,"energy, grid, electrification",39.47,31.78,,bull,stock,,,,0.07150753818337252,OXY,OCCIDENTAL PET.,US6745991058,OXY,OXY,Energie,Energy,Oil & Gas E&P,United States,USD,56.599998474121094,44.53,20.014562857853278,18.98,1.07,71.2,BUY,47.2,Zyklus-neutral,0.1417870846034046,0.06241848610213707,53.27467397689819,0.35760540824778997,0.2380012309354081,0.2729251994841223,8451822.2,478373123.6235427,bull,0.07150753818337252,bull,0.1741757303142999,2026-09-28,True,True,False,OK,,,OXY,OXY,Oil & Gas E&P,True,True
OGN,ORGANON + CO.,OGN,13.734999656677246,USD,33.78705325986198,18.9,0.0,Seitwärts,0.0,0.0,37.4,0.0,Zyklus-Tief,71.62,974.393,102.0,394000000.0,10186466304.0,6301000192.0,3.87,1.3,7.95,9.25,1.754,76.86,"[2.6, 100.0, 0.0, 100.0, 33.89]",2.035662,58.9,MED,"{""coverage"": 1.0, ""confluence"": 0.4, ""risk_clean"": 0.3333333333333333, ""regime_align"": 0.7724206106559048, ""liquidity"": 0.18018018018018012, ""weights"": {""coverage"": 0.25, ""confluence"": 0.25, ""risk_clean"": 0.2, ""regime_align"": 0.2, ""liquidity"": 0.1}}",US68622V1061,OGN,OGN,Pharma & Gesundheit,8.98,0.6584697175262152,0.42797633938701807,0.47961035587118694,2694481.9,37008707.97142305,10.734860351085663,0.27947632362894836,bull,0.07150753818337252,bull,0.1741757303142999,2026-09-28,-0.013005861338839964,Healthcare,Drug Manufacturers - General,United States,USD,0.036417440696467906,33.78705325986198,0.0,stock,S13 Gesundheit,pillar,82.0,manual thematic assignment after stack redesign,"healthcare, pharma, medtech",51.26,68.68,,bull,stock,,,,0.07150753818337252,OGN,ORGANON + CO.,US68622V1061,OGN,OGN,Pharma & Gesundheit,Healthcare,Drug Manufacturers - General,United States,USD,13.734999656677246,8.98,33.78705325986198,18.9,0.0,58.9,Seitwärts,37.4,Zyklus-Tief,-0.013005861338839964,0.27947632362894836,10.734860351085663,0.6584697175262152,0.42797633938701807,0.47961035587118694,2694481.9,37008707.97142305,bull,0.07150753818337252,bull,0.1741757303142999,2026-09-28,True,True,False,OK,,,OGN,OGN,Drug Manufacturers - General,True,True
KLAC,KLA Corporation,KLAC,187.00999450683594,,76.68785782378265,18.77,,,,,,,,,,,,,,,,,,,,,,54.0,MED,"{""coverage"": 1.0, ""confluence"": 0.0, ""risk_clean"": 0.6666666666666666, ""regime_align"": 0.38220007337654394, ""liquidity"": 0.8018018018018018, ""weights"": {""coverage"": 0.25, ""confluence"": 0.25, ""risk_clean"": 0.2, ""regime_align"": 0.2, ""liquidity"": 0.1}}",US4824801009,KLAC,KLAC,,,0.6076952459837007,0.4386033480993138,0.44466815138541516,9323228.45,1743536901.2204764,175.945488319397,0.06288598982062754,bull,0.07150753818337252,bull,0.1741757303142999,2026-09-28,-0.40835432285620954,Technology,Semiconductor Equipment & Materials,United States,,-0.484250569910738,76.68785782378265,0.0,stock,S2 Gehirn,pillar,85.0,manual thematic assignment after stack redesign,"ai, semis, software",46.03,53.08,,bull,stock,,,,0.07150753818337252,KLAC,KLA Corporation,US4824801009,KLAC,KLAC,,Technology,Semiconductor Equipment & Materials,United States,,187.00999450683594,,76.68785782378265,18.77,,54.0,,,,-0.40835432285620954,0.06288598982062754,175.945488319397,0.6076952459837007,0.4386033480993138,0.44466815138541516,9323228.45,1743536901.2204764,bull,0.07150753818337252,bull,0.1741757303142999,2026-09-28,True,True,False,OK,,,KLAC,KLAC,Semiconductor Equipment & Materials,True,True
6861.T,KEYENCE CORP.,6861.T,79600.0,JPY,48.02719633616417,18.63,0.0,Seitwärts,0.0,0.0,45.7,38.5,Zyklus-neutral,0.0,100.0,97.0,0.0,12400190291968.0,1118560059392.0,0.0,0.0,0.0,0.0,13.552,35.37,"[0.0, 0.0, 0.0, 61.55, 21.55]",30.325748,67.6,MED,"{""coverage"": 1.0, ""confluence"": 0.2, ""risk_clean"": 0.6666666666666666, ""regime_align"": 0.7294443765032, ""liquidity"": 0.963963963963964, ""weights"": {""coverage"": 0.25, ""confluence"": 0.25, ""risk_clean"": 0.2, ""regime_align"": 0.2, ""liquidity"": 0.1}}",JP3236200006,6861.T,6861.T,Hardware 💻,58890.0,0.4141578765921396,0.22439060659306911,0.179230282939153,564295.0,44917882000.0,68152.600078125,0.16796717819646734,bull,0.07150753818337252,bull,0.1741757303142999,2026-09-28,-0.014435555005907874,Technology,Scientific & Technical Instruments,Japan,JPY,3.0154005435485853,48.02719633616417,38.5,stock,S1 Hardware,pillar,85.0,manual thematic assignment after stack redesign,"robotics, automation, devices",39.37,33.16,,bull,stock,,,,0.07150753818337252,6861.T,KEYENCE CORP.,JP3236200006,6861.T,6861.T,Hardware 💻,Technology,Scientific & Technical Instruments,Japan,JPY,79600.0,58890.0,48.02719633616417,18.63,0.0,67.6,Seitwärts,45.7,Zyklus-neutral,-0.014435555005907874,0.16796717819646734,68152.600078125,0.4141578765921396,0.22439060659306911,0.179230282939153,564295.0,44917882000.0,bull,0.07150753818337252,bull,0.1741757303142999,2026-09-28,True,True,False,OK,,,6861.T,6861.T,Scientific & Technical Instruments,True,True
000660.KS,SK hynix Inc.,000660.KS,1768000.0,KRW,408.08361790452324,18.18,,,,,,,,,,,,,,,,,,,,,,56.7,MED,"{""coverage"": 1.0, ""confluence"": 0.2, ""risk_clean"": 0.3333333333333333, ""regime_align"": 0.506614080143492, ""liquidity"": 0.9864864864864865, ""weights"": {""coverage"": 0.25, ""confluence"": 0.25, ""risk_clean"": 0.2, ""regime_align"": 0.2, ""liquidity"": 0.1}}",KR7000660001,000660.KS,000660.KS,,,0.922023982786017,0.6014007782724085,0.5471051921241235,3299288.45,5833141979600.0,1392601.605,0.2695662518642581,bull,0.07150753818337252,bull,0.1741757303142999,2026-09-28,-0.37317601750095075,Technology,Semiconductors,South Korea,KRW,-5.0483351235230955,408.08361790452324,0.0,stock,S2 Gehirn,pillar,85.0,manual thematic assignment after stack redesign,"ai, semis, software",47.92,61.76,,bull,stock,,,,0.07150753818337252,000660.KS,SK hynix Inc.,KR7000660001,000660.KS,000660.KS,,Technology,Semiconductors,South Korea,KRW,1768000.0,,408.08361790452324,18.18,,56.7,,,,-0.37317601750095075,0.2695662518642581,1392601.605,0.922023982786017,0.6014007782724085,0.5471051921241235,3299288.45,5833141979600.0,bull,0.07150753818337252,bull,0.1741757303142999,2026-09-28,True,True,False,OK,,,000660.KS,000660.KS,Semiconductors,True,True
CNC,CENTENE CORP.,CNC,62.15999984741211,USD,76.54075962422901,17.66,0.0,Seitwärts,0.0,0.0,40.7,16.9,Zyklus-Tief,-28.68,86.762,0.0,5197749760.0,16662495232.0,176151003136.0,31.19,23.1,-3.79,19.31,1.1,96.84,"[46.2, 0.0, 0.0, 83.06, 26.02]",9.792917,67.7,MED,"{""coverage"": 1.0, ""confluence"": 0.4, ""risk_clean"": 0.6666666666666666, ""regime_align"": 0.7069728099139865, ""liquidity"": 0.5180180180180181, ""weights"": {""coverage"": 0.25, ""confluence"": 0.25, ""risk_clean"": 0.2, ""regime_align"": 0.2, ""liquidity"": 0.1}}",US15135B1017,CNC,CNC,Pharma & Gesundheit,41.68,0.4787928738669495,0.3397975989452267,0.32726890355175187,4790203.65,297759058.15307295,52.348149909973145,0.18743451209475603,bull,0.07150753818337252,bull,0.1741757303142999,2026-09-28,-0.060513436912913776,Healthcare,Healthcare Plans,United States,USD,0.5499840735462724,76.54075962422901,16.9,stock,S13 Gesundheit,pillar,82.0,manual thematic assignment after stack redesign,"healthcare, pharma, medtech",43.08,49.28,,bull,stock,,,,0.07150753818337252,CNC,CENTENE CORP.,US15135B1017,CNC,CNC,Pharma & Gesundheit,Healthcare,Healthcare Plans,United States,USD,62.15999984741211,41.68,76.54075962422901,17.66,0.0,67.7,Seitwärts,40.7,Zyklus-Tief,-0.060513436912913776,0.18743451209475603,52.348149909973145,0.4787928738669495,0.3397975989452267,0.32726890355175187,4790203.65,297759058.15307295,bull,0.07150753818337252,bull,0.1741757303142999,2026-09-28,True,True,False,OK,,,CNC,CNC,Healthcare Plans,True,True
IFX.DE,INFINEON TECH.,IFX.DE,56.56999969482422,EUR,72.53418808390828,17.33,0.0,Seitwärts,0.0,0.0,57.6,40.9,Zyklus-neutral,5.71,41.673,83.0,1671250048.0,61230231552.0,14899999744.0,2.73,7.0,6.88,13.88,1.721,55.03,"[14.0, 11.42, 0.0, 59.12, 22.1]",18.915174,57.0,MED,"{""coverage"": 1.0, ""confluence"": 0.0, ""risk_clean"": 1.0, ""regime_align"": 0.38659247482776893, ""liquidity"": 0.427927927927928, ""weights"": {""coverage"": 0.25, ""confluence"": 0.25, ""risk_clean"": 0.2, ""regime_align"": 0.2, ""liquidity"": 0.1}}",DE0006231004,IFX.DE,IFX.DE,Gehirn,42.32,0.5260034032320335,0.3256854916840183,0.3859090805053711,3733424.1,211199800.1976494,55.04637182235718,0.027678988133568838,bull,0.07150753818337252,bull,0.1741757303142999,2026-09-28,-0.3362229167401447,Technology,Semiconductors,Germany,EUR,-0.24686896827471605,72.53418808390828,40.9,stock,S2 Gehirn,pillar,85.0,manual thematic assignment after stack redesign,"ai, semis, software",42.79,49.92,,bull,stock,,,,0.07150753818337252,IFX.DE,INFINEON TECH.,DE0006231004,IFX.DE,IFX.DE,Gehirn,Technology,Semiconductors,Germany,EUR,56.56999969482422,42.32,72.53418808390828,17.33,0.0,57.0,Seitwärts,57.6,Zyklus-neutral,-0.3362229167401447,0.027678988133568838,55.04637182235718,0.5260034032320335,0.3256854916840183,0.3859090805053711,3733424.1,211199800.1976494,bull,0.07150753818337252,bull,0.1741757303142999,2026-09-28,True,True,False,OK,,,IFX.DE,IFX.DE,Semiconductors,True,True
INOD,Innodata Inc.,INOD,67.50499725341797,USD,-11.107459727166269,17.31,,,,,,,,,,,,,,,,,,,,,,51.5,MED,"{""coverage"": 1.0, ""confluence"": 0.2, ""risk_clean"": 0.3333333333333333, ""regime_align"": 0.5783192694957401, ""liquidity"": 0.32432432432432434, ""weights"": {""coverage"": 0.25, ""confluence"": 0.25, ""risk_clean"": 0.2, ""regime_align"": 0.2, ""liquidity"": 0.1}}",US4576422053,INOD,INOD,Tech 💻,,1.199165694263954,0.486166648270542,0.6303251436805135,1393924.3,94096856.04297256,61.0656750869751,0.10544912763629366,bull,0.07150753818337252,bull,0.1741757303142999,2026-09-28,-0.13572902597423941,Technology,Information Technology Services,United States,USD,-2.463519511066148,-11.107459727166269,0.0,stock,S2 Gehirn,pillar,85.0,manual addition via ChatGPT,"ai, semis, software",49.76,71.6,,bull,stock,,,,0.07150753818337252,INOD,Innodata Inc.,US4576422053,INOD,INOD,Tech 💻,Technology,Information Technology Services,United States,USD,67.50499725341797,,-11.107459727166269,17.31,,51.5,,,,-0.13572902597423941,0.10544912763629366,61.0656750869751,1.199165694263954,0.486166648270542,0.6303251436805135,1393924.3,94096856.04297256,bull,0.07150753818337252,bull,0.1741757303142999,2026-09-28,True,True,False,OK,,,INOD,INOD,Information Technology Services,True,True
FME.DE,FRESEN.MED.CARE,FME.DE,40.47999954223633,EUR,-4.1486836869861765,17.06,0.0,Seitwärts,0.0,0.0,60.1,93.6,Zyklus-Hoch,0.0,72.403,749.0,0.0,1.0,28795244.0,0.0,0.0,-80.39,-80.39,0.247,14.23,"[0.0, 0.0, 0.0, 6.36, 25.0]",0.0,52.7,MED,"{""coverage"": 1.0, ""confluence"": 0.0, ""risk_clean"": 0.6666666666666666, ""regime_align"": 0.6343809873221637, ""liquidity"": 0.1711711711711712, ""weights"": {""coverage"": 0.25, ""confluence"": 0.25, ""risk_clean"": 0.2, ""regime_align"": 0.2, ""liquidity"": 0.1}}",DE0005785802,FME.DE,FME.DE,Pharma & Gesundheit,37.13,0.28283635518870337,0.2755155769701104,0.26920641887056695,788365.15,31913020.911115076,38.849329471588135,0.0419742140425039,bull,0.07150753818337252,bull,0.1741757303142999,2026-09-28,-0.006666283967513564,Healthcare,Medical Care Facilities,Germany,EUR,1.7085435130927973,-4.1486836869861765,93.6,stock,S13 Gesundheit,pillar,82.0,manual thematic assignment after stack redesign,"healthcare, pharma, medtech",39.78,41.9,,bull,stock,,,,0.07150753818337252,FME.DE,FRESEN.MED.CARE,DE0005785802,FME.DE,FME.DE,Pharma & Gesundheit,Healthcare,Medical Care Facilities,Germany,EUR,40.47999954223633,37.13,-4.1486836869861765,17.06,0.0,52.7,Seitwärts,60.1,Zyklus-Hoch,-0.006666283967513564,0.0419742140425039,38.849329471588135,0.28283635518870337,0.2755155769701104,0.26920641887056695,788365.15,31913020.911115076,bull,0.07150753818337252,bull,0.1741757303142999,2026-09-28,True,True,False,OK,,,FME.DE,FME.DE,Medical Care Facilities,True,True
HIMS,"HIMS & HERS HEALTH, INC.",HIMS,28.770000457763672,USD,-51.336263569775966,16.18,,,,,,,,,,,,,,,,,,,,,,45.8,LOW,"{""coverage"": 1.0, ""confluence"": 0.0, ""risk_clean"": 0.3333333333333333, ""regime_align"": 0.4654518772165831, ""liquidity"": 0.4864864864864865, ""weights"": {""coverage"": 0.25, ""confluence"": 0.25, ""risk_clean"": 0.2, ""regime_align"": 0.2, ""liquidity"": 0.1}}",US4330001060,HIMS,HIMS,Pharma & Gesundheit,,0.9192787966403179,0.5219151056678776,0.7686424339373858,9216367.2,265154888.56291807,27.703049993515016,0.0385138266183116,bull,0.07150753818337252,bull,0.1741757303142999,2026-09-28,-0.1990644216097045,Healthcare,Drug Manufacturers - Specialty & Generic,United States,USD,-2.209380070851974,-51.336263569775966,0.0,stock,S13 Gesundheit,pillar,85.0,manual thematic assignment after stack redesign,"healthcare, pharma, medtech",47.78,70.87,,bull,stock,,,,0.07150753818337252,HIMS,"HIMS & HERS HEALTH, INC.",US4330001060,HIMS,HIMS,Pharma & Gesundheit,Healthcare,Drug Manufacturers - Specialty & Generic,United States,USD,28.770000457763672,,-51.336263569775966,16.18,,45.8,,,,-0.1990644216097045,0.0385138266183116,27.703049993515016,0.9192787966403179,0.5219151056678776,0.7686424339373858,9216367.2,265154888.56291807,bull,0.07150753818337252,bull,0.1741757303142999,2026-09-28,True,True,False,OK,,,HIMS,HIMS,Drug Manufacturers - Specialty & Generic,True,True
XRP-EUR,XRP (KRYPTO),XRP-EUR,1.3205000162124634,EUR,-46.081021499236904,14.34,0.0,Seitwärts,0.0,0.0,40.7,29.1,Zyklus-neutral,0.0,100.0,0.0,0.0,1.0,1.0,0.0,0.0,0.0,0.0,1.0,0.0,"[0.0, 0.0, 0.0, 70.92, 25.0]",0.0,67.6,MED,"{""coverage"": 1.0, ""confluence"": 0.4, ""risk_clean"": 0.3333333333333333, ""regime_align"": 0.8511577188047776, ""liquidity"": 0.8918918918918919, ""weights"": {""coverage"": 0.25, ""confluence"": 0.25, ""risk_clean"": 0.2, ""regime_align"": 0.2, ""liquidity"": 0.1}}",,XRP-EUR,XRP-EUR,Krypto 🪙,1.6,0.5538124661740919,0.3570697934648705,0.669367427942961,3655431812.45,4826997767.603779,1.1050043061375618,0.19501798217252775,bull,0.07150753818337252,bull,0.1741757303142999,2026-09-28,0.10013233553607304,Cryptocurrency,Digital Currency,Global,EUR,-1.0461870224677483,-46.081021499236904,29.1,crypto,S21 Finanzsystem,pillar,83.0,manual thematic assignment after stack redesign,"payments, exchanges, capital markets, crypto",40.73,57.78,,bull,stock,,,,0.07150753818337252,XRP-EUR,XRP (KRYPTO),,XRP-EUR,XRP-EUR,Krypto 🪙,Cryptocurrency,Digital Currency,Global,EUR,1.3205000162124634,1.6,-46.081021499236904,14.34,0.0,67.6,Seitwärts,40.7,Zyklus-neutral,0.10013233553607304,0.19501798217252775,1.1050043061375618,0.5538124661740919,0.3570697934648705,0.669367427942961,3655431812.45,4826997767.603779,bull,0.07150753818337252,bull,0.1741757303142999,2026-09-28,True,True,True,OK,XRP,EUR,CRYPTO:XRP,XRP,Krypto,True,True
SGL.DE,SGL Carbon SE,SGL.DE,4.610000133514404,EUR,42.72446149510445,23.37,,,,,,,,,,,,,,,,,,,,,,65.0,MED,"{""coverage"": 1.0, ""confluence"": 0.2, ""risk_clean"": 1.0, ""regime_align"": 0.7270290652643594, ""liquidity"": 0.04504504504504503, ""weights"": {""coverage"": 0.25, ""confluence"": 0.25, ""risk_clean"": 0.2, ""regime_align"": 0.2, ""liquidity"": 0.1}}",DE0007235301,SGL.DE,SGL.DE,Fundament,,0.4949763968305047,0.29673818778711475,0.32745823937031304,199818.8,921164.694678688,4.100950008630752,0.12412980499940707,bull,0.07150753818337252,bull,0.1741757303142999,2026-09-28,0.008231815920842322,Basic Materials,Chemicals,Germany,EUR,0.7650344417148736,42.72446149510445,0.0,stock,S4 Fundament,pillar,84.0,manual addition via ChatGPT,"materials, mining, metals",52.66,51.71,,bull,stock,,,,0.07150753818337252,SGL.DE,SGL Carbon SE,DE0007235301,SGL.DE,SGL.DE,Fundament,Basic Materials,Chemicals,Germany,EUR,4.610000133514404,,42.72446149510445,23.37,,65.0,,,,0.008231815920842322,0.12412980499940707,4.100950008630752,0.4949763968305047,0.29673818778711475,0.32745823937031304,199818.8,921164.694678688,bull,0.07150753818337252,bull,0.1741757303142999,2026-09-28,True,False,False,OK,,,SGL.DE,SGL.DE,Chemicals,True,False
ACB.TO,Aurora Cannabis,ACB.TO,5.679999828338623,,-34.41108627691267,22.79,,,,,,,,,,,,,,,,,,,,,,60.1,MED,"{""coverage"": 1.0, ""confluence"": 0.4, ""risk_clean"": 0.3333333333333333, ""regime_align"": 0.893746687864335, ""liquidity"": 0.05405405405405406, ""weights"": {""coverage"": 0.25, ""confluence"": 0.25, ""risk_clean"": 0.2, ""regime_align"": 0.2, ""liquidity"": 0.1}}",CA05156X8504,ACB.TO,ACB.TO,Pharma 🧪,,0.5826601887422214,0.3683246824839925,0.5796766548452162,299663.45,1702088.3445593596,4.983600010871887,0.13973830482934346,bull,0.07150753818337252,bull,0.1741757303142999,2026-09-28,0.34848599017003945,Healthcare,Medical Devices,Canada,,-2.068971697413624,-34.41108627691267,0.0,stock,Playground,playground,70.0,manual thematic assignment after stack redesign,"speculation, high volatility, optionality",55.94,64.61,,bull,stock,,,,0.07150753818337252,ACB.TO,Aurora Cannabis,CA05156X8504,ACB.TO,ACB.TO,Pharma 🧪,Healthcare,Medical Devices,Canada,,5.679999828338623,,-34.41108627691267,22.79,,60.1,,,,0.34848599017003945,0.13973830482934346,4.983600010871887,0.5826601887422214,0.3683246824839925,0.5796766548452162,299663.45,1702088.3445593596,bull,0.07150753818337252,bull,0.1741757303142999,2026-09-28,True,False,False,OK,,,ACB.TO,ACB.TO,Medical Devices,True,False
XSDG.F,SAMSUNG SDI,XSDG.F,84.5999984741211,EUR,170.28754164936544,15.9,3.73,BUY,59.4,74.42,60.6,36.7,Zyklus-neutral,-2.59,46.177,40.0,0.0,9084264775680.0,13266999836672.0,0.0,2.8,-4.89,-2.09,0.892,0.05,"[5.6, 0.0, 0.0, 83.25, 25.0]",0.0,66.4,MED,"{""coverage"": 1.0, ""confluence"": 0.4, ""risk_clean"": 0.6666666666666666, ""regime_align"": 0.8939810851575558, ""liquidity"": 0.022522522522522515, ""weights"": {""coverage"": 0.25, ""confluence"": 0.25, ""risk_clean"": 0.2, ""regime_align"": 0.2, ""liquidity"": 0.1}}",US7960542030,XSDG.F,XSDG.F,Energie,57.8,0.7523532871434838,0.4697619132709814,0.4524271696516611,4641.95,392708.9629169464,68.23900016784668,0.23976022898974847,bull,0.07150753818337252,bull,0.1741757303142999,2026-09-28,0.1626607402647786,Industrials,Electrical Equipment & Parts,South Korea,EUR,4.444442560643336,170.28754164936544,36.7,stock,S3 Energie,pillar,82.0,manual thematic assignment after stack redesign,"energy, grid, electrification",43.32,58.38,,bull,stock,,,,0.07150753818337252,XSDG.F,SAMSUNG SDI,US7960542030,XSDG.F,XSDG.F,Energie,Industrials,Electrical Equipment & Parts,South Korea,EUR,84.5999984741211,57.8,170.28754164936544,15.9,3.73,66.4,BUY,60.6,Zyklus-neutral,0.1626607402647786,0.23976022898974847,68.23900016784668,0.7523532871434838,0.4697619132709814,0.4524271696516611,4641.95,392708.9629169464,bull,0.07150753818337252,bull,0.1741757303142999,2026-09-28,True,False,False,OK,,,XSDG.F,XSDG.F,Electrical Equipment & Parts,True,False
TTK.DE,TAKKT AG,TTK.DE,3.0850000381469727,EUR,-37.04081677337925,14.98,0.0,Seitwärts,0.0,0.0,58.0,86.5,Zyklus-Hoch,0.0,72.403,752.0,0.0,1.0,28795244.0,0.0,0.0,-80.39,-80.39,0.247,14.27,"[0.0, 0.0, 0.0, 13.54, 25.0]",,58.4,MED,"{""coverage"": 1.0, ""confluence"": 0.4, ""risk_clean"": 0.3333333333333333, ""regime_align"": 0.8327014797603033, ""liquidity"": 0.009009009009009028, ""weights"": {""coverage"": 0.25, ""confluence"": 0.25, ""risk_clean"": 0.2, ""regime_align"": 0.2, ""liquidity"": 0.1}}",DE0007446007,TTK.DE,TTK.DE,Medien & Digitales 📱,3.67,0.47598315604963365,0.3003867932207956,0.5820610395268901,22221.9,68554.56234769821,2.8746749925613404,0.07316480858875529,bull,0.07150753818337252,bull,0.1741757303142999,2026-09-28,0.3153380174369931,Industrials,Business Equipment & Supplies,Germany,EUR,2.833334604899096,-37.04081677337925,86.5,stock,S14 Kommunikations- & Alltagsinfrastruktur,pillar,76.0,manual thematic assignment after stack redesign,"connectivity, telecom, civic infrastructure",42.84,61.29,,bull,stock,,,,0.07150753818337252,TTK.DE,TAKKT AG,DE0007446007,TTK.DE,TTK.DE,Medien & Digitales 📱,Industrials,Business Equipment & Supplies,Germany,EUR,3.0850000381469727,3.67,-37.04081677337925,14.98,0.0,58.4,Seitwärts,58.0,Zyklus-Hoch,0.3153380174369931,0.07316480858875529,2.8746749925613404,0.47598315604963365,0.3003867932207956,0.5820610395268901,22221.9,68554.56234769821,bull,0.07150753818337252,bull,0.1741757303142999,2026-09-28,True,False,False,OK,,,TTK.DE,TTK.DE,Business Equipment & Supplies,True,False
SLVR.V,SILVER TIGER,SLVR.V,0.7300000190734863,CAD,0.0,11.08,0.0,Seitwärts,0.0,0.0,67.6,11.8,Zyklus-Tief,-4.86,100.0,0.0,-4825026.0,488284608.0,1.0,-0.99,0.0,0.0,0.0,16.853,14.6,"[0.0, 0.0, 0.0, 88.22, 43.18]",35.357143,35.2,LOW,"{""coverage"": 1.0, ""confluence"": 0.0, ""risk_clean"": 0.0, ""regime_align"": 0.4924483306836248, ""liquidity"": 0.036036036036036, ""weights"": {""coverage"": 0.25, ""confluence"": 0.25, ""risk_clean"": 0.2, ""regime_align"": 0.2, ""liquidity"": 0.1}}",CA82831T1093,SLVR.V,SLVR.V,Edelmetalle ⛏️,1.29,0.8526655510836472,0.4791551409014639,0.5037593947896938,615646.0,449421.5917425156,0.8361750009655953,0.0284928553377066,bull,0.07150753818337252,bull,0.1741757303142999,2026-09-28,-0.1600714771977183,Basic Materials,Other Precious Metals & Mining,Canada,CAD,3.614461638270328,0.0,11.8,stock,S4 Fundament,pillar,84.0,manual thematic assignment after stack redesign,"materials, mining, metals",40.2,71.67,,bull,stock,,,,0.07150753818337252,SLVR.V,SILVER TIGER,CA82831T1093,SLVR.V,SLVR.V,Edelmetalle ⛏️,Basic Materials,Other Precious Metals & Mining,Canada,CAD,0.7300000190734863,1.29,0.0,11.08,0.0,35.2,Seitwärts,67.6,Zyklus-Tief,-0.1600714771977183,0.0284928553377066,0.8361750009655953,0.8526655510836472,0.4791551409014639,0.5037593947896938,615646.0,449421.5917425156,bull,0.07150753818337252,bull,0.1741757303142999,2026-09-28,True,False,False,OK,,,SLVR.V,SLVR.V,Other Precious Metals & Mining,True,False
AEM,AGNICO EAGLE,AEM,185.5,USD,12.2101459174353,42.15,3.41,BUY,225.0,284.12,75.8,50.1,Zyklus-neutral,15.67,1.427,76.0,3510760960.0,104343330816.0,10567577600.0,3.36,41.9,32.62,74.52,2.12,72.91,"[83.8, 31.34, 28.65, 69.91, 22.95]",16.093971,80.0,HIGH,"{""coverage"": 1.0, ""confluence"": 0.6, ""risk_clean"": 1.0, ""regime_align"": 0.7242774448656801, ""liquidity"": 0.5495495495495496, ""weights"": {""coverage"": 0.25, ""confluence"": 0.25, ""risk_clean"": 0.2, ""regime_align"": 0.2, ""liquidity"": 0.1}}",CA0084741085,AEM,AEM,Edelmetalle ⛏️,215.18,0.4877721781761843,0.33359740948824085,0.45804423932397453,2023964.4,375445396.2,188.0181354522705,-0.01339304554963927,bull,0.07150753818337252,bull,0.1741757303142999,2026-09-28,0.1695379366058607,Basic Materials,Gold,Canada,USD,-4.617439286722213,12.2101459174353,50.1,stock,S4 Fundament,pillar,84.0,manual thematic assignment after stack redesign,"materials, mining, metals",77.17,38.17,,bull,stock,,,,0.07150753818337252,AEM,AGNICO EAGLE,CA0084741085,AEM,AEM,Edelmetalle ⛏️,Basic Materials,Gold,Canada,USD,185.5,215.18,12.2101459174353,42.15,3.41,80.0,BUY,75.8,Zyklus-neutral,0.1695379366058607,-0.01339304554963927,188.0181354522705,0.4877721781761843,0.33359740948824085,0.45804423932397453,2023964.4,375445396.2,bull,0.07150753818337252,bull,0.1741757303142999,2026-09-28,False,True,False,OK,,,AEM,AEM,Gold,False,True
FRES.L,FRESNILLO PLC,FRES.L,2743.0,GBp,18.37313388648374,36.76,5.71,BUY,4472.0,5968.4,85.5,21.4,Zyklus-neutral,13.85,20.456,90.0,1243160320.0,27399075840.0,3944284928.0,4.54,30.1,11.56,41.66,5.092,15.79,"[60.2, 27.7, 0.0, 98.63, 15.53]",15.260902,60.2,MED,"{""coverage"": 1.0, ""confluence"": 0.2, ""risk_clean"": 0.6666666666666666, ""regime_align"": 0.41506665036076806, ""liquidity"": 0.8603603603603603, ""weights"": {""coverage"": 0.25, ""confluence"": 0.25, ""risk_clean"": 0.2, ""regime_align"": 0.2, ""liquidity"": 0.1}}",GB00B2QPKJ12,FRES.L,FRES.L,Edelmetalle ⛏️,4140.0,0.5711295498633582,0.35483242485781186,0.450869549748357,1040634.0,2854459062.0,3266.667548828125,-0.16030634920776798,bull,0.07150753818337252,bull,0.1741757303142999,2026-09-28,-0.050459751017285726,Basic Materials,Other Precious Metals & Mining,Mexico,GBp,-5.086505190311419,18.37313388648374,21.4,stock,S4 Fundament,pillar,84.0,manual thematic assignment after stack redesign,"materials, mining, metals",69.2,39.13,,bull,stock,,,,0.07150753818337252,FRES.L,FRESNILLO PLC,GB00B2QPKJ12,FRES.L,FRES.L,Edelmetalle ⛏️,Basic Materials,Other Precious Metals & Mining,Mexico,GBp,2743.0,4140.0,18.37313388648374,36.76,5.71,60.2,BUY,85.5,Zyklus-neutral,-0.050459751017285726,-0.16030634920776798,3266.667548828125,0.5711295498633582,0.35483242485781186,0.450869549748357,1040634.0,2854459062.0,bull,0.07150753818337252,bull,0.1741757303142999,2026-09-28,False,True,False,OK,,,FRES.L,FRES.L,Other Precious Metals & Mining,False,True
ABX.TO,BARRICK MINING,ABX.TO,58.40999984741211,CAD,29.296600826453535,35.08,0.0,Seitwärts,0.0,0.0,78.7,31.3,Zyklus-neutral,20.68,14.509,360.0,4054125056.0,114651471872.0,16956000256.0,3.54,64.5,29.45,93.95,2.922,63.7,"[100.0, 41.36, 0.0, 68.68, 29.71]",11.472485,83.2,HIGH,"{""coverage"": 1.0, ""confluence"": 0.8, ""risk_clean"": 1.0, ""regime_align"": 0.6747584688761159, ""liquidity"": 0.46846846846846846, ""weights"": {""coverage"": 0.25, ""confluence"": 0.25, ""risk_clean"": 0.2, ""regime_align"": 0.2, ""liquidity"": 0.1}}",CA06849F1080,ABX.TO,ABX.TO,Edelmetalle ⛏️,70.41,0.4729061354555977,0.33316909171149295,0.310614124061224,4210624.6,245942582.24350965,58.78209056854248,-0.006330001494188053,bull,0.07150753818337252,bull,0.1741757303142999,2026-09-28,0.07927195938511544,Basic Materials,Gold,Canada,CAD,-3.7726538496610895,29.296600826453535,31.3,stock,S4 Fundament,pillar,84.0,manual thematic assignment after stack redesign,"materials, mining, metals",67.64,42.33,,bull,stock,,,,0.07150753818337252,ABX.TO,BARRICK MINING,CA06849F1080,ABX.TO,ABX.TO,Edelmetalle ⛏️,Basic Materials,Gold,Canada,CAD,58.40999984741211,70.41,29.296600826453535,35.08,0.0,83.2,Seitwärts,78.7,Zyklus-neutral,0.07927195938511544,-0.006330001494188053,58.78209056854248,0.4729061354555977,0.33316909171149295,0.310614124061224,4210624.6,245942582.24350965,bull,0.07150753818337252,bull,0.1741757303142999,2026-09-28,False,True,False,OK,,,ABX.TO,ABX.TO,Gold,False,True
ASM.TO,AVINO SILVER,ASM.TO,7.989999771118164,CAD,7.972968488474552,33.09,7.87,BUY,16.11,25.14,81.5,36.8,Zyklus-neutral,14.34,2.563,0.0,15571250.0,2153994752.0,86065000.0,0.72,44.0,24.72,68.72,2.754,32.98,"[88.0, 28.68, 0.0, 83.21, 1.54]",14.07,48.5,LOW,"{""coverage"": 1.0, ""confluence"": 0.4, ""risk_clean"": 0.3333333333333333, ""regime_align"": 0.3023317435082141, ""liquidity"": 0.07657657657657657, ""weights"": {""coverage"": 0.25, ""confluence"": 0.25, ""risk_clean"": 0.2, ""regime_align"": 0.2, ""liquidity"": 0.1}}",CA0539061030,ASM.TO,ASM.TO,Edelmetalle ⛏️,13.98,0.8516360345674052,0.5478096047121707,0.5203145437830872,779958.9,6231871.432481575,9.713749990463256,-0.17745466179770242,bull,0.07150753818337252,bull,0.1741757303142999,2026-09-28,-0.14292267755473254,Basic Materials,Other Precious Metals & Mining,Canada,CAD,-4.653941980868015,7.972968488474552,36.8,stock,S4 Fundament,pillar,84.0,manual thematic assignment after stack redesign,"materials, mining, metals",69.44,57.39,,bull,stock,,,,0.07150753818337252,ASM.TO,AVINO SILVER,CA0539061030,ASM.TO,ASM.TO,Edelmetalle ⛏️,Basic Materials,Other Precious Metals & Mining,Canada,CAD,7.989999771118164,13.98,7.972968488474552,33.09,7.87,48.5,BUY,81.5,Zyklus-neutral,-0.14292267755473254,-0.17745466179770242,9.713749990463256,0.8516360345674052,0.5478096047121707,0.5203145437830872,779958.9,6231871.432481575,bull,0.07150753818337252,bull,0.1741757303142999,2026-09-28,False,True,False,OK,,,ASM.TO,ASM.TO,Other Precious Metals & Mining,False,True
AG.TO,FIRST MAJESTIC,AG.TO,25.540000915527344,CAD,48.235748393523295,33.05,6.88,BUY,38.2,54.45,75.9,36.4,Zyklus-neutral,4.21,7.886,9.0,215490000.0,15916909568.0,965571008.0,1.35,95.1,7.07,102.17,3.379,54.01,"[100.0, 8.42, 0.0, 83.64, 22.11]",26.672178,49.8,LOW,"{""coverage"": 1.0, ""confluence"": 0.2, ""risk_clean"": 0.3333333333333333, ""regime_align"": 0.5550731727202316, ""liquidity"": 0.2072072072072072, ""weights"": {""coverage"": 0.25, ""confluence"": 0.25, ""risk_clean"": 0.2, ""regime_align"": 0.2, ""liquidity"": 0.1}}",CA32076V1031,AG.TO,AG.TO,Edelmetalle ⛏️,34.68,0.7463794431526766,0.4666818355857139,0.5174444496202659,1920986.15,49061988.029715344,27.867265911102294,-0.08351249824790918,bull,0.07150753818337252,bull,0.1741757303142999,2026-09-28,0.011038026497123932,Basic Materials,Silver,Canada,CAD,-5.091040281133696,48.235748393523295,36.4,stock,S4 Fundament,pillar,84.0,manual thematic assignment after stack redesign,"materials, mining, metals",68.13,53.48,,bull,stock,,,,0.07150753818337252,AG.TO,FIRST MAJESTIC,CA32076V1031,AG.TO,AG.TO,Edelmetalle ⛏️,Basic Materials,Silver,Canada,CAD,25.540000915527344,34.68,48.235748393523295,33.05,6.88,49.8,BUY,75.9,Zyklus-neutral,0.011038026497123932,-0.08351249824790918,27.867265911102294,0.7463794431526766,0.4666818355857139,0.5174444496202659,1920986.15,49061988.029715344,bull,0.07150753818337252,bull,0.1741757303142999,2026-09-28,False,True,False,OK,,,AG.TO,AG.TO,Silver,False,True
RHM.DE,Rheinmetall AG,RHM.DE,966.2999877929688,EUR,-50.919848720680605,31.38,5.48,BUY,1966.0,2521.79,71.8,18.7,Zyklus-Tief,22.42,47.166,49.0,-1625000.0,76487131136.0,10997999616.0,-0.0,13.3,7.64,20.94,1.135,43.98,"[26.6, 44.84, 0.0, 100.0, 20.38]",40.79185,53.7,MED,"{""coverage"": 1.0, ""confluence"": 0.2, ""risk_clean"": 0.6666666666666666, ""regime_align"": 0.3268415474297827, ""liquidity"": 0.38288288288288286, ""weights"": {""coverage"": 0.25, ""confluence"": 0.25, ""risk_clean"": 0.2, ""regime_align"": 0.2, ""liquidity"": 0.1}}",DE0007030009,RHM.DE,RHM.DE,,,0.4762123734517392,0.3708616220059615,0.519204485256479,169944.55,164217416.59048155,1346.5698596191405,-0.28239891834035713,bull,0.07150753818337252,bull,0.1741757303142999,2026-09-28,-0.05332065134020347,Industrials,Aerospace & Defense,Germany,EUR,-1.638847335197935,-50.919848720680605,18.7,stock,S20 Sicherheit & Verteidigung,pillar,81.0,manual thematic assignment after stack redesign,"defense, aerospace, security",63.84,48.16,,bull,stock,,,,0.07150753818337252,RHM.DE,Rheinmetall AG,DE0007030009,RHM.DE,RHM.DE,,Industrials,Aerospace & Defense,Germany,EUR,966.2999877929688,,-50.919848720680605,31.38,5.48,53.7,BUY,71.8,Zyklus-Tief,-0.05332065134020347,-0.28239891834035713,1346.5698596191405,0.4762123734517392,0.3708616220059615,0.519204485256479,169944.55,164217416.59048155,bull,0.07150753818337252,bull,0.1741757303142999,2026-09-28,False,True,False,OK,,,RHM.DE,RHM.DE,Aerospace & Defense,False,True
INGR,INGREDION INC,INGR,96.08999633789062,USD,-18.239467642527263,31.37,0.76,BUY,117.01,127.79,47.5,29.1,Zyklus-neutral,18.1,41.609,275.0,379000000.0,8264359936.0,7218999808.0,4.59,-2.4,10.1,7.7,2.663,97.61,"[0.0, 36.2, 0.0, 90.9, 22.78]",10.015725,57.6,MED,"{""coverage"": 1.0, ""confluence"": 0.0, ""risk_clean"": 1.0, ""regime_align"": 0.5121988504341446, ""liquidity"": 0.23873873873873874, ""weights"": {""coverage"": 0.25, ""confluence"": 0.25, ""risk_clean"": 0.2, ""regime_align"": 0.2, ""liquidity"": 0.1}}",US4571871023,INGR,INGR,Konsum & Lifestyle,116.93,0.17966610896744653,0.11821422921310944,0.20980565663147532,618254.6,59408082.24988403,106.49521697998047,-0.0977059903455183,bull,0.07150753818337252,bull,0.1741757303142999,2026-09-28,-0.005456891005050979,Consumer Defensive,Packaged Foods,United States,USD,-0.6513698044470773,-18.239467642527263,29.1,stock,S11 Konsum,pillar,80.0,manual thematic assignment after stack redesign,"consumer staples, food, household",56.23,24.67,,bull,stock,,,,0.07150753818337252,INGR,INGREDION INC,US4571871023,INGR,INGR,Konsum & Lifestyle,Consumer Defensive,Packaged Foods,United States,USD,96.08999633789062,116.93,-18.239467642527263,31.37,0.76,57.6,BUY,47.5,Zyklus-neutral,-0.005456891005050979,-0.0977059903455183,106.49521697998047,0.17966610896744653,0.11821422921310944,0.20980565663147532,618254.6,59408082.24988403,bull,0.07150753818337252,bull,0.1741757303142999,2026-09-28,False,True,False,OK,,,INGR,INGR,Packaged Foods,False,True
0700.HK,TENCENT HLDGS,0700.HK,436.6000061035156,HKD,-33.077755212321115,30.01,0.0,Seitwärts,0.0,0.0,60.8,13.1,Zyklus-Tief,19.83,32.47,82.0,129573249024.0,5078710222848.0,729841008640.0,2.55,15.4,29.86,45.26,1.356,24.22,"[30.8, 39.66, 0.0, 86.9, 36.1]",15.502593,73.8,MED,"{""coverage"": 1.0, ""confluence"": 0.4, ""risk_clean"": 1.0, ""regime_align"": 0.4872813990461049, ""liquidity"": 0.9054054054054054, ""weights"": {""coverage"": 0.25, ""confluence"": 0.25, ""risk_clean"": 0.2, ""regime_align"": 0.2, ""liquidity"": 0.1}}",KYG875721634,0700.HK,0700.HK,Gehirn,607.0,0.33328682854397085,0.18931233173359377,0.3850954246512269,20087971.15,8770408326.697245,499.069016418457,-0.1251710850800697,bull,0.07150753818337252,bull,0.1741757303142999,2026-09-28,-0.0005117837531456448,Communication Services,Internet Content & Information,China,HKD,-0.4105811628714928,-33.077755212321115,13.1,stock,S2 Gehirn,pillar,85.0,manual thematic assignment after stack redesign,"ai, semis, software",56.69,32.56,,bull,stock,,,,0.07150753818337252,0700.HK,TENCENT HLDGS,KYG875721634,0700.HK,0700.HK,Gehirn,Communication Services,Internet Content & Information,China,HKD,436.6000061035156,607.0,-33.077755212321115,30.01,0.0,73.8,Seitwärts,60.8,Zyklus-Tief,-0.0005117837531456448,-0.1251710850800697,499.069016418457,0.33328682854397085,0.18931233173359377,0.3850954246512269,20087971.15,8770408326.697245,bull,0.07150753818337252,bull,0.1741757303142999,2026-09-28,False,True,False,OK,,,0700.HK,0700.HK,Internet Content & Information,False,True
2899.HK,ZIJIN MINING,2899.HK,32.5,HKD,3.9811001149815395,29.64,0.0,Seitwärts,0.0,0.0,77.8,53.8,Zyklus-neutral,28.01,74.84,129.0,31392294912.0,1275161870336.0,327443021824.0,2.46,8.1,13.91,22.01,1.199,46.16,"[16.2, 56.02, 0.0, 46.24, 20.58]",16.63815,68.6,MED,"{""coverage"": 1.0, ""confluence"": 0.4, ""risk_clean"": 0.6666666666666666, ""regime_align"": 0.6474562798092209, ""liquidity"": 0.7297297297297297, ""weights"": {""coverage"": 0.25, ""confluence"": 0.25, ""risk_clean"": 0.2, ""regime_align"": 0.2, ""liquidity"": 0.1}}",CNE100000502,2899.HK,2899.HK,Fundament,43.4,0.5001138551022812,0.303108238639359,0.3978220807776228,38725138.45,1258566999.625,35.17457704544067,-0.07603721977908895,bull,0.07150753818337252,bull,0.1741757303142999,2026-09-28,0.1401958272207957,Basic Materials,Gold,China,HKD,-0.6723753438124036,3.9811001149815395,53.8,stock,S4 Fundament,pillar,84.0,manual thematic assignment after stack redesign,"materials, mining, metals",61.11,48.01,,bull,stock,,,,0.07150753818337252,2899.HK,ZIJIN MINING,CNE100000502,2899.HK,2899.HK,Fundament,Basic Materials,Gold,China,HKD,32.5,43.4,3.9811001149815395,29.64,0.0,68.6,Seitwärts,77.8,Zyklus-neutral,0.1401958272207957,-0.07603721977908895,35.17457704544067,0.5001138551022812,0.303108238639359,0.3978220807776228,38725138.45,1258566999.625,bull,0.07150753818337252,bull,0.1741757303142999,2026-09-28,False,True,False,OK,,,2899.HK,2899.HK,Gold,False,True
KEP,KOREA EL. PWR ADR 1/2,KEP,11.104999542236328,USD,-16.25189026732944,28.53,5.08,BUY,23.41,31.51,78.5,12.6,Zyklus-Tief,19.12,279.916,45.0,1394938609664.0,127486264344576.0,97275598602240.0,1.09,5.6,8.47,14.07,0.481,1.78,"[11.2, 38.24, 0.0, 100.0, 30.73]",3.3700979,38.5,LOW,"{""coverage"": 1.0, ""confluence"": 0.0, ""risk_clean"": 0.3333333333333333, ""regime_align"": 0.28862459744812685, ""liquidity"": 0.10360360360360366, ""weights"": {""coverage"": 0.25, ""confluence"": 0.25, ""risk_clean"": 0.2, ""regime_align"": 0.2, ""liquidity"": 0.1}}",US5006311063,KEP,KEP,Energie,21.38,0.4881614467832567,0.300159533715219,0.5335339520763491,929903.3,10326575.720824052,14.967525010108949,-0.25806039844689765,bull,0.07150753818337252,bull,0.1741757303142999,2026-09-28,-0.11112000574296266,Utilities,Utilities - Regulated Electric,South Korea,USD,0.8628456982706201,-16.25189026732944,12.6,stock,S3 Energie,pillar,82.0,manual thematic assignment after stack redesign,"energy, grid, electrification",61.92,55.78,,bull,stock,,,,0.07150753818337252,KEP,KOREA EL. PWR ADR 1/2,US5006311063,KEP,KEP,Energie,Utilities,Utilities - Regulated Electric,South Korea,USD,11.104999542236328,21.38,-16.25189026732944,28.53,5.08,38.5,BUY,78.5,Zyklus-Tief,-0.11112000574296266,-0.25806039844689765,14.967525010108949,0.4881614467832567,0.300159533715219,0.5335339520763491,929903.3,10326575.720824052,bull,0.07150753818337252,bull,0.1741757303142999,2026-09-28,False,True,False,OK,,,KEP,KEP,Utilities - Regulated Electric,False,True
HMY,Harmony Gold Mining Company,HMY,17.795000076293945,USD,-0.6173212336155864,28.43,0.0,Seitwärts,0.0,0.0,60.2,27.3,Zyklus-neutral,32.52,4.925,98.0,10437374976.0,2812910080.0,73896001536.0,371.05,22.7,19.46,42.16,1.72,23.91,"[45.4, 65.04, 0.0, 72.74, 27.31]",8.793388,68.5,MED,"{""coverage"": 1.0, ""confluence"": 0.8, ""risk_clean"": 0.3333333333333333, ""regime_align"": 0.69947209653092, ""liquidity"": 0.28378378378378377, ""weights"": {""coverage"": 0.25, ""confluence"": 0.25, ""risk_clean"": 0.2, ""regime_align"": 0.2, ""liquidity"": 0.1}}",US4132163001,HMY,HMY,Tech 💻,,0.6563148403531658,0.4221444935424727,0.48847927471409924,4070796.7,72439827.58707714,18.223497943878172,-0.023513480721640057,bull,0.07150753818337252,bull,0.1741757303142999,2026-09-28,0.14106544570943957,Basic Materials,Gold,South Africa,USD,-6.1939867137125955,-0.6173212336155864,27.3,stock,S4 Fundament,pillar,84.0,manual thematic assignment after stack redesign,"materials, mining, metals",62.13,56.91,,bull,stock,,,,0.07150753818337252,HMY,Harmony Gold Mining Company,US4132163001,HMY,HMY,Tech 💻,Basic Materials,Gold,South Africa,USD,17.795000076293945,,-0.6173212336155864,28.43,0.0,68.5,Seitwärts,60.2,Zyklus-neutral,0.14106544570943957,-0.023513480721640057,18.223497943878172,0.6563148403531658,0.4221444935424727,0.48847927471409924,4070796.7,72439827.58707714,bull,0.07150753818337252,bull,0.1741757303142999,2026-09-28,False,True,False,OK,,,HMY,HMY,Gold,False,True
ICE,"Intercontinental Exchange, Inc.",ICE,153.57000732421875,USD,-7.36633723876623,28.11,,,,,,,,,,,,,,,,,,,,,,70.8,MED,"{""coverage"": 1.0, ""confluence"": 0.2, ""risk_clean"": 1.0, ""regime_align"": 0.7513452366393543, ""liquidity"": 0.581081081081081, ""weights"": {""coverage"": 0.25, ""confluence"": 0.25, ""risk_clean"": 0.2, ""regime_align"": 0.2, ""liquidity"": 0.1}}",US45866F1049,ICE,ICE,Finanzen,,0.2531102078374825,0.18787252468253177,0.2931752428992731,3091658.3,474785987.7749817,154.1750793838501,-0.003924577577968269,bull,0.07150753818337252,bull,0.1741757303142999,2026-09-28,0.22268048741080482,Financial Services,Financial Data & Stock Exchanges,United States,USD,-0.4795478232666128,-7.36633723876623,0.0,stock,S21 Finanzsystem,pillar,85.0,manual gap-filling addition for market infrastructure coverage,"payments, exchanges, capital markets, crypto",53.66,32.24,,bull,stock,,,,0.07150753818337252,ICE,"Intercontinental Exchange, Inc.",US45866F1049,ICE,ICE,Finanzen,Financial Services,Financial Data & Stock Exchanges,United States,USD,153.57000732421875,,-7.36633723876623,28.11,,70.8,,,,0.22268048741080482,-0.003924577577968269,154.1750793838501,0.2531102078374825,0.18787252468253177,0.2931752428992731,3091658.3,474785987.7749817,bull,0.07150753818337252,bull,0.1741757303142999,2026-09-28,False,True,False,OK,,,ICE,ICE,Financial Data & Stock Exchanges,False,True
PEP,PepsiCo,PEP,127.94000244140625,USD,-5.026700025463116,28.08,0.0,Seitwärts,0.0,0.0,61.6,78.4,Zyklus-neutral,42.85,258.081,341.0,8232750080.0,271828385792.0,93924999168.0,3.03,5.6,8.77,14.37,0.853,79.71,"[11.2, 85.7, 0.0, 21.64, 16.48]",18.30416,59.4,MED,"{""coverage"": 1.0, ""confluence"": 0.2, ""risk_clean"": 0.6666666666666666, ""regime_align"": 0.4445497533732828, ""liquidity"": 0.7162162162162162, ""weights"": {""coverage"": 0.25, ""confluence"": 0.25, ""risk_clean"": 0.2, ""regime_align"": 0.2, ""liquidity"": 0.1}}",US7134481081,PEP,PEP,Konsum 🥨,148.02,0.21169310413002798,0.12290112314775076,0.22673117923763542,8806968.5,1126763571.391388,144.93253021240236,-0.117244401557698,bull,0.07150753818337252,bull,0.1741757303142999,2026-09-28,-0.07389022597425932,Consumer Defensive,Beverages - Non-Alcoholic,United States,USD,-0.5364241741535158,-5.026700025463116,78.4,stock,S11 Konsum,pillar,80.0,manual thematic assignment after stack redesign,"consumer staples, food, household",53.51,31.93,,bull,stock,,,,0.07150753818337252,PEP,PepsiCo,US7134481081,PEP,PEP,Konsum 🥨,Consumer Defensive,Beverages - Non-Alcoholic,United States,USD,127.94000244140625,148.02,-5.026700025463116,28.08,0.0,59.4,Seitwärts,61.6,Zyklus-neutral,-0.07389022597425932,-0.117244401557698,144.93253021240236,0.21169310413002798,0.12290112314775076,0.22673117923763542,8806968.5,1126763571.391388,bull,0.07150753818337252,bull,0.1741757303142999,2026-09-28,False,True,False,OK,,,PEP,PEP,Beverages - Non-Alcoholic,False,True
VALE,VALE S.A.,VALE,13.53499984741211,BRL,36.352719742975296,28.0,0.0,Seitwärts,0.0,0.0,80.6,3.6,Zyklus-Tief,13.27,50.201,792.0,-951249984.0,458628300800.0,213320007680.0,-0.21,7.0,14.15,21.15,1.237,43.69,"[14.0, 26.54, 0.0, 96.37, 18.54]",8.056645,59.2,MED,"{""coverage"": 1.0, ""confluence"": 0.0, ""risk_clean"": 1.0, ""regime_align"": 0.43339040397863926, ""liquidity"": 0.5540540540540541, ""weights"": {""coverage"": 0.25, ""confluence"": 0.25, ""risk_clean"": 0.2, ""regime_align"": 0.2, ""liquidity"": 0.1}}",BRVALEACNOR0,VALE,VALE,Fundament,85.14,0.32859183029960526,0.21970230472530472,0.21879002383403146,28622887.25,387410774.561244,14.942510862350463,-0.094195080592831,bull,0.07150753818337252,bull,0.1741757303142999,2026-09-28,-0.10327933474220119,Basic Materials,Other Industrial Metals & Mining,Brazil,BRL,-0.5510640055625626,36.352719742975296,3.6,stock,S4 Fundament,pillar,84.0,manual thematic assignment after stack redesign,"materials, mining, metals",54.16,34.31,,bull,stock,,,,0.07150753818337252,VALE,VALE S.A.,BRVALEACNOR0,VALE,VALE,Fundament,Basic Materials,Other Industrial Metals & Mining,Brazil,BRL,13.53499984741211,85.14,36.352719742975296,28.0,0.0,59.2,Seitwärts,80.6,Zyklus-Tief,-0.10327933474220119,-0.094195080592831,14.942510862350463,0.32859183029960526,0.21970230472530472,0.21879002383403146,28622887.25,387410774.561244,bull,0.07150753818337252,bull,0.1741757303142999,2026-09-28,False,True,False,OK,,,VALE,VALE,Other Industrial Metals & Mining,False,True
6503.T,MITSUBISHI EL.,6503.T,5239.0,JPY,40.79707400621637,27.82,0.09,BUY,5152.0,5863.86,79.6,100.0,Zyklus-Hoch,9.51,8.262,95.0,252386869248.0,11700824702976.0,5677370048512.0,2.16,4.9,6.59,11.49,1.988,49.55,"[9.8, 19.02, 0.0, 20.0, 0.0]",35.206493,62.7,MED,"{""coverage"": 1.0, ""confluence"": 0.0, ""risk_clean"": 1.0, ""regime_align"": 0.40433533080591905, ""liquidity"": 0.9594594594594594, ""weights"": {""coverage"": 0.25, ""confluence"": 0.25, ""risk_clean"": 0.2, ""regime_align"": 0.2, ""liquidity"": 0.1}}",JP3902400005,6503.T,6503.T,Hardware 💻,4886.0,0.43084546677859936,0.2767702279433364,0.23368902439024386,5920360.0,31016766040.0,5499.9320068359375,-0.04744276956726401,bull,0.07150753818337252,bull,0.1741757303142999,2026-09-28,-0.19146732461005211,Industrials,Electrical Equipment & Parts,Japan,JPY,-0.6636329161926469,40.79707400621637,100.0,stock,S1 Hardware,pillar,85.0,manual thematic assignment after stack redesign,"robotics, automation, devices",50.84,24.86,,bull,stock,,,,0.07150753818337252,6503.T,MITSUBISHI EL.,JP3902400005,6503.T,6503.T,Hardware 💻,Industrials,Electrical Equipment & Parts,Japan,JPY,5239.0,4886.0,40.79707400621637,27.82,0.09,62.7,BUY,79.6,Zyklus-Hoch,-0.19146732461005211,-0.04744276956726401,5499.9320068359375,0.43084546677859936,0.2767702279433364,0.23368902439024386,5920360.0,31016766040.0,bull,0.07150753818337252,bull,0.1741757303142999,2026-09-28,False,True,False,OK,,,6503.T,6503.T,Electrical Equipment & Parts,False,True
CME,CME Group Inc.,CME,264.6300048828125,USD,0.9774604984921664,27.8,,,,,,,,,,,,,,,,,,,,,,70.2,MED,"{""coverage"": 1.0, ""confluence"": 0.2, ""risk_clean"": 1.0, ""regime_align"": 0.7151970975500388, ""liquidity"": 0.5900900900900901, ""weights"": {""coverage"": 0.25, ""confluence"": 0.25, ""risk_clean"": 0.2, ""regime_align"": 0.2, ""liquidity"": 0.1}}",US12572Q1058,CME,CME,Finanzen,,0.24058780352270473,0.16676400200037167,0.3108934014587985,1800105.1,476361821.40257573,274.4378327178955,-0.03573788547282697,bull,0.07150753818337252,bull,0.1741757303142999,2026-09-28,0.17507956138139624,Financial Services,Financial Data & Stock Exchanges,United States,USD,0.056712753423227014,0.9774604984921664,0.0,stock,S21 Finanzsystem,pillar,85.0,manual gap-filling addition for derivatives and exchange infrastructure,"payments, exchanges, capital markets, crypto",53.06,31.87,,bull,stock,,,,0.07150753818337252,CME,CME Group Inc.,US12572Q1058,CME,CME,Finanzen,Financial Services,Financial Data & Stock Exchanges,United States,USD,264.6300048828125,,0.9774604984921664,27.8,,70.2,,,,0.17507956138139624,-0.03573788547282697,274.4378327178955,0.24058780352270473,0.16676400200037167,0.3108934014587985,1800105.1,476361821.40257573,bull,0.07150753818337252,bull,0.1741757303142999,2026-09-28,False,True,False,OK,,,CME,CME,Financial Data & Stock Exchanges,False,True
AGI.TO,ALAMOS GOLD,AGI.TO,46.63999938964844,CAD,-2.8880072718053262,27.43,0.0,Seitwärts,0.0,0.0,68.7,100.0,Zyklus-Hoch,14.27,6.831,23.0,228962496.0,25537525760.0,1609299968.0,0.9,28.1,33.46,61.56,1.717,71.77,"[56.2, 28.54, 0.0, 0.0, 26.31]",17.732689,59.9,MED,"{""coverage"": 1.0, ""confluence"": 0.4, ""risk_clean"": 0.6666666666666666, ""regime_align"": 0.4759793730381966, ""liquidity"": 0.20270270270270274, ""weights"": {""coverage"": 0.25, ""confluence"": 0.25, ""risk_clean"": 0.2, ""regime_align"": 0.2, ""liquidity"": 0.1}}",CA0115321089,AGI.TO,AGI.TO,Edelmetalle ⛏️,59.13,0.5702158476204031,0.4255827614533156,0.4839531834904772,1034710.55,48258899.4204628,53.98191387176514,-0.13600693186902435,bull,0.07150753818337252,bull,0.1741757303142999,2026-09-28,-0.0012144859387783757,Basic Materials,Gold,Canada,CAD,-4.484952609634063,-2.8880072718053262,100.0,stock,S4 Fundament,pillar,84.0,manual thematic assignment after stack redesign,"materials, mining, metals",60.22,55.81,,bull,stock,,,,0.07150753818337252,AGI.TO,ALAMOS GOLD,CA0115321089,AGI.TO,AGI.TO,Edelmetalle ⛏️,Basic Materials,Gold,Canada,CAD,46.63999938964844,59.13,-2.8880072718053262,27.43,0.0,59.9,Seitwärts,68.7,Zyklus-Hoch,-0.0012144859387783757,-0.13600693186902435,53.98191387176514,0.5702158476204031,0.4255827614533156,0.4839531834904772,1034710.55,48258899.4204628,bull,0.07150753818337252,bull,0.1741757303142999,2026-09-28,False,True,False,OK,,,AGI.TO,AGI.TO,Gold,False,True
ISRG,INTUITIVE SURGICAL INC,ISRG,414.9200134277344,USD,-5.532532153689029,27.35,0.0,Seitwärts,0.0,0.0,44.7,47.5,Zyklus-neutral,16.69,0.953,0.0,2274837504.0,170196434944.0,10064700416.0,1.34,18.8,28.38,47.18,4.875,88.83,"[37.6, 33.38, 52.35, 52.5, 15.13]",43.30517,68.4,MED,"{""coverage"": 1.0, ""confluence"": 0.2, ""risk_clean"": 1.0, ""regime_align"": 0.5663548163548164, ""liquidity"": 0.7027027027027027, ""weights"": {""coverage"": 0.25, ""confluence"": 0.25, ""risk_clean"": 0.2, ""regime_align"": 0.2, ""liquidity"": 0.1}}",US46120E6023,ISRG,ISRG,Pharma 🧪,526.07,0.36897728270871666,0.26952851451615445,0.4399595130529892,2371513.4,983988371.7720519,450.1818495178223,-0.07832798263158747,bull,0.07150753818337252,bull,0.1741757303142999,2026-09-28,0.014462957304730573,Healthcare,Medical Instruments & Supplies,United States,USD,2.403875050105686,-5.532532153689029,47.5,stock,S1 Hardware,pillar,85.0,manual thematic assignment after stack redesign,"robotics, automation, devices",53.81,36.3,,bull,stock,,,,0.07150753818337252,ISRG,INTUITIVE SURGICAL INC,US46120E6023,ISRG,ISRG,Pharma 🧪,Healthcare,Medical Instruments & Supplies,United States,USD,414.9200134277344,526.07,-5.532532153689029,27.35,0.0,68.4,Seitwärts,44.7,Zyklus-neutral,0.014462957304730573,-0.07832798263158747,450.1818495178223,0.36897728270871666,0.26952851451615445,0.4399595130529892,2371513.4,983988371.7720519,bull,0.07150753818337252,bull,0.1741757303142999,2026-09-28,False,True,False,OK,,,ISRG,ISRG,Medical Instruments & Supplies,False,True
HL,HECLA MNG,HL,17.18939971923828,USD,44.70295074723432,27.22,0.0,Seitwärts,0.0,0.0,73.7,12.4,Zyklus-Tief,8.88,11.711,7.0,107837000.0,15551884288.0,1224562944.0,0.69,67.1,16.27,83.37,2.153,80.04,"[100.0, 17.76, 0.0, 87.58, 22.19]",21.58091,64.6,MED,"{""coverage"": 1.0, ""confluence"": 0.6, ""risk_clean"": 0.3333333333333333, ""regime_align"": 0.584250540132893, ""liquidity"": 0.6216216216216216, ""weights"": {""coverage"": 0.25, ""confluence"": 0.25, ""risk_clean"": 0.2, ""regime_align"": 0.2, ""liquidity"": 0.1}}",US4227041062,HL,HL,Edelmetalle ⛏️,28.27,0.7407992470389673,0.43369535958521954,0.5581261665440812,34544386.5,593797267.6043587,19.20673752784729,-0.10503282015928683,bull,0.07150753818337252,bull,0.1741757303142999,2026-09-28,0.08534912800256755,Basic Materials,Other Precious Metals & Mining,United States,USD,-5.500828946903457,44.70295074723432,12.4,stock,S4 Fundament,pillar,84.0,manual thematic assignment after stack redesign,"materials, mining, metals",60.51,57.64,,bull,stock,,,,0.07150753818337252,HL,HECLA MNG,US4227041062,HL,HL,Edelmetalle ⛏️,Basic Materials,Other Precious Metals & Mining,United States,USD,17.18939971923828,28.27,44.70295074723432,27.22,0.0,64.6,Seitwärts,73.7,Zyklus-Tief,0.08534912800256755,-0.10503282015928683,19.20673752784729,0.7407992470389673,0.43369535958521954,0.5581261665440812,34544386.5,593797267.6043587,bull,0.07150753818337252,bull,0.1741757303142999,2026-09-28,False,True,False,OK,,,HL,HL,Other Precious Metals & Mining,False,True
PKX,POSCO HOL.ADR,PKX,58.119998931884766,USD,17.771024779995926,26.52,2.86,BUY,65.49,81.98,67.1,47.7,Zyklus-neutral,0.81,45.676,278.0,0.0,19552163332096.0,69095001161728.0,0.0,-5.4,0.95,-4.45,1.896,2.67,"[0.0, 1.62, 0.0, 72.33, 23.17]",12.655211,64.2,MED,"{""coverage"": 1.0, ""confluence"": 0.2, ""risk_clean"": 1.0, ""regime_align"": 0.6520626961803433, ""liquidity"": 0.11711711711711714, ""weights"": {""coverage"": 0.25, ""confluence"": 0.25, ""risk_clean"": 0.2, ""regime_align"": 0.2, ""liquidity"": 0.1}}",US6934831099,PKX,PKX,Fundament,63.17,0.4574126421642894,0.2761639102124317,0.4692542558079722,198698.25,11548342.077767372,61.18105001449585,-0.05003266668169015,bull,0.07150753818337252,bull,0.1741757303142999,2026-09-28,0.1022908689330142,Basic Materials,Steel,South Korea,USD,2.054430471064528,17.771024779995926,47.7,stock,S4 Fundament,pillar,84.0,manual thematic assignment after stack redesign,"materials, mining, metals",55.55,45.63,,bull,stock,,,,0.07150753818337252,PKX,POSCO HOL.ADR,US6934831099,PKX,PKX,Fundament,Basic Materials,Steel,South Korea,USD,58.119998931884766,63.17,17.771024779995926,26.52,2.86,64.2,BUY,67.1,Zyklus-neutral,0.1022908689330142,-0.05003266668169015,61.18105001449585,0.4574126421642894,0.2761639102124317,0.4692542558079722,198698.25,11548342.077767372,bull,0.07150753818337252,bull,0.1741757303142999,2026-09-28,False,True,False,OK,,,PKX,PKX,Steel,False,True
LIN,LINDE PLC,LIN,470.55999755859375,USD,0.09516606998536403,26.32,,,,,,,,,,,,,,,,,,,,,,61.6,MED,"{""coverage"": 1.0, ""confluence"": 0.0, ""risk_clean"": 1.0, ""regime_align"": 0.48549794138029434, ""liquidity"": 0.6891891891891891, ""weights"": {""coverage"": 0.25, ""confluence"": 0.25, ""risk_clean"": 0.2, ""regime_align"": 0.2, ""liquidity"": 0.1}}",IE000S9YS762,LIN,LIN,Fundament,,0.1908282524899929,0.12872730627346413,0.1798063571713736,1936653.05,911311454.4798431,482.05951934814453,-0.02385498331222835,bull,0.07150753818337252,bull,0.1741757303142999,2026-09-28,-0.1191308578159811,Basic Materials,Specialty Chemicals,Ireland,USD,0.14258292137949713,0.09516606998536403,0.0,stock,S4 Fundament,pillar,85.0,manual thematic assignment after stack redesign,"materials, mining, metals",48.43,24.58,,bull,stock,,,,0.07150753818337252,LIN,LINDE PLC,IE000S9YS762,LIN,LIN,Fundament,Basic Materials,Specialty Chemicals,Ireland,USD,470.55999755859375,,0.09516606998536403,26.32,,61.6,,,,-0.1191308578159811,-0.02385498331222835,482.05951934814453,0.1908282524899929,0.12872730627346413,0.1798063571713736,1936653.05,911311454.4798431,bull,0.07150753818337252,bull,0.1741757303142999,2026-09-28,False,True,False,OK,,,LIN,LIN,Specialty Chemicals,False,True
MELI,MercadoLibre Inc.,MELI,1721.760009765625,USD,-31.16567041138404,26.22,0.0,Seitwärts,0.0,0.0,50.3,20.4,Zyklus-neutral,40.65,159.296,0.0,-4066249984.0,108489015296.0,26193000448.0,-3.75,39.5,7.93,47.43,1.174,84.75,"[79.0, 81.3, 0.0, 79.65, 27.28]",33.958015,66.1,MED,"{""coverage"": 1.0, ""confluence"": 0.4, ""risk_clean"": 0.6666666666666666, ""regime_align"": 0.5371468753821695, ""liquidity"": 0.7072072072072072, ""weights"": {""coverage"": 0.25, ""confluence"": 0.25, ""risk_clean"": 0.2, ""regime_align"": 0.2, ""liquidity"": 0.1}}",US58733R1023,MELI,MELI,Konsum 🥨,,0.41559163373231595,0.32720733662270163,0.3816000326391463,593960.65,1022657694.544397,1843.351099243164,-0.06596198061642267,bull,0.07150753818337252,bull,0.1741757303142999,2026-09-28,-0.014531200166717939,Consumer Cyclical,Internet Retail,Uruguay,USD,-1.7602305044353117,-31.16567041138404,20.4,stock,S2 Gehirn,pillar,85.0,manual thematic assignment after stack redesign,"ai, semis, software",55.99,48.43,,bull,stock,,,,0.07150753818337252,MELI,MercadoLibre Inc.,US58733R1023,MELI,MELI,Konsum 🥨,Consumer Cyclical,Internet Retail,Uruguay,USD,1721.760009765625,,-31.16567041138404,26.22,0.0,66.1,Seitwärts,50.3,Zyklus-neutral,-0.014531200166717939,-0.06596198061642267,1843.351099243164,0.41559163373231595,0.32720733662270163,0.3816000326391463,593960.65,1022657694.544397,bull,0.07150753818337252,bull,0.1741757303142999,2026-09-28,False,True,False,OK,,,MELI,MELI,Internet Retail,False,True
WM,"WASTE MANAGEMENT, INC.",WM,206.88499450683594,USD,-4.142625581653981,26.05,,,,,,,,,,,,,,,,,,,,,,60.2,MED,"{""coverage"": 1.0, ""confluence"": 0.0, ""risk_clean"": 1.0, ""regime_align"": 0.4740634299457829, ""liquidity"": 0.5720720720720721, ""weights"": {""coverage"": 0.25, ""confluence"": 0.25, ""risk_clean"": 0.2, ""regime_align"": 0.2, ""liquidity"": 0.1}}",US94106L1098,WM,WM,Recycling,,0.2032951096577888,0.1372073974402113,0.1502414714524798,2195862.25,454290949.5290184,223.227779006958,-0.0732112489441229,bull,0.07150753818337252,bull,0.1741757303142999,2026-09-28,-0.09655132736612237,Industrials,Waste Management,United States,USD,0.026588345643485667,-4.142625581653981,0.0,stock,S5 Recycling,pillar,85.0,manual thematic assignment after stack redesign,"recycling, urban mining",48.4,25.76,,bull,stock,,,,0.07150753818337252,WM,"WASTE MANAGEMENT, INC.",US94106L1098,WM,WM,Recycling,Industrials,Waste Management,United States,USD,206.88499450683594,,-4.142625581653981,26.05,,60.2,,,,-0.09655132736612237,-0.0732112489441229,223.227779006958,0.2032951096577888,0.1372073974402113,0.1502414714524798,2195862.25,454290949.5290184,bull,0.07150753818337252,bull,0.1741757303142999,2026-09-28,False,True,False,OK,,,WM,WM,Waste Management,False,True
1810.HK,XIAOMI CORP. CL.B,1810.HK,25.899999618530273,HKD,-51.63398695138437,26.0,0.0,Seitwärts,0.0,0.0,46.9,100.0,Zyklus-Hoch,19.86,10.389,0.0,32390629376.0,839264567296.0,449375305728.0,3.86,22.3,9.82,32.12,1.317,24.94,"[44.6, 39.72, 0.0, 0.0, 42.06]",18.211044,73.1,MED,"{""coverage"": 1.0, ""confluence"": 0.6, ""risk_clean"": 0.6666666666666666, ""regime_align"": 0.5501202560026089, ""liquidity"": 0.8738738738738738, ""weights"": {""coverage"": 0.25, ""confluence"": 0.25, ""risk_clean"": 0.2, ""regime_align"": 0.2, ""liquidity"": 0.1}}",KYG9830T1067,1810.HK,1810.HK,Hardware 💻,35.56,0.41016743842793474,0.22985330460925152,0.6161290256422176,117355897.25,3039517694.007278,31.336200008392336,-0.1734798855127987,bull,0.07150753818337252,bull,0.1741757303142999,2026-09-28,0.14841506525651393,Technology,Consumer Electronics,China,HKD,-2.5583156776810445,-51.63398695138437,100.0,stock,S1 Hardware,pillar,85.0,manual thematic assignment after stack redesign,"robotics, automation, devices",53.58,42.0,,bull,stock,,,,0.07150753818337252,1810.HK,XIAOMI CORP. CL.B,KYG9830T1067,1810.HK,1810.HK,Hardware 💻,Technology,Consumer Electronics,China,HKD,25.899999618530273,35.56,-51.63398695138437,26.0,0.0,73.1,Seitwärts,46.9,Zyklus-Hoch,0.14841506525651393,-0.1734798855127987,31.336200008392336,0.41016743842793474,0.22985330460925152,0.6161290256422176,117355897.25,3039517694.007278,bull,0.07150753818337252,bull,0.1741757303142999,2026-09-28,False,True,False,OK,,,1810.HK,1810.HK,Consumer Electronics,False,True
ENSG,"THE ENSIGN GROUP, INC.",ENSG,176.7899932861328,USD,3.2061573928086062,25.82,,,,,,,,,,,,,,,,,,,,,,65.5,MED,"{""coverage"": 1.0, ""confluence"": 0.2, ""risk_clean"": 1.0, ""regime_align"": 0.6498919734213853, ""liquidity"": 0.24774774774774777, ""weights"": {""coverage"": 0.25, ""confluence"": 0.25, ""risk_clean"": 0.2, ""regime_align"": 0.2, ""liquidity"": 0.1}}",US29358P1012,ENSG,ENSG,Pharma & Gesundheit,,0.2781489374630755,0.1671515949485883,0.31808492258302146,343695.9,60761995.853471376,181.76099792480468,-0.027349127125327555,bull,0.07150753818337252,bull,0.1741757303142999,2026-09-28,0.07398102256555017,Healthcare,Medical Care Facilities,United States,USD,0.9190550734474057,3.2061573928086062,0.0,stock,S13 Gesundheit,pillar,85.0,manual thematic assignment after stack redesign,"healthcare, pharma, medtech",51.74,37.19,,bull,stock,,,,0.07150753818337252,ENSG,"THE ENSIGN GROUP, INC.",US29358P1012,ENSG,ENSG,Pharma & Gesundheit,Healthcare,Medical Care Facilities,United States,USD,176.7899932861328,,3.2061573928086062,25.82,,65.5,,,,0.07398102256555017,-0.027349127125327555,181.76099792480468,0.2781489374630755,0.1671515949485883,0.31808492258302146,343695.9,60761995.853471376,bull,0.07150753818337252,bull,0.1741757303142999,2026-09-28,False,True,False,OK,,,ENSG,ENSG,Medical Care Facilities,False,True
3750.HK,CONT.AMPEREX (CATL),3750.HK,489.3999938964844,HKD,-9.178758489081174,25.47,0.0,Seitwärts,0.0,0.0,73.2,82.0,Zyklus-Hoch,22.14,37.135,22.0,48903442432.0,2110351081472.0,386039808000.0,2.32,12.9,16.52,29.42,1.684,57.34,"[25.8, 44.28, 0.0, 17.96, 23.92]",23.25123,66.5,MED,"{""coverage"": 1.0, ""confluence"": 0.4, ""risk_clean"": 1.0, ""regime_align"": 0.1852451999510823, ""liquidity"": 0.7837837837837838, ""weights"": {""coverage"": 0.25, ""confluence"": 0.25, ""risk_clean"": 0.2, ""regime_align"": 0.2, ""liquidity"": 0.1}}",CNE100006WS8,3750.HK,3750.HK,Energie,467.0,0.4582087677495853,0.282864073244388,0.3706152591348678,3058412.5,1496787058.8329315,592.6406578063965,-0.17420449061333,bull,0.07150753818337252,bull,0.1741757303142999,2026-09-28,-0.33978679330273287,Industrials,Electrical Equipment & Parts,China,HKD,-0.6899338434871782,-9.178758489081174,82.0,stock,S3 Energie,pillar,82.0,manual thematic assignment after stack redesign,"energy, grid, electrification",52.26,40.46,,bull,stock,,,,0.07150753818337252,3750.HK,CONT.AMPEREX (CATL),CNE100006WS8,3750.HK,3750.HK,Energie,Industrials,Electrical Equipment & Parts,China,HKD,489.3999938964844,467.0,-9.178758489081174,25.47,0.0,66.5,Seitwärts,73.2,Zyklus-Hoch,-0.33978679330273287,-0.17420449061333,592.6406578063965,0.4582087677495853,0.282864073244388,0.3706152591348678,3058412.5,1496787058.8329315,bull,0.07150753818337252,bull,0.1741757303142999,2026-09-28,False,True,False,OK,,,3750.HK,3750.HK,Electrical Equipment & Parts,False,True
PAAS.TO,PAN AMER. SILVER,PAAS.TO,65.11000061035156,CAD,22.14139428654194,25.47,0.0,Seitwärts,0.0,0.0,71.7,41.7,Zyklus-neutral,11.29,13.316,97.0,996537472.0,33913999360.0,3254799872.0,2.94,19.3,19.48,38.78,2.313,68.03,"[38.6, 22.58, 0.0, 58.27, 22.51]",16.049044,55.2,MED,"{""coverage"": 1.0, ""confluence"": 0.2, ""risk_clean"": 0.6666666666666666, ""regime_align"": 0.4761322408381232, ""liquidity"": 0.22972972972972971, ""weights"": {""coverage"": 0.25, ""confluence"": 0.25, ""risk_clean"": 0.2, ""regime_align"": 0.2, ""liquidity"": 0.1}}",CA6979001089,PAAS.TO,PAAS.TO,Edelmetalle ⛏️,87.0,0.5761474805424448,0.40112422609120035,0.37078769663532507,856431.85,55762278.27622452,72.77425140380859,-0.10531541919860854,bull,0.07150753818337252,bull,0.1741757303142999,2026-09-28,-0.04054702982835012,Basic Materials,Gold,Canada,CAD,-4.235913140030645,22.14139428654194,41.7,stock,S4 Fundament,pillar,84.0,manual thematic assignment after stack redesign,"materials, mining, metals",56.21,52.69,,bull,stock,,,,0.07150753818337252,PAAS.TO,PAN AMER. SILVER,CA6979001089,PAAS.TO,PAAS.TO,Edelmetalle ⛏️,Basic Materials,Gold,Canada,CAD,65.11000061035156,87.0,22.14139428654194,25.47,0.0,55.2,Seitwärts,71.7,Zyklus-neutral,-0.04054702982835012,-0.10531541919860854,72.77425140380859,0.5761474805424448,0.40112422609120035,0.37078769663532507,856431.85,55762278.27622452,bull,0.07150753818337252,bull,0.1741757303142999,2026-09-28,False,True,False,OK,,,PAAS.TO,PAAS.TO,Gold,False,True
ABT,Abbott Laboratories,ABT,101.08999633789062,USD,-22.29992450523485,25.02,0.0,Seitwärts,0.0,0.0,40.7,80.8,Zyklus-Hoch,13.16,25.31,224.0,0.0,200792539136.0,44328001536.0,0.0,4.4,14.72,19.12,1.0,81.66,"[8.8, 26.32, 0.0, 19.21, 25.41]",17.985203,70.1,MED,"{""coverage"": 1.0, ""confluence"": 0.2, ""risk_clean"": 1.0, ""regime_align"": 0.667920182626065, ""liquidity"": 0.6756756756756757, ""weights"": {""coverage"": 0.25, ""confluence"": 0.25, ""risk_clean"": 0.2, ""regime_align"": 0.2, ""liquidity"": 0.1}}",US0028241000,ABT,ABT,Pharma 🧪,107.46,0.26894527279138625,0.18662066058835036,0.3768476209057138,8505360.15,859806826.4159409,103.62837715148926,-0.024495035851887392,bull,0.07150753818337252,bull,0.1741757303142999,2026-09-28,0.09311942482989877,Healthcare,Medical Devices,United States,USD,-0.19745737568264143,-22.29992450523485,80.8,stock,S1 Hardware,pillar,85.0,manual thematic assignment after stack redesign,"robotics, automation, devices",48.84,32.02,,bull,stock,,,,0.07150753818337252,ABT,Abbott Laboratories,US0028241000,ABT,ABT,Pharma 🧪,Healthcare,Medical Devices,United States,USD,101.08999633789062,107.46,-22.29992450523485,25.02,0.0,70.1,Seitwärts,40.7,Zyklus-Hoch,0.09311942482989877,-0.024495035851887392,103.62837715148926,0.26894527279138625,0.18662066058835036,0.3768476209057138,8505360.15,859806826.4159409,bull,0.07150753818337252,bull,0.1741757303142999,2026-09-28,False,True,False,OK,,,ABT,ABT,Medical Devices,False,True
GMED,Globus Medical,GMED,74.76499938964844,USD,32.51506879842576,25.02,0.0,Seitwärts,0.0,0.0,53.2,24.1,Zyklus-neutral,10.01,2.731,0.0,445762752.0,11603802112.0,2769804032.0,3.84,22.9,15.3,38.2,4.13,106.79,"[45.8, 20.02, 0.0, 75.85, 24.94]",20.902147,62.1,MED,"{""coverage"": 1.0, ""confluence"": 0.2, ""risk_clean"": 1.0, ""regime_align"": 0.4287636052341935, ""liquidity"": 0.3513513513513513, ""weights"": {""coverage"": 0.25, ""confluence"": 0.25, ""risk_clean"": 0.2, ""regime_align"": 0.2, ""liquidity"": 0.1}}",US3795772082,GMED,GMED,Pharma 🧪,,0.48902504757483495,0.21587210133869617,0.24023964273441223,1482761.0,110858625.2599945,84.88227500915528,-0.11919185269734589,bull,0.07150753818337252,bull,0.1741757303142999,2026-09-28,-0.0826159436099081,Healthcare,Medical Devices,United States,USD,0.3287745002935827,32.51506879842576,24.1,stock,S1 Hardware,pillar,85.0,manual thematic assignment after stack redesign,"robotics, automation, devices",50.45,37.03,,bull,stock,,,,0.07150753818337252,GMED,Globus Medical,US3795772082,GMED,GMED,Pharma 🧪,Healthcare,Medical Devices,United States,USD,74.76499938964844,,32.51506879842576,25.02,0.0,62.1,Seitwärts,53.2,Zyklus-neutral,-0.0826159436099081,-0.11919185269734589,84.88227500915528,0.48902504757483495,0.21587210133869617,0.24023964273441223,1482761.0,110858625.2599945,bull,0.07150753818337252,bull,0.1741757303142999,2026-09-28,False,True,False,OK,,,GMED,GMED,Medical Devices,False,True
NFLX,NETFLIX INC.,NFLX,69.29070281982422,USD,-42.564548133814576,24.96,0.0,Seitwärts,0.0,0.0,39.3,93.9,Zyklus-Hoch,42.76,63.782,0.0,24817524736.0,355017424896.0,45183037440.0,6.99,17.6,24.3,41.9,1.186,86.0,"[35.2, 85.52, 0.0, 6.14, 32.01]",21.525,64.2,MED,"{""coverage"": 1.0, ""confluence"": 0.4, ""risk_clean"": 0.6666666666666666, ""regime_align"": 0.3766458766458767, ""liquidity"": 0.8333333333333334, ""weights"": {""coverage"": 0.25, ""confluence"": 0.25, ""risk_clean"": 0.2, ""regime_align"": 0.2, ""liquidity"": 0.1}}",US64110L1061,NFLX,NFLX,Medien & Digitales 📱,85.7,0.3652958772629329,0.2667532624129495,0.45543160824265916,31985925.95,2216327289.4183536,84.57560333251953,-0.18072469968202087,bull,0.07150753818337252,bull,0.1741757303142999,2026-09-28,-0.058430532071518715,Communication Services,Entertainment,United States,USD,-2.613209650288506,-42.564548133814576,93.9,stock,S19 Medien & Unterhaltung,pillar,75.0,manual thematic assignment after stack redesign,"media, entertainment, streaming",51.79,41.47,,bull,stock,,,,0.07150753818337252,NFLX,NETFLIX INC.,US64110L1061,NFLX,NFLX,Medien & Digitales 📱,Communication Services,Entertainment,United States,USD,69.29070281982422,85.7,-42.564548133814576,24.96,0.0,64.2,Seitwärts,39.3,Zyklus-Hoch,-0.058430532071518715,-0.18072469968202087,84.57560333251953,0.3652958772629329,0.2667532624129495,0.45543160824265916,31985925.95,2216327289.4183536,bull,0.07150753818337252,bull,0.1741757303142999,2026-09-28,False,True,False,OK,,,NFLX,NFLX,Entertainment,False,True
NESN.SW,NESTLE NAM.,NESN.SW,77.0,CHF,11.172290026834354,24.55,0.0,Seitwärts,0.0,0.0,53.9,95.7,Zyklus-Hoch,33.76,225.855,389.0,5756874752.0,263371161600.0,90898997248.0,2.19,-1.8,11.34,9.54,0.714,45.54,"[0.0, 67.52, 0.0, 4.27, 21.26]",17.62689,58.4,MED,"{""coverage"": 1.0, ""confluence"": 0.2, ""risk_clean"": 0.6666666666666666, ""regime_align"": 0.5193428722840487, ""liquidity"": 0.4639639639639639, ""weights"": {""coverage"": 0.25, ""confluence"": 0.25, ""risk_clean"": 0.2, ""regime_align"": 0.2, ""liquidity"": 0.1}}",CH0038863350,NESN.SW,NESN.SW,Konsum & Lifestyle,72.85,0.23037743676033481,0.14844404147487836,0.15301191025925331,3121926.15,240388313.54999998,77.71218700408936,-0.009164418497859095,bull,0.07150753818337252,bull,0.1741757303142999,2026-09-28,-0.10207102916851529,Consumer Defensive,Packaged Foods,Switzerland,,-0.22029049239206122,11.172290026834354,95.7,stock,S11 Konsum,pillar,80.0,manual thematic assignment after stack redesign,"consumer staples, food, household",48.49,33.21,,bull,stock,,,,0.07150753818337252,NESN.SW,NESTLE NAM.,CH0038863350,NESN.SW,NESN.SW,Konsum & Lifestyle,Consumer Defensive,Packaged Foods,Switzerland,,77.0,72.85,11.172290026834354,24.55,0.0,58.4,Seitwärts,53.9,Zyklus-Hoch,-0.10207102916851529,-0.009164418497859095,77.71218700408936,0.23037743676033481,0.14844404147487836,0.15301191025925331,3121926.15,240388313.54999998,bull,0.07150753818337252,bull,0.1741757303142999,2026-09-28,False,True,False,OK,,,NESN.SW,NESN.SW,Packaged Foods,False,True
NDA.DE,AURUBIS AG,NDA.DE,160.39999389648438,EUR,51.967178940350124,24.41,0.0,BUY,123.5,145.46,79.5,54.1,Zyklus-neutral,11.9,10.073,95.0,-585249984.0,7707624960.0,19295000576.0,-7.59,25.3,3.14,28.44,2.108,49.51,"[50.6, 23.8, 0.0, 65.86, 6.88]",18.59068,60.2,MED,"{""coverage"": 1.0, ""confluence"": 0.2, ""risk_clean"": 1.0, ""regime_align"": 0.43356365415188947, ""liquidity"": 0.1576576576576576, ""weights"": {""coverage"": 0.25, ""confluence"": 0.25, ""risk_clean"": 0.2, ""regime_align"": 0.2, ""liquidity"": 0.1}}",DE0006766504,NDA.DE,NDA.DE,Recycling,155.7,0.4098536874138724,0.26459724567932597,0.26824819283935375,138584.9,22229017.114144895,171.0301248550415,-0.062153559015213244,bull,0.07150753818337252,bull,0.1741757303142999,2026-09-28,-0.14367883976955542,Industrials,Metal Fabrication,Germany,EUR,-4.46694477226961,51.967178940350124,54.1,stock,S5 Recycling,pillar,83.0,manual thematic assignment after stack redesign,"recycling, urban mining",50.24,39.26,,bull,stock,,,,0.07150753818337252,NDA.DE,AURUBIS AG,DE0006766504,NDA.DE,NDA.DE,Recycling,Industrials,Metal Fabrication,Germany,EUR,160.39999389648438,155.7,51.967178940350124,24.41,0.0,60.2,BUY,79.5,Zyklus-neutral,-0.14367883976955542,-0.062153559015213244,171.0301248550415,0.4098536874138724,0.26459724567932597,0.26824819283935375,138584.9,22229017.114144895,bull,0.07150753818337252,bull,0.1741757303142999,2026-09-28,False,True,False,OK,,,NDA.DE,NDA.DE,Metal Fabrication,False,True
SPOT,SPOTIFY TECH.,SPOT,501.2099914550781,USD,-31.196890522294794,24.33,0.0,Seitwärts,0.0,0.0,41.6,76.0,Zyklus-neutral,22.64,28.873,0.0,789000000.0,92863963136.0,16897000448.0,0.85,7.1,8.31,15.41,1.612,67.37,"[14.2, 45.28, 0.0, 24.02, 38.46]",25.314257,74.8,MED,"{""coverage"": 1.0, ""confluence"": 0.4, ""risk_clean"": 1.0, ""regime_align"": 0.6680322856793445, ""liquidity"": 0.6441441441441441, ""weights"": {""coverage"": 0.25, ""confluence"": 0.25, ""risk_clean"": 0.2, ""regime_align"": 0.2, ""liquidity"": 0.1}}",LU1778762911,SPOT,SPOT,Medien & Digitales 📱,511.74,0.4496738065659219,0.2967037892007036,0.43340148997272954,1405325.0,704362931.2416077,502.5511012268066,-0.0026686037866688883,bull,0.07150753818337252,bull,0.1741757303142999,2026-09-28,0.06276303770344027,Communication Services,Internet Content & Information,Sweden,USD,-1.7254599207946808,-31.196890522294794,76.0,stock,S19 Medien & Unterhaltung,pillar,75.0,manual thematic assignment after stack redesign,"media, entertainment, streaming",51.3,42.93,,bull,stock,,,,0.07150753818337252,SPOT,SPOTIFY TECH.,LU1778762911,SPOT,SPOT,Medien & Digitales 📱,Communication Services,Internet Content & Information,Sweden,USD,501.2099914550781,511.74,-31.196890522294794,24.33,0.0,74.8,Seitwärts,41.6,Zyklus-neutral,0.06276303770344027,-0.0026686037866688883,502.5511012268066,0.4496738065659219,0.2967037892007036,0.43340148997272954,1405325.0,704362931.2416077,bull,0.07150753818337252,bull,0.1741757303142999,2026-09-28,False,True,False,OK,,,SPOT,SPOT,Internet Content & Information,False,True
FSLR,FIRST SOLAR INC,FSLR,174.0500030517578,USD,-22.135729431284656,24.31,0.0,Seitwärts,0.0,0.0,59.4,31.0,Zyklus-neutral,16.86,9.893,0.0,168763744.0,23129389056.0,5050625024.0,0.73,79.7,27.73,107.43,1.91,103.86,"[100.0, 33.72, 0.0, 69.03, 32.13]",9.727635,64.1,MED,"{""coverage"": 1.0, ""confluence"": 0.4, ""risk_clean"": 1.0, ""regime_align"": 0.17157881863764218, ""liquidity"": 0.5630630630630631, ""weights"": {""coverage"": 0.25, ""confluence"": 0.25, ""risk_clean"": 0.2, ""regime_align"": 0.2, ""liquidity"": 0.1}}",US3364331070,FSLR,FSLR,Energie,236.58,0.5505107290078219,0.3659040064678859,0.4590416224285644,2392751.85,416458466.7945992,225.9728512573242,-0.22977471814275507,bull,0.07150753818337252,bull,0.1741757303142999,2026-09-28,-0.2912635208831643,Technology,Solar,United States,USD,-2.059537180707216,-22.135729431284656,31.0,stock,S3 Energie,pillar,82.0,manual thematic assignment after stack redesign,"energy, grid, electrification",53.0,48.3,,bull,stock,,,,0.07150753818337252,FSLR,FIRST SOLAR INC,US3364331070,FSLR,FSLR,Energie,Technology,Solar,United States,USD,174.0500030517578,236.58,-22.135729431284656,24.31,0.0,64.1,Seitwärts,59.4,Zyklus-neutral,-0.2912635208831643,-0.22977471814275507,225.9728512573242,0.5505107290078219,0.3659040064678859,0.4590416224285644,2392751.85,416458466.7945992,bull,0.07150753818337252,bull,0.1741757303142999,2026-09-28,False,True,False,OK,,,FSLR,FSLR,Solar,False,True
NEE,"NextEra Energy, Inc.",NEE,75.20359802246094,USD,1.5153743420147414,24.23,,,,,,,,,,,,,,,,,,,,,,58.6,MED,"{""coverage"": 1.0, ""confluence"": 0.0, ""risk_clean"": 1.0, ""regime_align"": 0.33861236802413275, ""liquidity"": 0.6801801801801802, ""weights"": {""coverage"": 0.25, ""confluence"": 0.25, ""risk_clean"": 0.2, ""regime_align"": 0.2, ""liquidity"": 0.1}}",US65339F1012,NEE,NEE,Energie,,0.2140172562620589,0.14052778702195148,0.2202278889228788,11497750.6,864672214.284909,86.38315376281739,-0.12941824017044112,bull,0.07150753818337252,bull,0.1741757303142999,2026-09-28,-0.16561953440615207,Utilities,Utilities - Regulated Electric,United States,USD,-1.1519502990285369,1.5153743420147414,0.0,stock,S3 Energie,pillar,84.0,manual gap-filling addition for power generation and utility exposure,"energy, grid, electrification",46.04,27.1,,bull,stock,,,,0.07150753818337252,NEE,"NextEra Energy, Inc.",US65339F1012,NEE,NEE,Energie,Utilities,Utilities - Regulated Electric,United States,USD,75.20359802246094,,1.5153743420147414,24.23,,58.6,,,,-0.16561953440615207,-0.12941824017044112,86.38315376281739,0.2140172562620589,0.14052778702195148,0.2202278889228788,11497750.6,864672214.284909,bull,0.07150753818337252,bull,0.1741757303142999,2026-09-28,False,True,False,OK,,,NEE,NEE,Utilities - Regulated Electric,False,True
GE,GE Aerospace,GE,318.2300109863281,USD,8.795336341584292,24.18,,,,,,,,,,,,,,,,,,,,,,61.3,MED,"{""coverage"": 1.0, ""confluence"": 0.0, ""risk_clean"": 1.0, ""regime_align"": 0.44048346989523457, ""liquidity"": 0.7477477477477478, ""weights"": {""coverage"": 0.25, ""confluence"": 0.25, ""risk_clean"": 0.2, ""regime_align"": 0.2, ""liquidity"": 0.1}}",US3696043013,GE,GE,,,0.3320378279036513,0.22810219270420373,0.20851491484155849,4159255.0,1323599764.3449402,323.0191610717773,-0.014826210524350292,bull,0.07150753818337252,bull,0.1741757303142999,2026-09-28,-0.1763300764620478,Industrials,Aerospace & Defense,United States,USD,-2.708730150955141,8.795336341584292,0.0,stock,S20 Sicherheit & Verteidigung,pillar,81.0,manual addition via ChatGPT,"defense, aerospace, security",47.5,31.85,,bull,stock,,,,0.07150753818337252,GE,GE Aerospace,US3696043013,GE,GE,,Industrials,Aerospace & Defense,United States,USD,318.2300109863281,,8.795336341584292,24.18,,61.3,,,,-0.1763300764620478,-0.014826210524350292,323.0191610717773,0.3320378279036513,0.22810219270420373,0.20851491484155849,4159255.0,1323599764.3449402,bull,0.07150753818337252,bull,0.1741757303142999,2026-09-28,False,True,False,OK,,,GE,GE,Aerospace & Defense,False,True
1211.HK,BYD Company Limited,1211.HK,78.0999984741211,HKD,-27.74143850169085,23.97,,,,,,,,,,,,,,,,,,,,,,62.1,MED,"{""coverage"": 1.0, ""confluence"": 0.0, ""risk_clean"": 1.0, ""regime_align"": 0.46907993966817496, ""liquidity"": 0.7747747747747747, ""weights"": {""coverage"": 0.25, ""confluence"": 0.25, ""risk_clean"": 0.2, ""regime_align"": 0.2, ""liquidity"": 0.1}}",CNE100000296,1211.HK,1211.HK,Industrie/Auto 🚗,,0.37676494529814175,0.20602819172051462,0.36087951026027554,18609116.75,1453371989.7797413,93.36989616394042,-0.1635419799868706,bull,0.07150753818337252,bull,0.1741757303142999,2026-09-28,0.014281922774178835,Consumer Cyclical,Auto Manufacturers,China,HKD,-1.7610082086527146,-27.74143850169085,0.0,stock,S15 Mobilität,pillar,85.0,manual addition via ChatGPT,"mobility, autos, autonomy",48.83,36.98,,bull,stock,,,,0.07150753818337252,1211.HK,BYD Company Limited,CNE100000296,1211.HK,1211.HK,Industrie/Auto 🚗,Consumer Cyclical,Auto Manufacturers,China,HKD,78.0999984741211,,-27.74143850169085,23.97,,62.1,,,,0.014281922774178835,-0.1635419799868706,93.36989616394042,0.37676494529814175,0.20602819172051462,0.36087951026027554,18609116.75,1453371989.7797413,bull,0.07150753818337252,bull,0.1741757303142999,2026-09-28,False,True,False,OK,,,1211.HK,1211.HK,Auto Manufacturers,False,True
ADBE,Adobe Inc.,ADBE,230.71499633789062,USD,-35.80908471467781,23.96,,,,,,,,,,,,,,,,,,,,,,68.9,MED,"{""coverage"": 1.0, ""confluence"": 0.2, ""risk_clean"": 1.0, ""regime_align"": 0.5751498104439281, ""liquidity"": 0.7387387387387387, ""weights"": {""coverage"": 0.25, ""confluence"": 0.25, ""risk_clean"": 0.2, ""regime_align"": 0.2, ""liquidity"": 0.1}}",US00724F1012,ADBE,ADBE,Tech 💻,,0.4092873726042488,0.2750099235564358,0.4626156492063318,5534916.25,1276988182.3492813,262.115924911499,-0.11979786647534141,bull,0.07150753818337252,bull,0.1741757303142999,2026-09-28,0.09644066084025327,Technology,Software - Application,United States,USD,-2.0193675874472405,-35.80908471467781,0.0,stock,S2 Gehirn,pillar,85.0,manual addition via ChatGPT,"ai, semis, software",50.71,42.86,,bull,stock,,,,0.07150753818337252,ADBE,Adobe Inc.,US00724F1012,ADBE,ADBE,Tech 💻,Technology,Software - Application,United States,USD,230.71499633789062,,-35.80908471467781,23.96,,68.9,,,,0.09644066084025327,-0.11979786647534141,262.115924911499,0.4092873726042488,0.2750099235564358,0.4626156492063318,5534916.25,1276988182.3492813,bull,0.07150753818337252,bull,0.1741757303142999,2026-09-28,False,True,False,OK,,,ADBE,ADBE,Software - Application,False,True
9988.HK,Alibaba Group Holding Limited,9988.HK,108.4000015258789,,-37.41543298707054,23.91,,,,,,,,,,,,,,,,,,,,,,63.6,MED,"{""coverage"": 1.0, ""confluence"": 0.2, ""risk_clean"": 0.6666666666666666, ""regime_align"": 0.5636847254494313, ""liquidity"": 0.8963963963963963, ""weights"": {""coverage"": 0.25, ""confluence"": 0.25, ""risk_clean"": 0.2, ""regime_align"": 0.2, ""liquidity"": 0.1}}",KYG017191142,9988.HK,9988.HK,,,0.444115677677143,0.24398453296097833,0.515935019856621,62480373.4,6772872571.897484,129.49592430114745,-0.16290800570842068,bull,0.07150753818337252,bull,0.1741757303142999,2026-09-28,0.1504379619814029,Consumer Cyclical,Internet Retail,Hong Kong,,-1.4545440673828125,-37.41543298707054,0.0,stock,S2 Gehirn,pillar,85.0,manual thematic assignment after stack redesign,"ai, semis, software",50.71,43.11,,bull,stock,,,,0.07150753818337252,9988.HK,Alibaba Group Holding Limited,KYG017191142,9988.HK,9988.HK,,Consumer Cyclical,Internet Retail,Hong Kong,,108.4000015258789,,-37.41543298707054,23.91,,63.6,,,,0.1504379619814029,-0.16290800570842068,129.49592430114745,0.444115677677143,0.24398453296097833,0.515935019856621,62480373.4,6772872571.897484,bull,0.07150753818337252,bull,0.1741757303142999,2026-09-28,False,True,False,OK,,,9988.HK,9988.HK,Internet Retail,False,True
UBER,UBER TECH. DL,UBER,68.52999877929688,USD,-31.17404942318268,23.86,,,,,,,,,,,,,,,,,,,,,,61.7,MED,"{""coverage"": 1.0, ""confluence"": 0.0, ""risk_clean"": 1.0, ""regime_align"": 0.4672047613224084, ""liquidity"": 0.7342342342342343, ""weights"": {""coverage"": 0.25, ""confluence"": 0.25, ""risk_clean"": 0.2, ""regime_align"": 0.2, ""liquidity"": 0.1}}",US90353T1007,UBER,UBER,Tech 💻,,0.353165548034764,0.21523479059277928,0.3412587068275156,18413942.5,1261907457.0470428,75.04875003814698,-0.0868602242613854,bull,0.07150753818337252,bull,0.1741757303142999,2026-09-28,-0.07919347718089953,Technology,Software - Application,United States,USD,-1.5656476935986152,-31.17404942318268,0.0,stock,S15 Mobilität,pillar,85.0,manual thematic assignment after stack redesign,"mobility, autos, autonomy",48.37,36.1,,bull,stock,,,,0.07150753818337252,UBER,UBER TECH. DL,US90353T1007,UBER,UBER,Tech 💻,Technology,Software - Application,United States,USD,68.52999877929688,,-31.17404942318268,23.86,,61.7,,,,-0.07919347718089953,-0.0868602242613854,75.04875003814698,0.353165548034764,0.21523479059277928,0.3412587068275156,18413942.5,1261907457.0470428,bull,0.07150753818337252,bull,0.1741757303142999,2026-09-28,False,True,False,OK,,,UBER,UBER,Software - Application,False,True
EQX.TO,EQUINOX GOLD,EQX.TO,16.09000015258789,CAD,2.7088101254171493,23.68,0.0,Seitwärts,0.0,0.0,69.9,55.9,Zyklus-neutral,1.41,34.774,0.0,247383744.0,18424088576.0,2296356096.0,1.34,91.2,2.71,93.91,1.074,60.19,"[100.0, 2.82, 0.0, 44.08, 30.27]",14.130916,56.0,MED,"{""coverage"": 1.0, ""confluence"": 0.4, ""risk_clean"": 0.3333333333333333, ""regime_align"": 0.5932085932085932, ""liquidity"": 0.2432432432432432, ""weights"": {""coverage"": 0.25, ""confluence"": 0.25, ""risk_clean"": 0.2, ""regime_align"": 0.2, ""liquidity"": 0.1}}",CA29446Y5020,EQX.TO,EQX.TO,Edelmetalle ⛏️,22.8,0.6203018061341874,0.39437871283273346,0.5266961035807802,3692578.9,59413595.06444282,18.192132954597472,-0.11555175015793495,bull,0.07150753818337252,bull,0.1741757303142999,2026-09-28,0.1133877915742958,Basic Materials,Gold,Canada,CAD,-4.623596015665354,2.7088101254171493,55.9,stock,S4 Fundament,pillar,84.0,manual thematic assignment after stack redesign,"materials, mining, metals",55.95,60.4,,bull,stock,,,,0.07150753818337252,EQX.TO,EQUINOX GOLD,CA29446Y5020,EQX.TO,EQX.TO,Edelmetalle ⛏️,Basic Materials,Gold,Canada,CAD,16.09000015258789,22.8,2.7088101254171493,23.68,0.0,56.0,Seitwärts,69.9,Zyklus-neutral,0.1133877915742958,-0.11555175015793495,18.192132954597472,0.6203018061341874,0.39437871283273346,0.5266961035807802,3692578.9,59413595.06444282,bull,0.07150753818337252,bull,0.1741757303142999,2026-09-28,False,True,False,OK,,,EQX.TO,EQX.TO,Gold,False,True
MCD,MCDONALD'S CORPORATION,MCD,233.92999267578125,USD,-20.806995217581893,23.48,,,,,,,,,,,,,,,,,,,,,,58.1,MED,"{""coverage"": 1.0, ""confluence"": 0.0, ""risk_clean"": 1.0, ""regime_align"": 0.27750601280013043, ""liquidity"": 0.7522522522522522, ""weights"": {""coverage"": 0.25, ""confluence"": 0.25, ""risk_clean"": 0.2, ""regime_align"": 0.2, ""liquidity"": 0.1}}",US5801351017,MCD,MCD,Konsum 🥨,,0.19194649762222668,0.13079086152642427,0.30066390882650873,5723039.55,1338790600.0147064,287.86741081237795,-0.1873689626220012,bull,0.07150753818337252,bull,0.1741757303142999,2026-09-28,-0.15732349550356928,Consumer Cyclical,Restaurants,United States,USD,-1.0866838580206095,-20.806995217581893,0.0,stock,S11 Konsum,pillar,85.0,manual thematic assignment after stack redesign,"consumer staples, food, household",45.14,27.93,,bull,stock,,,,0.07150753818337252,MCD,MCDONALD'S CORPORATION,US5801351017,MCD,MCD,Konsum 🥨,Consumer Cyclical,Restaurants,United States,USD,233.92999267578125,,-20.806995217581893,23.48,,58.1,,,,-0.15732349550356928,-0.1873689626220012,287.86741081237795,0.19194649762222668,0.13079086152642427,0.30066390882650873,5723039.55,1338790600.0147064,bull,0.07150753818337252,bull,0.1741757303142999,2026-09-28,False,True,False,OK,,,MCD,MCD,Restaurants,False,True
TME,TENCENT MUSIC ENTERTAINMENT GROUP,TME,8.439900398254395,USD,-63.479891459903584,22.99,0.0,Seitwärts,0.0,0.0,55.8,84.0,Zyklus-Hoch,14.79,4.524,107.0,5382750208.0,36124852224.0,31719000064.0,14.9,20.6,34.08,54.68,2.085,63.88,"[41.2, 29.58, 0.0, 15.98, 46.52]",16.826365,58.3,MED,"{""coverage"": 1.0, ""confluence"": 0.4, ""risk_clean"": 0.6666666666666666, ""regime_align"": 0.37200888671476906, ""liquidity"": 0.25225225225225223, ""weights"": {""coverage"": 0.25, ""confluence"": 0.25, ""risk_clean"": 0.2, ""regime_align"": 0.2, ""liquidity"": 0.1}}",US88034P1093,TME,TME,Tech 💻,16.98,0.4680331801704986,0.44096079989308434,0.6642187262203333,7240348.6,61107821.03264064,11.222282242774963,-0.24793368980822938,bull,0.07150753818337252,bull,0.1741757303142999,2026-09-28,-0.018122065434475143,Communication Services,Internet Content & Information,China,USD,0.5947562918916294,-63.479891459903584,84.0,stock,S19 Medien & Unterhaltung,pillar,75.0,manual thematic assignment after stack redesign,"media, entertainment, streaming",53.79,57.04,,bull,stock,,,,0.07150753818337252,TME,TENCENT MUSIC ENTERTAINMENT GROUP,US88034P1093,TME,TME,Tech 💻,Communication Services,Internet Content & Information,China,USD,8.439900398254395,16.98,-63.479891459903584,22.99,0.0,58.3,Seitwärts,55.8,Zyklus-Hoch,-0.018122065434475143,-0.24793368980822938,11.222282242774963,0.4680331801704986,0.44096079989308434,0.6642187262203333,7240348.6,61107821.03264064,bull,0.07150753818337252,bull,0.1741757303142999,2026-09-28,False,True,False,OK,,,TME,TME,Internet Content & Information,False,True
SN.L,SMITH + NEP. DL,SN.L,1012.5,GBp,-23.509580806792062,22.92,0.0,Seitwärts,0.0,0.0,63.3,87.2,Zyklus-Hoch,9.14,62.392,226.0,700875008.0,14034447360.0,5944000000.0,4.99,4.7,8.26,12.96,3.003,69.36,"[9.4, 18.28, 0.0, 12.76, 21.21]",15.511343,60.4,MED,"{""coverage"": 1.0, ""confluence"": 0.0, ""risk_clean"": 1.0, ""regime_align"": 0.34307610778199016, ""liquidity"": 0.8558558558558559, ""weights"": {""coverage"": 0.25, ""confluence"": 0.25, ""risk_clean"": 0.2, ""regime_align"": 0.2, ""liquidity"": 0.1}}",GB0009223206,SN.L,SN.L,Hardware 💻,1243.0,0.2628932881257349,0.22159663037725816,0.2912542045064713,2788321.45,2823175468.125,1172.9886920166016,-0.13682032325536708,bull,0.07150753818337252,bull,0.1741757303142999,2026-09-28,-0.15146085860831549,Healthcare,Medical Devices,United Kingdom,GBp,0.44642857142858094,-23.509580806792062,87.2,stock,S1 Hardware,pillar,85.0,manual thematic assignment after stack redesign,"robotics, automation, devices",45.4,31.36,,bull,stock,,,,0.07150753818337252,SN.L,SMITH + NEP. DL,GB0009223206,SN.L,SN.L,Hardware 💻,Healthcare,Medical Devices,United Kingdom,GBp,1012.5,1243.0,-23.509580806792062,22.92,0.0,60.4,Seitwärts,63.3,Zyklus-Hoch,-0.15146085860831549,-0.13682032325536708,1172.9886920166016,0.2628932881257349,0.22159663037725816,0.2912542045064713,2788321.45,2823175468.125,bull,0.07150753818337252,bull,0.1741757303142999,2026-09-28,False,True,False,OK,,,SN.L,SN.L,Medical Devices,False,True
JD,JD.COM ADR,JD,26.690000534057617,USD,-22.442438650906904,22.69,0.0,Seitwärts,0.0,0.0,39.9,39.2,Zyklus-neutral,11.72,36.821,353.0,-13451249664.0,68616331264.0,1303786946560.0,-19.6,14.9,2.47,17.37,1.198,15.54,"[29.8, 23.44, 0.0, 60.83, 42.95]",9.074207,60.5,MED,"{""coverage"": 1.0, ""confluence"": 0.0, ""risk_clean"": 1.0, ""regime_align"": 0.588958868370633, ""liquidity"": 0.37387387387387383, ""weights"": {""coverage"": 0.25, ""confluence"": 0.25, ""risk_clean"": 0.2, ""regime_align"": 0.2, ""liquidity"": 0.1}}",US47215P1066,JD,JD,E-Commerce,29.49,0.31012414211751393,0.18076918513590884,0.2977605781272903,5849377.4,156119885.92990458,28.55118532180786,-0.06518765391952541,bull,0.07150753818337252,bull,0.1741757303142999,2026-09-28,0.018599731819675336,Consumer Cyclical,Internet Retail,China,USD,0.6789902060418518,-22.442438650906904,39.2,stock,S2 Gehirn,pillar,85.0,manual thematic assignment after stack redesign,"ai, semis, software",46.16,34.84,,bull,stock,,,,0.07150753818337252,JD,JD.COM ADR,US47215P1066,JD,JD,E-Commerce,Consumer Cyclical,Internet Retail,China,USD,26.690000534057617,29.49,-22.442438650906904,22.69,0.0,60.5,Seitwärts,39.9,Zyklus-neutral,0.018599731819675336,-0.06518765391952541,28.55118532180786,0.31012414211751393,0.18076918513590884,0.2977605781272903,5849377.4,156119885.92990458,bull,0.07150753818337252,bull,0.1741757303142999,2026-09-28,False,True,False,OK,,,JD,JD,Internet Retail,False,True
SNN,SMITH & NEPHEW PLC,SNN,27.0,USD,-22.149688126363674,22.64,0.0,Seitwärts,0.0,0.0,67.3,100.0,Zyklus-Hoch,9.14,62.392,215.0,700875008.0,33722298368.0,5944000000.0,2.08,4.7,8.26,12.96,3.003,7.72,"[9.4, 18.28, 0.0, 0.0, 16.69]",19.562094,55.1,MED,"{""coverage"": 1.0, ""confluence"": 0.0, ""risk_clean"": 1.0, ""regime_align"": 0.3926052749582161, ""liquidity"": 0.2207207207207207, ""weights"": {""coverage"": 0.25, ""confluence"": 0.25, ""risk_clean"": 0.2, ""regime_align"": 0.2, ""liquidity"": 0.1}}",US83175M2052,SNN,SNN,Pharma 🧪,34.07,0.2795965192268448,0.22458976641560388,0.271333113087214,1837072.4,49600954.8,31.426702003479004,-0.14085798767522473,bull,0.07150753818337252,bull,0.1741757303142999,2026-09-28,-0.09171392449049365,Healthcare,Medical Devices,United Kingdom,USD,0.334448729461978,-22.149688126363674,100.0,stock,S1 Hardware,pillar,85.0,manual thematic assignment after stack redesign,"robotics, automation, devices",47.45,39.05,,bull,stock,,,,0.07150753818337252,SNN,SMITH & NEPHEW PLC,US83175M2052,SNN,SNN,Pharma 🧪,Healthcare,Medical Devices,United Kingdom,USD,27.0,34.07,-22.149688126363674,22.64,0.0,55.1,Seitwärts,67.3,Zyklus-Hoch,-0.09171392449049365,-0.14085798767522473,31.426702003479004,0.2795965192268448,0.22458976641560388,0.271333113087214,1837072.4,49600954.8,bull,0.07150753818337252,bull,0.1741757303142999,2026-09-28,False,True,False,OK,,,SNN,SNN,Medical Devices,False,True
SYK,STRYKER CORP,SYK,275.8599853515625,USD,-24.659716104340113,22.04,0.0,Seitwärts,0.0,0.0,45.3,47.5,Zyklus-neutral,15.08,66.276,97.0,5600750080.0,148864450560.0,25116000256.0,3.76,11.4,12.92,24.32,1.893,82.26,"[22.8, 30.16, 0.0, 52.47, 22.98]",21.582815,51.2,MED,"{""coverage"": 1.0, ""confluence"": 0.0, ""risk_clean"": 0.6666666666666666, ""regime_align"": 0.3091496473849415, ""liquidity"": 0.6711711711711712, ""weights"": {""coverage"": 0.25, ""confluence"": 0.25, ""risk_clean"": 0.2, ""regime_align"": 0.2, ""liquidity"": 0.1}}",US8636671013,SYK,SYK,Pharma 🧪,354.05,0.29694213379994033,0.21514705058993738,0.3000517250281035,3035546.8,837385895.7819824,330.730592956543,-0.1659072634148191,bull,0.07150753818337252,bull,0.1741757303142999,2026-09-28,-0.15269748916958292,Healthcare,Medical Devices,United States,USD,1.2850639551482468,-24.659716104340113,47.5,stock,S1 Hardware,pillar,85.0,manual thematic assignment after stack redesign,"robotics, automation, devices",45.27,35.17,,bull,stock,,,,0.07150753818337252,SYK,STRYKER CORP,US8636671013,SYK,SYK,Pharma 🧪,Healthcare,Medical Devices,United States,USD,275.8599853515625,354.05,-24.659716104340113,22.04,0.0,51.2,Seitwärts,45.3,Zyklus-neutral,-0.15269748916958292,-0.1659072634148191,330.730592956543,0.29694213379994033,0.21514705058993738,0.3000517250281035,3035546.8,837385895.7819824,bull,0.07150753818337252,bull,0.1741757303142999,2026-09-28,False,True,False,OK,,,SYK,SYK,Medical Devices,False,True
PATH,"UIPATH, INC.",PATH,12.305000305175781,USD,-2.030255620395116,21.62,,,,,,,,,,,,,,,,,,,,,,56.5,MED,"{""coverage"": 1.0, ""confluence"": 0.2, ""risk_clean"": 0.3333333333333333, ""regime_align"": 0.6723941135705842, ""liquidity"": 0.6351351351351351, ""weights"": {""coverage"": 0.25, ""confluence"": 0.25, ""risk_clean"": 0.2, ""regime_align"": 0.2, ""liquidity"": 0.1}}",US90364P1057,PATH,PATH,Tech 💻,,0.7005792372195657,0.4251133742122835,0.5137377050671597,56472771.6,694897471.7721223,12.77232500076294,-0.03658885093819986,bull,0.07150753818337252,bull,0.1741757303142999,2026-09-28,0.10312622538566885,Technology,Software - Infrastructure,United States,USD,-1.2439785914658996,-2.030255620395116,0.0,stock,S2 Gehirn,pillar,85.0,manual thematic assignment after stack redesign,"ai, semis, software",52.22,58.67,,bull,stock,,,,0.07150753818337252,PATH,"UIPATH, INC.",US90364P1057,PATH,PATH,Tech 💻,Technology,Software - Infrastructure,United States,USD,12.305000305175781,,-2.030255620395116,21.62,,56.5,,,,0.10312622538566885,-0.03658885093819986,12.77232500076294,0.7005792372195657,0.4251133742122835,0.5137377050671597,56472771.6,694897471.7721223,bull,0.07150753818337252,bull,0.1741757303142999,2026-09-28,False,True,False,OK,,,PATH,PATH,Software - Infrastructure,False,True
CSTM,CONSTELLIUM SE,CSTM,24.6200008392334,USD,63.80573038351223,21.62,0.0,Seitwärts,0.0,0.0,75.4,36.6,Zyklus-neutral,12.18,247.045,0.0,27942560.0,5423435776.0,7968999936.0,0.52,20.2,1.42,21.62,1.277,95.58,"[40.4, 24.36, 0.0, 63.36, 17.64]",15.379264,51.1,MED,"{""coverage"": 1.0, ""confluence"": 0.2, ""risk_clean"": 0.6666666666666666, ""regime_align"": 0.30047694753577103, ""liquidity"": 0.17567567567567566, ""weights"": {""coverage"": 0.25, ""confluence"": 0.25, ""risk_clean"": 0.2, ""regime_align"": 0.2, ""liquidity"": 0.1}}",FR0013467479,CSTM,CSTM,Mining ⛏️,22.72,0.45383210793419676,0.24731818943462988,0.31894882987463946,1428481.5,35169215.728829384,27.288049974441527,-0.09777353595097749,bull,0.07150753818337252,bull,0.1741757303142999,2026-09-28,-0.2563751926030413,Basic Materials,Aluminum,France,USD,-1.0847672038406309,63.80573038351223,36.6,stock,S4 Fundament,pillar,84.0,manual thematic assignment after stack redesign,"materials, mining, metals",49.88,51.43,,bull,stock,,,,0.07150753818337252,CSTM,CONSTELLIUM SE,FR0013467479,CSTM,CSTM,Mining ⛏️,Basic Materials,Aluminum,France,USD,24.6200008392334,22.72,63.80573038351223,21.62,0.0,51.1,Seitwärts,75.4,Zyklus-neutral,-0.2563751926030413,-0.09777353595097749,27.288049974441527,0.45383210793419676,0.24731818943462988,0.31894882987463946,1428481.5,35169215.728829384,bull,0.07150753818337252,bull,0.1741757303142999,2026-09-28,False,True,False,OK,,,CSTM,CSTM,Aluminum,False,True
ORCL,ORACLE CORP,ORCL,132.95989990234375,USD,-52.44188312166762,21.55,0.0,Seitwärts,0.0,0.0,47.1,57.0,Zyklus-neutral,69.03,432.511,125.0,-10208000000.0,571854749696.0,61015998464.0,-1.79,14.2,25.28,39.48,0.909,45.01,"[28.4, 100.0, 0.0, 42.99, 50.22]",20.229126,56.8,MED,"{""coverage"": 1.0, ""confluence"": 0.4, ""risk_clean"": 0.3333333333333333, ""regime_align"": 0.3158044922750805, ""liquidity"": 0.8828828828828829, ""weights"": {""coverage"": 0.25, ""confluence"": 0.25, ""risk_clean"": 0.2, ""regime_align"": 0.2, ""liquidity"": 0.1}}",US68389X1054,ORCL,ORCL,Tech 💻,174.77,0.5651265121720673,0.318883899104482,0.6290762443813747,33268228.55,4423340337.936295,163.3790479660034,-0.18618757081990955,bull,0.07150753818337252,bull,0.1741757303142999,2026-09-28,-0.11846576123532293,Technology,Software - Infrastructure,United States,USD,-3.019770982392178,-52.44188312166762,57.0,stock,S2 Gehirn,pillar,85.0,manual thematic assignment after stack redesign,"ai, semis, software",52.3,59.27,,bull,stock,,,,0.07150753818337252,ORCL,ORACLE CORP,US68389X1054,ORCL,ORCL,Tech 💻,Technology,Software - Infrastructure,United States,USD,132.95989990234375,174.77,-52.44188312166762,21.55,0.0,56.8,Seitwärts,47.1,Zyklus-neutral,-0.11846576123532293,-0.18618757081990955,163.3790479660034,0.5651265121720673,0.318883899104482,0.6290762443813747,33268228.55,4423340337.936295,bull,0.07150753818337252,bull,0.1741757303142999,2026-09-28,False,True,False,OK,,,ORCL,ORCL,Software - Infrastructure,False,True
NPN.JO,NASPERS LIMITED CLASS N,NPN.JO,71839.0,ZAc,-41.96415108974939,21.48,,,,,,,,,,,,,,,,,,,,,,60.1,MED,"{""coverage"": 1.0, ""confluence"": 0.0, ""risk_clean"": 1.0, ""regime_align"": 0.2707084912967266, ""liquidity"": 0.9684684684684685, ""weights"": {""coverage"": 0.25, ""confluence"": 0.25, ""risk_clean"": 0.2, ""regime_align"": 0.2, ""liquidity"": 0.1}}",ZAE000351946,NPN.JO,NPN.JO,E-Commerce,,0.36586217374871377,0.20981547942456286,0.4566665615511366,2265974.35,162785331329.65,89655.175,-0.19871886926772497,bull,0.07150753818337252,bull,0.1741757303142999,2026-09-28,-0.15546765941313812,Consumer Cyclical,Internet Retail,South Africa,ZAc,1.2701232061800516,-41.96415108974939,0.0,stock,S2 Gehirn,pillar,85.0,manual thematic assignment after stack redesign,"ai, semis, software",45.05,37.15,,bull,stock,,,,0.07150753818337252,NPN.JO,NASPERS LIMITED CLASS N,ZAE000351946,NPN.JO,NPN.JO,E-Commerce,Consumer Cyclical,Internet Retail,South Africa,ZAc,71839.0,,-41.96415108974939,21.48,,60.1,,,,-0.15546765941313812,-0.19871886926772497,89655.175,0.36586217374871377,0.20981547942456286,0.4566665615511366,2265974.35,162785331329.65,bull,0.07150753818337252,bull,0.1741757303142999,2026-09-28,False,True,False,OK,,,NPN.JO,NPN.JO,Internet Retail,False,True
ADS.DE,adidas AG,ADS.DE,147.85000610351562,EUR,-16.82790071500809,21.45,,,,,,,,,,,,,,,,,,,,,,55.9,MED,"{""coverage"": 1.0, ""confluence"": 0.0, ""risk_clean"": 1.0, ""regime_align"": 0.3930842607313195, ""liquidity"": 0.3063063063063063, ""weights"": {""coverage"": 0.25, ""confluence"": 0.25, ""risk_clean"": 0.2, ""regime_align"": 0.2, ""liquidity"": 0.1}}",DE000A1EWWW0,ADS.DE,ADS.DE,Konsum & Lifestyle,,0.33718338441568846,0.26412957067299453,0.328630068972118,554142.95,81930038.53972015,154.75861572265626,-0.04464119549583978,bull,0.07150753818337252,bull,0.1741757303142999,2026-09-28,-0.20475246303955907,Consumer Cyclical,Footwear & Accessories,Germany,EUR,0.9215058727069181,-16.82790071500809,0.0,stock,S12 Luxus & Marken,pillar,78.0,manual addition via ChatGPT,"luxury, brands, premium consumption",46.66,42.31,,bull,stock,,,,0.07150753818337252,ADS.DE,adidas AG,DE000A1EWWW0,ADS.DE,ADS.DE,Konsum & Lifestyle,Consumer Cyclical,Footwear & Accessories,Germany,EUR,147.85000610351562,,-16.82790071500809,21.45,,55.9,,,,-0.20475246303955907,-0.04464119549583978,154.75861572265626,0.33718338441568846,0.26412957067299453,0.328630068972118,554142.95,81930038.53972015,bull,0.07150753818337252,bull,0.1741757303142999,2026-09-28,False,True,False,OK,,,ADS.DE,ADS.DE,Footwear & Accessories,False,True
FANUY,FANUC CORP.,FANUY,18.709999084472656,USD,29.123529192636035,21.28,0.0,Seitwärts,0.0,0.0,66.4,60.4,Zyklus-neutral,9.37,100.0,153.0,0.0,-659248840704.0,835426975744.0,-0.0,9.5,19.35,28.85,6.859,0.26,"[19.0, 18.74, 0.0, 39.61, 5.97]",33.14925,51.0,MED,"{""coverage"": 1.0, ""confluence"": 0.2, ""risk_clean"": 0.6666666666666666, ""regime_align"": 0.33202886144062616, ""liquidity"": 0.09909909909909909, ""weights"": {""coverage"": 0.25, ""confluence"": 0.25, ""risk_clean"": 0.2, ""regime_align"": 0.2, ""liquidity"": 0.1}}",US3073051027,FANUY,FANUY,Hardware 💻,20.6,0.483152850023136,0.2797165010997263,0.3198045860085911,536472.45,10037399.048344802,20.700599975585938,-0.09616150708003512,bull,0.07150753818337252,bull,0.1741757303142999,2026-09-28,-0.2111437887934704,Industrials,Specialty Industrial Machinery,Japan,USD,-1.8363084537076135,29.123529192636035,60.4,stock,S1 Hardware,pillar,85.0,manual thematic assignment after stack redesign,"robotics, automation, devices",49.65,52.34,,bull,stock,,,,0.07150753818337252,FANUY,FANUC CORP.,US3073051027,FANUY,FANUY,Hardware 💻,Industrials,Specialty Industrial Machinery,Japan,USD,18.709999084472656,20.6,29.123529192636035,21.28,0.0,51.0,Seitwärts,66.4,Zyklus-neutral,-0.2111437887934704,-0.09616150708003512,20.700599975585938,0.483152850023136,0.2797165010997263,0.3198045860085911,536472.45,10037399.048344802,bull,0.07150753818337252,bull,0.1741757303142999,2026-09-28,False,True,False,OK,,,FANUY,FANUY,Specialty Industrial Machinery,False,True
SE,SEA LIMITED,SE,99.29000091552734,USD,-45.279689950146775,21.11,,,,,,,,,,,,,,,,,,,,,,55.4,MED,"{""coverage"": 1.0, ""confluence"": 0.0, ""risk_clean"": 0.6666666666666666, ""regime_align"": 0.5912926501161795, ""liquidity"": 0.527027027027027, ""weights"": {""coverage"": 0.25, ""confluence"": 0.25, ""risk_clean"": 0.2, ""regime_align"": 0.2, ""liquidity"": 0.1}}",US81141R1005,SE,SE,E-Commerce,,0.5109821281902733,0.3358208714427139,0.5943743698592951,3325215.9,330160689.7553261,103.4428500366211,-0.04014631383052136,bull,0.07150753818337252,bull,0.1741757303142999,2026-09-28,0.007217059411011695,Consumer Cyclical,Internet Retail,Singapore,USD,-0.26117742668002597,-45.279689950146775,0.0,stock,S2 Gehirn,pillar,85.0,manual thematic assignment after stack redesign,"ai, semis, software",50.62,56.13,,bull,stock,,,,0.07150753818337252,SE,SEA LIMITED,US81141R1005,SE,SE,E-Commerce,Consumer Cyclical,Internet Retail,Singapore,USD,99.29000091552734,,-45.279689950146775,21.11,,55.4,,,,0.007217059411011695,-0.04014631383052136,103.4428500366211,0.5109821281902733,0.3358208714427139,0.5943743698592951,3325215.9,330160689.7553261,bull,0.07150753818337252,bull,0.1741757303142999,2026-09-28,False,True,False,OK,,,SE,SE,Internet Retail,False,True
TOM.OL,Tomra Systems ASA,TOM.OL,91.55000305175781,NOK,-37.653820407303115,19.69,,,,,,,,,,,,,,,,,,,,,,55.5,MED,"{""coverage"": 1.0, ""confluence"": 0.0, ""risk_clean"": 1.0, ""regime_align"": 0.39024091965268437, ""liquidity"": 0.2702702702702703, ""weights"": {""coverage"": 0.25, ""confluence"": 0.25, ""risk_clean"": 0.2, ""regime_align"": 0.2, ""liquidity"": 0.1}}",NO0005668905,TOM.OL,TOM.OL,Recycling,,0.4338463026281705,0.41582299989342614,0.4003306892225875,763551.3,69903123.84517364,109.48736103057861,-0.16383039841293734,bull,0.07150753818337252,bull,0.1741757303142999,2026-09-28,-0.06621761371707069,Industrials,Specialty Industrial Machinery,Norway,NOK,-0.43501240865676527,-37.653820407303115,0.0,stock,S5 Recycling,pillar,83.0,manual gap-filling addition for circular economy and sorting technology,"recycling, urban mining",47.26,52.55,,bull,stock,,,,0.07150753818337252,TOM.OL,Tomra Systems ASA,NO0005668905,TOM.OL,TOM.OL,Recycling,Industrials,Specialty Industrial Machinery,Norway,NOK,91.55000305175781,,-37.653820407303115,19.69,,55.5,,,,-0.06621761371707069,-0.16383039841293734,109.48736103057861,0.4338463026281705,0.41582299989342614,0.4003306892225875,763551.3,69903123.84517364,bull,0.07150753818337252,bull,0.1741757303142999,2026-09-28,False,True,False,OK,,,TOM.OL,TOM.OL,Specialty Industrial Machinery,False,True
CRUS,Cirrus Logic Inc.,CRUS,118.20500183105469,USD,-4.704126927930574,19.57,,,,,,,,,,,,,,,,,,,,,,53.5,MED,"{""coverage"": 1.0, ""confluence"": 0.0, ""risk_clean"": 1.0, ""regime_align"": 0.25293506175859115, ""liquidity"": 0.34684684684684686, ""weights"": {""coverage"": 0.25, ""confluence"": 0.25, ""risk_clean"": 0.2, ""regime_align"": 0.2, ""liquidity"": 0.1}}",US1727551004,CRUS,CRUS,Tech 💻,,0.365816183868785,0.25370553408059254,0.3936276855341728,936333.05,110679249.88972703,139.88262496948244,-0.15497009112573534,bull,0.07150753818337252,bull,0.1741757303142999,2026-09-28,-0.23305602339766562,Technology,Semiconductors,United States,USD,-1.4301170480961023,-4.704126927930574,0.0,stock,S2 Gehirn,pillar,85.0,manual addition via ChatGPT,"ai, semis, software",44.43,44.34,,bull,stock,,,,0.07150753818337252,CRUS,Cirrus Logic Inc.,US1727551004,CRUS,CRUS,Tech 💻,Technology,Semiconductors,United States,USD,118.20500183105469,,-4.704126927930574,19.57,,53.5,,,,-0.23305602339766562,-0.15497009112573534,139.88262496948244,0.365816183868785,0.25370553408059254,0.3936276855341728,936333.05,110679249.88972703,bull,0.07150753818337252,bull,0.1741757303142999,2026-09-28,False,True,False,OK,,,CRUS,CRUS,Semiconductors,False,True
EDR.TO,ENDEAVOUR SILVER,EDR.TO,12.614999771118164,CAD,14.369900965718486,19.37,0.0,Seitwärts,0.0,0.0,67.6,31.0,Zyklus-neutral,-20.46,31.741,0.0,-69431752.0,4945538560.0,337136992.0,-1.4,167.3,-27.97,139.33,0.788,57.66,"[100.0, 0.0, 0.0, 68.98, 39.63]",12.301942,55.8,MED,"{""coverage"": 1.0, ""confluence"": 0.2, ""risk_clean"": 0.6666666666666666, ""regime_align"": 0.5595572948514125, ""liquidity"": 0.13063063063063063, ""weights"": {""coverage"": 0.25, ""confluence"": 0.25, ""risk_clean"": 0.2, ""regime_align"": 0.2, ""liquidity"": 0.1}}",CA29258Y1034,EDR.TO,EDR.TO,Edelmetalle ⛏️,18.71,0.7844187061990436,0.49791880891079876,0.4640455407362998,989507.3,12482634.363019753,13.77962501525879,-0.08451791996160885,bull,0.07150753818337252,bull,0.1741757303142999,2026-09-28,0.015991501558516363,Basic Materials,Silver,Canada,CAD,-5.07900822176336,14.369900965718486,31.0,stock,S4 Fundament,pillar,84.0,manual thematic assignment after stack redesign,"materials, mining, metals",50.49,64.04,,bull,stock,,,,0.07150753818337252,EDR.TO,ENDEAVOUR SILVER,CA29258Y1034,EDR.TO,EDR.TO,Edelmetalle ⛏️,Basic Materials,Silver,Canada,CAD,12.614999771118164,18.71,14.369900965718486,19.37,0.0,55.8,Seitwärts,67.6,Zyklus-neutral,0.015991501558516363,-0.08451791996160885,13.77962501525879,0.7844187061990436,0.49791880891079876,0.4640455407362998,989507.3,12482634.363019753,bull,0.07150753818337252,bull,0.1741757303142999,2026-09-28,False,True,False,OK,,,EDR.TO,EDR.TO,Silver,False,True
NRDS,NERDWALLET INC,NRDS,8.489999771118164,USD,-22.81818389892578,19.15,0.0,Seitwärts,0.0,0.0,41.2,18.1,Zyklus-Tief,20.23,3.554,0.0,65625000.0,640464896.0,795000000.0,10.25,12.4,9.22,21.62,3.698,78.36,"[24.8, 40.46, 0.0, 81.85, 50.24]",6.934785,50.8,MED,"{""coverage"": 1.0, ""confluence"": 0.2, ""risk_clean"": 0.6666666666666666, ""regime_align"": 0.3383779707309119, ""liquidity"": 0.07207207207207211, ""weights"": {""coverage"": 0.25, ""confluence"": 0.25, ""risk_clean"": 0.2, ""regime_align"": 0.2, ""liquidity"": 0.1}}",US64082B1026,NRDS,NRDS,Finanzen 🏦,12.38,0.47321349526480794,0.326776472212258,0.524168249937619,716174.55,6080321.765580654,10.32112501859665,-0.17741527635593557,bull,0.07150753818337252,bull,0.1741757303142999,2026-09-28,-0.11105072092476154,Communication Services,Internet Content & Information,United States,USD,-0.11764975155100776,-22.81818389892578,18.1,stock,S21 Finanzsystem,pillar,83.0,manual thematic assignment after stack redesign,"payments, exchanges, capital markets, crypto",46.36,52.33,,bull,stock,,,,0.07150753818337252,NRDS,NERDWALLET INC,US64082B1026,NRDS,NRDS,Finanzen 🏦,Communication Services,Internet Content & Information,United States,USD,8.489999771118164,12.38,-22.81818389892578,19.15,0.0,50.8,Seitwärts,41.2,Zyklus-Tief,-0.11105072092476154,-0.17741527635593557,10.32112501859665,0.47321349526480794,0.326776472212258,0.524168249937619,716174.55,6080321.765580654,bull,0.07150753818337252,bull,0.1741757303142999,2026-09-28,False,True,False,OK,,,NRDS,NRDS,Internet Content & Information,False,True
9888.HK,"Baidu, Inc. Class A",9888.HK,85.30000305175781,,-35.13307752718037,19.04,,,,,,,,,,,,,,,,,,,,,,56.9,MED,"{""coverage"": 1.0, ""confluence"": 0.0, ""risk_clean"": 1.0, ""regime_align"": 0.20298805592923239, ""liquidity"": 0.7882882882882883, ""weights"": {""coverage"": 0.25, ""confluence"": 0.25, ""risk_clean"": 0.2, ""regime_align"": 0.2, ""liquidity"": 0.1}}",KYG070341048,9888.HK,9888.HK,,,0.46484859027122105,0.2893064755527646,0.46853580653110394,17614801.35,1502542608.9111078,118.24099983215332,-0.2785920013122035,bull,0.07150753818337252,bull,0.1741757303142999,2026-09-28,-0.19693774016675836,Communication Services,Internet Content & Information,China,,-1.1587485105884143,-35.13307752718037,0.0,stock,S2 Gehirn,pillar,85.0,manual thematic assignment after stack redesign,"ai, semis, software",43.87,45.13,,bull,stock,,,,0.07150753818337252,9888.HK,"Baidu, Inc. Class A",KYG070341048,9888.HK,9888.HK,,Communication Services,Internet Content & Information,China,,85.30000305175781,,-35.13307752718037,19.04,,56.9,,,,-0.19693774016675836,-0.2785920013122035,118.24099983215332,0.46484859027122105,0.2893064755527646,0.46853580653110394,17614801.35,1502542608.9111078,bull,0.07150753818337252,bull,0.1741757303142999,2026-09-28,False,True,False,OK,,,9888.HK,9888.HK,Internet Content & Information,False,True
VOW3.DE,Volkswagen AG Vz.,VOW3.DE,70.87999725341797,EUR,-17.601434970833086,18.79,0.0,Seitwärts,0.0,0.0,58.0,57.2,Zyklus-neutral,3.58,130.129,630.0,-83611090944.0,262762414080.0,326045990912.0,-31.82,2.3,2.26,4.56,1.096,27.73,"[4.6, 7.16, 0.0, 42.85, 28.51]",4.8342667,50.6,MED,"{""coverage"": 1.0, ""confluence"": 0.0, ""risk_clean"": 0.6666666666666666, ""regime_align"": 0.44213444213444214, ""liquidity"": 0.33783783783783783, ""weights"": {""coverage"": 0.25, ""confluence"": 0.25, ""risk_clean"": 0.2, ""regime_align"": 0.2, ""liquidity"": 0.1}}",DE0007664039,VOW3.DE,VOW3.DE,Andere 🌐,102.3,0.2931533252366533,0.16930878840460076,0.3130182380526333,1539699.0,109133860.8910904,83.76033481597901,-0.1537760992820656,bull,0.07150753818337252,bull,0.1741757303142999,2026-09-28,-0.0177615897065595,Consumer Cyclical,Auto Manufacturers,Germany,EUR,-1.1712269283156052,-17.601434970833086,57.2,stock,S15 Mobilität,pillar,80.0,manual thematic assignment after stack redesign,"mobility, autos, autonomy",42.09,40.78,,bull,stock,,,,0.07150753818337252,VOW3.DE,Volkswagen AG Vz.,DE0007664039,VOW3.DE,VOW3.DE,Andere 🌐,Consumer Cyclical,Auto Manufacturers,Germany,EUR,70.87999725341797,102.3,-17.601434970833086,18.79,0.0,50.6,Seitwärts,58.0,Zyklus-neutral,-0.0177615897065595,-0.1537760992820656,83.76033481597901,0.2931533252366533,0.16930878840460076,0.3130182380526333,1539699.0,109133860.8910904,bull,0.07150753818337252,bull,0.1741757303142999,2026-09-28,False,True,False,OK,,,VOW3.DE,VOW3.DE,Auto Manufacturers,False,True
SOLB.BR,SOLVAY S.A. A,SOLB.BR,24.65999984741211,EUR,1.130588577346936,18.69,0.0,Seitwärts,0.0,0.0,51.3,100.0,Zyklus-Hoch,12.58,174.545,868.0,86625000.0,4766044672.0,4905999872.0,1.82,-3.9,3.14,-0.76,1.413,29.14,"[0.0, 25.16, 0.0, 0.0, 17.0]",10.491425,49.3,LOW,"{""coverage"": 1.0, ""confluence"": 0.0, ""risk_clean"": 0.6666666666666666, ""regime_align"": 0.5057172557172557, ""liquidity"": 0.0855855855855856, ""weights"": {""coverage"": 0.25, ""confluence"": 0.25, ""risk_clean"": 0.2, ""regime_align"": 0.2, ""liquidity"": 0.1}}",BE0003470755,SOLB.BR,SOLB.BR,Experimente,25.84,0.2512827636987878,0.18160770429913803,0.14035087843632965,338044.2,8336169.920418549,25.629536705017088,-0.0378288873795829,bull,0.07150753818337252,bull,0.1741757303142999,2026-09-28,-0.09053239995872042,Basic Materials,Chemicals,Belgium,EUR,-0.5645136853037691,1.130588577346936,100.0,stock,S4 Fundament,pillar,84.0,manual thematic assignment after stack redesign,"materials, mining, metals",41.25,38.64,,bull,stock,,,,0.07150753818337252,SOLB.BR,SOLVAY S.A. A,BE0003470755,SOLB.BR,SOLB.BR,Experimente,Basic Materials,Chemicals,Belgium,EUR,24.65999984741211,25.84,1.130588577346936,18.69,0.0,49.3,Seitwärts,51.3,Zyklus-Hoch,-0.09053239995872042,-0.0378288873795829,25.629536705017088,0.2512827636987878,0.18160770429913803,0.14035087843632965,338044.2,8336169.920418549,bull,0.07150753818337252,bull,0.1741757303142999,2026-09-28,False,True,False,OK,,,SOLB.BR,SOLB.BR,Chemicals,False,True
GRAB,GRAB HOLDINGS LIMITED,GRAB,3.115000009536743,USD,-49.018004231285836,18.55,,,,,,,,,,,,,,,,,,,,,,47.4,LOW,"{""coverage"": 1.0, ""confluence"": 0.0, ""risk_clean"": 0.6666666666666666, ""regime_align"": 0.2301781419428478, ""liquidity"": 0.4504504504504505, ""weights"": {""coverage"": 0.25, ""confluence"": 0.25, ""risk_clean"": 0.2, ""regime_align"": 0.2, ""liquidity"": 0.1}}",KYG4124C1096,GRAB,GRAB,Tech 💻,,0.3839507360910682,0.22160374071477582,0.5625977879978965,72178957.9,224837454.5468522,3.878399996757507,-0.19683374274417187,bull,0.07150753818337252,bull,0.1741757303142999,2026-09-28,-0.20262858035909426,Technology,Software - Application,Singapore,USD,-0.4792365608860094,-49.018004231285836,0.0,stock,S15 Mobilität,pillar,85.0,manual thematic assignment after stack redesign,"mobility, autos, autonomy",44.23,48.6,,bull,stock,,,,0.07150753818337252,GRAB,GRAB HOLDINGS LIMITED,KYG4124C1096,GRAB,GRAB,Tech 💻,Technology,Software - Application,Singapore,USD,3.115000009536743,,-49.018004231285836,18.55,,47.4,,,,-0.20262858035909426,-0.19683374274417187,3.878399996757507,0.3839507360910682,0.22160374071477582,0.5625977879978965,72178957.9,224837454.5468522,bull,0.07150753818337252,bull,0.1741757303142999,2026-09-28,False,True,False,OK,,,GRAB,GRAB,Software - Application,False,True
CCJ,CAMECO CORP.,CCJ,87.15499877929688,USD,3.391780558082713,18.33,0.0,Seitwärts,0.0,0.0,73.6,23.1,Zyklus-neutral,8.1,14.854,15.0,787334656.0,51645775872.0,3464176128.0,1.52,-14.7,15.18,0.48,2.991,70.09,"[0.0, 16.2, 0.0, 76.9, 0.0]",82.52247,55.2,MED,"{""coverage"": 1.0, ""confluence"": 0.0, ""risk_clean"": 1.0, ""regime_align"": 0.27982960335901513, ""liquidity"": 0.45945945945945943, ""weights"": {""coverage"": 0.25, ""confluence"": 0.25, ""risk_clean"": 0.2, ""regime_align"": 0.2, ""liquidity"": 0.1}}",CA13321L1085,CCJ,CCJ,Energie,125.9,0.551031697783113,0.3103859169911983,0.36930418372360896,2744544.95,239200811.76697543,105.79107486724854,-0.17615924700015628,bull,0.07150753818337252,bull,0.1741757303142999,2026-09-28,-0.17325336558097126,Energy,Uranium,Canada,USD,-1.03894733586688,3.391780558082713,23.1,stock,S3 Energie,pillar,82.0,manual thematic assignment after stack redesign,"energy, grid, electrification",42.98,45.77,,bull,stock,,,,0.07150753818337252,CCJ,CAMECO CORP.,CA13321L1085,CCJ,CCJ,Energie,Energy,Uranium,Canada,USD,87.15499877929688,125.9,3.391780558082713,18.33,0.0,55.2,Seitwärts,73.6,Zyklus-neutral,-0.17325336558097126,-0.17615924700015628,105.79107486724854,0.551031697783113,0.3103859169911983,0.36930418372360896,2744544.95,239200811.76697543,bull,0.07150753818337252,bull,0.1741757303142999,2026-09-28,False,True,False,OK,,,CCJ,CCJ,Uranium,False,True
SPCX,SPACE EXPLORATION TECHNOLOGIES CORP.,SPCX,147.07000732421875,USD,-8.623789926809955,18.25,,,,,,,,,,,,,,,,,,,,,,49.2,LOW,"{""coverage"": 1.0, ""confluence"": 0.0, ""risk_clean"": 0.3333333333333333, ""regime_align"": 0.4144144144144144, ""liquidity"": 0.9234234234234234, ""weights"": {""coverage"": 0.25, ""confluence"": 0.25, ""risk_clean"": 0.2, ""regime_align"": 0.2, ""liquidity"": 0.1}}",US84615Q1031,SPCX,SPCX,,,0.8738953537581007,0.5407378534751,0.48781873808752996,89422113.2,13151310843.271118,,,bull,0.07150753818337252,bull,0.1741757303142999,2026-09-28,-0.16812529628684514,Industrials,Aerospace & Defense,United States,USD,-1.0828527245581143,-8.623789926809955,0.0,stock,S20 Sicherheit & Verteidigung,pillar,85.0,manual thematic assignment after stack redesign,"defense, aerospace, security",47.16,59.07,,bull,stock,,,,0.07150753818337252,SPCX,SPACE EXPLORATION TECHNOLOGIES CORP.,US84615Q1031,SPCX,SPCX,,Industrials,Aerospace & Defense,United States,USD,147.07000732421875,,-8.623789926809955,18.25,,49.2,,,,-0.16812529628684514,,,0.8738953537581007,0.5407378534751,0.48781873808752996,89422113.2,13151310843.271118,bull,0.07150753818337252,bull,0.1741757303142999,2026-09-28,False,True,False,OK,,,SPCX,SPCX,Aerospace & Defense,False,True
NOVO-B.CO,NOVO-NORDISK,NOVO-B.CO,252.25,DKK,-24.815659959856095,17.93,0.0,Seitwärts,0.0,0.0,34.8,31.0,Zyklus-neutral,60.7,67.488,505.0,376875008.0,1503633735680.0,309064007680.0,0.03,-7.6,33.14,25.54,0.8,32.25,"[0.0, 100.0, 0.0, 68.95, 28.64]",14.181444,61.5,MED,"{""coverage"": 1.0, ""confluence"": 0.4, ""risk_clean"": 0.6666666666666666, ""regime_align"": 0.28907300966124494, ""liquidity"": 0.7432432432432432, ""weights"": {""coverage"": 0.25, ""confluence"": 0.25, ""risk_clean"": 0.2, ""regime_align"": 0.2, ""liquidity"": 0.1}}",DK0062498333,NOVO-B.CO,NOVO-B.CO,Pharma & Gesundheit,393.95,0.4736658594861296,0.3883089789583651,0.42319673700217453,5092106.35,1284483826.7875,289.6874197387695,-0.12923384720168152,bull,0.07150753818337252,bull,0.1741757303142999,2026-09-28,-0.21686691777521405,Healthcare,Drug Manufacturers - General,Denmark,DKK,-0.29644268774703386,-24.815659959856095,31.0,stock,S13 Gesundheit,pillar,82.0,manual thematic assignment after stack redesign,"healthcare, pharma, medtech",43.55,49.44,,bull,stock,,,,0.07150753818337252,NOVO-B.CO,NOVO-NORDISK,DK0062498333,NOVO-B.CO,NOVO-B.CO,Pharma & Gesundheit,Healthcare,Drug Manufacturers - General,Denmark,DKK,252.25,393.95,-24.815659959856095,17.93,0.0,61.5,Seitwärts,34.8,Zyklus-neutral,-0.21686691777521405,-0.12923384720168152,289.6874197387695,0.4736658594861296,0.3883089789583651,0.42319673700217453,5092106.35,1284483826.7875,bull,0.07150753818337252,bull,0.1741757303142999,2026-09-28,False,True,False,OK,,,NOVO-B.CO,NOVO-B.CO,Drug Manufacturers - General,False,True
MNSO,MINISO GRP ADS,MNSO,8.90999984741211,USD,-59.37660906519449,17.81,0.0,Seitwärts,0.0,0.0,45.6,60.9,Zyklus-neutral,21.17,101.459,321.0,0.0,26843117568.0,19902461952.0,0.0,28.2,10.81,39.01,1.655,8.67,"[56.4, 42.34, 0.0, 39.06, 40.53]",11.638044,44.7,LOW,"{""coverage"": 1.0, ""confluence"": 0.4, ""risk_clean"": 0.3333333333333333, ""regime_align"": 0.1059577677224736, ""liquidity"": 0.09009009009009006, ""weights"": {""coverage"": 0.25, ""confluence"": 0.25, ""risk_clean"": 0.2, ""regime_align"": 0.2, ""liquidity"": 0.1}}",US66981J1025,MNSO,MNSO,Konsum & Lifestyle,18.79,0.3647655414835511,0.247780006164094,0.6128981327684875,969401.2,8637364.544081116,14.654696888923645,-0.3920038118190974,bull,0.07150753818337252,bull,0.1741757303142999,2026-09-28,-0.29008260222783744,Consumer Cyclical,Specialty Retail,China,USD,1.480639161670294,-59.37660906519449,60.9,stock,S12 Luxus & Marken,pillar,78.0,manual thematic assignment after stack redesign,"luxury, brands, premium consumption",46.17,58.1,,bull,stock,,,,0.07150753818337252,MNSO,MINISO GRP ADS,US66981J1025,MNSO,MNSO,Konsum & Lifestyle,Consumer Cyclical,Specialty Retail,China,USD,8.90999984741211,18.79,-59.37660906519449,17.81,0.0,44.7,Seitwärts,45.6,Zyklus-neutral,-0.29008260222783744,-0.3920038118190974,14.654696888923645,0.3647655414835511,0.247780006164094,0.6128981327684875,969401.2,8637364.544081116,bull,0.07150753818337252,bull,0.1741757303142999,2026-09-28,False,True,False,OK,,,MNSO,MNSO,Specialty Retail,False,True
RI.PA,PERNOD RICARD,RI.PA,58.720001220703125,EUR,-25.059721085442778,17.79,0.0,Seitwärts,0.0,0.0,42.0,100.0,Zyklus-Hoch,10.14,77.61,587.0,1170000000.0,32680491008.0,10958999552.0,3.58,-4.5,14.84,10.34,1.916,57.28,"[0.0, 20.28, 0.0, 0.0, 27.33]",13.442283,49.2,LOW,"{""coverage"": 1.0, ""confluence"": 0.0, ""risk_clean"": 0.6666666666666666, ""regime_align"": 0.44682238799885854, ""liquidity"": 0.1936936936936937, ""weights"": {""coverage"": 0.25, ""confluence"": 0.25, ""risk_clean"": 0.2, ""regime_align"": 0.2, ""liquidity"": 0.1}}",FR0000120693,RI.PA,RI.PA,Konsum & Lifestyle,72.92,0.29505157794928916,0.1936184411414979,0.31613160066066215,675756.85,39680443.0568985,66.16879611968994,-0.11257262238099375,bull,0.07150753818337252,bull,0.1741757303142999,2026-09-28,-0.07485319049273198,Consumer Defensive,Beverages - Wineries & Distilleries,France,EUR,-0.5420048947527345,-25.059721085442778,100.0,stock,S12 Luxus & Marken,pillar,78.0,manual thematic assignment after stack redesign,"luxury, brands, premium consumption",40.81,41.6,,bull,stock,,,,0.07150753818337252,RI.PA,PERNOD RICARD,FR0000120693,RI.PA,RI.PA,Konsum & Lifestyle,Consumer Defensive,Beverages - Wineries & Distilleries,France,EUR,58.720001220703125,72.92,-25.059721085442778,17.79,0.0,49.2,Seitwärts,42.0,Zyklus-Hoch,-0.07485319049273198,-0.11257262238099375,66.16879611968994,0.29505157794928916,0.1936184411414979,0.31613160066066215,675756.85,39680443.0568985,bull,0.07150753818337252,bull,0.1741757303142999,2026-09-28,False,True,False,OK,,,RI.PA,RI.PA,Beverages - Wineries & Distilleries,False,True
ROL,"ROLLINS, INC.",ROL,30.030000686645508,USD,-47.93876189082356,17.78,,,,,,,,,,,,,,,,,,,,,,44.4,LOW,"{""coverage"": 1.0, ""confluence"": 0.0, ""risk_clean"": 0.6666666666666666, ""regime_align"": 0.09468631527455057, ""liquidity"": 0.41891891891891886, ""weights"": {""coverage"": 0.25, ""confluence"": 0.25, ""risk_clean"": 0.2, ""regime_align"": 0.2, ""liquidity"": 0.1}}",US7757111049,ROL,ROL,Konsum & Lifestyle,,0.2766194643989157,0.24431815937979254,0.5370256962359872,6632381.7,199170427.0050951,49.860552587509154,-0.397720259238192,bull,0.07150753818337252,bull,0.1741757303142999,2026-09-28,-0.30592917032549816,Consumer Cyclical,Personal Services,United States,USD,0.0,-47.93876189082356,0.0,stock,S11 Konsum,pillar,85.0,manual thematic assignment after stack redesign,"consumer staples, food, household",41.92,45.06,,bull,stock,,,,0.07150753818337252,ROL,"ROLLINS, INC.",US7757111049,ROL,ROL,Konsum & Lifestyle,Consumer Cyclical,Personal Services,United States,USD,30.030000686645508,,-47.93876189082356,17.78,,44.4,,,,-0.30592917032549816,-0.397720259238192,49.860552587509154,0.2766194643989157,0.24431815937979254,0.5370256962359872,6632381.7,199170427.0050951,bull,0.07150753818337252,bull,0.1741757303142999,2026-09-28,False,True,False,OK,,,ROL,ROL,Personal Services,False,True
FIGR,Figure Technology Solutions,FIGR,30.05500030517578,USD,-20.38410515185224,17.74,0.0,Seitwärts,0.0,0.0,56.2,3.2,Zyklus-Tief,0.0,68.77,0.0,0.0,8038661632.0,382600000.0,0.0,54.8,32.46,87.26,2.261,53.12,"[100.0, 0.0, 0.0, 96.84, 34.69]",38.201473,46.3,LOW,"{""coverage"": 1.0, ""confluence"": 0.4, ""risk_clean"": 0.0, ""regime_align"": 0.38564469446822386, ""liquidity"": 0.3558558558558558, ""weights"": {""coverage"": 0.25, ""confluence"": 0.25, ""risk_clean"": 0.2, ""regime_align"": 0.2, ""liquidity"": 0.1}}",US3493811034,FIGR,FIGR,Finanzen 🏦,,0.9609052832064527,0.5588732717118775,0.6629684939363297,4595585.8,138120332.62146148,36.72902497291565,-0.18170982411488912,bull,0.07150753818337252,bull,0.1741757303142999,2026-09-28,-0.050217052378230154,Financial Services,Capital Markets,United States,USD,-5.783696976230546,-20.38410515185224,3.2,stock,S21 Finanzsystem,pillar,83.0,manual thematic assignment after stack redesign,"payments, exchanges, capital markets, crypto",51.07,73.63,,bull,stock,,,,0.07150753818337252,FIGR,Figure Technology Solutions,US3493811034,FIGR,FIGR,Finanzen 🏦,Financial Services,Capital Markets,United States,USD,30.05500030517578,,-20.38410515185224,17.74,0.0,46.3,Seitwärts,56.2,Zyklus-Tief,-0.050217052378230154,-0.18170982411488912,36.72902497291565,0.9609052832064527,0.5588732717118775,0.6629684939363297,4595585.8,138120332.62146148,bull,0.07150753818337252,bull,0.1741757303142999,2026-09-28,False,True,False,OK,,,FIGR,FIGR,Capital Markets,False,True
IREN,IREN LIMITED,IREN,42.459999084472656,USD,-7.554977569447341,17.48,,,,,,,,,,,,,,,,,,,,,,49.0,LOW,"{""coverage"": 1.0, ""confluence"": 0.0, ""risk_clean"": 0.3333333333333333, ""regime_align"": 0.47182136888019244, ""liquidity"": 0.7927927927927928, ""weights"": {""coverage"": 0.25, ""confluence"": 0.25, ""risk_clean"": 0.2, ""regime_align"": 0.2, ""liquidity"": 0.1}}",AU0000185993,IREN,IREN,Tech 💻,,1.083219444386447,0.5541651672645037,0.6164114898416528,36100306.4,1532818976.6931822,45.57170001983643,-0.0682814319854057,bull,0.07150753818337252,bull,0.1741757303142999,2026-09-28,-0.10039521432687937,Financial Services,Capital Markets,Australia,USD,-3.7733731796653736,-7.554977569447341,0.0,stock,S2 Gehirn,pillar,85.0,manual thematic assignment after stack redesign,"ai, semis, software",48.34,66.36,,bull,stock,,,,0.07150753818337252,IREN,IREN LIMITED,AU0000185993,IREN,IREN,Tech 💻,Financial Services,Capital Markets,Australia,USD,42.459999084472656,,-7.554977569447341,17.48,,49.0,,,,-0.10039521432687937,-0.0682814319854057,45.57170001983643,1.083219444386447,0.5541651672645037,0.6164114898416528,36100306.4,1532818976.6931822,bull,0.07150753818337252,bull,0.1741757303142999,2026-09-28,False,True,False,OK,,,IREN,IREN,Capital Markets,False,True
6506.T,YASKAWA ELECTRIC CORPORATION,6506.T,4480.0,JPY,47.55865471159968,17.17,,,,,,,,,,,,,,,,,,,,,,51.0,MED,"{""coverage"": 1.0, ""confluence"": 0.0, ""risk_clean"": 0.6666666666666666, ""regime_align"": 0.16733928498634382, ""liquidity"": 0.9369369369369369, ""weights"": {""coverage"": 0.25, ""confluence"": 0.25, ""risk_clean"": 0.2, ""regime_align"": 0.2, ""liquidity"": 0.1}}",JP3932000007,6506.T,6506.T,Hardware 💻,,0.6267022226559154,0.39217691970453045,0.43462997798848957,3489945.0,15634953600.0,5316.237761230469,-0.1572987888782682,bull,0.07150753818337252,bull,0.1741757303142999,2026-09-28,-0.44920550507350987,Industrials,Electrical Equipment & Parts,Japan,JPY,-0.5990681162635902,47.55865471159968,0.0,stock,S1 Hardware,pillar,85.0,manual thematic assignment after stack redesign,"robotics, automation, devices",42.73,50.48,,bull,stock,,,,0.07150753818337252,6506.T,YASKAWA ELECTRIC CORPORATION,JP3932000007,6506.T,6506.T,Hardware 💻,Industrials,Electrical Equipment & Parts,Japan,JPY,4480.0,,47.55865471159968,17.17,,51.0,,,,-0.44920550507350987,-0.1572987888782682,5316.237761230469,0.6267022226559154,0.39217691970453045,0.43462997798848957,3489945.0,15634953600.0,bull,0.07150753818337252,bull,0.1741757303142999,2026-09-28,False,True,False,OK,,,6506.T,6506.T,Electrical Equipment & Parts,False,True
CRWV,"COREWEAVE, INC.",CRWV,84.67500305175781,USD,-30.888830091598194,17.05,,,,,,,,,,,,,,,,,,,,,,47.7,LOW,"{""coverage"": 1.0, ""confluence"": 0.0, ""risk_clean"": 0.3333333333333333, ""regime_align"": 0.3794076882312176, ""liquidity"": 0.8468468468468469, ""weights"": {""coverage"": 0.25, ""confluence"": 0.25, ""risk_clean"": 0.2, ""regime_align"": 0.2, ""liquidity"": 0.1}}",US21873S1087,CRWV,CRWV,Tech 💻,,0.9532934408221245,0.5087380783571601,0.5749231275056945,28783273.75,2437223792.6208305,92.15319999694825,-0.08114961765232331,bull,0.07150753818337252,bull,0.1741757303142999,2026-09-28,-0.17822546115391436,Technology,Software - Infrastructure,United States,USD,-3.327997954113182,-30.888830091598194,0.0,stock,S2 Gehirn,pillar,85.0,manual thematic assignment after stack redesign,"ai, semis, software",46.57,62.98,,bull,stock,,,,0.07150753818337252,CRWV,"COREWEAVE, INC.",US21873S1087,CRWV,CRWV,Tech 💻,Technology,Software - Infrastructure,United States,USD,84.67500305175781,,-30.888830091598194,17.05,,47.7,,,,-0.17822546115391436,-0.08114961765232331,92.15319999694825,0.9532934408221245,0.5087380783571601,0.5749231275056945,28783273.75,2437223792.6208305,bull,0.07150753818337252,bull,0.1741757303142999,2026-09-28,False,True,False,OK,,,CRWV,CRWV,Software - Infrastructure,False,True
TSLA,Tesla,TSLA,360.7200012207031,USD,-18.611942831784244,16.55,0.0,Seitwärts,0.0,0.0,56.0,35.8,Zyklus-neutral,4.93,17.763,0.0,3732624896.0,1566959599616.0,94827003904.0,0.24,-3.1,4.0,0.9,2.164,44.57,"[0.0, 9.86, 0.0, 64.22, 0.0]",151.62677,61.8,MED,"{""coverage"": 1.0, ""confluence"": 0.0, ""risk_clean"": 1.0, ""regime_align"": 0.37710448004565655, ""liquidity"": 0.9279279279279279, ""weights"": {""coverage"": 0.25, ""confluence"": 0.25, ""risk_clean"": 0.2, ""regime_align"": 0.2, ""liquidity"": 0.1}}",US88160R1014,TSLA,TSLA,Tech 💻,,0.4604659191229862,0.30990215645243074,0.39103453018952694,38933159.1,14043969198.07783,395.1997994995117,-0.08724649739821333,bull,0.07150753818337252,bull,0.1741757303142999,2026-09-28,-0.1712565892108826,Consumer Cyclical,Auto Manufacturers,United States,USD,-3.0609187012539674,-18.611942831784244,35.8,stock,S15 Mobilität,pillar,80.0,manual thematic assignment after stack redesign,"mobility, autos, autonomy",37.99,38.78,,bull,stock,,,,0.07150753818337252,TSLA,Tesla,US88160R1014,TSLA,TSLA,Tech 💻,Consumer Cyclical,Auto Manufacturers,United States,USD,360.7200012207031,,-18.611942831784244,16.55,0.0,61.8,Seitwärts,56.0,Zyklus-neutral,-0.1712565892108826,-0.08724649739821333,395.1997994995117,0.4604659191229862,0.30990215645243074,0.39103453018952694,38933159.1,14043969198.07783,bull,0.07150753818337252,bull,0.1741757303142999,2026-09-28,False,True,False,OK,,,TSLA,TSLA,Auto Manufacturers,False,True
FISV,Fiserv Inc.,FISV,46.31999969482422,USD,-64.49214198663239,16.55,,,,,,,,,,,,,,,,,,,,,,43.9,LOW,"{""coverage"": 1.0, ""confluence"": 0.0, ""risk_clean"": 0.3333333333333333, ""regime_align"": 0.34506338918103624, ""liquidity"": 0.536036036036036, ""weights"": {""coverage"": 0.25, ""confluence"": 0.25, ""risk_clean"": 0.2, ""regime_align"": 0.2, ""liquidity"": 0.1}}",US3377381088,FISV,FISV,Fintech,,0.5823444992430271,0.6583478086511287,0.6477577475055769,7328509.05,339456536.9595165,57.21435007095337,-0.1904129010050576,bull,0.07150753818337252,bull,0.1741757303142999,2026-09-28,-0.08454601790647887,Technology,Information Technology Services,United States,USD,-0.3442337542768681,-64.49214198663239,0.0,stock,S21 Finanzsystem,pillar,85.0,manual addition via ChatGPT,"payments, exchanges, capital markets, crypto",46.51,65.12,,bull,stock,,,,0.07150753818337252,FISV,Fiserv Inc.,US3377381088,FISV,FISV,Fintech,Technology,Information Technology Services,United States,USD,46.31999969482422,,-64.49214198663239,16.55,,43.9,,,,-0.08454601790647887,-0.1904129010050576,57.21435007095337,0.5823444992430271,0.6583478086511287,0.6477577475055769,7328509.05,339456536.9595165,bull,0.07150753818337252,bull,0.1741757303142999,2026-09-28,False,True,False,OK,,,FISV,FISV,Information Technology Services,False,True
NKE,NIKE INC. B,NKE,36.19499969482422,USD,-46.24239015224568,16.51,0.0,Seitwärts,0.0,0.0,45.6,61.5,Zyklus-neutral,17.95,80.099,260.0,2576624896.0,96260366336.0,46513000448.0,2.68,0.6,5.43,6.03,2.063,83.37,"[1.2, 35.9, 0.0, 38.51, 21.93]",27.24181,44.3,LOW,"{""coverage"": 1.0, ""confluence"": 0.0, ""risk_clean"": 0.3333333333333333, ""regime_align"": 0.27063715299009417, ""liquidity"": 0.7207207207207207, ""weights"": {""coverage"": 0.25, ""confluence"": 0.25, ""risk_clean"": 0.2, ""regime_align"": 0.2, ""liquidity"": 0.1}}",US6541061031,NKE,NKE,Konsum & Lifestyle,63.42,0.363408399018195,0.27952284383562825,0.5081020437733571,31765271.45,1149743990.4387584,48.48154260635376,-0.2534272271674649,bull,0.07150753818337252,bull,0.1741757303142999,2026-09-28,-0.1378055044026948,Consumer Cyclical,Footwear & Accessories,United States,USD,1.244754391116687,-46.24239015224568,61.5,stock,S12 Luxus & Marken,pillar,78.0,manual thematic assignment after stack redesign,"luxury, brands, premium consumption",40.36,46.31,,bull,stock,,,,0.07150753818337252,NKE,NIKE INC. B,US6541061031,NKE,NKE,Konsum & Lifestyle,Consumer Cyclical,Footwear & Accessories,United States,USD,36.19499969482422,63.42,-46.24239015224568,16.51,0.0,44.3,Seitwärts,45.6,Zyklus-neutral,-0.1378055044026948,-0.2534272271674649,48.48154260635376,0.363408399018195,0.27952284383562825,0.5081020437733571,31765271.45,1149743990.4387584,bull,0.07150753818337252,bull,0.1741757303142999,2026-09-28,False,True,False,OK,,,NKE,NKE,Footwear & Accessories,False,True
MC.PA,LVMH EO,MC.PA,398.79998779296875,EUR,-21.850261957760118,16.5,0.0,Seitwärts,0.0,0.0,40.1,46.6,Zyklus-neutral,16.24,53.342,243.0,11704625152.0,291645456384.0,80807002112.0,4.01,-4.7,13.46,8.76,1.584,18.38,"[0.0, 32.48, 0.0, 53.38, 24.94]",20.029936,54.3,MED,"{""coverage"": 1.0, ""confluence"": 0.0, ""risk_clean"": 1.0, ""regime_align"": 0.22793608087725734, ""liquidity"": 0.472972972972973, ""weights"": {""coverage"": 0.25, ""confluence"": 0.25, ""risk_clean"": 0.2, ""regime_align"": 0.2, ""liquidity"": 0.1}}",FR0000121014,MC.PA,MC.PA,Konsum & Lifestyle,589.3,0.30286949449657125,0.1853067273232825,0.38150417984689966,620705.7,247537425.5830261,495.02867126464844,-0.1943901213354865,bull,0.07150753818337252,bull,0.1741757303142999,2026-09-28,-0.20509183340941917,Consumer Cyclical,Luxury Goods,France,EUR,0.49136491355992185,-21.850261957760118,46.6,stock,S12 Luxus & Marken,pillar,78.0,manual thematic assignment after stack redesign,"luxury, brands, premium consumption",37.7,38.12,,bull,stock,,,,0.07150753818337252,MC.PA,LVMH EO,FR0000121014,MC.PA,MC.PA,Konsum & Lifestyle,Consumer Cyclical,Luxury Goods,France,EUR,398.79998779296875,589.3,-21.850261957760118,16.5,0.0,54.3,Seitwärts,40.1,Zyklus-neutral,-0.20509183340941917,-0.1943901213354865,495.02867126464844,0.30286949449657125,0.1853067273232825,0.38150417984689966,620705.7,247537425.5830261,bull,0.07150753818337252,bull,0.1741757303142999,2026-09-28,False,True,False,OK,,,MC.PA,MC.PA,Luxury Goods,False,True
AXON,"Axon Enterprise, Inc.",AXON,429.5199890136719,USD,-40.012851973767205,16.41,,,,,,,,,,,,,,,,,,,,,,42.5,LOW,"{""coverage"": 1.0, ""confluence"": 0.0, ""risk_clean"": 0.3333333333333333, ""regime_align"": 0.2529758265052383, ""liquidity"": 0.5765765765765766, ""weights"": {""coverage"": 0.25, ""confluence"": 0.25, ""risk_clean"": 0.2, ""regime_align"": 0.2, ""liquidity"": 0.1}}",US05464C1018,AXON,AXON,,,0.62443751873014,0.41143732303101765,0.5444801415130922,1067958.85,458709673.5190537,499.92480087280273,-0.1408308044254123,bull,0.07150753818337252,bull,0.1741757303142999,2026-09-28,-0.26272310665057474,Industrials,Aerospace & Defense,United States,USD,-0.1371733644845219,-40.012851973767205,0.0,stock,S20 Sicherheit & Verteidigung,pillar,85.0,manual addition via ChatGPT,"defense, aerospace, security",44.38,59.21,,bull,stock,,,,0.07150753818337252,AXON,"Axon Enterprise, Inc.",US05464C1018,AXON,AXON,,Industrials,Aerospace & Defense,United States,USD,429.5199890136719,,-40.012851973767205,16.41,,42.5,,,,-0.26272310665057474,-0.1408308044254123,499.92480087280273,0.62443751873014,0.41143732303101765,0.5444801415130922,1067958.85,458709673.5190537,bull,0.07150753818337252,bull,0.1741757303142999,2026-09-28,False,True,False,OK,,,AXON,AXON,Aerospace & Defense,False,True
YCA.L,YELLOW CAKE PLC,YCA.L,537.0,GBp,-7.493540051679581,16.33,0.0,Seitwärts,0.0,0.0,58.0,8.2,Zyklus-Tief,-0.45,100.0,0.0,-3478875.0,1350797696.0,5420000.0,-0.26,0.0,-153.91,-153.91,35.049,56.08,"[0.0, 0.0, 0.0, 91.83, 100.0]",-239.24458,54.8,MED,"{""coverage"": 1.0, ""confluence"": 0.0, ""risk_clean"": 0.6666666666666666, ""regime_align"": 0.5055134319840202, ""liquidity"": 0.6396396396396397, ""weights"": {""coverage"": 0.25, ""confluence"": 0.25, ""risk_clean"": 0.2, ""regime_align"": 0.2, ""liquidity"": 0.1}}",JE00BF50RG45,YCA.L,YCA.L,Energie,679.0,0.32478140099031916,0.20162820227934525,0.2832409972299169,1306176.45,701416753.65,585.985,-0.08359428995622753,bull,0.07150753818337252,bull,0.1741757303142999,2026-09-28,-0.025600863894889914,Energy,Uranium,Jersey,GBp,-1.1959521619135272,-7.493540051679581,8.2,stock,S3 Energie,pillar,82.0,manual thematic assignment after stack redesign,"energy, grid, electrification",36.84,36.26,,bull,stock,,,,0.07150753818337252,YCA.L,YELLOW CAKE PLC,JE00BF50RG45,YCA.L,YCA.L,Energie,Energy,Uranium,Jersey,GBp,537.0,679.0,-7.493540051679581,16.33,0.0,54.8,Seitwärts,58.0,Zyklus-Tief,-0.025600863894889914,-0.08359428995622753,585.985,0.32478140099031916,0.20162820227934525,0.2832409972299169,1306176.45,701416753.65,bull,0.07150753818337252,bull,0.1741757303142999,2026-09-28,False,True,False,OK,,,YCA.L,YCA.L,Uranium,False,True
SYM,Symbotic Inc.,SYM,42.55500030517578,,-20.798435384828274,16.17,,,,,,,,,,,,,,,,,,,,,,42.2,LOW,"{""coverage"": 1.0, ""confluence"": 0.0, ""risk_clean"": 0.3333333333333333, ""regime_align"": 0.38576698870816517, ""liquidity"": 0.2792792792792793, ""weights"": {""coverage"": 0.25, ""confluence"": 0.25, ""risk_clean"": 0.2, ""regime_align"": 0.2, ""liquidity"": 0.1}}",US87151X1019,SYM,SYM,,,0.8236956270333747,0.5202919898693243,0.5621993140361803,1694911.3,72126950.88874589,50.81644998550415,-0.16257431762126284,bull,0.07150753818337252,bull,0.1741757303142999,2026-09-28,-0.08216996710233604,Industrials,Specialty Industrial Machinery,United States,,-2.104901977991114,-20.798435384828274,0.0,stock,S1 Hardware,pillar,85.0,manual thematic assignment after stack redesign,"robotics, automation, devices",47.14,68.9,,bull,stock,,,,0.07150753818337252,SYM,Symbotic Inc.,US87151X1019,SYM,SYM,,Industrials,Specialty Industrial Machinery,United States,,42.55500030517578,,-20.798435384828274,16.17,,42.2,,,,-0.08216996710233604,-0.16257431762126284,50.81644998550415,0.8236956270333747,0.5202919898693243,0.5621993140361803,1694911.3,72126950.88874589,bull,0.07150753818337252,bull,0.1741757303142999,2026-09-28,False,True,False,OK,,,SYM,SYM,Specialty Industrial Machinery,False,True
NIO,NIO Inc.,NIO,3.5899999141693115,USD,-50.208045836682544,15.91,,,,,,,,,,,,,,,,,,,,,,44.4,LOW,"{""coverage"": 1.0, ""confluence"": 0.0, ""risk_clean"": 0.6666666666666666, ""regime_align"": 0.12187640128816599, ""liquidity"": 0.3648648648648649, ""weights"": {""coverage"": 0.25, ""confluence"": 0.25, ""risk_clean"": 0.2, ""regime_align"": 0.2, ""liquidity"": 0.1}}",US62914V1061,NIO,NIO,Industrie/Auto 🚗,,0.5177717484296716,0.28448301705164925,0.5462610919788675,39090736.25,140335739.7823152,5.085450001955032,-0.29406445589098607,bull,0.07150753818337252,bull,0.1741757303142999,2026-09-28,-0.3194023769501517,Consumer Cyclical,Auto Manufacturers,China,USD,0.27932934850189994,-50.208045836682544,0.0,stock,S15 Mobilität,pillar,85.0,manual addition via ChatGPT,"mobility, autos, autonomy",42.28,55.11,,bull,stock,,,,0.07150753818337252,NIO,NIO Inc.,US62914V1061,NIO,NIO,Industrie/Auto 🚗,Consumer Cyclical,Auto Manufacturers,China,USD,3.5899999141693115,,-50.208045836682544,15.91,,44.4,,,,-0.3194023769501517,-0.29406445589098607,5.085450001955032,0.5177717484296716,0.28448301705164925,0.5462610919788675,39090736.25,140335739.7823152,bull,0.07150753818337252,bull,0.1741757303142999,2026-09-28,False,True,False,OK,,,NIO,NIO,Auto Manufacturers,False,True
MP,MP MATERIALS CORP.,MP,46.53499984741211,USD,-31.746847111880292,15.42,,,,,,,,,,,,,,,,,,,,,,41.1,LOW,"{""coverage"": 1.0, ""confluence"": 0.0, ""risk_clean"": 0.3333333333333333, ""regime_align"": 0.24824711589417472, ""liquidity"": 0.44594594594594594, ""weights"": {""coverage"": 0.25, ""confluence"": 0.25, ""risk_clean"": 0.2, ""regime_align"": 0.2, ""liquidity"": 0.1}}",US5533681012,MP,MP,Mining ⛏️,,0.7505627920852072,0.3987964418981489,0.6137861339604105,4762599.9,221627585.61978495,56.92852495193481,-0.18257148087532626,bull,0.07150753818337252,bull,0.1741757303142999,2026-09-28,-0.19805473216289382,Basic Materials,Other Industrial Metals & Mining,United States,USD,-4.699983406887798,-31.746847111880292,0.0,stock,S4 Fundament,pillar,85.0,manual thematic assignment after stack redesign,"materials, mining, metals",44.54,64.42,,bull,stock,,,,0.07150753818337252,MP,MP MATERIALS CORP.,US5533681012,MP,MP,Mining ⛏️,Basic Materials,Other Industrial Metals & Mining,United States,USD,46.53499984741211,,-31.746847111880292,15.42,,41.1,,,,-0.19805473216289382,-0.18257148087532626,56.92852495193481,0.7505627920852072,0.3987964418981489,0.6137861339604105,4762599.9,221627585.61978495,bull,0.07150753818337252,bull,0.1741757303142999,2026-09-28,False,True,False,OK,,,MP,MP,Other Industrial Metals & Mining,False,True
AVAV,"AeroVironment, Inc.",AVAV,148.98770141601562,USD,-51.73549507995627,15.33,,,,,,,,,,,,,,,,,,,,,,42.3,LOW,"{""coverage"": 1.0, ""confluence"": 0.0, ""risk_clean"": 0.3333333333333333, ""regime_align"": 0.26834413599119483, ""liquidity"": 0.5315315315315315, ""weights"": {""coverage"": 0.25, ""confluence"": 0.25, ""risk_clean"": 0.2, ""regime_align"": 0.2, ""liquidity"": 0.1}}",US0080731088,AVAV,AVAV,,,0.7611929808539831,0.4833105266859469,0.6664958710831659,2265916.8,337593735.63193357,203.26738845825196,-0.2670358853623219,bull,0.07150753818337252,bull,0.1741757303142999,2026-09-28,-0.1263157176051266,Industrials,Aerospace & Defense,United States,USD,-2.0140095851887474,-51.73549507995627,0.0,stock,S20 Sicherheit & Verteidigung,pillar,85.0,manual thematic assignment after stack redesign,"defense, aerospace, security",45.13,66.67,,bull,stock,,,,0.07150753818337252,AVAV,"AeroVironment, Inc.",US0080731088,AVAV,AVAV,,Industrials,Aerospace & Defense,United States,USD,148.98770141601562,,-51.73549507995627,15.33,,42.3,,,,-0.1263157176051266,-0.2670358853623219,203.26738845825196,0.7611929808539831,0.4833105266859469,0.6664958710831659,2265916.8,337593735.63193357,bull,0.07150753818337252,bull,0.1741757303142999,2026-09-28,False,True,False,OK,,,AVAV,AVAV,Aerospace & Defense,False,True
RKLB,"Rocket Lab USA, Inc.",RKLB,72.51000213623047,,54.243787970987526,15.28,,,,,,,,,,,,,,,,,,,,,,44.7,LOW,"{""coverage"": 1.0, ""confluence"": 0.0, ""risk_clean"": 0.3333333333333333, ""regime_align"": 0.26666259019200195, ""liquidity"": 0.7657657657657657, ""weights"": {""coverage"": 0.25, ""confluence"": 0.25, ""risk_clean"": 0.2, ""regime_align"": 0.2, ""liquidity"": 0.1}}",US7731211089,RKLB,RKLB,,,0.9392827028174472,0.5145179149238504,0.609931437524637,19561599.2,1418411599.7800841,81.18650014877319,-0.10687119159765668,bull,0.07150753818337252,bull,0.1741757303142999,2026-09-28,-0.31555846960371137,Industrials,Aerospace & Defense,United States,,-1.9472547281098262,54.243787970987526,0.0,stock,S20 Sicherheit & Verteidigung,pillar,81.0,manual thematic assignment after stack redesign,"defense, aerospace, security",44.46,64.86,,bull,stock,,,,0.07150753818337252,RKLB,"Rocket Lab USA, Inc.",US7731211089,RKLB,RKLB,,Industrials,Aerospace & Defense,United States,,72.51000213623047,,54.243787970987526,15.28,,44.7,,,,-0.31555846960371137,-0.10687119159765668,81.18650014877319,0.9392827028174472,0.5145179149238504,0.609931437524637,19561599.2,1418411599.7800841,bull,0.07150753818337252,bull,0.1741757303142999,2026-09-28,False,True,False,OK,,,RKLB,RKLB,Aerospace & Defense,False,True
CPB,CAMPBELLS CO.,CPB,19.875,USD,-31.528780949377065,15.27,0.0,Seitwärts,0.0,0.0,40.1,100.0,Zyklus-Hoch,14.82,184.567,535.0,630499968.0,15831613440.0,10158000128.0,3.98,-3.4,5.69,2.29,0.819,65.77,"[0.0, 29.64, 0.0, 0.0, 23.49]",11.27821,49.7,LOW,"{""coverage"": 1.0, ""confluence"": 0.0, ""risk_clean"": 0.6666666666666666, ""regime_align"": 0.36788145611675027, ""liquidity"": 0.39639639639639634, ""weights"": {""coverage"": 0.25, ""confluence"": 0.25, ""risk_clean"": 0.2, ""regime_align"": 0.2, ""liquidity"": 0.1}}",US1344291091,CPB,CPB,Konsum & Lifestyle,27.25,0.3184248132690219,0.2320839147937002,0.3631030374943204,8868089.2,176253272.85,22.90216423034668,-0.132178085874326,bull,0.07150753818337252,bull,0.1741757303142999,2026-09-28,-0.12135182137688505,Consumer Defensive,Packaged Foods,United States,USD,2.6071199736023676,-31.528780949377065,100.0,stock,S11 Konsum,pillar,80.0,manual thematic assignment after stack redesign,"consumer staples, food, household",38.05,45.05,,bull,stock,,,,0.07150753818337252,CPB,CAMPBELLS CO.,US1344291091,CPB,CPB,Konsum & Lifestyle,Consumer Defensive,Packaged Foods,United States,USD,19.875,27.25,-31.528780949377065,15.27,0.0,49.7,Seitwärts,40.1,Zyklus-Hoch,-0.12135182137688505,-0.132178085874326,22.90216423034668,0.3184248132690219,0.2320839147937002,0.3631030374943204,8868089.2,176253272.85,bull,0.07150753818337252,bull,0.1741757303142999,2026-09-28,False,True,False,OK,,,CPB,CPB,Packaged Foods,False,True
RGTI,"Rigetti Computing, Inc.",RGTI,16.489999771118164,,-44.38448572251429,14.95,,,,,,,,,,,,,,,,,,,,,,43.7,LOW,"{""coverage"": 1.0, ""confluence"": 0.0, ""risk_clean"": 0.3333333333333333, ""regime_align"": 0.35223798459092576, ""liquidity"": 0.49549549549549554, ""weights"": {""coverage"": 0.25, ""confluence"": 0.25, ""risk_clean"": 0.2, ""regime_align"": 0.2, ""liquidity"": 0.1}}",US76655K1034,RGTI,RGTI,,,1.0344508087753594,0.5261353751087684,0.7710330212354866,16419000.0,270749306.24198914,18.529625034332277,-0.11007374727956076,bull,0.07150753818337252,bull,0.1741757303142999,2026-09-28,-0.17536886364637616,Technology,Computer Hardware,United States,,-1.0204086305580118,-44.38448572251429,0.0,stock,Playground,playground,70.0,manual thematic assignment after stack redesign,"speculation, high volatility, optionality",46.19,71.75,,bull,stock,,,,0.07150753818337252,RGTI,"Rigetti Computing, Inc.",US76655K1034,RGTI,RGTI,,Technology,Computer Hardware,United States,,16.489999771118164,,-44.38448572251429,14.95,,43.7,,,,-0.17536886364637616,-0.11007374727956076,18.529625034332277,1.0344508087753594,0.5261353751087684,0.7710330212354866,16419000.0,270749306.24198914,bull,0.07150753818337252,bull,0.1741757303142999,2026-09-28,False,True,False,OK,,,RGTI,RGTI,Computer Hardware,False,True
XPEV,XPeng Inc.,XPEV,10.0,USD,-56.87796563301642,14.86,,,,,,,,,,,,,,,,,,,,,,43.4,LOW,"{""coverage"": 1.0, ""confluence"": 0.0, ""risk_clean"": 0.6666666666666666, ""regime_align"": 0.119522237169296, ""liquidity"": 0.2657657657657657, ""weights"": {""coverage"": 0.25, ""confluence"": 0.25, ""risk_clean"": 0.2, ""regime_align"": 0.2, ""liquidity"": 0.1}}",US98422D1054,XPEV,XPEV,Industrie/Auto 🚗,,0.5338582091696086,0.31862896174195376,0.6437477695504257,6434095.15,64340951.5,15.73224998474121,-0.3643630116671772,bull,0.07150753818337252,bull,0.1741757303142999,2026-09-28,-0.27360151189841464,Consumer Cyclical,Auto Manufacturers,China,USD,-1.1857696335581758,-56.87796563301642,0.0,stock,S15 Mobilität,pillar,85.0,manual addition via ChatGPT,"mobility, autos, autonomy",42.35,60.32,,bull,stock,,,,0.07150753818337252,XPEV,XPeng Inc.,US98422D1054,XPEV,XPEV,Industrie/Auto 🚗,Consumer Cyclical,Auto Manufacturers,China,USD,10.0,,-56.87796563301642,14.86,,43.4,,,,-0.27360151189841464,-0.3643630116671772,15.73224998474121,0.5338582091696086,0.31862896174195376,0.6437477695504257,6434095.15,64340951.5,bull,0.07150753818337252,bull,0.1741757303142999,2026-09-28,False,True,False,OK,,,XPEV,XPEV,Auto Manufacturers,False,True
AMKR,"Amkor Technology, Inc.",AMKR,52.77000045776367,,86.31775874643668,14.78,,,,,,,,,,,,,,,,,,,,,,41.2,LOW,"{""coverage"": 1.0, ""confluence"": 0.0, ""risk_clean"": 0.3333333333333333, ""regime_align"": 0.2668460315519139, ""liquidity"": 0.42342342342342343, ""weights"": {""coverage"": 0.25, ""confluence"": 0.25, ""risk_clean"": 0.2, ""regime_align"": 0.2, ""liquidity"": 0.1}}",US0316521006,AMKR,AMKR,,,0.7873110565373191,0.5553033359405526,0.543238922412152,3817710.35,201460576.9171091,56.94459850311279,-0.07330981612103071,bull,0.07150753818337252,bull,0.1741757303142999,2026-09-28,-0.41579438176438466,Technology,Semiconductor Equipment & Materials,United States,,-1.5668721190532753,86.31775874643668,0.0,stock,S2 Gehirn,pillar,85.0,manual thematic assignment after stack redesign,"ai, semis, software",44.26,66.61,,bull,stock,,,,0.07150753818337252,AMKR,"Amkor Technology, Inc.",US0316521006,AMKR,AMKR,,Technology,Semiconductor Equipment & Materials,United States,,52.77000045776367,,86.31775874643668,14.78,,41.2,,,,-0.41579438176438466,-0.07330981612103071,56.94459850311279,0.7873110565373191,0.5553033359405526,0.543238922412152,3817710.35,201460576.9171091,bull,0.07150753818337252,bull,0.1741757303142999,2026-09-28,False,True,False,OK,,,AMKR,AMKR,Semiconductor Equipment & Materials,False,True
TTD,"THE TRADE DESK, INC.",TTD,12.265000343322754,USD,-75.29210214720428,13.79,,,,,,,,,,,,,,,,,,,,,,44.9,LOW,"{""coverage"": 1.0, ""confluence"": 0.0, ""risk_clean"": 0.6666666666666666, ""regime_align"": 0.0653662712486242, ""liquidity"": 0.5225225225225225, ""weights"": {""coverage"": 0.25, ""confluence"": 0.25, ""risk_clean"": 0.2, ""regime_align"": 0.2, ""liquidity"": 0.1}}",US88339J1051,TTD,TTD,Medien & Digitales 📱,,0.5634813964278721,0.39553860295691257,0.7734158488582159,25738484.7,315682523.68210745,23.1038000869751,-0.46913493463626277,bull,0.07150753818337252,bull,0.1741757303142999,2026-09-28,-0.35051461836161624,Communication Services,Advertising Agencies,United States,USD,-2.658730380989849,-75.29210214720428,0.0,stock,S2 Gehirn,pillar,85.0,manual thematic assignment after stack redesign,"ai, semis, software",41.38,62.38,,bull,stock,,,,0.07150753818337252,TTD,"THE TRADE DESK, INC.",US88339J1051,TTD,TTD,Medien & Digitales 📱,Communication Services,Advertising Agencies,United States,USD,12.265000343322754,,-75.29210214720428,13.79,,44.9,,,,-0.35051461836161624,-0.46913493463626277,23.1038000869751,0.5634813964278721,0.39553860295691257,0.7734158488582159,25738484.7,315682523.68210745,bull,0.07150753818337252,bull,0.1741757303142999,2026-09-28,False,True,False,OK,,,TTD,TTD,Advertising Agencies,False,True
APP,APPLOVIN CORPORATION,APP,309.489990234375,USD,-56.55427079026117,13.56,,,,,,,,,,,,,,,,,,,,,,40.6,LOW,"{""coverage"": 1.0, ""confluence"": 0.0, ""risk_clean"": 0.3333333333333333, ""regime_align"": 0.06325669560963679, ""liquidity"": 0.7702702702702703, ""weights"": {""coverage"": 0.25, ""confluence"": 0.25, ""risk_clean"": 0.2, ""regime_align"": 0.2, ""liquidity"": 0.1}}",US03831W1080,APP,APP,Medien & Digitales 📱,,0.734515124370465,0.5814272980711082,0.5929798169644127,4681786.7,1448966120.0624268,464.324775390625,-0.3334622517740763,bull,0.07150753818337252,bull,0.1741757303142999,2026-09-28,-0.42820534017029965,Communication Services,Advertising Agencies,United States,USD,-0.4054737781576834,-56.55427079026117,0.0,stock,S2 Gehirn,pillar,85.0,manual thematic assignment after stack redesign,"ai, semis, software",41.18,62.88,,bull,stock,,,,0.07150753818337252,APP,APPLOVIN CORPORATION,US03831W1080,APP,APP,Medien & Digitales 📱,Communication Services,Advertising Agencies,United States,USD,309.489990234375,,-56.55427079026117,13.56,,40.6,,,,-0.42820534017029965,-0.3334622517740763,464.324775390625,0.734515124370465,0.5814272980711082,0.5929798169644127,4681786.7,1448966120.0624268,bull,0.07150753818337252,bull,0.1741757303142999,2026-09-28,False,True,False,OK,,,APP,APP,Advertising Agencies,False,True
ENR.DE,SIEMENS ENERGY,ENR.DE,140.8800048828125,EUR,42.765665804267925,13.55,0.0,Seitwärts,0.0,0.0,62.5,86.5,Zyklus-Hoch,0.0,72.403,752.0,0.0,1.0,28795244.0,0.0,0.0,-80.39,-80.39,0.247,14.27,"[0.0, 0.0, 0.0, 13.54, 25.0]",,50.7,MED,"{""coverage"": 1.0, ""confluence"": 0.0, ""risk_clean"": 0.6666666666666666, ""regime_align"": 0.3794280706045412, ""liquidity"": 0.48198198198198194, ""weights"": {""coverage"": 0.25, ""confluence"": 0.25, ""risk_clean"": 0.2, ""regime_align"": 0.2, ""liquidity"": 0.1}}",DE000ENER6Y0,ENR.DE,ENR.DE,Energie,142.2,0.5060360908025018,0.32472013811122086,0.29293248526496385,1801668.35,253819045.94520876,152.77408100128173,-0.0778540184337253,bull,0.07150753818337252,bull,0.1741757303142999,2026-09-28,-0.17919008836277495,Industrials,Specialty Industrial Machinery,Germany,EUR,-1.2061719124012882,42.765665804267925,86.5,stock,S3 Energie,pillar,82.0,manual thematic assignment after stack redesign,"energy, grid, electrification",36.29,47.8,,bull,stock,,,,0.07150753818337252,ENR.DE,SIEMENS ENERGY,DE000ENER6Y0,ENR.DE,ENR.DE,Energie,Industrials,Specialty Industrial Machinery,Germany,EUR,140.8800048828125,142.2,42.765665804267925,13.55,0.0,50.7,Seitwärts,62.5,Zyklus-Hoch,-0.17919008836277495,-0.0778540184337253,152.77408100128173,0.5060360908025018,0.32472013811122086,0.29293248526496385,1801668.35,253819045.94520876,bull,0.07150753818337252,bull,0.1741757303142999,2026-09-28,False,True,False,OK,,,ENR.DE,ENR.DE,Specialty Industrial Machinery,False,True
9880.HK,UBTECH ROBOT.CORP.,9880.HK,76.69999694824219,HKD,-45.75671834583497,13.35,0.0,Seitwärts,0.0,0.0,62.0,14.4,Zyklus-Tief,-48.53,57.216,0.0,-506247008.0,56993132544.0,1439591936.0,-0.89,27.6,-70.91,-43.31,1.495,16.68,"[55.2, 0.0, 0.0, 85.56, 72.86]",-73.768105,45.9,LOW,"{""coverage"": 1.0, ""confluence"": 0.2, ""risk_clean"": 0.3333333333333333, ""regime_align"": 0.18948473360238066, ""liquidity"": 0.5405405405405406, ""weights"": {""coverage"": 0.25, ""confluence"": 0.25, ""risk_clean"": 0.2, ""regime_align"": 0.2, ""liquidity"": 0.1}}",CNE100006CQ4,9880.HK,9880.HK,Hardware 💻,141.1,0.6279092257842158,0.35270733209312705,0.5136334912332594,4648166.4,356514348.6949219,105.53999996185303,-0.2732613513742177,bull,0.07150753818337252,bull,0.1741757303142999,2026-09-28,-0.20898627386248203,Industrials,Specialty Industrial Machinery,China,HKD,-1.9181586426311514,-45.75671834583497,14.4,stock,S1 Hardware,pillar,85.0,manual thematic assignment after stack redesign,"robotics, automation, devices",39.03,57.25,,bull,stock,,,,0.07150753818337252,9880.HK,UBTECH ROBOT.CORP.,CNE100006CQ4,9880.HK,9880.HK,Hardware 💻,Industrials,Specialty Industrial Machinery,China,HKD,76.69999694824219,141.1,-45.75671834583497,13.35,0.0,45.9,Seitwärts,62.0,Zyklus-Tief,-0.20898627386248203,-0.2732613513742177,105.53999996185303,0.6279092257842158,0.35270733209312705,0.5136334912332594,4648166.4,356514348.6949219,bull,0.07150753818337252,bull,0.1741757303142999,2026-09-28,False,True,False,OK,,,9880.HK,9880.HK,Specialty Industrial Machinery,False,True
QBTS,D-Wave Quantum Inc.,QBTS,17.360000610351562,,-31.410505821181424,13.31,,,,,,,,,,,,,,,,,,,,,,40.7,LOW,"{""coverage"": 1.0, ""confluence"": 0.0, ""risk_clean"": 0.3333333333333333, ""regime_align"": 0.20553585259467613, ""liquidity"": 0.49099099099099097, ""weights"": {""coverage"": 0.25, ""confluence"": 0.25, ""risk_clean"": 0.2, ""regime_align"": 0.2, ""liquidity"": 0.1}}",US26740W1099,QBTS,QBTS,,,1.1037269642228207,0.5336007155275528,0.710138456988137,15534519.7,269679271.4735184,21.003549933433533,-0.173473024066382,bull,0.07150753818337252,bull,0.1741757303142999,2026-09-28,-0.30525365381943237,Technology,Computer Hardware,United States,,-0.2871868897114216,-31.410505821181424,0.0,stock,Playground,playground,70.0,manual thematic assignment after stack redesign,"speculation, high volatility, optionality",43.59,71.53,,bull,stock,,,,0.07150753818337252,QBTS,D-Wave Quantum Inc.,US26740W1099,QBTS,QBTS,,Technology,Computer Hardware,United States,,17.360000610351562,,-31.410505821181424,13.31,,40.7,,,,-0.30525365381943237,-0.173473024066382,21.003549933433533,1.1037269642228207,0.5336007155275528,0.710138456988137,15534519.7,269679271.4735184,bull,0.07150753818337252,bull,0.1741757303142999,2026-09-28,False,True,False,OK,,,QBTS,QBTS,Computer Hardware,False,True
BIDU,BAIDU INC,BIDU,86.98999786376953,USD,-35.496071874485544,13.3,0.0,Seitwärts,0.0,0.0,65.8,26.0,Zyklus-neutral,3.08,33.81,0.0,21750999040.0,396094570496.0,130462998528.0,5.49,-7.1,6.9,-0.2,1.907,23.06,"[0.0, 6.16, 0.0, 73.98, 26.0]",17.818422,52.3,MED,"{""coverage"": 1.0, ""confluence"": 0.0, ""risk_clean"": 1.0, ""regime_align"": 0.14892381068851657, ""liquidity"": 0.4369369369369369, ""weights"": {""coverage"": 0.25, ""confluence"": 0.25, ""risk_clean"": 0.2, ""regime_align"": 0.2, ""liquidity"": 0.1}}",US0567521085,BIDU,BIDU,Tech 💻,158.08,0.48995185960439025,0.31699922538909747,0.4647428281017464,2513159.85,218619769.98281136,120.59400012969971,-0.2786540145429195,bull,0.07150753818337252,bull,0.1741757303142999,2026-09-28,-0.26775460133045015,Communication Services,Internet Content & Information,China,USD,-0.38933237164350265,-35.496071874485544,26.0,stock,S2 Gehirn,pillar,85.0,manual thematic assignment after stack redesign,"ai, semis, software",36.62,50.03,,bull,stock,,,,0.07150753818337252,BIDU,BAIDU INC,US0567521085,BIDU,BIDU,Tech 💻,Communication Services,Internet Content & Information,China,USD,86.98999786376953,158.08,-35.496071874485544,13.3,0.0,52.3,Seitwärts,65.8,Zyklus-neutral,-0.26775460133045015,-0.2786540145429195,120.59400012969971,0.48995185960439025,0.31699922538909747,0.4647428281017464,2513159.85,218619769.98281136,bull,0.07150753818337252,bull,0.1741757303142999,2026-09-28,False,True,False,OK,,,BIDU,BIDU,Internet Content & Information,False,True
ASTS,"AST SpaceMobile, Inc.",ASTS,60.97829818725586,,24.853190001525416,13.22,,,,,,,,,,,,,,,,,,,,,,40.7,LOW,"{""coverage"": 1.0, ""confluence"": 0.0, ""risk_clean"": 0.3333333333333333, ""regime_align"": 0.14226896579837756, ""liquidity"": 0.6171171171171171, ""weights"": {""coverage"": 0.25, ""confluence"": 0.25, ""risk_clean"": 0.2, ""regime_align"": 0.2, ""liquidity"": 0.1}}",US00217D1000,ASTS,ASTS,,,1.1038455131527074,0.5988010460377364,0.6015478229884115,9508675.25,579822834.7602797,81.46496639251708,-0.25147826252762084,bull,0.07150753818337252,bull,0.1741757303142999,2026-09-28,-0.34265965973980783,Technology,Communication Equipment,United States,,-1.3455802743187584,24.853190001525416,0.0,stock,S14 Kommunikations- & Alltagsinfrastruktur,pillar,76.0,manual thematic assignment after stack redesign,"connectivity, telecom, civic infrastructure",42.55,68.77,,bull,stock,,,,0.07150753818337252,ASTS,"AST SpaceMobile, Inc.",US00217D1000,ASTS,ASTS,,Technology,Communication Equipment,United States,,60.97829818725586,,24.853190001525416,13.22,,40.7,,,,-0.34265965973980783,-0.25147826252762084,81.46496639251708,1.1038455131527074,0.5988010460377364,0.6015478229884115,9508675.25,579822834.7602797,bull,0.07150753818337252,bull,0.1741757303142999,2026-09-28,False,True,False,OK,,,ASTS,ASTS,Communication Equipment,False,True
PPTA,Perpetua Resources,PPTA,22.309999465942383,USD,8.300966275762045,13.11,0.0,Seitwärts,0.0,0.0,64.9,33.6,Zyklus-neutral,-14.54,0.009,0.0,-62575000.0,3159208448.0,1.0,-1.98,0.0,0.0,0.0,42.247,69.23,"[0.0, 0.0, 99.55, 66.44, 100.0]",-434.99997,48.2,LOW,"{""coverage"": 1.0, ""confluence"": 0.2, ""risk_clean"": 0.3333333333333333, ""regime_align"": 0.5006624271330153, ""liquidity"": 0.14864864864864868, ""weights"": {""coverage"": 0.25, ""confluence"": 0.25, ""risk_clean"": 0.2, ""regime_align"": 0.2, ""liquidity"": 0.1}}",CA7142661031,PPTA,PPTA,Edelmetalle ⛏️,,0.7419477067804718,0.4580437438816245,0.5459430665163472,888437.7,19821044.61252308,26.50975001335144,-0.1584228649947239,bull,0.07150753818337252,bull,0.1741757303142999,2026-09-28,0.04577424150987963,Basic Materials,Other Precious Metals & Mining,United States,USD,-5.023415566936851,8.300966275762045,33.6,stock,S4 Fundament,pillar,84.0,manual thematic assignment after stack redesign,"materials, mining, metals",39.81,60.81,,bull,stock,,,,0.07150753818337252,PPTA,Perpetua Resources,CA7142661031,PPTA,PPTA,Edelmetalle ⛏️,Basic Materials,Other Precious Metals & Mining,United States,USD,22.309999465942383,,8.300966275762045,13.11,0.0,48.2,Seitwärts,64.9,Zyklus-neutral,0.04577424150987963,-0.1584228649947239,26.50975001335144,0.7419477067804718,0.4580437438816245,0.5459430665163472,888437.7,19821044.61252308,bull,0.07150753818337252,bull,0.1741757303142999,2026-09-28,False,True,False,OK,,,PPTA,PPTA,Other Precious Metals & Mining,False,True
APLD,Applied Digital,APLD,24.844999313354492,USD,12.167041721163873,13.0,0.0,Seitwärts,0.0,0.0,66.8,50.9,Zyklus-neutral,-7.9,125.912,0.0,-1606530304.0,11793511424.0,263986000.0,-13.62,250.1,-47.35,202.75,4.823,67.1,"[100.0, 0.0, 0.0, 49.06, 56.34]",-41.865925,38.3,LOW,"{""coverage"": 1.0, ""confluence"": 0.2, ""risk_clean"": 0.0, ""regime_align"": 0.14231992173168645, ""liquidity"": 0.545045045045045, ""weights"": {""coverage"": 0.25, ""confluence"": 0.25, ""risk_clean"": 0.2, ""regime_align"": 0.2, ""liquidity"": 0.1}}",US0381692070,APLD,APLD,Tech 💻,,1.0320672155086135,0.5530384697610523,0.532326312190512,15099107.7,375137320.4387655,32.17982501983643,-0.22793242977426298,bull,0.07150753818337252,bull,0.1741757303142999,2026-09-28,-0.36280274791841294,Technology,Information Technology Services,United States,USD,-5.352383568173358,12.167041721163873,50.9,stock,S2 Gehirn,pillar,85.0,manual thematic assignment after stack redesign,"ai, semis, software",42.78,70.52,,bull,stock,,,,0.07150753818337252,APLD,Applied Digital,US0381692070,APLD,APLD,Tech 💻,Technology,Information Technology Services,United States,USD,24.844999313354492,,12.167041721163873,13.0,0.0,38.3,Seitwärts,66.8,Zyklus-neutral,-0.36280274791841294,-0.22793242977426298,32.17982501983643,1.0320672155086135,0.5530384697610523,0.532326312190512,15099107.7,375137320.4387655,bull,0.07150753818337252,bull,0.1741757303142999,2026-09-28,False,True,False,OK,,,APLD,APLD,Information Technology Services,False,True
UUUU,Energy Fuels Inc.,UUUU,11.074999809265137,USD,-32.96005143837405,12.95,,,,,,,,,,,,,,,,,,,,,,37.1,LOW,"{""coverage"": 1.0, ""confluence"": 0.0, ""risk_clean"": 0.3333333333333333, ""regime_align"": 0.12855162855162855, ""liquidity"": 0.28828828828828823, ""weights"": {""coverage"": 0.25, ""confluence"": 0.25, ""risk_clean"": 0.2, ""regime_align"": 0.2, ""liquidity"": 0.1}}",CA2926717083,UUUU,UUUU,Energie,,0.8950188843060244,0.4949661968511421,0.6125541112137034,6570458.6,72767827.74178447,17.204775037765504,-0.3562833698810445,bull,0.07150753818337252,bull,0.1741757303142999,2026-09-28,-0.2650954437244698,Energy,Uranium,Canada,USD,-2.4229124490036336,-32.96005143837405,0.0,stock,S3 Energie,pillar,82.0,manual addition via ChatGPT,"energy, grid, electrification",42.5,69.9,,bull,stock,,,,0.07150753818337252,UUUU,Energy Fuels Inc.,CA2926717083,UUUU,UUUU,Energie,Energy,Uranium,Canada,USD,11.074999809265137,,-32.96005143837405,12.95,,37.1,,,,-0.2650954437244698,-0.3562833698810445,17.204775037765504,0.8950188843060244,0.4949661968511421,0.6125541112137034,6570458.6,72767827.74178447,bull,0.07150753818337252,bull,0.1741757303142999,2026-09-28,False,True,False,OK,,,UUUU,UUUU,Uranium,False,True
VZLA.TO,VIZSLA SILVER,VZLA.TO,5.440000057220459,CAD,-11.544715888407698,12.42,0.0,Seitwärts,0.0,0.0,60.3,5.0,Zyklus-Tief,-3.22,100.0,0.0,-38075144.0,1614304768.0,1.0,-2.36,0.0,0.0,0.0,33.437,57.89,"[0.0, 0.0, 0.0, 94.98, 92.49]",-57.42399,44.5,LOW,"{""coverage"": 1.0, ""confluence"": 0.2, ""risk_clean"": 0.0, ""regime_align"": 0.6904732787085728, ""liquidity"": 0.06756756756756754, ""weights"": {""coverage"": 0.25, ""confluence"": 0.25, ""risk_clean"": 0.2, ""regime_align"": 0.2, ""liquidity"": 0.1}}",CA92859G6085,VZLA.TO,VZLA.TO,Edelmetalle ⛏️,9.02,0.6784814086031711,0.5117166157316078,0.5593952675097587,1087055.8,5913583.614201832,5.544249992370606,-0.018803252972648066,bull,0.07150753818337252,bull,0.1741757303142999,2026-09-28,0.1184308019736624,Basic Materials,Other Precious Metals & Mining,Canada,CAD,-2.683364781269082,-11.544715888407698,5.0,stock,S4 Fundament,pillar,84.0,manual thematic assignment after stack redesign,"materials, mining, metals",42.29,71.77,,bull,stock,,,,0.07150753818337252,VZLA.TO,VIZSLA SILVER,CA92859G6085,VZLA.TO,VZLA.TO,Edelmetalle ⛏️,Basic Materials,Other Precious Metals & Mining,Canada,CAD,5.440000057220459,9.02,-11.544715888407698,12.42,0.0,44.5,Seitwärts,60.3,Zyklus-Tief,0.1184308019736624,-0.018803252972648066,5.544249992370606,0.6784814086031711,0.5117166157316078,0.5593952675097587,1087055.8,5913583.614201832,bull,0.07150753818337252,bull,0.1741757303142999,2026-09-28,False,True,False,OK,,,VZLA.TO,VZLA.TO,Other Precious Metals & Mining,False,True
USAR,"USA RARE EARTH, INC.",USAR,14.595000267028809,USD,-16.790196663510226,12.25,,,,,,,,,,,,,,,,,,,,,,38.6,LOW,"{""coverage"": 1.0, ""confluence"": 0.0, ""risk_clean"": 0.3333333333333333, ""regime_align"": 0.13778484366719662, ""liquidity"": 0.4144144144144144, ""weights"": {""coverage"": 0.25, ""confluence"": 0.25, ""risk_clean"": 0.2, ""regime_align"": 0.2, ""liquidity"": 0.1}}",US91733P1075,USAR,USAR,Mining ⛏️,,1.1285523203351533,0.575726580660478,0.6923474786803988,12527573.35,182839936.38847297,19.360325036048888,-0.2461386758820967,bull,0.07150753818337252,bull,0.1741757303142999,2026-09-28,-0.35256785196912765,Basic Materials,Other Industrial Metals & Mining,United States,USD,-3.8537551145338966,-16.790196663510226,0.0,stock,S4 Fundament,pillar,85.0,manual thematic assignment after stack redesign,"materials, mining, metals",42.44,73.0,,bull,stock,,,,0.07150753818337252,USAR,"USA RARE EARTH, INC.",US91733P1075,USAR,USAR,Mining ⛏️,Basic Materials,Other Industrial Metals & Mining,United States,USD,14.595000267028809,,-16.790196663510226,12.25,,38.6,,,,-0.35256785196912765,-0.2461386758820967,19.360325036048888,1.1285523203351533,0.575726580660478,0.6923474786803988,12527573.35,182839936.38847297,bull,0.07150753818337252,bull,0.1741757303142999,2026-09-28,False,True,False,OK,,,USAR,USAR,Other Industrial Metals & Mining,False,True
PGY,Pagaya Technologies Ltd.,PGY,16.989999771118164,USD,-46.50503888955316,12.24,0.0,Seitwärts,0.0,0.0,52.6,0.5,Zyklus-Tief,-36.31,141.786,0.0,196523376.0,1852567424.0,1245945984.0,10.61,36.1,-15.32,20.78,5.113,63.62,"[72.2, 0.0, 0.0, 99.55, 76.3]",4.0632296,42.6,LOW,"{""coverage"": 1.0, ""confluence"": 0.2, ""risk_clean"": 0.0, ""regime_align"": 0.5306347071052954, ""liquidity"": 0.19819819819819817, ""weights"": {""coverage"": 0.25, ""confluence"": 0.25, ""risk_clean"": 0.2, ""regime_align"": 0.2, ""liquidity"": 0.1}}",IL0011858912,PGY,PGY,,,0.753143368075627,0.4837286144975186,0.6649873971459555,2384459.45,40511965.50974055,17.056124954223634,-0.0038769171358055132,bull,0.07150753818337252,bull,0.1741757303142999,2026-09-28,-0.09792964245049851,Technology,Software - Infrastructure,United States,USD,-3.575488298005347,-46.50503888955316,0.5,stock,S21 Finanzsystem,pillar,83.0,manual thematic assignment after stack redesign,"payments, exchanges, capital markets, crypto",43.07,75.04,,bull,stock,,,,0.07150753818337252,PGY,Pagaya Technologies Ltd.,IL0011858912,PGY,PGY,,Technology,Software - Infrastructure,United States,USD,16.989999771118164,,-46.50503888955316,12.24,0.0,42.6,Seitwärts,52.6,Zyklus-Tief,-0.09792964245049851,-0.0038769171358055132,17.056124954223634,0.753143368075627,0.4837286144975186,0.6649873971459555,2384459.45,40511965.50974055,bull,0.07150753818337252,bull,0.1741757303142999,2026-09-28,False,True,False,OK,,,PGY,PGY,Software - Infrastructure,False,True
KLAR,KLARNA GROUP PLC,KLAR,12.555000305175781,USD,-67.33870771667436,12.14,,,,,,,,,,,,,,,,,,,,,,36.3,LOW,"{""coverage"": 1.0, ""confluence"": 0.0, ""risk_clean"": 0.3333333333333333, ""regime_align"": 0.0790428437487261, ""liquidity"": 0.30180180180180183, ""weights"": {""coverage"": 0.25, ""confluence"": 0.25, ""risk_clean"": 0.2, ""regime_align"": 0.2, ""liquidity"": 0.1}}",GB00BMHVL512,KLAR,KLAR,Fintech,,0.7022423451267984,0.558551530954905,0.709654497276409,6189331.6,77707060.1268341,18.42512506008148,-0.31859348231092766,bull,0.07150753818337252,bull,0.1741757303142999,2026-09-28,-0.40858218781542366,Financial Services,Credit Services,United Kingdom,USD,-1.9140615774085878,-67.33870771667436,0.0,stock,S21 Finanzsystem,pillar,85.0,manual thematic assignment after stack redesign,"payments, exchanges, capital markets, crypto",41.47,70.55,,bull,stock,,,,0.07150753818337252,KLAR,KLARNA GROUP PLC,GB00BMHVL512,KLAR,KLAR,Fintech,Financial Services,Credit Services,United Kingdom,USD,12.555000305175781,,-67.33870771667436,12.14,,36.3,,,,-0.40858218781542366,-0.31859348231092766,18.42512506008148,0.7022423451267984,0.558551530954905,0.709654497276409,6189331.6,77707060.1268341,bull,0.07150753818337252,bull,0.1741757303142999,2026-09-28,False,True,False,OK,,,KLAR,KLAR,Credit Services,False,True
OCGN,"Ocugen, Inc.",OCGN,1.0149999856948853,USD,-30.000003288532017,12.02,,,,,,,,,,,,,,,,,,,,,,34.4,LOW,"{""coverage"": 1.0, ""confluence"": 0.0, ""risk_clean"": 0.3333333333333333, ""regime_align"": 0.08804166157107333, ""liquidity"": 0.09459459459459463, ""weights"": {""coverage"": 0.25, ""confluence"": 0.25, ""risk_clean"": 0.2, ""regime_align"": 0.2, ""liquidity"": 0.1}}",US67577C1053,OCGN,OCGN,Pharma & Gesundheit,,0.7935318165829616,0.5151365931079404,0.5991935443555652,8670139.0,8800190.960972667,1.4999849984049798,-0.3233265754162922,bull,0.07150753818337252,bull,0.1741757303142999,2026-09-28,-0.3654898381526863,Healthcare,Biotechnology,United States,USD,-0.49019562011037854,-30.000003288532017,0.0,stock,S13 Gesundheit,pillar,85.0,manual addition via ChatGPT,"healthcare, pharma, medtech",41.66,71.71,,bull,stock,,,,0.07150753818337252,OCGN,"Ocugen, Inc.",US67577C1053,OCGN,OCGN,Pharma & Gesundheit,Healthcare,Biotechnology,United States,USD,1.0149999856948853,,-30.000003288532017,12.02,,34.4,,,,-0.3654898381526863,-0.3233265754162922,1.4999849984049798,0.7935318165829616,0.5151365931079404,0.5991935443555652,8670139.0,8800190.960972667,bull,0.07150753818337252,bull,0.1741757303142999,2026-09-28,False,True,False,OK,,,OCGN,OCGN,Biotechnology,False,True
WYFI,"WHITEFIBER, INC.",WYFI,19.0,USD,-28.945399541394636,11.87,,,,,,,,,,,,,,,,,,,,,,37.3,LOW,"{""coverage"": 1.0, ""confluence"": 0.0, ""risk_clean"": 0.3333333333333333, ""regime_align"": 0.1990440666911255, ""liquidity"": 0.16666666666666663, ""weights"": {""coverage"": 0.25, ""confluence"": 0.25, ""risk_clean"": 0.2, ""regime_align"": 0.2, ""liquidity"": 0.1}}",KYG961151035,WYFI,WYFI,Tech 💻,,1.2502869019369889,0.7081531709236754,0.7245080644335788,1448217.1,27516124.900000002,21.535925002098082,-0.11775324263299702,bull,0.07150753818337252,bull,0.1741757303142999,2026-09-28,-0.5398280257497081,Technology,Information Technology Services,United States,USD,-3.1600449169890243,-28.945399541394636,0.0,stock,S2 Gehirn,pillar,85.0,manual thematic assignment after stack redesign,"ai, semis, software",43.17,77.08,,bull,stock,,,,0.07150753818337252,WYFI,"WHITEFIBER, INC.",KYG961151035,WYFI,WYFI,Tech 💻,Technology,Information Technology Services,United States,USD,19.0,,-28.945399541394636,11.87,,37.3,,,,-0.5398280257497081,-0.11775324263299702,21.535925002098082,1.2502869019369889,0.7081531709236754,0.7245080644335788,1448217.1,27516124.900000002,bull,0.07150753818337252,bull,0.1741757303142999,2026-09-28,False,True,False,OK,,,WYFI,WYFI,Information Technology Services,False,True
ON,ON SEMICOND.,ON,75.51000213623047,USD,51.7484016946885,11.71,1.76,BUY,66.86,79.21,59.9,88.0,Zyklus-Hoch,1.5,39.064,0.0,1250724992.0,27005202432.0,5995400192.0,4.63,-11.2,2.02,-9.18,4.522,109.63,"[0.0, 3.0, 0.0, 31.95, 17.06]",16.742908,45.4,LOW,"{""coverage"": 1.0, ""confluence"": 0.0, ""risk_clean"": 0.3333333333333333, ""regime_align"": 0.3592495210142269, ""liquidity"": 0.6576576576576577, ""weights"": {""coverage"": 0.25, ""confluence"": 0.25, ""risk_clean"": 0.2, ""regime_align"": 0.2, ""liquidity"": 0.1}}",US6821891057,ON,ON,Gehirn,63.03,0.6347955591469939,0.4592697204039981,0.5027252884621081,11004265.15,830932084.9841465,79.97084995269775,-0.055780922912609276,bull,0.07150753818337252,bull,0.1741757303142999,2026-09-28,-0.23017897822223432,Technology,Semiconductors,United States,USD,-2.1891125373291853,51.7484016946885,88.0,stock,S2 Gehirn,pillar,85.0,manual thematic assignment after stack redesign,"ai, semis, software",34.38,50.65,,bull,stock,,,,0.07150753818337252,ON,ON SEMICOND.,US6821891057,ON,ON,Gehirn,Technology,Semiconductors,United States,USD,75.51000213623047,63.03,51.7484016946885,11.71,1.76,45.4,BUY,59.9,Zyklus-Hoch,-0.23017897822223432,-0.055780922912609276,79.97084995269775,0.6347955591469939,0.4592697204039981,0.5027252884621081,11004265.15,830932084.9841465,bull,0.07150753818337252,bull,0.1741757303142999,2026-09-28,False,True,False,OK,,,ON,ON,Semiconductors,False,True
PL,Planet Labs PBC,PL,17.155000686645508,,34.12823094457676,11.69,,,,,,,,,,,,,,,,,,,,,,36.9,LOW,"{""coverage"": 1.0, ""confluence"": 0.0, ""risk_clean"": 0.3333333333333333, ""regime_align"": 0.04743997391056214, ""liquidity"": 0.43243243243243246, ""weights"": {""coverage"": 0.25, ""confluence"": 0.25, ""risk_clean"": 0.2, ""regime_align"": 0.2, ""liquidity"": 0.1}}",US72703X1063,PL,PL,,,0.933246122848704,0.5521746606652531,0.6883268485955606,12694091.25,217767144.11009073,27.342075009346008,-0.3725786839227958,bull,0.07150753818337252,bull,0.1741757303142999,2026-09-28,-0.5110798973278168,Industrials,Aerospace & Defense,United States,,-1.5777373133413763,34.12823094457676,0.0,stock,S20 Sicherheit & Verteidigung,pillar,81.0,manual thematic assignment after stack redesign,"defense, aerospace, security",40.92,70.96,,bull,stock,,,,0.07150753818337252,PL,Planet Labs PBC,US72703X1063,PL,PL,,Industrials,Aerospace & Defense,United States,,17.155000686645508,,34.12823094457676,11.69,,36.9,,,,-0.5110798973278168,-0.3725786839227958,27.342075009346008,0.933246122848704,0.5521746606652531,0.6883268485955606,12694091.25,217767144.11009073,bull,0.07150753818337252,bull,0.1741757303142999,2026-09-28,False,True,False,OK,,,PL,PL,Aerospace & Defense,False,True
ALB,ALBEMARLE CORP.,ALB,107.0199966430664,USD,24.593771717025305,11.5,0.0,Seitwärts,0.0,0.0,67.0,25.2,Zyklus-neutral,0.21,36.655,96.0,-155030256.0,24179556352.0,4946415104.0,-0.64,-3.5,-0.43,-3.93,2.273,93.0,"[0.0, 0.42, 0.0, 74.79, 0.0]",64.59475,39.7,LOW,"{""coverage"": 1.0, ""confluence"": 0.0, ""risk_clean"": 0.3333333333333333, ""regime_align"": 0.15113529819412172, ""liquidity"": 0.5, ""weights"": {""coverage"": 0.25, ""confluence"": 0.25, ""risk_clean"": 0.2, ""regime_align"": 0.2, ""liquidity"": 0.1}}",US0126531013,ALB,ALB,Energie,194.95,0.581381540007428,0.3408061508620621,0.5007204450934775,2590331.3,277217247.03042984,154.99522876739502,-0.30952715451858304,bull,0.07150753818337252,bull,0.1741757303142999,2026-09-28,-0.23365381113451777,Basic Materials,Specialty Chemicals,United States,USD,-2.469704393475669,24.593771717025305,25.2,stock,S3 Energie,pillar,82.0,manual thematic assignment after stack redesign,"energy, grid, electrification",35.11,53.91,,bull,stock,,,,0.07150753818337252,ALB,ALBEMARLE CORP.,US0126531013,ALB,ALB,Energie,Basic Materials,Specialty Chemicals,United States,USD,107.0199966430664,194.95,24.593771717025305,11.5,0.0,39.7,Seitwärts,67.0,Zyklus-neutral,-0.23365381113451777,-0.30952715451858304,154.99522876739502,0.581381540007428,0.3408061508620621,0.5007204450934775,2590331.3,277217247.03042984,bull,0.07150753818337252,bull,0.1741757303142999,2026-09-28,False,True,False,OK,,,ALB,ALB,Specialty Chemicals,False,True
RCAT,Red Cat Holdings,RCAT,6.570000171661377,USD,-35.33464300853464,10.92,0.0,Seitwärts,0.0,0.0,52.6,13.2,Zyklus-Tief,0.0,8.852,0.0,0.0,1322458240.0,7443942.0,0.0,646.4,0.0,646.4,10.416,41.83,"[100.0, 0.0, 0.0, 86.81, 73.29]",-42.066666,39.9,LOW,"{""coverage"": 1.0, ""confluence"": 0.2, ""risk_clean"": 0.3333333333333333, ""regime_align"": 0.047378826790591494, ""liquidity"": 0.22522522522522526, ""weights"": {""coverage"": 0.25, ""confluence"": 0.25, ""risk_clean"": 0.2, ""regime_align"": 0.2, ""liquidity"": 0.1}}",US75644T1007,RCAT,RCAT,,,1.1034784073395085,0.5540530416215295,0.6215437822194682,8467599.7,55632131.48255982,10.981999952793121,-0.4017482972224574,bull,0.07150753818337252,bull,0.1741757303142999,2026-09-28,-0.41198708735283285,Industrials,Aerospace & Defense,United States,USD,-1.3513465137045544,-35.33464300853464,13.2,stock,S20 Sicherheit & Verteidigung,pillar,81.0,manual thematic assignment after stack redesign,"defense, aerospace, security",39.14,69.17,,bull,stock,,,,0.07150753818337252,RCAT,Red Cat Holdings,US75644T1007,RCAT,RCAT,,Industrials,Aerospace & Defense,United States,USD,6.570000171661377,,-35.33464300853464,10.92,0.0,39.9,Seitwärts,52.6,Zyklus-Tief,-0.41198708735283285,-0.4017482972224574,10.981999952793121,1.1034784073395085,0.5540530416215295,0.6215437822194682,8467599.7,55632131.48255982,bull,0.07150753818337252,bull,0.1741757303142999,2026-09-28,False,True,False,OK,,,RCAT,RCAT,Aerospace & Defense,False,True
DRO.AX,DroneShield Limited,DRO.AX,1.6100000143051147,AUD,-63.40909137706126,10.72,,,,,,,,,,,,,,,,,,,,,,34.3,LOW,"{""coverage"": 1.0, ""confluence"": 0.0, ""risk_clean"": 0.3333333333333333, ""regime_align"": 0.06537646243528597, ""liquidity"": 0.13063063063063063, ""weights"": {""coverage"": 0.25, ""confluence"": 0.25, ""risk_clean"": 0.2, ""regime_align"": 0.2, ""liquidity"": 0.1}}",AU000000DRO2,DRO.AX,DRO.AX,,,1.0242175936490026,0.6611172457597843,0.7575757504604188,8432667.2,13576594.312630272,2.9662500047683715,-0.45722713469297194,bull,0.07150753818337252,bull,0.1741757303142999,2026-09-28,-0.35255590962971606,Industrials,Aerospace & Defense,Australia,AUD,-0.6172833601124972,-63.40909137706126,0.0,stock,S20 Sicherheit & Verteidigung,pillar,85.0,manual addition via ChatGPT,"defense, aerospace, security",41.36,76.97,,bull,stock,,,,0.07150753818337252,DRO.AX,DroneShield Limited,AU000000DRO2,DRO.AX,DRO.AX,,Industrials,Aerospace & Defense,Australia,AUD,1.6100000143051147,,-63.40909137706126,10.72,,34.3,,,,-0.35255590962971606,-0.45722713469297194,2.9662500047683715,1.0242175936490026,0.6611172457597843,0.7575757504604188,8432667.2,13576594.312630272,bull,0.07150753818337252,bull,0.1741757303142999,2026-09-28,False,True,False,OK,,,DRO.AX,DRO.AX,Aerospace & Defense,False,True
TTAN,ServiceTitan,TTAN,58.54999923706055,USD,-43.14981993250664,10.57,0.0,Seitwärts,0.0,0.0,38.4,26.4,Zyklus-neutral,-16.86,10.505,0.0,124609000.0,5720048128.0,916259008.0,2.18,25.0,-23.91,1.09,4.139,95.05,"[50.0, 0.0, 0.0, 73.56, 48.95]",58.844948,46.0,LOW,"{""coverage"": 1.0, ""confluence"": 0.2, ""risk_clean"": 0.3333333333333333, ""regime_align"": 0.225643063878358, ""liquidity"": 0.4774774774774775, ""weights"": {""coverage"": 0.25, ""confluence"": 0.25, ""risk_clean"": 0.2, ""regime_align"": 0.2, ""liquidity"": 0.1}}",US81764X1037,TTAN,TTAN,Tech 💻,,0.6361814930294888,0.5097251954897679,0.5082041410509157,4250605.75,248872963.41954517,75.90047487258911,-0.22859508671920792,bull,0.07150753818337252,bull,0.1741757303142999,2026-09-28,-0.2008585524722356,Technology,Software - Application,United States,USD,0.8613264540420218,-43.14981993250664,26.4,stock,S2 Gehirn,pillar,85.0,manual thematic assignment after stack redesign,"ai, semis, software",34.82,57.42,,bull,stock,,,,0.07150753818337252,TTAN,ServiceTitan,US81764X1037,TTAN,TTAN,Tech 💻,Technology,Software - Application,United States,USD,58.54999923706055,,-43.14981993250664,10.57,0.0,46.0,Seitwärts,38.4,Zyklus-neutral,-0.2008585524722356,-0.22859508671920792,75.90047487258911,0.6361814930294888,0.5097251954897679,0.5082041410509157,4250605.75,248872963.41954517,bull,0.07150753818337252,bull,0.1741757303142999,2026-09-28,False,True,False,OK,,,TTAN,TTAN,Software - Application,False,True
TE,T1 ENERGY INC.,TE,3.6559998989105225,USD,56.90987204391651,10.47,,,,,,,,,,,,,,,,,,,,,,34.9,LOW,"{""coverage"": 1.0, ""confluence"": 0.0, ""risk_clean"": 0.3333333333333333, ""regime_align"": 0.022593860829154946, ""liquidity"": 0.27477477477477485, ""weights"": {""coverage"": 0.25, ""confluence"": 0.25, ""risk_clean"": 0.2, ""regime_align"": 0.2, ""liquidity"": 0.1}}",US35834F1049,TE,TE,Energie,,1.3155537603053125,0.6402275452254724,0.6963455223842174,19157482.9,70039755.54578006,6.517780015468597,-0.4390728299768071,bull,0.07150753818337252,bull,0.1741757303142999,2026-09-28,-0.6432345176210517,Industrials,Electrical Equipment & Parts,United States,USD,-3.280425222692729,56.90987204391651,0.0,stock,S3 Energie,pillar,85.0,manual thematic assignment after stack redesign,"energy, grid, electrification",40.5,75.47,,bull,stock,,,,0.07150753818337252,TE,T1 ENERGY INC.,US35834F1049,TE,TE,Energie,Industrials,Electrical Equipment & Parts,United States,USD,3.6559998989105225,,56.90987204391651,10.47,,34.9,,,,-0.6432345176210517,-0.4390728299768071,6.517780015468597,1.3155537603053125,0.6402275452254724,0.6963455223842174,19157482.9,70039755.54578006,bull,0.07150753818337252,bull,0.1741757303142999,2026-09-28,False,True,False,OK,,,TE,TE,Electrical Equipment & Parts,False,True
CDNL,Cardinal Infrastructure,CDNL,28.1299991607666,USD,19.70212408836851,9.79,0.0,Datenmangel,0.0,0.0,60.2,50.0,Zyklus-neutral,0.0,230.784,0.0,0.0,77877880.0,395162976.0,0.0,60.2,6.11,66.31,1.203,34.65,"[100.0, 0.0, 0.0, 50.0, 21.79]",20.158104,32.1,LOW,"{""coverage"": 1.0, ""confluence"": 0.2, ""risk_clean"": 0.0, ""regime_align"": 0.03619909502262444, ""liquidity"": 0.13963963963963966, ""weights"": {""coverage"": 0.25, ""confluence"": 0.25, ""risk_clean"": 0.2, ""regime_align"": 0.2, ""liquidity"": 0.1}}",US14154A1025,CDNL,CDNL,,,0.972297128425798,0.6729679064202921,0.7079842898053619,581695.95,16363106.58532133,44.166749963760374,-0.36309555980805064,bull,0.07150753818337252,bull,0.1741757303142999,2026-09-28,-0.7302685757162563,Industrials,Engineering & Construction,United States,USD,0.3925720956669432,19.70212408836851,50.0,stock,S14 Kommunikations- & Alltagsinfrastruktur,pillar,76.0,manual thematic assignment after stack redesign,"connectivity, telecom, civic infrastructure",41.29,81.19,,bull,stock,,,,0.07150753818337252,CDNL,Cardinal Infrastructure,US14154A1025,CDNL,CDNL,,Industrials,Engineering & Construction,United States,USD,28.1299991607666,,19.70212408836851,9.79,0.0,32.1,Datenmangel,60.2,Zyklus-neutral,-0.7302685757162563,-0.36309555980805064,44.166749963760374,0.972297128425798,0.6729679064202921,0.7079842898053619,581695.95,16363106.58532133,bull,0.07150753818337252,bull,0.1741757303142999,2026-09-28,False,True,False,OK,,,CDNL,CDNL,Engineering & Construction,False,True
UEC,URANIUM ENERGY CORP,UEC,9.175000190734863,USD,-33.945284636760285,9.01,0.0,Seitwärts,0.0,0.0,65.3,15.0,Zyklus-Tief,-7.29,0.147,0.0,-61173248.0,7445595648.0,49750000.0,-0.82,0.0,-156.46,-156.46,27.716,85.09,"[0.0, 0.0, 92.65, 85.02, 0.0]",225.37932,39.0,LOW,"{""coverage"": 1.0, ""confluence"": 0.0, ""risk_clean"": 0.3333333333333333, ""regime_align"": 0.21646080469609882, ""liquidity"": 0.29729729729729737, ""weights"": {""coverage"": 0.25, ""confluence"": 0.25, ""risk_clean"": 0.2, ""regime_align"": 0.2, ""liquidity"": 0.1}}",US9168961038,UEC,UEC,Mining ⛏️,19.25,0.7911041918425626,0.4638616416515639,0.5511419942495426,8464439.45,77661233.5682137,13.10377501964569,-0.29982007650624765,bull,0.07150753818337252,bull,0.1741757303142999,2026-09-28,-0.1681943199410958,Energy,Uranium,United States,USD,-2.4973396438669915,-33.945284636760285,15.0,stock,S3 Energie,pillar,82.0,manual thematic assignment after stack redesign,"energy, grid, electrification",33.58,61.05,,bull,stock,,,,0.07150753818337252,UEC,URANIUM ENERGY CORP,US9168961038,UEC,UEC,Mining ⛏️,Energy,Uranium,United States,USD,9.175000190734863,19.25,-33.945284636760285,9.01,0.0,39.0,Seitwärts,65.3,Zyklus-Tief,-0.1681943199410958,-0.29982007650624765,13.10377501964569,0.7911041918425626,0.4638616416515639,0.5511419942495426,8464439.45,77661233.5682137,bull,0.07150753818337252,bull,0.1741757303142999,2026-09-28,False,True,False,OK,,,UEC,UEC,Uranium,False,True
FLNC,FLUENCE ENER.,FLNC,7.565000057220459,USD,-33.640348154715426,8.96,0.0,Seitwärts,0.0,0.0,61.3,3.7,Zyklus-Tief,-14.46,82.778,0.0,-98396624.0,2566774016.0,2551276032.0,-3.83,154.4,-2.04,152.36,1.483,75.93,"[100.0, 0.0, 0.0, 96.3, 0.0]",87.467186,32.7,LOW,"{""coverage"": 1.0, ""confluence"": 0.2, ""risk_clean"": 0.0, ""regime_align"": 0.006777139130080307, ""liquidity"": 0.2567567567567568, ""weights"": {""coverage"": 0.25, ""confluence"": 0.25, ""risk_clean"": 0.2, ""regime_align"": 0.2, ""liquidity"": 0.1}}",US34379V1035,FLNC,FLNC,Experimente,29.21,1.265168625089898,0.7312174490726626,0.7744337547569796,8441928.0,63863185.803050995,17.25337500333786,-0.5615350587489738,bull,0.07150753818337252,bull,0.1741757303142999,2026-09-28,-0.648355315880959,Utilities,Utilities - Renewable,United States,USD,-3.6305713487196467,-33.640348154715426,3.7,stock,S3 Energie,pillar,82.0,manual thematic assignment after stack redesign,"energy, grid, electrification",39.46,79.47,,bull,stock,,,,0.07150753818337252,FLNC,FLUENCE ENER.,US34379V1035,FLNC,FLNC,Experimente,Utilities,Utilities - Renewable,United States,USD,7.565000057220459,29.21,-33.640348154715426,8.96,0.0,32.7,Seitwärts,61.3,Zyklus-Tief,-0.648355315880959,-0.5615350587489738,17.25337500333786,1.265168625089898,0.7312174490726626,0.7744337547569796,8441928.0,63863185.803050995,bull,0.07150753818337252,bull,0.1741757303142999,2026-09-28,False,True,False,OK,,,FLNC,FLNC,Utilities - Renewable,False,True
DVLT,Datavault AI Inc.,DVLT,0.16529999673366547,USD,-85.62608694255015,6.02,0.0,Seitwärts,0.0,0.0,44.8,71.3,Zyklus-neutral,-165.72,29.069,0.0,-28070000.0,238018480.0,6170000.0,-11.79,147.8,0.0,147.8,0.684,3.15,"[100.0, 0.0, 0.0, 28.75, 100.0]",0.0,38.0,LOW,"{""coverage"": 1.0, ""confluence"": 0.2, ""risk_clean"": 0.3333333333333333, ""regime_align"": 0.011271452447923037, ""liquidity"": 0.11261261261261257, ""weights"": {""coverage"": 0.25, ""confluence"": 0.25, ""risk_clean"": 0.2, ""regime_align"": 0.2, ""liquidity"": 0.1}}",US86633R6099,DVLT,DVLT,Tech 💻,,1.8511569991751717,0.8336502672909004,0.9561403501127956,64452578.55,10654011.023791317,0.5703765012323856,-0.7101914325423477,bull,0.07150753818337252,bull,0.1741757303142999,2026-09-28,-0.5566028210223095,Technology,Software - Infrastructure,United States,USD,10.19999344348934,-85.62608694255015,71.3,stock,S2 Gehirn,pillar,85.0,manual thematic assignment after stack redesign,"ai, semis, software",34.28,77.42,,bull,stock,,,,0.07150753818337252,DVLT,Datavault AI Inc.,US86633R6099,DVLT,DVLT,Tech 💻,Technology,Software - Infrastructure,United States,USD,0.16529999673366547,,-85.62608694255015,6.02,0.0,38.0,Seitwärts,44.8,Zyklus-neutral,-0.5566028210223095,-0.7101914325423477,0.5703765012323856,1.8511569991751717,0.8336502672909004,0.9561403501127956,64452578.55,10654011.023791317,bull,0.07150753818337252,bull,0.1741757303142999,2026-09-28,False,True,False,OK,,,DVLT,DVLT,Software - Infrastructure,False,True
MBLY,Mobileye Global,MBLY,7.882199764251709,USD,-44.25601433613916,5.75,0.0,Seitwärts,0.0,0.0,34.0,44.0,Zyklus-neutral,-3.27,0.564,0.0,632000000.0,5882599936.0,1894000000.0,10.74,-9.0,-20.7,-29.7,6.103,67.31,"[0.0, 0.0, 71.8, 56.05, 45.94]",24.514277,39.6,LOW,"{""coverage"": 1.0, ""confluence"": 0.0, ""risk_clean"": 0.3333333333333333, ""regime_align"": 0.30036484448249157, ""liquidity"": 0.18918918918918926, ""weights"": {""coverage"": 0.25, ""confluence"": 0.25, ""risk_clean"": 0.2, ""regime_align"": 0.2, ""liquidity"": 0.1}}",US60741F1049,MBLY,MBLY,Tech 💻,,0.567536693856566,0.3635723661810259,0.5778635805094745,4985941.0,39300182.97477293,8.98661096572876,-0.1228951832552696,bull,0.07150753818337252,bull,0.1741757303142999,2026-09-28,-0.21461172453988286,Consumer Cyclical,Auto Parts,Israel,USD,-1.8405974300673478,-44.25601433613916,44.0,stock,S15 Mobilität,pillar,80.0,manual thematic assignment after stack redesign,"mobility, autos, autonomy",27.01,56.19,,bull,stock,,,,0.07150753818337252,MBLY,Mobileye Global,US60741F1049,MBLY,MBLY,Tech 💻,Consumer Cyclical,Auto Parts,Israel,USD,7.882199764251709,,-44.25601433613916,5.75,0.0,39.6,Seitwärts,34.0,Zyklus-neutral,-0.21461172453988286,-0.1228951832552696,8.98661096572876,0.567536693856566,0.3635723661810259,0.5778635805094745,4985941.0,39300182.97477293,bull,0.07150753818337252,bull,0.1741757303142999,2026-09-28,False,True,False,OK,,,MBLY,MBLY,Auto Parts,False,True
LUMN,LUMEN TECHN.,LUMN,5.565000057220459,USD,-5.517823711922343,5.57,0.0,Seitwärts,0.0,0.0,60.8,49.3,Zyklus-neutral,0.0,100.0,0.0,-5826500096.0,24455852032.0,12401999872.0,-23.82,-8.7,-14.02,-22.72,1.802,69.05,"[0.0, 0.0, 0.0, 50.71, 38.17]",-28.083603,30.9,LOW,"{""coverage"": 1.0, ""confluence"": 0.0, ""risk_clean"": 0.0, ""regime_align"": 0.14896457543516367, ""liquidity"": 0.2927927927927928, ""weights"": {""coverage"": 0.25, ""confluence"": 0.25, ""risk_clean"": 0.2, ""regime_align"": 0.2, ""liquidity"": 0.1}}",US5502411037,LUMN,LUMN,Medien & Digitales 📱,9.32,0.7699914218554712,0.47739277878926645,0.5295857909458821,13115565.8,72988124.4274787,7.6108750009536745,-0.26880942644267036,bull,0.07150753818337252,bull,0.1741757303142999,2026-09-28,-0.30427913537175433,Communication Services,Telecom Services,United States,USD,-2.5394042024134422,-5.517823711922343,49.3,stock,S14 Kommunikations- & Alltagsinfrastruktur,pillar,76.0,manual thematic assignment after stack redesign,"connectivity, telecom, civic infrastructure",30.69,68.46,,bull,stock,,,,0.07150753818337252,LUMN,LUMEN TECHN.,US5502411037,LUMN,LUMN,Medien & Digitales 📱,Communication Services,Telecom Services,United States,USD,5.565000057220459,9.32,-5.517823711922343,5.57,0.0,30.9,Seitwärts,60.8,Zyklus-neutral,-0.30427913537175433,-0.26880942644267036,7.6108750009536745,0.7699914218554712,0.47739277878926645,0.5295857909458821,13115565.8,72988124.4274787,bull,0.07150753818337252,bull,0.1741757303142999,2026-09-28,False,True,False,OK,,,LUMN,LUMN,Telecom Services,False,True
